case,period,start,end,farm,complexity,stability,L_m,wind_speed_ms,wind_from_deg,radar_height_m,hub_speed_factor,original_cells_0_8km,terrain_supported_cells_0_8km,thrust_area_target_m2,thrust_area_grid_m2,solver_step_m,onshore_H_m,onshore_z0_m,onshore_recovery_scale,asm_ct_iterations,asm_ct_residual,asm_step_m,asm_nx,asm_ny,asm_representative_diameter_m,asm_roughness_m,model,field_mae_pp,field_bias_pp,field_rmse_pp,field_cells,profile_points,integral_points,profile_mae_pp,integral_mae_km,negative_speed_cells,maximum_ratio
split_014_rank_003_seg_03_20240422.183015_20240422.192659,split_014_rank_003_seg_03_20240422.183015_20240422.192659,2024-04-22 18:30:15.75,2024-04-22 19:26:59.625,Armadillo Flats,multi_farm,unstable,-93.97479441825446,14.456581601136044,193.18686020737232,54.80067808852829,1.05844653334939,7536,7536,383213.2861149811,383213.2861149811,250.0,350.0,0.01,9.0,6,5.372581875087712e-05,250.0,170,178,110.0,0.03,td_offshore_transfer,5.062078398819138,3.6469798750113163,6.047957456595368,7536,1,0,6.5513572833956255,,0,1.0196785235908616
split_014_rank_003_seg_03_20240422.183015_20240422.192659,split_014_rank_003_seg_03_20240422.183015_20240422.192659,2024-04-22 18:30:15.75,2024-04-22 19:26:59.625,Armadillo Flats,multi_farm,unstable,-93.97479441825446,14.456581601136044,193.18686020737232,54.80067808852829,1.05844653334939,7536,7536,383213.2861149811,383213.2861149811,250.0,350.0,0.01,9.0,6,5.372581875087712e-05,250.0,170,178,110.0,0.03,top_down,6.17841654289502,5.371373139064086,7.334763498653385,7536,1,0,8.254682566977385,,0,1.0669563120042342
split_014_rank_003_seg_03_20240422.183015_20240422.192659,split_014_rank_003_seg_03_20240422.183015_20240422.192659,2024-04-22 18:30:15.75,2024-04-22 19:26:59.625,Armadillo Flats,multi_farm,unstable,-93.97479441825446,14.456581601136044,193.18686020737232,54.80067808852829,1.05844653334939,7536,7536,383213.2861149811,383213.2861149811,250.0,350.0,0.01,9.0,6,5.372581875087712e-05,250.0,170,178,110.0,0.03,turbopark,4.159920589347673,1.20959304110913,5.078845176106742,7536,1,0,3.514463669205163,,0,1.0000000000000002
split_014_rank_003_seg_03_20240422.183015_20240422.192659,split_014_rank_003_seg_03_20240422.183015_20240422.192659,2024-04-22 18:30:15.75,2024-04-22 19:26:59.625,Armadillo Flats,multi_farm,unstable,-93.97479441825446,14.456581601136044,193.18686020737232,54.80067808852829,1.05844653334939,7536,7536,383213.2861149811,383213.2861149811,250.0,350.0,0.01,9.0,6,5.372581875087712e-05,250.0,170,178,110.0,0.03,gaussian,4.500053752718084,2.5143516160124983,5.457099333900885,7536,1,0,5.142653658811114,,0,0.9999087089682226
split_014_rank_003_seg_03_20240422.183015_20240422.192659,split_014_rank_003_seg_03_20240422.183015_20240422.192659,2024-04-22 18:30:15.75,2024-04-22 19:26:59.625,Armadillo Flats,multi_farm,unstable,-93.97479441825446,14.456581601136044,193.18686020737232,54.80067808852829,1.05844653334939,7536,7536,383213.2861149811,383213.2861149811,250.0,350.0,0.01,9.0,6,5.372581875087712e-05,250.0,170,178,110.0,0.03,array_stability,4.161580575054036,1.141096311550516,5.0772471044816365,7536,1,0,3.4313437275114733,,0,0.999976627968756
split_014_rank_003_seg_03_20240422.183015_20240422.192659,split_014_rank_003_seg_03_20240422.183015_20240422.192659,2024-04-22 18:30:15.75,2024-04-22 19:26:59.625,Armadillo Flats,multi_farm,unstable,-93.97479441825446,14.456581601136044,193.18686020737232,54.80067808852829,1.05844653334939,7536,7536,383213.2861149811,383213.2861149811,250.0,350.0,0.01,9.0,6,5.372581875087712e-05,250.0,170,178,110.0,0.03,td_date_cv,6.17841654289502,5.371373139064086,7.334763498653385,7536,1,0,8.254682566977385,,0,1.0669563120042342
split_014_rank_003_seg_03_20240422.183015_20240422.192659,split_014_rank_003_seg_03_20240422.183015_20240422.192659,2024-04-22 18:30:15.75,2024-04-22 19:26:59.625,Armadillo Flats,multi_farm,unstable,-93.97479441825446,14.456581601136044,193.18686020737232,54.80067808852829,1.05844653334939,7536,7536,383213.2861149811,383213.2861149811,250.0,350.0,0.01,9.0,6,5.372581875087712e-05,250.0,170,178,110.0,0.03,no_wake,4.896091272279171,3.361867341604113,5.864163780126782,7536,1,0,6.249421620026973,,0,1.0
split_027_rank_005_seg_03_20230720.173405_20230720.183136,split_027_rank_005_seg_03_20230720.173405_20230720.183136,2023-07-20 17:34:05.5,2023-07-20 18:31:36.25,King Plains,multi_farm,unstable,-41.30134906738289,7.8277875182264385,41.70593081982652,54.80067808852829,1.05844653334939,1826,1826,2007384.5236998436,2007384.5236998436,250.0,350.0,0.01,9.0,9,5.7573311287306694e-05,250.0,195,200,110.0,0.03,top_down,8.106191494041715,4.938971849551241,9.865072903770479,1826,0,0,,,0,0.9413961068853833
split_027_rank_005_seg_03_20230720.173405_20230720.183136,split_027_rank_005_seg_03_20230720.173405_20230720.183136,2023-07-20 17:34:05.5,2023-07-20 18:31:36.25,King Plains,multi_farm,unstable,-41.30134906738289,7.8277875182264385,41.70593081982652,54.80067808852829,1.05844653334939,1826,1826,2007384.5236998436,2007384.5236998436,250.0,350.0,0.01,9.0,9,5.7573311287306694e-05,250.0,195,200,110.0,0.03,turbopark,8.358868794691952,0.001347283298837246,10.435669664389714,1826,0,0,,,0,0.9686036083577984
split_027_rank_005_seg_03_20230720.173405_20230720.183136,split_027_rank_005_seg_03_20230720.173405_20230720.183136,2023-07-20 17:34:05.5,2023-07-20 18:31:36.25,King Plains,multi_farm,unstable,-41.30134906738289,7.8277875182264385,41.70593081982652,54.80067808852829,1.05844653334939,1826,1826,2007384.5236998436,2007384.5236998436,250.0,350.0,0.01,9.0,9,5.7573311287306694e-05,250.0,195,200,110.0,0.03,gaussian,9.75963857203444,5.398103783935939,11.957989443490732,1826,0,0,,,0,0.9731592085464282
split_027_rank_005_seg_03_20230720.173405_20230720.183136,split_027_rank_005_seg_03_20230720.173405_20230720.183136,2023-07-20 17:34:05.5,2023-07-20 18:31:36.25,King Plains,multi_farm,unstable,-41.30134906738289,7.8277875182264385,41.70593081982652,54.80067808852829,1.05844653334939,1826,1826,2007384.5236998436,2007384.5236998436,250.0,350.0,0.01,9.0,9,5.7573311287306694e-05,250.0,195,200,110.0,0.03,array_stability,8.370517357291549,-0.6464982636334253,10.465000570292503,1826,0,0,,,0,0.9634313974269926
split_027_rank_005_seg_03_20230720.173405_20230720.183136,split_027_rank_005_seg_03_20230720.173405_20230720.183136,2023-07-20 17:34:05.5,2023-07-20 18:31:36.25,King Plains,multi_farm,unstable,-41.30134906738289,7.8277875182264385,41.70593081982652,54.80067808852829,1.05844653334939,1826,1826,2007384.5236998436,2007384.5236998436,250.0,350.0,0.01,9.0,9,5.7573311287306694e-05,250.0,195,200,110.0,0.03,td_offshore_transfer,13.353598655905294,12.818249477043569,15.254628810023041,1826,0,0,,,0,0.9978180959213838
split_027_rank_005_seg_03_20230720.173405_20230720.183136,split_027_rank_005_seg_03_20230720.173405_20230720.183136,2023-07-20 17:34:05.5,2023-07-20 18:31:36.25,King Plains,multi_farm,unstable,-41.30134906738289,7.8277875182264385,41.70593081982652,54.80067808852829,1.05844653334939,1826,1826,2007384.5236998436,2007384.5236998436,250.0,350.0,0.01,9.0,9,5.7573311287306694e-05,250.0,195,200,110.0,0.03,td_date_cv,8.106191494041715,4.938971849551241,9.865072903770479,1826,0,0,,,0,0.9413961068853833
split_027_rank_005_seg_03_20230720.173405_20230720.183136,split_027_rank_005_seg_03_20230720.173405_20230720.183136,2023-07-20 17:34:05.5,2023-07-20 18:31:36.25,King Plains,multi_farm,unstable,-41.30134906738289,7.8277875182264385,41.70593081982652,54.80067808852829,1.05844653334939,1826,1826,2007384.5236998436,2007384.5236998436,250.0,350.0,0.01,9.0,9,5.7573311287306694e-05,250.0,195,200,110.0,0.03,no_wake,16.193859767599584,16.049395088995617,17.86869504107266,1826,0,0,,,0,1.0
split_068_rank_015_seg_02_20230827.021421_20230827.030226,split_068_rank_015_seg_02_20230827.021421_20230827.030226,2023-08-27 02:14:21.2,2023-08-27 03:02:26.4,Breckinridge,single_farm,stable,416.8231339860706,9.995467101124868,343.9696532655419,54.80067808852829,1.05844653334939,11032,11007,1263417.0028813712,1263417.0028813712,250.0,350.0,0.01,9.0,14,6.731768505718883e-05,250.0,210,176,110.0,0.03,turbopark,8.669358491436139,6.292382509802194,10.687686116707821,11007,20,0,4.034913134549548,,0,1.0000000000000002
split_068_rank_015_seg_02_20230827.021421_20230827.030226,split_068_rank_015_seg_02_20230827.021421_20230827.030226,2023-08-27 02:14:21.2,2023-08-27 03:02:26.4,Breckinridge,single_farm,stable,416.8231339860706,9.995467101124868,343.9696532655419,54.80067808852829,1.05844653334939,11032,11007,1263417.0028813712,1263417.0028813712,250.0,350.0,0.01,9.0,14,6.731768505718883e-05,250.0,210,176,110.0,0.03,gaussian,9.953689187745072,9.476917908809384,12.194363157062247,11007,20,0,7.239680654390915,,0,1.0
split_068_rank_015_seg_02_20230827.021421_20230827.030226,split_068_rank_015_seg_02_20230827.021421_20230827.030226,2023-08-27 02:14:21.2,2023-08-27 03:02:26.4,Breckinridge,single_farm,stable,416.8231339860706,9.995467101124868,343.9696532655419,54.80067808852829,1.05844653334939,11032,11007,1263417.0028813712,1263417.0028813712,250.0,350.0,0.01,9.0,14,6.731768505718883e-05,250.0,210,176,110.0,0.03,array_stability,8.131382113443749,4.263497885658473,9.99187913213902,11007,20,0,2.164527674424381,,0,0.9996247244031076
split_068_rank_015_seg_02_20230827.021421_20230827.030226,split_068_rank_015_seg_02_20230827.021421_20230827.030226,2023-08-27 02:14:21.2,2023-08-27 03:02:26.4,Breckinridge,single_farm,stable,416.8231339860706,9.995467101124868,343.9696532655419,54.80067808852829,1.05844653334939,11032,11007,1263417.0028813712,1263417.0028813712,250.0,350.0,0.01,9.0,14,6.731768505718883e-05,250.0,210,176,110.0,0.03,td_offshore_transfer,10.560172647220977,10.237565160434775,12.667419418937348,11007,20,0,8.037057050345831,,0,1.0109182379066706
split_068_rank_015_seg_02_20230827.021421_20230827.030226,split_068_rank_015_seg_02_20230827.021421_20230827.030226,2023-08-27 02:14:21.2,2023-08-27 03:02:26.4,Breckinridge,single_farm,stable,416.8231339860706,9.995467101124868,343.9696532655419,54.80067808852829,1.05844653334939,11032,11007,1263417.0028813712,1263417.0028813712,250.0,350.0,0.01,9.0,14,6.731768505718883e-05,250.0,210,176,110.0,0.03,top_down,8.88334035876344,8.138396194312818,11.035955814963131,11007,20,0,5.963255834407787,,0,1.0005433233770424
split_068_rank_015_seg_02_20230827.021421_20230827.030226,split_068_rank_015_seg_02_20230827.021421_20230827.030226,2023-08-27 02:14:21.2,2023-08-27 03:02:26.4,Breckinridge,single_farm,stable,416.8231339860706,9.995467101124868,343.9696532655419,54.80067808852829,1.05844653334939,11032,11007,1263417.0028813712,1263417.0028813712,250.0,350.0,0.01,9.0,14,6.731768505718883e-05,250.0,210,176,110.0,0.03,td_date_cv,8.88334035876344,8.138396194312818,11.035955814963131,11007,20,0,5.963255834407787,,0,1.0005433233770424
split_068_rank_015_seg_02_20230827.021421_20230827.030226,split_068_rank_015_seg_02_20230827.021421_20230827.030226,2023-08-27 02:14:21.2,2023-08-27 03:02:26.4,Breckinridge,single_farm,stable,416.8231339860706,9.995467101124868,343.9696532655419,54.80067808852829,1.05844653334939,11032,11007,1263417.0028813712,1263417.0028813712,250.0,350.0,0.01,9.0,14,6.731768505718883e-05,250.0,210,176,110.0,0.03,no_wake,11.310304076984599,11.17539915813616,13.288449663420229,11007,20,0,9.10410415134858,,0,1.0
split_128_rank_024_seg_08_20230617.223812_20230617.233723,split_128_rank_024_seg_08_20230617.223812_20230617.233723,2023-06-17 22:38:12.889,2023-06-17 23:37:23.444,Armadillo Flats,multi_farm,unstable,-79.69508884190124,8.755074986040315,156.7267784832349,54.80067808852829,1.05844653334939,9989,9989,1820755.1311931023,1820755.1311931028,250.0,350.0,0.01,9.0,9,8.556528653291817e-05,250.0,217,186,110.0,0.03,gaussian,9.770133884661004,7.006833082179696,11.924744740067876,9989,5,0,4.934937493969984,,0,0.9995269757807204
split_128_rank_024_seg_08_20230617.223812_20230617.233723,split_128_rank_024_seg_08_20230617.223812_20230617.233723,2023-06-17 22:38:12.889,2023-06-17 23:37:23.444,Armadillo Flats,multi_farm,unstable,-79.69508884190124,8.755074986040315,156.7267784832349,54.80067808852829,1.05844653334939,9989,9989,1820755.1311931023,1820755.1311931028,250.0,350.0,0.01,9.0,9,8.556528653291817e-05,250.0,217,186,110.0,0.03,array_stability,9.042866213537252,0.7322835979331959,11.083905110168548,9989,5,0,4.747699713023877,,0,0.9999840789205758
split_128_rank_024_seg_08_20230617.223812_20230617.233723,split_128_rank_024_seg_08_20230617.223812_20230617.233723,2023-06-17 22:38:12.889,2023-06-17 23:37:23.444,Armadillo Flats,multi_farm,unstable,-79.69508884190124,8.755074986040315,156.7267784832349,54.80067808852829,1.05844653334939,9989,9989,1820755.1311931023,1820755.1311931028,250.0,350.0,0.01,9.0,9,8.556528653291817e-05,250.0,217,186,110.0,0.03,td_offshore_transfer,11.084099417108494,9.600012337902838,13.214791439694698,9989,5,0,7.7119436477896235,,0,1.0006839850556122
split_128_rank_024_seg_08_20230617.223812_20230617.233723,split_128_rank_024_seg_08_20230617.223812_20230617.233723,2023-06-17 22:38:12.889,2023-06-17 23:37:23.444,Armadillo Flats,multi_farm,unstable,-79.69508884190124,8.755074986040315,156.7267784832349,54.80067808852829,1.05844653334939,9989,9989,1820755.1311931023,1820755.1311931028,250.0,350.0,0.01,9.0,9,8.556528653291817e-05,250.0,217,186,110.0,0.03,top_down,8.649547076592848,3.7475002036685092,10.653047380524768,9989,5,0,3.534956798535368,,0,1.0019563508968048
split_128_rank_024_seg_08_20230617.223812_20230617.233723,split_128_rank_024_seg_08_20230617.223812_20230617.233723,2023-06-17 22:38:12.889,2023-06-17 23:37:23.444,Armadillo Flats,multi_farm,unstable,-79.69508884190124,8.755074986040315,156.7267784832349,54.80067808852829,1.05844653334939,9989,9989,1820755.1311931023,1820755.1311931028,250.0,350.0,0.01,9.0,9,8.556528653291817e-05,250.0,217,186,110.0,0.03,turbopark,9.00326953054745,0.9186042780956037,11.033628681880236,9989,5,0,4.639586052812628,,0,1.0
split_128_rank_024_seg_08_20230617.223812_20230617.233723,split_128_rank_024_seg_08_20230617.223812_20230617.233723,2023-06-17 22:38:12.889,2023-06-17 23:37:23.444,Armadillo Flats,multi_farm,unstable,-79.69508884190124,8.755074986040315,156.7267784832349,54.80067808852829,1.05844653334939,9989,9989,1820755.1311931023,1820755.1311931028,250.0,350.0,0.01,9.0,9,8.556528653291817e-05,250.0,217,186,110.0,0.03,td_date_cv,8.649547076592848,3.7475002036685092,10.653047380524768,9989,5,0,3.534956798535368,,0,1.0019563508968048
split_128_rank_024_seg_08_20230617.223812_20230617.233723,split_128_rank_024_seg_08_20230617.223812_20230617.233723,2023-06-17 22:38:12.889,2023-06-17 23:37:23.444,Armadillo Flats,multi_farm,unstable,-79.69508884190124,8.755074986040315,156.7267784832349,54.80067808852829,1.05844653334939,9989,9989,1820755.1311931023,1820755.1311931028,250.0,350.0,0.01,9.0,9,8.556528653291817e-05,250.0,217,186,110.0,0.03,no_wake,11.847933748544266,10.803984396558015,13.926477187085814,9989,5,0,9.03239183395356,,0,1.0
split_140_rank_026_seg_03_20230704.180235_20230704.185631,split_140_rank_026_seg_03_20230704.180235_20230704.185631,2023-07-04 18:02:35.333,2023-07-04 18:56:31,Armadillo Flats,multi_farm,unstable,-51.27232364577023,9.367185873438538,168.6740464746041,54.80067808852829,1.05844653334939,6516,6516,1556085.201936586,1556085.201936586,250.0,350.0,0.01,9.0,10,7.4295008582137e-05,250.0,203,169,110.0,0.03,array_stability,10.472977865044921,-4.536487205506664,13.066893404118412,6516,0,0,,,0,0.9999360619597311
split_140_rank_026_seg_03_20230704.180235_20230704.185631,split_140_rank_026_seg_03_20230704.180235_20230704.185631,2023-07-04 18:02:35.333,2023-07-04 18:56:31,Armadillo Flats,multi_farm,unstable,-51.27232364577023,9.367185873438538,168.6740464746041,54.80067808852829,1.05844653334939,6516,6516,1556085.201936586,1556085.201936586,250.0,350.0,0.01,9.0,10,7.4295008582137e-05,250.0,203,169,110.0,0.03,td_offshore_transfer,8.490177870143429,4.461409738106969,10.082395667800371,6516,0,0,,,0,1.0002809244572874
split_140_rank_026_seg_03_20230704.180235_20230704.185631,split_140_rank_026_seg_03_20230704.180235_20230704.185631,2023-07-04 18:02:35.333,2023-07-04 18:56:31,Armadillo Flats,multi_farm,unstable,-51.27232364577023,9.367185873438538,168.6740464746041,54.80067808852829,1.05844653334939,6516,6516,1556085.201936586,1556085.201936586,250.0,350.0,0.01,9.0,10,7.4295008582137e-05,250.0,203,169,110.0,0.03,top_down,9.19940681545496,-0.042407013180124624,10.730040491072936,6516,0,0,,,0,1.0006073150612185
split_140_rank_026_seg_03_20230704.180235_20230704.185631,split_140_rank_026_seg_03_20230704.180235_20230704.185631,2023-07-04 18:02:35.333,2023-07-04 18:56:31,Armadillo Flats,multi_farm,unstable,-51.27232364577023,9.367185873438538,168.6740464746041,54.80067808852829,1.05844653334939,6516,6516,1556085.201936586,1556085.201936586,250.0,350.0,0.01,9.0,10,7.4295008582137e-05,250.0,203,169,110.0,0.03,turbopark,10.410901130662236,-4.3293571607244195,12.962760032774604,6516,0,0,,,0,1.0
split_140_rank_026_seg_03_20230704.180235_20230704.185631,split_140_rank_026_seg_03_20230704.180235_20230704.185631,2023-07-04 18:02:35.333,2023-07-04 18:56:31,Armadillo Flats,multi_farm,unstable,-51.27232364577023,9.367185873438538,168.6740464746041,54.80067808852829,1.05844653334939,6516,6516,1556085.201936586,1556085.201936586,250.0,350.0,0.01,9.0,10,7.4295008582137e-05,250.0,203,169,110.0,0.03,gaussian,8.788607936242125,1.4305677209771002,10.349719921148026,6516,0,0,,,0,0.9999478880301291
split_140_rank_026_seg_03_20230704.180235_20230704.185631,split_140_rank_026_seg_03_20230704.180235_20230704.185631,2023-07-04 18:02:35.333,2023-07-04 18:56:31,Armadillo Flats,multi_farm,unstable,-51.27232364577023,9.367185873438538,168.6740464746041,54.80067808852829,1.05844653334939,6516,6516,1556085.201936586,1556085.201936586,250.0,350.0,0.01,9.0,10,7.4295008582137e-05,250.0,203,169,110.0,0.03,td_date_cv,9.19940681545496,-0.042407013180124624,10.730040491072936,6516,0,0,,,0,1.0006073150612185
split_140_rank_026_seg_03_20230704.180235_20230704.185631,split_140_rank_026_seg_03_20230704.180235_20230704.185631,2023-07-04 18:02:35.333,2023-07-04 18:56:31,Armadillo Flats,multi_farm,unstable,-51.27232364577023,9.367185873438538,168.6740464746041,54.80067808852829,1.05844653334939,6516,6516,1556085.201936586,1556085.201936586,250.0,350.0,0.01,9.0,10,7.4295008582137e-05,250.0,203,169,110.0,0.03,no_wake,8.610037883161336,5.373468929962447,10.290208204947975,6516,0,0,,,0,1.0
split_154_rank_028_seg_05_20240428.212715_20240428.222041,split_154_rank_028_seg_05_20240428.212715_20240428.222041,2024-04-28 21:27:15,2024-04-28 22:20:41.75,Breckinridge,single_farm,unstable,-47.59517086833013,5.369119562009914,278.22889584178654,54.80067808852829,1.05844653334939,5564,5564,2053402.2578864852,2053402.2578864852,250.0,350.0,0.01,9.0,5,6.153351504989413e-05,250.0,210,153,110.0,0.03,td_offshore_transfer,15.293506622940264,14.322688787063182,17.646804381375567,5564,45,0,13.276774453736875,,0,1.000594690880901
split_154_rank_028_seg_05_20240428.212715_20240428.222041,split_154_rank_028_seg_05_20240428.212715_20240428.222041,2024-04-28 21:27:15,2024-04-28 22:20:41.75,Breckinridge,single_farm,unstable,-47.59517086833013,5.369119562009914,278.22889584178654,54.80067808852829,1.05844653334939,5564,5564,2053402.2578864852,2053402.2578864852,250.0,350.0,0.01,9.0,5,6.153351504989413e-05,250.0,210,153,110.0,0.03,top_down,10.85071964898698,8.10501008313995,12.877863363875338,5564,45,0,9.222628852037435,,0,1.001903336899799
split_154_rank_028_seg_05_20240428.212715_20240428.222041,split_154_rank_028_seg_05_20240428.212715_20240428.222041,2024-04-28 21:27:15,2024-04-28 22:20:41.75,Breckinridge,single_farm,unstable,-47.59517086833013,5.369119562009914,278.22889584178654,54.80067808852829,1.05844653334939,5564,5564,2053402.2578864852,2053402.2578864852,250.0,350.0,0.01,9.0,5,6.153351504989413e-05,250.0,210,153,110.0,0.03,turbopark,10.77337046869416,5.940832403400431,13.060815043952081,5564,45,0,8.720084205930872,,0,1.0000000000000002
split_154_rank_028_seg_05_20240428.212715_20240428.222041,split_154_rank_028_seg_05_20240428.212715_20240428.222041,2024-04-28 21:27:15,2024-04-28 22:20:41.75,Breckinridge,single_farm,unstable,-47.59517086833013,5.369119562009914,278.22889584178654,54.80067808852829,1.05844653334939,5564,5564,2053402.2578864852,2053402.2578864852,250.0,350.0,0.01,9.0,5,6.153351504989413e-05,250.0,210,153,110.0,0.03,gaussian,13.43306839579995,10.990342735039007,15.567184955977195,5564,45,0,11.61512013236611,,0,0.9999845726552559
split_154_rank_028_seg_05_20240428.212715_20240428.222041,split_154_rank_028_seg_05_20240428.212715_20240428.222041,2024-04-28 21:27:15,2024-04-28 22:20:41.75,Breckinridge,single_farm,unstable,-47.59517086833013,5.369119562009914,278.22889584178654,54.80067808852829,1.05844653334939,5564,5564,2053402.2578864852,2053402.2578864852,250.0,350.0,0.01,9.0,5,6.153351504989413e-05,250.0,210,153,110.0,0.03,array_stability,10.733586848364043,5.723091240319176,13.025423501880914,5564,45,0,8.651054401763831,,0,0.9999990587372419
split_154_rank_028_seg_05_20240428.212715_20240428.222041,split_154_rank_028_seg_05_20240428.212715_20240428.222041,2024-04-28 21:27:15,2024-04-28 22:20:41.75,Breckinridge,single_farm,unstable,-47.59517086833013,5.369119562009914,278.22889584178654,54.80067808852829,1.05844653334939,5564,5564,2053402.2578864852,2053402.2578864852,250.0,350.0,0.01,9.0,5,6.153351504989413e-05,250.0,210,153,110.0,0.03,td_date_cv,10.85071964898698,8.10501008313995,12.877863363875338,5564,45,0,9.222628852037435,,0,1.001903336899799
split_154_rank_028_seg_05_20240428.212715_20240428.222041,split_154_rank_028_seg_05_20240428.212715_20240428.222041,2024-04-28 21:27:15,2024-04-28 22:20:41.75,Breckinridge,single_farm,unstable,-47.59517086833013,5.369119562009914,278.22889584178654,54.80067808852829,1.05844653334939,5564,5564,2053402.2578864852,2053402.2578864852,250.0,350.0,0.01,9.0,5,6.153351504989413e-05,250.0,210,153,110.0,0.03,no_wake,16.526353555182265,15.95073978450004,18.983758422437823,5564,45,0,14.719436579583512,,0,1.0
split_169_rank_030_seg_04_20240412.184732_20240412.193748,split_169_rank_030_seg_04_20240412.184732_20240412.193748,2024-04-12 18:47:32.8,2024-04-12 19:37:48.4,Armadillo Flats,multi_farm,unstable,-33.44694800651149,10.357989566841837,162.97839330930154,54.80067808852829,1.05844653334939,21939,21939,1096931.6526621422,1096931.6526621422,250.0,350.0,0.01,9.0,10,5.263590732385026e-05,250.0,211,177,110.0,0.03,top_down,6.972994298327039,2.6907976013821466,8.498855478734722,21939,73,18,2.609232572574104,0.250882650999562,0,1.01113847126194
split_169_rank_030_seg_04_20240412.184732_20240412.193748,split_169_rank_030_seg_04_20240412.184732_20240412.193748,2024-04-12 18:47:32.8,2024-04-12 19:37:48.4,Armadillo Flats,multi_farm,unstable,-33.44694800651149,10.357989566841837,162.97839330930154,54.80067808852829,1.05844653334939,21939,21939,1096931.6526621422,1096931.6526621422,250.0,350.0,0.01,9.0,10,5.263590732385026e-05,250.0,211,177,110.0,0.03,turbopark,7.615483820009465,-3.525928820168669,10.217520361971962,21939,73,18,3.7362373491995893,0.6737031917267314,0,1.0000000000000002
split_169_rank_030_seg_04_20240412.184732_20240412.193748,split_169_rank_030_seg_04_20240412.184732_20240412.193748,2024-04-12 18:47:32.8,2024-04-12 19:37:48.4,Armadillo Flats,multi_farm,unstable,-33.44694800651149,10.357989566841837,162.97839330930154,54.80067808852829,1.05844653334939,21939,21939,1096931.6526621422,1096931.6526621422,250.0,350.0,0.01,9.0,10,5.263590732385026e-05,250.0,211,177,110.0,0.03,gaussian,6.628909726998146,0.9712971242838689,8.307106789977734,21939,73,18,1.1127947038753705,0.10813406152996241,0,0.9999822962915846
split_169_rank_030_seg_04_20240412.184732_20240412.193748,split_169_rank_030_seg_04_20240412.184732_20240412.193748,2024-04-12 18:47:32.8,2024-04-12 19:37:48.4,Armadillo Flats,multi_farm,unstable,-33.44694800651149,10.357989566841837,162.97839330930154,54.80067808852829,1.05844653334939,21939,21939,1096931.6526621422,1096931.6526621422,250.0,350.0,0.01,9.0,10,5.263590732385026e-05,250.0,211,177,110.0,0.03,array_stability,7.686925620646345,-3.710989555854588,10.329652112046839,21939,73,18,3.926408653345223,0.6997304736075964,0,0.9999992097474353
split_169_rank_030_seg_04_20240412.184732_20240412.193748,split_169_rank_030_seg_04_20240412.184732_20240412.193748,2024-04-12 18:47:32.8,2024-04-12 19:37:48.4,Armadillo Flats,multi_farm,unstable,-33.44694800651149,10.357989566841837,162.97839330930154,54.80067808852829,1.05844653334939,21939,21939,1096931.6526621422,1096931.6526621422,250.0,350.0,0.01,9.0,10,5.263590732385026e-05,250.0,211,177,110.0,0.03,td_offshore_transfer,6.896236764185628,3.6557726193916418,8.365678264877483,21939,73,18,3.6110854493577276,0.39166398400994074,0,1.0077445265922804
split_169_rank_030_seg_04_20240412.184732_20240412.193748,split_169_rank_030_seg_04_20240412.184732_20240412.193748,2024-04-12 18:47:32.8,2024-04-12 19:37:48.4,Armadillo Flats,multi_farm,unstable,-33.44694800651149,10.357989566841837,162.97839330930154,54.80067808852829,1.05844653334939,21939,21939,1096931.6526621422,1096931.6526621422,250.0,350.0,0.01,9.0,10,5.263590732385026e-05,250.0,211,177,110.0,0.03,td_date_cv,6.972994298327039,2.6907976013821466,8.498855478734722,21939,73,18,2.609232572574104,0.250882650999562,0,1.01113847126194
split_169_rank_030_seg_04_20240412.184732_20240412.193748,split_169_rank_030_seg_04_20240412.184732_20240412.193748,2024-04-12 18:47:32.8,2024-04-12 19:37:48.4,Armadillo Flats,multi_farm,unstable,-33.44694800651149,10.357989566841837,162.97839330930154,54.80067808852829,1.05844653334939,21939,21939,1096931.6526621422,1096931.6526621422,250.0,350.0,0.01,9.0,10,5.263590732385026e-05,250.0,211,177,110.0,0.03,no_wake,6.929607671615476,3.904328861217151,8.406519759135215,21939,73,18,3.8691344862667023,0.42479519358977025,0,1.0
split_173_rank_031_seg_03_20230814.193235_20230814.202820,split_173_rank_031_seg_03_20230814.193235_20230814.202820,2023-08-14 19:32:35,2023-08-14 20:28:20,Breckinridge,single_farm,unstable,-79.20696603109356,11.479540172505315,337.9183824573039,54.80067808852829,1.05844653334939,3173,3173,790490.3749698,790490.3749698001,250.0,350.0,0.01,9.0,8,6.384485525523509e-05,250.0,216,184,110.0,0.03,turbopark,6.485058422144732,0.4864471028970485,8.092600093510883,3173,0,0,,,0,0.9999999999884713
split_173_rank_031_seg_03_20230814.193235_20230814.202820,split_173_rank_031_seg_03_20230814.193235_20230814.202820,2023-08-14 19:32:35,2023-08-14 20:28:20,Breckinridge,single_farm,unstable,-79.20696603109356,11.479540172505315,337.9183824573039,54.80067808852829,1.05844653334939,3173,3173,790490.3749698,790490.3749698001,250.0,350.0,0.01,9.0,8,6.384485525523509e-05,250.0,216,184,110.0,0.03,gaussian,6.779851491184971,2.463944445565409,8.367848465234209,3173,0,0,,,0,0.9986749181407252
split_173_rank_031_seg_03_20230814.193235_20230814.202820,split_173_rank_031_seg_03_20230814.193235_20230814.202820,2023-08-14 19:32:35,2023-08-14 20:28:20,Breckinridge,single_farm,unstable,-79.20696603109356,11.479540172505315,337.9183824573039,54.80067808852829,1.05844653334939,3173,3173,790490.3749698,790490.3749698001,250.0,350.0,0.01,9.0,8,6.384485525523509e-05,250.0,216,184,110.0,0.03,array_stability,6.486772719688279,0.4206642934098217,8.098333375351286,3173,0,0,,,0,0.9999151205163206
split_173_rank_031_seg_03_20230814.193235_20230814.202820,split_173_rank_031_seg_03_20230814.193235_20230814.202820,2023-08-14 19:32:35,2023-08-14 20:28:20,Breckinridge,single_farm,unstable,-79.20696603109356,11.479540172505315,337.9183824573039,54.80067808852829,1.05844653334939,3173,3173,790490.3749698,790490.3749698001,250.0,350.0,0.01,9.0,8,6.384485525523509e-05,250.0,216,184,110.0,0.03,td_offshore_transfer,6.990655584006038,3.241126837483963,8.608905678798209,3173,0,0,,,0,1.010187788811565
split_173_rank_031_seg_03_20230814.193235_20230814.202820,split_173_rank_031_seg_03_20230814.193235_20230814.202820,2023-08-14 19:32:35,2023-08-14 20:28:20,Breckinridge,single_farm,unstable,-79.20696603109356,11.479540172505315,337.9183824573039,54.80067808852829,1.05844653334939,3173,3173,790490.3749698,790490.3749698001,250.0,350.0,0.01,9.0,8,6.384485525523509e-05,250.0,216,184,110.0,0.03,top_down,7.09936222671342,3.441313587877487,8.72219667398534,3173,0,0,,,0,1.018079718909391
split_173_rank_031_seg_03_20230814.193235_20230814.202820,split_173_rank_031_seg_03_20230814.193235_20230814.202820,2023-08-14 19:32:35,2023-08-14 20:28:20,Breckinridge,single_farm,unstable,-79.20696603109356,11.479540172505315,337.9183824573039,54.80067808852829,1.05844653334939,3173,3173,790490.3749698,790490.3749698001,250.0,350.0,0.01,9.0,8,6.384485525523509e-05,250.0,216,184,110.0,0.03,td_date_cv,7.09936222671342,3.441313587877487,8.72219667398534,3173,0,0,,,0,1.018079718909391
split_173_rank_031_seg_03_20230814.193235_20230814.202820,split_173_rank_031_seg_03_20230814.193235_20230814.202820,2023-08-14 19:32:35,2023-08-14 20:28:20,Breckinridge,single_farm,unstable,-79.20696603109356,11.479540172505315,337.9183824573039,54.80067808852829,1.05844653334939,3173,3173,790490.3749698,790490.3749698001,250.0,350.0,0.01,9.0,8,6.384485525523509e-05,250.0,216,184,110.0,0.03,no_wake,6.974213117351426,3.213053547449496,8.590997681523236,3173,0,0,,,0,1.0
split_185_rank_032_seg_09_20231028.075403_20231028.085306,split_185_rank_032_seg_09_20231028.075403_20231028.085306,2023-10-28 07:54:03.333,2023-10-28 08:53:06,Breckinridge,single_farm,unstable,-418.9516907875945,13.140409103180948,3.2589420549951438,54.80067808852829,1.05844653334939,1357,1357,511842.63998986606,511842.639989866,250.0,350.0,0.01,9.0,7,7.480432111794943e-05,250.0,181,164,110.0,0.03,gaussian,10.408749309863984,6.583047736784918,15.342668767323062,1357,0,0,,,0,0.9987278464608308
split_185_rank_032_seg_09_20231028.075403_20231028.085306,split_185_rank_032_seg_09_20231028.075403_20231028.085306,2023-10-28 07:54:03.333,2023-10-28 08:53:06,Breckinridge,single_farm,unstable,-418.9516907875945,13.140409103180948,3.2589420549951438,54.80067808852829,1.05844653334939,1357,1357,511842.63998986606,511842.639989866,250.0,350.0,0.01,9.0,7,7.480432111794943e-05,250.0,181,164,110.0,0.03,array_stability,10.147427417791647,5.374107266558836,14.988888158838364,1357,0,0,,,0,0.999765096146696
split_185_rank_032_seg_09_20231028.075403_20231028.085306,split_185_rank_032_seg_09_20231028.075403_20231028.085306,2023-10-28 07:54:03.333,2023-10-28 08:53:06,Breckinridge,single_farm,unstable,-418.9516907875945,13.140409103180948,3.2589420549951438,54.80067808852829,1.05844653334939,1357,1357,511842.63998986606,511842.639989866,250.0,350.0,0.01,9.0,7,7.480432111794943e-05,250.0,181,164,110.0,0.03,td_offshore_transfer,10.688789160474817,7.243611498068573,15.68414573351203,1357,0,0,,,0,1.0050532759444177
split_185_rank_032_seg_09_20231028.075403_20231028.085306,split_185_rank_032_seg_09_20231028.075403_20231028.085306,2023-10-28 07:54:03.333,2023-10-28 08:53:06,Breckinridge,single_farm,unstable,-418.9516907875945,13.140409103180948,3.2589420549951438,54.80067808852829,1.05844653334939,1357,1357,511842.63998986606,511842.639989866,250.0,350.0,0.01,9.0,7,7.480432111794943e-05,250.0,181,164,110.0,0.03,top_down,10.864951456900345,7.650611622121647,15.860607605219121,1357,0,0,,,0,1.015469463177411
split_185_rank_032_seg_09_20231028.075403_20231028.085306,split_185_rank_032_seg_09_20231028.075403_20231028.085306,2023-10-28 07:54:03.333,2023-10-28 08:53:06,Breckinridge,single_farm,unstable,-418.9516907875945,13.140409103180948,3.2589420549951438,54.80067808852829,1.05844653334939,1357,1357,511842.63998986606,511842.639989866,250.0,350.0,0.01,9.0,7,7.480432111794943e-05,250.0,181,164,110.0,0.03,turbopark,10.178620479990766,5.472692832762134,15.044515671657313,1357,0,0,,,0,0.9999999990029222
split_185_rank_032_seg_09_20231028.075403_20231028.085306,split_185_rank_032_seg_09_20231028.075403_20231028.085306,2023-10-28 07:54:03.333,2023-10-28 08:53:06,Breckinridge,single_farm,unstable,-418.9516907875945,13.140409103180948,3.2589420549951438,54.80067808852829,1.05844653334939,1357,1357,511842.63998986606,511842.639989866,250.0,350.0,0.01,9.0,7,7.480432111794943e-05,250.0,181,164,110.0,0.03,td_date_cv,10.864951456900345,7.650611622121647,15.860607605219121,1357,0,0,,,0,1.015469463177411
split_185_rank_032_seg_09_20231028.075403_20231028.085306,split_185_rank_032_seg_09_20231028.075403_20231028.085306,2023-10-28 07:54:03.333,2023-10-28 08:53:06,Breckinridge,single_farm,unstable,-418.9516907875945,13.140409103180948,3.2589420549951438,54.80067808852829,1.05844653334939,1357,1357,511842.63998986606,511842.639989866,250.0,350.0,0.01,9.0,7,7.480432111794943e-05,250.0,181,164,110.0,0.03,no_wake,10.59640988368857,7.043934228468807,15.567027947006462,1357,0,0,,,0,1.0
split_203_rank_035_seg_03_20230625.150235_20230625.155827,split_203_rank_035_seg_03_20230625.150235_20230625.155827,2023-06-25 15:02:35,2023-06-25 15:58:27,King Plains,single_farm,unstable,-78.03939569959067,8.176164646919506,29.601924952996384,54.80067808852829,1.05844653334939,1777,1777,1958554.150714568,1958554.150714568,250.0,350.0,0.01,9.0,9,6.0765684316455015e-05,250.0,188,196,110.0,0.03,array_stability,8.38177250306169,1.7109356457472347,10.16728169026872,1777,0,0,,,0,0.9999545252631262
split_203_rank_035_seg_03_20230625.150235_20230625.155827,split_203_rank_035_seg_03_20230625.150235_20230625.155827,2023-06-25 15:02:35,2023-06-25 15:58:27,King Plains,single_farm,unstable,-78.03939569959067,8.176164646919506,29.601924952996384,54.80067808852829,1.05844653334939,1777,1777,1958554.150714568,1958554.150714568,250.0,350.0,0.01,9.0,9,6.0765684316455015e-05,250.0,188,196,110.0,0.03,td_offshore_transfer,12.848074687864925,12.771129629569767,14.156779330162225,1777,0,0,,,0,1.0
split_203_rank_035_seg_03_20230625.150235_20230625.155827,split_203_rank_035_seg_03_20230625.150235_20230625.155827,2023-06-25 15:02:35,2023-06-25 15:58:27,King Plains,single_farm,unstable,-78.03939569959067,8.176164646919506,29.601924952996384,54.80067808852829,1.05844653334939,1777,1777,1958554.150714568,1958554.150714568,250.0,350.0,0.01,9.0,9,6.0765684316455015e-05,250.0,188,196,110.0,0.03,top_down,7.333970466706948,5.498776664785535,8.831581397333421,1777,0,0,,,0,1.0
split_203_rank_035_seg_03_20230625.150235_20230625.155827,split_203_rank_035_seg_03_20230625.150235_20230625.155827,2023-06-25 15:02:35,2023-06-25 15:58:27,King Plains,single_farm,unstable,-78.03939569959067,8.176164646919506,29.601924952996384,54.80067808852829,1.05844653334939,1777,1777,1958554.150714568,1958554.150714568,250.0,350.0,0.01,9.0,9,6.0765684316455015e-05,250.0,188,196,110.0,0.03,turbopark,8.482884606958436,2.3760566336736773,10.241320283322143,1777,0,0,,,0,1.0
split_203_rank_035_seg_03_20230625.150235_20230625.155827,split_203_rank_035_seg_03_20230625.150235_20230625.155827,2023-06-25 15:02:35,2023-06-25 15:58:27,King Plains,single_farm,unstable,-78.03939569959067,8.176164646919506,29.601924952996384,54.80067808852829,1.05844653334939,1777,1777,1958554.150714568,1958554.150714568,250.0,350.0,0.01,9.0,9,6.0765684316455015e-05,250.0,188,196,110.0,0.03,gaussian,9.942279196284495,7.185775549687515,11.910260417209056,1777,0,0,,,0,0.9999266025244755
split_203_rank_035_seg_03_20230625.150235_20230625.155827,split_203_rank_035_seg_03_20230625.150235_20230625.155827,2023-06-25 15:02:35,2023-06-25 15:58:27,King Plains,single_farm,unstable,-78.03939569959067,8.176164646919506,29.601924952996384,54.80067808852829,1.05844653334939,1777,1777,1958554.150714568,1958554.150714568,250.0,350.0,0.01,9.0,9,6.0765684316455015e-05,250.0,188,196,110.0,0.03,td_date_cv,7.333970466706948,5.498776664785535,8.831581397333421,1777,0,0,,,0,1.0
split_203_rank_035_seg_03_20230625.150235_20230625.155827,split_203_rank_035_seg_03_20230625.150235_20230625.155827,2023-06-25 15:02:35,2023-06-25 15:58:27,King Plains,single_farm,unstable,-78.03939569959067,8.176164646919506,29.601924952996384,54.80067808852829,1.05844653334939,1777,1777,1958554.150714568,1958554.150714568,250.0,350.0,0.01,9.0,9,6.0765684316455015e-05,250.0,188,196,110.0,0.03,no_wake,16.05722275540232,16.04110497510115,17.01927645307379,1777,0,0,,,0,1.0
split_217_rank_037_seg_01_20231117.180548_20231117.190402,split_217_rank_037_seg_01_20231117.180548_20231117.190402,2023-11-17 18:05:48,2023-11-17 19:04:02.2,Breckinridge,single_farm,unstable,-17.95286195615914,5.923660442634624,354.62727483702344,54.80067808852829,1.05844653334939,4122,4122,2050786.6516533026,2050786.6516533024,250.0,350.0,0.01,9.0,1,0.0,250.0,194,161,110.0,0.03,td_offshore_transfer,5.653830027621127,2.280175172372065,7.715927552232753,4122,0,0,,,0,1.0000421258231285
split_217_rank_037_seg_01_20231117.180548_20231117.190402,split_217_rank_037_seg_01_20231117.180548_20231117.190402,2023-11-17 18:05:48,2023-11-17 19:04:02.2,Breckinridge,single_farm,unstable,-17.95286195615914,5.923660442634624,354.62727483702344,54.80067808852829,1.05844653334939,4122,4122,2050786.6516533026,2050786.6516533024,250.0,350.0,0.01,9.0,1,0.0,250.0,194,161,110.0,0.03,top_down,5.6700273177993115,0.4917532526030243,7.420816477282734,4122,0,0,,,0,1.0
split_217_rank_037_seg_01_20231117.180548_20231117.190402,split_217_rank_037_seg_01_20231117.180548_20231117.190402,2023-11-17 18:05:48,2023-11-17 19:04:02.2,Breckinridge,single_farm,unstable,-17.95286195615914,5.923660442634624,354.62727483702344,54.80067808852829,1.05844653334939,4122,4122,2050786.6516533026,2050786.6516533024,250.0,350.0,0.01,9.0,1,0.0,250.0,194,161,110.0,0.03,turbopark,7.543048311728455,-3.940998101045295,9.218719097536178,4122,0,0,,,0,1.0
split_217_rank_037_seg_01_20231117.180548_20231117.190402,split_217_rank_037_seg_01_20231117.180548_20231117.190402,2023-11-17 18:05:48,2023-11-17 19:04:02.2,Breckinridge,single_farm,unstable,-17.95286195615914,5.923660442634624,354.62727483702344,54.80067808852829,1.05844653334939,4122,4122,2050786.6516533026,2050786.6516533024,250.0,350.0,0.01,9.0,1,0.0,250.0,194,161,110.0,0.03,gaussian,5.49352350533191,0.5395802724834015,7.13261694715986,4122,0,0,,,0,0.9999718666319813
split_217_rank_037_seg_01_20231117.180548_20231117.190402,split_217_rank_037_seg_01_20231117.180548_20231117.190402,2023-11-17 18:05:48,2023-11-17 19:04:02.2,Breckinridge,single_farm,unstable,-17.95286195615914,5.923660442634624,354.62727483702344,54.80067808852829,1.05844653334939,4122,4122,2050786.6516533026,2050786.6516533024,250.0,350.0,0.01,9.0,1,0.0,250.0,194,161,110.0,0.03,array_stability,7.540884803290081,-3.976724909908982,9.215541603870674,4122,0,0,,,0,0.9999980283288323
split_217_rank_037_seg_01_20231117.180548_20231117.190402,split_217_rank_037_seg_01_20231117.180548_20231117.190402,2023-11-17 18:05:48,2023-11-17 19:04:02.2,Breckinridge,single_farm,unstable,-17.95286195615914,5.923660442634624,354.62727483702344,54.80067808852829,1.05844653334939,4122,4122,2050786.6516533026,2050786.6516533024,250.0,350.0,0.01,9.0,1,0.0,250.0,194,161,110.0,0.03,td_date_cv,5.6700273177993115,0.4917532526030243,7.420816477282734,4122,0,0,,,0,1.0
split_217_rank_037_seg_01_20231117.180548_20231117.190402,split_217_rank_037_seg_01_20231117.180548_20231117.190402,2023-11-17 18:05:48,2023-11-17 19:04:02.2,Breckinridge,single_farm,unstable,-17.95286195615914,5.923660442634624,354.62727483702344,54.80067808852829,1.05844653334939,4122,4122,2050786.6516533026,2050786.6516533024,250.0,350.0,0.01,9.0,1,0.0,250.0,194,161,110.0,0.03,no_wake,5.73583415754704,2.6488387926654147,7.869508540743706,4122,0,0,,,0,1.0
split_238_rank_041_seg_02_20230630.044152_20230630.053915,split_238_rank_041_seg_02_20230630.044152_20230630.053915,2023-06-30 04:41:52.333,2023-06-30 05:39:15.667,Armadillo Flats,multi_farm,stable,171.4195011097187,9.64922614529515,158.30288372345768,54.80067808852829,1.05844653334939,2891,2891,1422397.0091062179,1422397.0091062177,250.0,350.0,0.01,9.0,16,7.407812456539098e-05,250.0,215,184,110.0,0.03,top_down,18.010584638746526,-17.402249742206347,21.269263107122402,2891,0,0,,,0,0.9460289388553944
split_238_rank_041_seg_02_20230630.044152_20230630.053915,split_238_rank_041_seg_02_20230630.044152_20230630.053915,2023-06-30 04:41:52.333,2023-06-30 05:39:15.667,Armadillo Flats,multi_farm,stable,171.4195011097187,9.64922614529515,158.30288372345768,54.80067808852829,1.05844653334939,2891,2891,1422397.0091062179,1422397.0091062177,250.0,350.0,0.01,9.0,16,7.407812456539098e-05,250.0,215,184,110.0,0.03,turbopark,15.769437635821188,-14.166938952457986,19.07567188324689,2891,0,0,,,0,0.9959223162206817
split_238_rank_041_seg_02_20230630.044152_20230630.053915,split_238_rank_041_seg_02_20230630.044152_20230630.053915,2023-06-30 04:41:52.333,2023-06-30 05:39:15.667,Armadillo Flats,multi_farm,stable,171.4195011097187,9.64922614529515,158.30288372345768,54.80067808852829,1.05844653334939,2891,2891,1422397.0091062179,1422397.0091062177,250.0,350.0,0.01,9.0,16,7.407812456539098e-05,250.0,215,184,110.0,0.03,gaussian,11.973443989438278,-8.263902541334039,13.969070274685036,2891,0,0,,,0,0.9914569989896513
split_238_rank_041_seg_02_20230630.044152_20230630.053915,split_238_rank_041_seg_02_20230630.044152_20230630.053915,2023-06-30 04:41:52.333,2023-06-30 05:39:15.667,Armadillo Flats,multi_farm,stable,171.4195011097187,9.64922614529515,158.30288372345768,54.80067808852829,1.05844653334939,2891,2891,1422397.0091062179,1422397.0091062177,250.0,350.0,0.01,9.0,16,7.407812456539098e-05,250.0,215,184,110.0,0.03,array_stability,20.0557488399214,-19.494790656395665,23.64097856763036,2891,0,0,,,0,0.960444124423211
split_238_rank_041_seg_02_20230630.044152_20230630.053915,split_238_rank_041_seg_02_20230630.044152_20230630.053915,2023-06-30 04:41:52.333,2023-06-30 05:39:15.667,Armadillo Flats,multi_farm,stable,171.4195011097187,9.64922614529515,158.30288372345768,54.80067808852829,1.05844653334939,2891,2891,1422397.0091062179,1422397.0091062177,250.0,350.0,0.01,9.0,16,7.407812456539098e-05,250.0,215,184,110.0,0.03,td_offshore_transfer,14.297449831822073,-12.13727994434862,17.080550535909676,2891,0,0,,,0,0.9903817953596009
split_238_rank_041_seg_02_20230630.044152_20230630.053915,split_238_rank_041_seg_02_20230630.044152_20230630.053915,2023-06-30 04:41:52.333,2023-06-30 05:39:15.667,Armadillo Flats,multi_farm,stable,171.4195011097187,9.64922614529515,158.30288372345768,54.80067808852829,1.05844653334939,2891,2891,1422397.0091062179,1422397.0091062177,250.0,350.0,0.01,9.0,16,7.407812456539098e-05,250.0,215,184,110.0,0.03,td_date_cv,18.010584638746526,-17.402249742206347,21.269263107122402,2891,0,0,,,0,0.9460289388553944
split_238_rank_041_seg_02_20230630.044152_20230630.053915,split_238_rank_041_seg_02_20230630.044152_20230630.053915,2023-06-30 04:41:52.333,2023-06-30 05:39:15.667,Armadillo Flats,multi_farm,stable,171.4195011097187,9.64922614529515,158.30288372345768,54.80067808852829,1.05844653334939,2891,2891,1422397.0091062179,1422397.0091062177,250.0,350.0,0.01,9.0,16,7.407812456539098e-05,250.0,215,184,110.0,0.03,no_wake,9.942937065350963,-4.807038588699071,11.357743260833912,2891,0,0,,,0,1.0
split_288_rank_049_seg_07_20230624.085845_20230624.095652,split_288_rank_049_seg_07_20230624.085845_20230624.095652,2023-06-24 08:58:45.857,2023-06-24 09:56:52,Armadillo Flats,multi_farm,stable,163.6165225567749,11.440238686618072,150.08336994689887,54.80067808852829,1.05844653334939,2524,2524,799532.0501033722,799532.0501033721,250.0,350.0,0.01,9.0,13,7.123023185678923e-05,250.0,222,192,110.0,0.03,turbopark,6.581181831994316,3.6775311678602756,8.328930816322213,2524,0,0,,,0,0.9987702858134222
split_288_rank_049_seg_07_20230624.085845_20230624.095652,split_288_rank_049_seg_07_20230624.085845_20230624.095652,2023-06-24 08:58:45.857,2023-06-24 09:56:52,Armadillo Flats,multi_farm,stable,163.6165225567749,11.440238686618072,150.08336994689887,54.80067808852829,1.05844653334939,2524,2524,799532.0501033722,799532.0501033721,250.0,350.0,0.01,9.0,13,7.123023185678923e-05,250.0,222,192,110.0,0.03,gaussian,8.517021743639688,7.2066687124799484,10.34232207745094,2524,0,0,,,0,0.9921353923317351
split_288_rank_049_seg_07_20230624.085845_20230624.095652,split_288_rank_049_seg_07_20230624.085845_20230624.095652,2023-06-24 08:58:45.857,2023-06-24 09:56:52,Armadillo Flats,multi_farm,stable,163.6165225567749,11.440238686618072,150.08336994689887,54.80067808852829,1.05844653334939,2524,2524,799532.0501033722,799532.0501033721,250.0,350.0,0.01,9.0,13,7.123023185678923e-05,250.0,222,192,110.0,0.03,array_stability,5.783251284055529,-0.03746348194207472,7.39975076298567,2524,0,0,,,0,0.9746961798888081
split_288_rank_049_seg_07_20230624.085845_20230624.095652,split_288_rank_049_seg_07_20230624.085845_20230624.095652,2023-06-24 08:58:45.857,2023-06-24 09:56:52,Armadillo Flats,multi_farm,stable,163.6165225567749,11.440238686618072,150.08336994689887,54.80067808852829,1.05844653334939,2524,2524,799532.0501033722,799532.0501033721,250.0,350.0,0.01,9.0,13,7.123023185678923e-05,250.0,222,192,110.0,0.03,td_offshore_transfer,11.506726606377056,10.811795402240977,13.241714036759994,2524,0,0,,,0,1.0711119881411642
split_288_rank_049_seg_07_20230624.085845_20230624.095652,split_288_rank_049_seg_07_20230624.085845_20230624.095652,2023-06-24 08:58:45.857,2023-06-24 09:56:52,Armadillo Flats,multi_farm,stable,163.6165225567749,11.440238686618072,150.08336994689887,54.80067808852829,1.05844653334939,2524,2524,799532.0501033722,799532.0501033721,250.0,350.0,0.01,9.0,13,7.123023185678923e-05,250.0,222,192,110.0,0.03,top_down,6.433697452984352,3.6545791840844624,8.189047174740379,2524,0,0,,,0,0.980345431670796
split_288_rank_049_seg_07_20230624.085845_20230624.095652,split_288_rank_049_seg_07_20230624.085845_20230624.095652,2023-06-24 08:58:45.857,2023-06-24 09:56:52,Armadillo Flats,multi_farm,stable,163.6165225567749,11.440238686618072,150.08336994689887,54.80067808852829,1.05844653334939,2524,2524,799532.0501033722,799532.0501033721,250.0,350.0,0.01,9.0,13,7.123023185678923e-05,250.0,222,192,110.0,0.03,td_date_cv,6.433697452984352,3.6545791840844624,8.189047174740379,2524,0,0,,,0,0.980345431670796
split_288_rank_049_seg_07_20230624.085845_20230624.095652,split_288_rank_049_seg_07_20230624.085845_20230624.095652,2023-06-24 08:58:45.857,2023-06-24 09:56:52,Armadillo Flats,multi_farm,stable,163.6165225567749,11.440238686618072,150.08336994689887,54.80067808852829,1.05844653334939,2524,2524,799532.0501033722,799532.0501033721,250.0,350.0,0.01,9.0,13,7.123023185678923e-05,250.0,222,192,110.0,0.03,no_wake,10.01541160179435,9.151061725641561,11.890327080453627,2524,0,0,,,0,1.0
split_296_rank_050_seg_08_20231018.231958_20231019.001803,split_296_rank_050_seg_08_20231018.231958_20231019.001803,2023-10-18 23:19:58.778,2023-10-19 00:18:03.889,Breckinridge,direction_unstable,stable,47.66755714610563,9.305030435520369,338.55980467298,54.80067808852829,1.05844653334939,16853,16853,1587855.6227547475,1587855.6227547477,250.0,350.0,0.01,9.0,16,6.090429490723803e-05,250.0,215,183,110.0,0.03,gaussian,5.534542528484789,0.711448161616404,6.936153166057125,16853,74,0,4.9738944039829365,,0,1.0
split_296_rank_050_seg_08_20231018.231958_20231019.001803,split_296_rank_050_seg_08_20231018.231958_20231019.001803,2023-10-18 23:19:58.778,2023-10-19 00:18:03.889,Breckinridge,direction_unstable,stable,47.66755714610563,9.305030435520369,338.55980467298,54.80067808852829,1.05844653334939,16853,16853,1587855.6227547475,1587855.6227547477,250.0,350.0,0.01,9.0,16,6.090429490723803e-05,250.0,215,183,110.0,0.03,array_stability,17.71450432707767,-17.55350844757431,20.04639993507681,16853,74,0,17.568649236909266,,0,0.9978106109300997
split_296_rank_050_seg_08_20231018.231958_20231019.001803,split_296_rank_050_seg_08_20231018.231958_20231019.001803,2023-10-18 23:19:58.778,2023-10-19 00:18:03.889,Breckinridge,direction_unstable,stable,47.66755714610563,9.305030435520369,338.55980467298,54.80067808852829,1.05844653334939,16853,16853,1587855.6227547475,1587855.6227547477,250.0,350.0,0.01,9.0,16,6.090429490723803e-05,250.0,215,183,110.0,0.03,td_offshore_transfer,12.177609764756289,-11.905480957971427,14.017759671870026,16853,74,0,11.88082283658398,,0,1.0000000000000002
split_296_rank_050_seg_08_20231018.231958_20231019.001803,split_296_rank_050_seg_08_20231018.231958_20231019.001803,2023-10-18 23:19:58.778,2023-10-19 00:18:03.889,Breckinridge,direction_unstable,stable,47.66755714610563,9.305030435520369,338.55980467298,54.80067808852829,1.05844653334939,16853,16853,1587855.6227547475,1587855.6227547477,250.0,350.0,0.01,9.0,16,6.090429490723803e-05,250.0,215,183,110.0,0.03,top_down,8.336586930873775,-7.650259838972624,10.203416640749248,16853,74,0,7.78791443527751,,0,1.0000000000000002
split_296_rank_050_seg_08_20231018.231958_20231019.001803,split_296_rank_050_seg_08_20231018.231958_20231019.001803,2023-10-18 23:19:58.778,2023-10-19 00:18:03.889,Breckinridge,direction_unstable,stable,47.66755714610563,9.305030435520369,338.55980467298,54.80067808852829,1.05844653334939,16853,16853,1587855.6227547475,1587855.6227547477,250.0,350.0,0.01,9.0,16,6.090429490723803e-05,250.0,215,183,110.0,0.03,turbopark,6.755762928723841,-3.1176935671591326,8.76025792772355,16853,74,0,5.185982134978083,,0,1.0000000000000002
split_296_rank_050_seg_08_20231018.231958_20231019.001803,split_296_rank_050_seg_08_20231018.231958_20231019.001803,2023-10-18 23:19:58.778,2023-10-19 00:18:03.889,Breckinridge,direction_unstable,stable,47.66755714610563,9.305030435520369,338.55980467298,54.80067808852829,1.05844653334939,16853,16853,1587855.6227547475,1587855.6227547477,250.0,350.0,0.01,9.0,16,6.090429490723803e-05,250.0,215,183,110.0,0.03,td_date_cv,8.336586930873775,-7.650259838972624,10.203416640749248,16853,74,0,7.78791443527751,,0,1.0000000000000002
split_296_rank_050_seg_08_20231018.231958_20231019.001803,split_296_rank_050_seg_08_20231018.231958_20231019.001803,2023-10-18 23:19:58.778,2023-10-19 00:18:03.889,Breckinridge,direction_unstable,stable,47.66755714610563,9.305030435520369,338.55980467298,54.80067808852829,1.05844653334939,16853,16853,1587855.6227547475,1587855.6227547477,250.0,350.0,0.01,9.0,16,6.090429490723803e-05,250.0,215,183,110.0,0.03,no_wake,5.733385651132088,2.9471416452898547,6.8646902233783935,16853,74,0,4.997740501324423,,0,1.0
split_314_rank_054_seg_01_20230717.025459_20230717.034635,split_314_rank_054_seg_01_20230717.025459_20230717.034635,2023-07-17 02:54:59,2023-07-17 03:46:35.167,Armadillo Flats,multi_farm,stable,163.48291087803625,8.772706883575223,180.44962998473412,54.80067808852829,1.05844653334939,10256,10256,1815600.239920501,1815600.239920501,250.0,350.0,0.01,9.0,13,7.251742812830475e-05,250.0,185,163,110.0,0.03,array_stability,8.569022925180558,2.8847319223839216,10.695978687725818,10256,18,0,3.39926747268872,,0,0.9952969333667563
split_314_rank_054_seg_01_20230717.025459_20230717.034635,split_314_rank_054_seg_01_20230717.025459_20230717.034635,2023-07-17 02:54:59,2023-07-17 03:46:35.167,Armadillo Flats,multi_farm,stable,163.48291087803625,8.772706883575223,180.44962998473412,54.80067808852829,1.05844653334939,10256,10256,1815600.239920501,1815600.239920501,250.0,350.0,0.01,9.0,13,7.251742812830475e-05,250.0,185,163,110.0,0.03,td_offshore_transfer,9.413623385179495,7.941189843611607,11.996965951292303,10256,18,0,5.103383216655708,,0,1.0
split_314_rank_054_seg_01_20230717.025459_20230717.034635,split_314_rank_054_seg_01_20230717.025459_20230717.034635,2023-07-17 02:54:59,2023-07-17 03:46:35.167,Armadillo Flats,multi_farm,stable,163.48291087803625,8.772706883575223,180.44962998473412,54.80067808852829,1.05844653334939,10256,10256,1815600.239920501,1815600.239920501,250.0,350.0,0.01,9.0,13,7.251742812830475e-05,250.0,185,163,110.0,0.03,top_down,7.7101899153246265,3.73241335587105,9.706753397497286,10256,18,0,3.087746915802306,,0,1.0
split_314_rank_054_seg_01_20230717.025459_20230717.034635,split_314_rank_054_seg_01_20230717.025459_20230717.034635,2023-07-17 02:54:59,2023-07-17 03:46:35.167,Armadillo Flats,multi_farm,stable,163.48291087803625,8.772706883575223,180.44962998473412,54.80067808852829,1.05844653334939,10256,10256,1815600.239920501,1815600.239920501,250.0,350.0,0.01,9.0,13,7.251742812830475e-05,250.0,185,163,110.0,0.03,turbopark,10.7899044231583,8.404868535046765,13.314359526087912,10256,18,0,5.404890227489526,,0,1.0
split_314_rank_054_seg_01_20230717.025459_20230717.034635,split_314_rank_054_seg_01_20230717.025459_20230717.034635,2023-07-17 02:54:59,2023-07-17 03:46:35.167,Armadillo Flats,multi_farm,stable,163.48291087803625,8.772706883575223,180.44962998473412,54.80067808852829,1.05844653334939,10256,10256,1815600.239920501,1815600.239920501,250.0,350.0,0.01,9.0,13,7.251742812830475e-05,250.0,185,163,110.0,0.03,gaussian,14.41729495068939,14.072768231872706,16.741175922163894,10256,18,0,11.61713380357133,,0,0.9998469028975856
split_314_rank_054_seg_01_20230717.025459_20230717.034635,split_314_rank_054_seg_01_20230717.025459_20230717.034635,2023-07-17 02:54:59,2023-07-17 03:46:35.167,Armadillo Flats,multi_farm,stable,163.48291087803625,8.772706883575223,180.44962998473412,54.80067808852829,1.05844653334939,10256,10256,1815600.239920501,1815600.239920501,250.0,350.0,0.01,9.0,13,7.251742812830475e-05,250.0,185,163,110.0,0.03,td_date_cv,7.7101899153246265,3.73241335587105,9.706753397497286,10256,18,0,3.087746915802306,,0,1.0
split_314_rank_054_seg_01_20230717.025459_20230717.034635,split_314_rank_054_seg_01_20230717.025459_20230717.034635,2023-07-17 02:54:59,2023-07-17 03:46:35.167,Armadillo Flats,multi_farm,stable,163.48291087803625,8.772706883575223,180.44962998473412,54.80067808852829,1.05844653334939,10256,10256,1815600.239920501,1815600.239920501,250.0,350.0,0.01,9.0,13,7.251742812830475e-05,250.0,185,163,110.0,0.03,no_wake,18.606933445953043,18.500759813854543,20.762873211273522,10256,18,0,16.614908616117564,,0,1.0
split_323_rank_055_seg_04_20240502.042423_20240502.052200,split_323_rank_055_seg_04_20240502.042423_20240502.052200,2024-05-02 04:24:23.375,2024-05-02 05:22:00.5,Armadillo Flats,multi_farm,stable,164.34297503836493,13.130673598235813,152.21436707021167,54.80067808852829,1.05844653334939,8022,8022,513136.7844660394,513136.7844660395,250.0,350.0,0.01,9.0,10,8.682511534910398e-05,250.0,220,190,110.0,0.03,td_offshore_transfer,12.339394079386267,11.589187733893338,14.432458149584795,8022,4,0,7.52198287099888,,0,1.1343292557437992
split_323_rank_055_seg_04_20240502.042423_20240502.052200,split_323_rank_055_seg_04_20240502.042423_20240502.052200,2024-05-02 04:24:23.375,2024-05-02 05:22:00.5,Armadillo Flats,multi_farm,stable,164.34297503836493,13.130673598235813,152.21436707021167,54.80067808852829,1.05844653334939,8022,8022,513136.7844660394,513136.7844660395,250.0,350.0,0.01,9.0,10,8.682511534910398e-05,250.0,220,190,110.0,0.03,top_down,7.30769445139934,4.481031947749537,8.956460321298817,8022,4,0,2.405410157272539,,0,1.009130364536225
split_323_rank_055_seg_04_20240502.042423_20240502.052200,split_323_rank_055_seg_04_20240502.042423_20240502.052200,2024-05-02 04:24:23.375,2024-05-02 05:22:00.5,Armadillo Flats,multi_farm,stable,164.34297503836493,13.130673598235813,152.21436707021167,54.80067808852829,1.05844653334939,8022,8022,513136.7844660394,513136.7844660395,250.0,350.0,0.01,9.0,10,8.682511534910398e-05,250.0,220,190,110.0,0.03,turbopark,6.6637907285593485,2.7158009250139314,8.231836838407784,8022,4,0,1.7327781981878325,,0,1.0
split_323_rank_055_seg_04_20240502.042423_20240502.052200,split_323_rank_055_seg_04_20240502.042423_20240502.052200,2024-05-02 04:24:23.375,2024-05-02 05:22:00.5,Armadillo Flats,multi_farm,stable,164.34297503836493,13.130673598235813,152.21436707021167,54.80067808852829,1.05844653334939,8022,8022,513136.7844660394,513136.7844660395,250.0,350.0,0.01,9.0,10,8.682511534910398e-05,250.0,220,190,110.0,0.03,gaussian,7.35600470006101,4.683723916960542,9.085180246307397,8022,4,0,2.4655648966795365,,0,0.9999348732504184
split_323_rank_055_seg_04_20240502.042423_20240502.052200,split_323_rank_055_seg_04_20240502.042423_20240502.052200,2024-05-02 04:24:23.375,2024-05-02 05:22:00.5,Armadillo Flats,multi_farm,stable,164.34297503836493,13.130673598235813,152.21436707021167,54.80067808852829,1.05844653334939,8022,8022,513136.7844660394,513136.7844660395,250.0,350.0,0.01,9.0,10,8.682511534910398e-05,250.0,220,190,110.0,0.03,array_stability,6.311398907110729,0.8622158876676245,7.820637692276547,8022,4,0,2.500066274139032,,0,0.997028560282829
split_323_rank_055_seg_04_20240502.042423_20240502.052200,split_323_rank_055_seg_04_20240502.042423_20240502.052200,2024-05-02 04:24:23.375,2024-05-02 05:22:00.5,Armadillo Flats,multi_farm,stable,164.34297503836493,13.130673598235813,152.21436707021167,54.80067808852829,1.05844653334939,8022,8022,513136.7844660394,513136.7844660395,250.0,350.0,0.01,9.0,10,8.682511534910398e-05,250.0,220,190,110.0,0.03,td_date_cv,7.30769445139934,4.481031947749537,8.956460321298817,8022,4,0,2.405410157272539,,0,1.009130364536225
split_323_rank_055_seg_04_20240502.042423_20240502.052200,split_323_rank_055_seg_04_20240502.042423_20240502.052200,2024-05-02 04:24:23.375,2024-05-02 05:22:00.5,Armadillo Flats,multi_farm,stable,164.34297503836493,13.130673598235813,152.21436707021167,54.80067808852829,1.05844653334939,8022,8022,513136.7844660394,513136.7844660395,250.0,350.0,0.01,9.0,10,8.682511534910398e-05,250.0,220,190,110.0,0.03,no_wake,7.8514392171107685,5.759996416628966,9.706624161271545,8022,4,0,2.98960748834785,,0,1.0
split_340_rank_057_seg_07_20230906.075511_20230906.085232,split_340_rank_057_seg_07_20230906.075511_20230906.085232,2023-09-06 07:55:11,2023-09-06 08:52:32,Breckinridge,single_farm,stable,36.13852740592039,9.079336747441191,4.738498175201128,54.80067808852829,1.05844653334939,11628,11628,1703217.7485227073,1703217.7485227073,250.0,350.0,0.01,9.0,15,8.245032246689821e-05,250.0,179,165,110.0,0.03,top_down,6.550481249338802,-4.182734432585635,8.107167197238258,11628,5,0,4.209906600055684,,0,1.0000000000000002
split_340_rank_057_seg_07_20230906.075511_20230906.085232,split_340_rank_057_seg_07_20230906.075511_20230906.085232,2023-09-06 07:55:11,2023-09-06 08:52:32,Breckinridge,single_farm,stable,36.13852740592039,9.079336747441191,4.738498175201128,54.80067808852829,1.05844653334939,11628,11628,1703217.7485227073,1703217.7485227073,250.0,350.0,0.01,9.0,15,8.245032246689821e-05,250.0,179,165,110.0,0.03,turbopark,7.006902066783188,0.853656486905803,8.597986305309117,11628,5,0,0.3310686895062173,,0,1.0
split_340_rank_057_seg_07_20230906.075511_20230906.085232,split_340_rank_057_seg_07_20230906.075511_20230906.085232,2023-09-06 07:55:11,2023-09-06 08:52:32,Breckinridge,single_farm,stable,36.13852740592039,9.079336747441191,4.738498175201128,54.80067808852829,1.05844653334939,11628,11628,1703217.7485227073,1703217.7485227073,250.0,350.0,0.01,9.0,15,8.245032246689821e-05,250.0,179,165,110.0,0.03,gaussian,7.550188594867673,4.892889486041979,9.063250964991502,11628,5,0,3.5726811050039387,,0,0.9999979809145436
split_340_rank_057_seg_07_20230906.075511_20230906.085232,split_340_rank_057_seg_07_20230906.075511_20230906.085232,2023-09-06 07:55:11,2023-09-06 08:52:32,Breckinridge,single_farm,stable,36.13852740592039,9.079336747441191,4.738498175201128,54.80067808852829,1.05844653334939,11628,11628,1703217.7485227073,1703217.7485227073,250.0,350.0,0.01,9.0,15,8.245032246689821e-05,250.0,179,165,110.0,0.03,array_stability,17.138449770857395,-16.674954440257817,19.50634066208395,11628,5,0,17.964072993519203,,0,0.9954825887575643
split_340_rank_057_seg_07_20230906.075511_20230906.085232,split_340_rank_057_seg_07_20230906.075511_20230906.085232,2023-09-06 07:55:11,2023-09-06 08:52:32,Breckinridge,single_farm,stable,36.13852740592039,9.079336747441191,4.738498175201128,54.80067808852829,1.05844653334939,11628,11628,1703217.7485227073,1703217.7485227073,250.0,350.0,0.01,9.0,15,8.245032246689821e-05,250.0,179,165,110.0,0.03,td_offshore_transfer,10.340801956126619,-9.703676139351824,12.157498033534418,11628,5,0,9.597664056171165,,0,1.0000000000000002
split_340_rank_057_seg_07_20230906.075511_20230906.085232,split_340_rank_057_seg_07_20230906.075511_20230906.085232,2023-09-06 07:55:11,2023-09-06 08:52:32,Breckinridge,single_farm,stable,36.13852740592039,9.079336747441191,4.738498175201128,54.80067808852829,1.05844653334939,11628,11628,1703217.7485227073,1703217.7485227073,250.0,350.0,0.01,9.0,15,8.245032246689821e-05,250.0,179,165,110.0,0.03,td_date_cv,6.550481249338802,-4.182734432585635,8.107167197238258,11628,5,0,4.209906600055684,,0,1.0000000000000002
split_340_rank_057_seg_07_20230906.075511_20230906.085232,split_340_rank_057_seg_07_20230906.075511_20230906.085232,2023-09-06 07:55:11,2023-09-06 08:52:32,Breckinridge,single_farm,stable,36.13852740592039,9.079336747441191,4.738498175201128,54.80067808852829,1.05844653334939,11628,11628,1703217.7485227073,1703217.7485227073,250.0,350.0,0.01,9.0,15,8.245032246689821e-05,250.0,179,165,110.0,0.03,no_wake,8.638348233513447,7.635404779765918,10.461970808525079,11628,5,0,7.132768160800004,,0,1.0
split_355_rank_060_seg_03_20240503.220431_20240503.225627,split_355_rank_060_seg_03_20240503.220431_20240503.225627,2024-05-03 22:04:31.4,2024-05-03 22:56:27.6,Armadillo Flats,single_farm,unstable,-125.95715749735545,7.867212706106343,128.608921176885,54.80067808852829,1.05844653334939,13727,13727,2003441.6091063656,2003441.6091063658,250.0,350.0,0.01,9.0,9,6.965688425786265e-05,250.0,222,194,110.0,0.03,turbopark,5.888920064333919,1.505431117993296,7.295246058426062,13727,20,0,2.27867890311817,,0,0.9999999999999999
split_355_rank_060_seg_03_20240503.220431_20240503.225627,split_355_rank_060_seg_03_20240503.220431_20240503.225627,2024-05-03 22:04:31.4,2024-05-03 22:56:27.6,Armadillo Flats,single_farm,unstable,-125.95715749735545,7.867212706106343,128.608921176885,54.80067808852829,1.05844653334939,13727,13727,2003441.6091063656,2003441.6091063658,250.0,350.0,0.01,9.0,9,6.965688425786265e-05,250.0,222,194,110.0,0.03,gaussian,7.549977712176445,6.63950110368219,9.111000257218775,13727,20,0,3.336712195610978,,0,0.9991917673847217
split_355_rank_060_seg_03_20240503.220431_20240503.225627,split_355_rank_060_seg_03_20240503.220431_20240503.225627,2024-05-03 22:04:31.4,2024-05-03 22:56:27.6,Armadillo Flats,single_farm,unstable,-125.95715749735545,7.867212706106343,128.608921176885,54.80067808852829,1.05844653334939,13727,13727,2003441.6091063656,2003441.6091063658,250.0,350.0,0.01,9.0,9,6.965688425786265e-05,250.0,222,194,110.0,0.03,array_stability,5.913700086359174,1.330161419831002,7.32347169985939,13727,20,0,2.431358813210275,,0,0.9999452197759957
split_355_rank_060_seg_03_20240503.220431_20240503.225627,split_355_rank_060_seg_03_20240503.220431_20240503.225627,2024-05-03 22:04:31.4,2024-05-03 22:56:27.6,Armadillo Flats,single_farm,unstable,-125.95715749735545,7.867212706106343,128.608921176885,54.80067808852829,1.05844653334939,13727,13727,2003441.6091063656,2003441.6091063658,250.0,350.0,0.01,9.0,9,6.965688425786265e-05,250.0,222,194,110.0,0.03,td_offshore_transfer,9.2239046872042,8.765821025552235,10.57112528600073,13727,20,0,5.509892378467548,,0,1.0012575848514988
split_355_rank_060_seg_03_20240503.220431_20240503.225627,split_355_rank_060_seg_03_20240503.220431_20240503.225627,2024-05-03 22:04:31.4,2024-05-03 22:56:27.6,Armadillo Flats,single_farm,unstable,-125.95715749735545,7.867212706106343,128.608921176885,54.80067808852829,1.05844653334939,13727,13727,2003441.6091063656,2003441.6091063658,250.0,350.0,0.01,9.0,9,6.965688425786265e-05,250.0,222,194,110.0,0.03,top_down,5.450445968121389,3.016504914833128,6.794136898835551,13727,20,0,1.850136578599008,,0,1.0002240626976342
split_355_rank_060_seg_03_20240503.220431_20240503.225627,split_355_rank_060_seg_03_20240503.220431_20240503.225627,2024-05-03 22:04:31.4,2024-05-03 22:56:27.6,Armadillo Flats,single_farm,unstable,-125.95715749735545,7.867212706106343,128.608921176885,54.80067808852829,1.05844653334939,13727,13727,2003441.6091063656,2003441.6091063658,250.0,350.0,0.01,9.0,9,6.965688425786265e-05,250.0,222,194,110.0,0.03,td_date_cv,5.450445968121389,3.016504914833128,6.794136898835551,13727,20,0,1.850136578599008,,0,1.0002240626976342
split_355_rank_060_seg_03_20240503.220431_20240503.225627,split_355_rank_060_seg_03_20240503.220431_20240503.225627,2024-05-03 22:04:31.4,2024-05-03 22:56:27.6,Armadillo Flats,single_farm,unstable,-125.95715749735545,7.867212706106343,128.608921176885,54.80067808852829,1.05844653334939,13727,13727,2003441.6091063656,2003441.6091063658,250.0,350.0,0.01,9.0,9,6.965688425786265e-05,250.0,222,194,110.0,0.03,no_wake,10.52438807907256,10.17091792020992,11.7868140658133,13727,20,0,6.958773853368264,,0,1.0
split_364_rank_063_seg_01_20230701.215538_20230701.224302,split_364_rank_063_seg_01_20230701.215538_20230701.224302,2023-07-01 21:55:38,2023-07-01 22:43:02.333,Breckinridge,single_farm,unstable,-65.71150835830882,8.087538322973847,255.01516357459195,54.80067808852829,1.05844653334939,5336,5336,1975937.077550735,1975937.0775507353,250.0,350.0,0.01,9.0,9,8.538173819749861e-05,250.0,193,167,110.0,0.03,gaussian,4.724079402427586,3.4162315293498406,6.024362151123507,5336,0,0,,,0,0.9999632309109476
split_364_rank_063_seg_01_20230701.215538_20230701.224302,split_364_rank_063_seg_01_20230701.215538_20230701.224302,2023-07-01 21:55:38,2023-07-01 22:43:02.333,Breckinridge,single_farm,unstable,-65.71150835830882,8.087538322973847,255.01516357459195,54.80067808852829,1.05844653334939,5336,5336,1975937.077550735,1975937.0775507353,250.0,350.0,0.01,9.0,9,8.538173819749861e-05,250.0,193,167,110.0,0.03,array_stability,6.449208005757293,-3.028267735310789,7.981945945611041,5336,0,0,,,0,0.9999903487860287
split_364_rank_063_seg_01_20230701.215538_20230701.224302,split_364_rank_063_seg_01_20230701.215538_20230701.224302,2023-07-01 21:55:38,2023-07-01 22:43:02.333,Breckinridge,single_farm,unstable,-65.71150835830882,8.087538322973847,255.01516357459195,54.80067808852829,1.05844653334939,5336,5336,1975937.077550735,1975937.0775507353,250.0,350.0,0.01,9.0,9,8.538173819749861e-05,250.0,193,167,110.0,0.03,td_offshore_transfer,6.6341622561423454,6.306176591745798,8.109277755188794,5336,0,0,,,0,1.0000000000000002
split_364_rank_063_seg_01_20230701.215538_20230701.224302,split_364_rank_063_seg_01_20230701.215538_20230701.224302,2023-07-01 21:55:38,2023-07-01 22:43:02.333,Breckinridge,single_farm,unstable,-65.71150835830882,8.087538322973847,255.01516357459195,54.80067808852829,1.05844653334939,5336,5336,1975937.077550735,1975937.0775507353,250.0,350.0,0.01,9.0,9,8.538173819749861e-05,250.0,193,167,110.0,0.03,top_down,3.744393370449797,0.42282483719991576,4.823087396143235,5336,0,0,,,0,1.0000000000000002
split_364_rank_063_seg_01_20230701.215538_20230701.224302,split_364_rank_063_seg_01_20230701.215538_20230701.224302,2023-07-01 21:55:38,2023-07-01 22:43:02.333,Breckinridge,single_farm,unstable,-65.71150835830882,8.087538322973847,255.01516357459195,54.80067808852829,1.05844653334939,5336,5336,1975937.077550735,1975937.0775507353,250.0,350.0,0.01,9.0,9,8.538173819749861e-05,250.0,193,167,110.0,0.03,turbopark,6.3879002064837085,-2.814911213017681,7.9045089470507754,5336,0,0,,,0,1.0000000000000002
split_364_rank_063_seg_01_20230701.215538_20230701.224302,split_364_rank_063_seg_01_20230701.215538_20230701.224302,2023-07-01 21:55:38,2023-07-01 22:43:02.333,Breckinridge,single_farm,unstable,-65.71150835830882,8.087538322973847,255.01516357459195,54.80067808852829,1.05844653334939,5336,5336,1975937.077550735,1975937.0775507353,250.0,350.0,0.01,9.0,9,8.538173819749861e-05,250.0,193,167,110.0,0.03,td_date_cv,3.744393370449797,0.42282483719991576,4.823087396143235,5336,0,0,,,0,1.0000000000000002
split_364_rank_063_seg_01_20230701.215538_20230701.224302,split_364_rank_063_seg_01_20230701.215538_20230701.224302,2023-07-01 21:55:38,2023-07-01 22:43:02.333,Breckinridge,single_farm,unstable,-65.71150835830882,8.087538322973847,255.01516357459195,54.80067808852829,1.05844653334939,5336,5336,1975937.077550735,1975937.0775507353,250.0,350.0,0.01,9.0,9,8.538173819749861e-05,250.0,193,167,110.0,0.03,no_wake,8.310220968013466,8.137467873614792,9.803986744050441,5336,0,0,,,0,1.0
split_369_rank_064_seg_03_20240331.190032_20240331.195911,split_369_rank_064_seg_03_20240331.190032_20240331.195911,2024-03-31 19:00:32.2,2024-03-31 19:59:11.8,Armadillo Flats,multi_farm,unstable,-334.13891496461065,12.047211975072477,188.21566071457136,54.80067808852829,1.05844653334939,8769,8764,670012.9707659248,670012.9707659249,250.0,350.0,0.01,9.0,8,6.52643910306061e-05,250.0,175,170,110.0,0.03,array_stability,9.634873004243751,8.63426826197742,11.460201584357138,8764,2,0,11.229753933858138,,0,0.9999293315128922
split_369_rank_064_seg_03_20240331.190032_20240331.195911,split_369_rank_064_seg_03_20240331.190032_20240331.195911,2024-03-31 19:00:32.2,2024-03-31 19:59:11.8,Armadillo Flats,multi_farm,unstable,-334.13891496461065,12.047211975072477,188.21566071457136,54.80067808852829,1.05844653334939,8769,8764,670012.9707659248,670012.9707659249,250.0,350.0,0.01,9.0,8,6.52643910306061e-05,250.0,175,170,110.0,0.03,td_offshore_transfer,13.00534364709614,12.648641910762375,14.804776319846747,8764,2,0,15.94277243618758,,0,1.012029568066195
split_369_rank_064_seg_03_20240331.190032_20240331.195911,split_369_rank_064_seg_03_20240331.190032_20240331.195911,2024-03-31 19:00:32.2,2024-03-31 19:59:11.8,Armadillo Flats,multi_farm,unstable,-334.13891496461065,12.047211975072477,188.21566071457136,54.80067808852829,1.05844653334939,8769,8764,670012.9707659248,670012.9707659249,250.0,350.0,0.01,9.0,8,6.52643910306061e-05,250.0,175,170,110.0,0.03,top_down,12.850664254990482,12.496275945289591,14.589583924937985,8764,2,0,15.68580080980475,,0,1.0196872012775
split_369_rank_064_seg_03_20240331.190032_20240331.195911,split_369_rank_064_seg_03_20240331.190032_20240331.195911,2024-03-31 19:00:32.2,2024-03-31 19:59:11.8,Armadillo Flats,multi_farm,unstable,-334.13891496461065,12.047211975072477,188.21566071457136,54.80067808852829,1.05844653334939,8769,8764,670012.9707659248,670012.9707659249,250.0,350.0,0.01,9.0,8,6.52643910306061e-05,250.0,175,170,110.0,0.03,turbopark,9.79913888029954,8.853020854871842,11.622552609377266,8764,2,0,11.483620884064027,,0,1.0
split_369_rank_064_seg_03_20240331.190032_20240331.195911,split_369_rank_064_seg_03_20240331.190032_20240331.195911,2024-03-31 19:00:32.2,2024-03-31 19:59:11.8,Armadillo Flats,multi_farm,unstable,-334.13891496461065,12.047211975072477,188.21566071457136,54.80067808852829,1.05844653334939,8769,8764,670012.9707659248,670012.9707659249,250.0,350.0,0.01,9.0,8,6.52643910306061e-05,250.0,175,170,110.0,0.03,gaussian,11.754778723710386,11.250444352138373,13.513505498812059,8764,2,0,14.329209493853218,,0,0.9999276300351632
split_369_rank_064_seg_03_20240331.190032_20240331.195911,split_369_rank_064_seg_03_20240331.190032_20240331.195911,2024-03-31 19:00:32.2,2024-03-31 19:59:11.8,Armadillo Flats,multi_farm,unstable,-334.13891496461065,12.047211975072477,188.21566071457136,54.80067808852829,1.05844653334939,8769,8764,670012.9707659248,670012.9707659249,250.0,350.0,0.01,9.0,8,6.52643910306061e-05,250.0,175,170,110.0,0.03,td_date_cv,12.850664254990482,12.496275945289591,14.589583924937985,8764,2,0,15.68580080980475,,0,1.0196872012775
split_369_rank_064_seg_03_20240331.190032_20240331.195911,split_369_rank_064_seg_03_20240331.190032_20240331.195911,2024-03-31 19:00:32.2,2024-03-31 19:59:11.8,Armadillo Flats,multi_farm,unstable,-334.13891496461065,12.047211975072477,188.21566071457136,54.80067808852829,1.05844653334939,8769,8764,670012.9707659248,670012.9707659249,250.0,350.0,0.01,9.0,8,6.52643910306061e-05,250.0,175,170,110.0,0.03,no_wake,13.100948783366217,12.750530572452673,14.93291451315697,8764,2,0,16.107059325245103,,0,1.0
split_380_rank_067_seg_02_20231014.190136_20231014.194459,split_380_rank_067_seg_02_20231014.190136_20231014.194459,2023-10-14 19:01:36.333,2023-10-14 19:44:59.667,Breckinridge,single_farm,unstable,-31.543687187518834,12.295381105873785,339.2639044578888,54.80067808852829,1.05844653334939,12676,12676,624216.8191250694,624216.8191250693,250.0,350.0,0.01,9.0,7,6.007732432872226e-05,250.0,215,182,110.0,0.03,td_offshore_transfer,10.3320322055379,10.300723819744778,11.070064730779885,12676,39,0,9.440506588042096,,0,1.0123425030837119
split_380_rank_067_seg_02_20231014.190136_20231014.194459,split_380_rank_067_seg_02_20231014.190136_20231014.194459,2023-10-14 19:01:36.333,2023-10-14 19:44:59.667,Breckinridge,single_farm,unstable,-31.543687187518834,12.295381105873785,339.2639044578888,54.80067808852829,1.05844653334939,12676,12676,624216.8191250694,624216.8191250693,250.0,350.0,0.01,9.0,7,6.007732432872226e-05,250.0,215,182,110.0,0.03,top_down,10.981556244989282,10.958127796933736,11.717943559284544,12676,39,0,10.061793947913204,,0,1.0270632263079107
split_380_rank_067_seg_02_20231014.190136_20231014.194459,split_380_rank_067_seg_02_20231014.190136_20231014.194459,2023-10-14 19:01:36.333,2023-10-14 19:44:59.667,Breckinridge,single_farm,unstable,-31.543687187518834,12.295381105873785,339.2639044578888,54.80067808852829,1.05844653334939,12676,12676,624216.8191250694,624216.8191250693,250.0,350.0,0.01,9.0,7,6.007732432872226e-05,250.0,215,182,110.0,0.03,turbopark,8.05478237209846,7.913392377082775,9.011181505013116,12676,39,0,7.100282845484172,,0,1.0000000000000002
split_380_rank_067_seg_02_20231014.190136_20231014.194459,split_380_rank_067_seg_02_20231014.190136_20231014.194459,2023-10-14 19:01:36.333,2023-10-14 19:44:59.667,Breckinridge,single_farm,unstable,-31.543687187518834,12.295381105873785,339.2639044578888,54.80067808852829,1.05844653334939,12676,12676,624216.8191250694,624216.8191250693,250.0,350.0,0.01,9.0,7,6.007732432872226e-05,250.0,215,182,110.0,0.03,gaussian,9.499040058847816,9.449171763742207,10.269001689084273,12676,39,0,8.645869635796362,,0,0.9999999999975776
split_380_rank_067_seg_02_20231014.190136_20231014.194459,split_380_rank_067_seg_02_20231014.190136_20231014.194459,2023-10-14 19:01:36.333,2023-10-14 19:44:59.667,Breckinridge,single_farm,unstable,-31.543687187518834,12.295381105873785,339.2639044578888,54.80067808852829,1.05844653334939,12676,12676,624216.8191250694,624216.8191250693,250.0,350.0,0.01,9.0,7,6.007732432872226e-05,250.0,215,182,110.0,0.03,array_stability,8.020429576680359,7.8747858167121265,8.980291659009815,12676,39,0,7.065912502763773,,0,0.9999990597600077
split_380_rank_067_seg_02_20231014.190136_20231014.194459,split_380_rank_067_seg_02_20231014.190136_20231014.194459,2023-10-14 19:01:36.333,2023-10-14 19:44:59.667,Breckinridge,single_farm,unstable,-31.543687187518834,12.295381105873785,339.2639044578888,54.80067808852829,1.05844653334939,12676,12676,624216.8191250694,624216.8191250693,250.0,350.0,0.01,9.0,7,6.007732432872226e-05,250.0,215,182,110.0,0.03,td_date_cv,10.981556244989282,10.958127796933736,11.717943559284544,12676,39,0,10.061793947913204,,0,1.0270632263079107
split_380_rank_067_seg_02_20231014.190136_20231014.194459,split_380_rank_067_seg_02_20231014.190136_20231014.194459,2023-10-14 19:01:36.333,2023-10-14 19:44:59.667,Breckinridge,single_farm,unstable,-31.543687187518834,12.295381105873785,339.2639044578888,54.80067808852829,1.05844653334939,12676,12676,624216.8191250694,624216.8191250693,250.0,350.0,0.01,9.0,7,6.007732432872226e-05,250.0,215,182,110.0,0.03,no_wake,10.219966175034227,10.186565790306686,10.956606941686726,12676,39,0,9.3454932473232,,0,1.0
split_382_rank_068_seg_01_20240418.022758_20240418.032212,split_382_rank_068_seg_01_20240418.022758_20240418.032212,2024-04-18 02:27:58,2024-04-18 03:22:12.333,Armadillo Flats,multi_farm,stable,230.2210363017884,12.915408298908172,157.79277688571756,54.80067808852829,1.05844653334939,6372,6372,541752.0848132388,541752.0848132389,250.0,350.0,0.01,9.0,10,6.50464664281869e-05,250.0,216,184,110.0,0.03,top_down,5.243002244980458,2.371408599739935,6.424044687081243,6372,2,0,5.379121859538285,,0,1.0097973457579088
split_382_rank_068_seg_01_20240418.022758_20240418.032212,split_382_rank_068_seg_01_20240418.022758_20240418.032212,2024-04-18 02:27:58,2024-04-18 03:22:12.333,Armadillo Flats,multi_farm,stable,230.2210363017884,12.915408298908172,157.79277688571756,54.80067808852829,1.05844653334939,6372,6372,541752.0848132388,541752.0848132389,250.0,350.0,0.01,9.0,10,6.50464664281869e-05,250.0,216,184,110.0,0.03,turbopark,5.255154083773675,0.19434333030268766,6.291537482322861,6372,2,0,3.368564868657162,,0,1.0
split_382_rank_068_seg_01_20240418.022758_20240418.032212,split_382_rank_068_seg_01_20240418.022758_20240418.032212,2024-04-18 02:27:58,2024-04-18 03:22:12.333,Armadillo Flats,multi_farm,stable,230.2210363017884,12.915408298908172,157.79277688571756,54.80067808852829,1.05844653334939,6372,6372,541752.0848132388,541752.0848132389,250.0,350.0,0.01,9.0,10,6.50464664281869e-05,250.0,216,184,110.0,0.03,gaussian,5.22212499066873,2.3068202091242567,6.378505055672841,6372,2,0,5.367538244053689,,0,0.9998821014358421
split_382_rank_068_seg_01_20240418.022758_20240418.032212,split_382_rank_068_seg_01_20240418.022758_20240418.032212,2024-04-18 02:27:58,2024-04-18 03:22:12.333,Armadillo Flats,multi_farm,stable,230.2210363017884,12.915408298908172,157.79277688571756,54.80067808852829,1.05844653334939,6372,6372,541752.0848132388,541752.0848132389,250.0,350.0,0.01,9.0,10,6.50464664281869e-05,250.0,216,184,110.0,0.03,array_stability,5.561354887001286,-1.31530846705968,6.6467189932895785,6372,2,0,1.9280958093615173,,0,0.999447292353128
split_382_rank_068_seg_01_20240418.022758_20240418.032212,split_382_rank_068_seg_01_20240418.022758_20240418.032212,2024-04-18 02:27:58,2024-04-18 03:22:12.333,Armadillo Flats,multi_farm,stable,230.2210363017884,12.915408298908172,157.79277688571756,54.80067808852829,1.05844653334939,6372,6372,541752.0848132388,541752.0848132389,250.0,350.0,0.01,9.0,10,6.50464664281869e-05,250.0,216,184,110.0,0.03,td_offshore_transfer,8.141943815986354,7.4095318686883775,9.589644867530406,6372,2,0,10.171706047948772,,0,1.101889097317248
split_382_rank_068_seg_01_20240418.022758_20240418.032212,split_382_rank_068_seg_01_20240418.022758_20240418.032212,2024-04-18 02:27:58,2024-04-18 03:22:12.333,Armadillo Flats,multi_farm,stable,230.2210363017884,12.915408298908172,157.79277688571756,54.80067808852829,1.05844653334939,6372,6372,541752.0848132388,541752.0848132389,250.0,350.0,0.01,9.0,10,6.50464664281869e-05,250.0,216,184,110.0,0.03,td_date_cv,5.243002244980458,2.371408599739935,6.424044687081243,6372,2,0,5.379121859538285,,0,1.0097973457579088
split_382_rank_068_seg_01_20240418.022758_20240418.032212,split_382_rank_068_seg_01_20240418.022758_20240418.032212,2024-04-18 02:27:58,2024-04-18 03:22:12.333,Armadillo Flats,multi_farm,stable,230.2210363017884,12.915408298908172,157.79277688571756,54.80067808852829,1.05844653334939,6372,6372,541752.0848132388,541752.0848132389,250.0,350.0,0.01,9.0,10,6.50464664281869e-05,250.0,216,184,110.0,0.03,no_wake,5.4789160154539545,3.509783343958263,6.7342848555246375,6372,2,0,6.433821293954001,,0,1.0
split_410_rank_073_seg_04_20231109.005908_20231109.015853,split_410_rank_073_seg_04_20231109.005908_20231109.015853,2023-11-09 00:59:08.75,2023-11-09 01:58:53,Breckinridge,single_farm,stable,42.614985075064595,11.31295473988586,337.5831145044835,54.80067808852829,1.05844653334939,6812,6812,829356.5022792808,829356.5022792807,250.0,350.0,0.01,9.0,25,8.909360990594362e-05,250.0,216,184,110.0,0.03,turbopark,16.22722277865677,16.17715387949058,17.95610947846668,6812,4,0,14.992774047243323,,0,1.0000000000000002
split_410_rank_073_seg_04_20231109.005908_20231109.015853,split_410_rank_073_seg_04_20231109.005908_20231109.015853,2023-11-09 00:59:08.75,2023-11-09 01:58:53,Breckinridge,single_farm,stable,42.614985075064595,11.31295473988586,337.5831145044835,54.80067808852829,1.05844653334939,6812,6812,829356.5022792808,829356.5022792807,250.0,350.0,0.01,9.0,25,8.909360990594362e-05,250.0,216,184,110.0,0.03,gaussian,18.332761624614598,18.32111102381613,19.750782632082036,6812,4,0,17.132979213569914,,0,0.9999987750016103
split_410_rank_073_seg_04_20231109.005908_20231109.015853,split_410_rank_073_seg_04_20231109.005908_20231109.015853,2023-11-09 00:59:08.75,2023-11-09 01:58:53,Breckinridge,single_farm,stable,42.614985075064595,11.31295473988586,337.5831145044835,54.80067808852829,1.05844653334939,6812,6812,829356.5022792808,829356.5022792807,250.0,350.0,0.01,9.0,25,8.909360990594362e-05,250.0,216,184,110.0,0.03,array_stability,8.446529477875021,5.87411177197374,10.854432932587823,6812,4,0,4.724775817883049,,0,0.9976344048123236
split_410_rank_073_seg_04_20231109.005908_20231109.015853,split_410_rank_073_seg_04_20231109.005908_20231109.015853,2023-11-09 00:59:08.75,2023-11-09 01:58:53,Breckinridge,single_farm,stable,42.614985075064595,11.31295473988586,337.5831145044835,54.80067808852829,1.05844653334939,6812,6812,829356.5022792808,829356.5022792807,250.0,350.0,0.01,9.0,25,8.909360990594362e-05,250.0,216,184,110.0,0.03,td_offshore_transfer,13.151397832330854,13.039056024220876,15.045117829355876,6812,4,0,11.931204782826518,,0,1.0
split_410_rank_073_seg_04_20231109.005908_20231109.015853,split_410_rank_073_seg_04_20231109.005908_20231109.015853,2023-11-09 00:59:08.75,2023-11-09 01:58:53,Breckinridge,single_farm,stable,42.614985075064595,11.31295473988586,337.5831145044835,54.80067808852829,1.05844653334939,6812,6812,829356.5022792808,829356.5022792807,250.0,350.0,0.01,9.0,25,8.909360990594362e-05,250.0,216,184,110.0,0.03,top_down,13.622809681898786,13.519433020857912,15.389437774909204,6812,4,0,12.512823729963108,,0,1.0
split_410_rank_073_seg_04_20231109.005908_20231109.015853,split_410_rank_073_seg_04_20231109.005908_20231109.015853,2023-11-09 00:59:08.75,2023-11-09 01:58:53,Breckinridge,single_farm,stable,42.614985075064595,11.31295473988586,337.5831145044835,54.80067808852829,1.05844653334939,6812,6812,829356.5022792808,829356.5022792807,250.0,350.0,0.01,9.0,25,8.909360990594362e-05,250.0,216,184,110.0,0.03,td_date_cv,13.622809681898786,13.519433020857912,15.389437774909204,6812,4,0,12.512823729963108,,0,1.0
split_410_rank_073_seg_04_20231109.005908_20231109.015853,split_410_rank_073_seg_04_20231109.005908_20231109.015853,2023-11-09 00:59:08.75,2023-11-09 01:58:53,Breckinridge,single_farm,stable,42.614985075064595,11.31295473988586,337.5831145044835,54.80067808852829,1.05844653334939,6812,6812,829356.5022792808,829356.5022792807,250.0,350.0,0.01,9.0,25,8.909360990594362e-05,250.0,216,184,110.0,0.03,no_wake,19.191073343064428,19.184396575314583,20.501220341596834,6812,4,0,18.0319099414704,,0,1.0
split_417_rank_074_seg_03_20230807.045747_20230807.054136,split_417_rank_074_seg_03_20230807.045747_20230807.054136,2023-08-07 04:57:47.333,2023-08-07 05:41:36,Breckinridge,single_farm,stable,85.82662073621115,12.226311307333924,5.448694675527705,54.80067808852829,1.05844653334939,5448,5448,636443.1793101806,636443.1793101805,250.0,350.0,0.01,9.0,15,7.44877008907463e-05,250.0,179,165,110.0,0.03,gaussian,7.618437450714829,7.441899703390622,8.762371646425594,5448,0,0,,,0,0.9999911634958555
split_417_rank_074_seg_03_20230807.045747_20230807.054136,split_417_rank_074_seg_03_20230807.045747_20230807.054136,2023-08-07 04:57:47.333,2023-08-07 05:41:36,Breckinridge,single_farm,stable,85.82662073621115,12.226311307333924,5.448694675527705,54.80067808852829,1.05844653334939,5448,5448,636443.1793101806,636443.1793101805,250.0,350.0,0.01,9.0,15,7.44877008907463e-05,250.0,179,165,110.0,0.03,array_stability,4.367707172319238,2.203892306731786,5.352542652381585,5448,0,0,,,0,0.9988902954975327
split_417_rank_074_seg_03_20230807.045747_20230807.054136,split_417_rank_074_seg_03_20230807.045747_20230807.054136,2023-08-07 04:57:47.333,2023-08-07 05:41:36,Breckinridge,single_farm,stable,85.82662073621115,12.226311307333924,5.448694675527705,54.80067808852829,1.05844653334939,5448,5448,636443.1793101806,636443.1793101805,250.0,350.0,0.01,9.0,15,7.44877008907463e-05,250.0,179,165,110.0,0.03,td_offshore_transfer,10.779176879484549,10.750181894948255,11.780346320541762,5448,0,0,,,0,1.0671215086561208
split_417_rank_074_seg_03_20230807.045747_20230807.054136,split_417_rank_074_seg_03_20230807.045747_20230807.054136,2023-08-07 04:57:47.333,2023-08-07 05:41:36,Breckinridge,single_farm,stable,85.82662073621115,12.226311307333924,5.448694675527705,54.80067808852829,1.05844653334939,5448,5448,636443.1793101806,636443.1793101805,250.0,350.0,0.01,9.0,15,7.44877008907463e-05,250.0,179,165,110.0,0.03,top_down,6.888305062322049,6.5780981777622465,8.127691689934217,5448,0,0,,,0,1.0
split_417_rank_074_seg_03_20230807.045747_20230807.054136,split_417_rank_074_seg_03_20230807.045747_20230807.054136,2023-08-07 04:57:47.333,2023-08-07 05:41:36,Breckinridge,single_farm,stable,85.82662073621115,12.226311307333924,5.448694675527705,54.80067808852829,1.05844653334939,5448,5448,636443.1793101806,636443.1793101805,250.0,350.0,0.01,9.0,15,7.44877008907463e-05,250.0,179,165,110.0,0.03,turbopark,6.457578600896157,5.916616958843458,7.654576105349969,5448,0,0,,,0,1.0
split_417_rank_074_seg_03_20230807.045747_20230807.054136,split_417_rank_074_seg_03_20230807.045747_20230807.054136,2023-08-07 04:57:47.333,2023-08-07 05:41:36,Breckinridge,single_farm,stable,85.82662073621115,12.226311307333924,5.448694675527705,54.80067808852829,1.05844653334939,5448,5448,636443.1793101806,636443.1793101805,250.0,350.0,0.01,9.0,15,7.44877008907463e-05,250.0,179,165,110.0,0.03,td_date_cv,6.888305062322049,6.5780981777622465,8.127691689934217,5448,0,0,,,0,1.0
split_417_rank_074_seg_03_20230807.045747_20230807.054136,split_417_rank_074_seg_03_20230807.045747_20230807.054136,2023-08-07 04:57:47.333,2023-08-07 05:41:36,Breckinridge,single_farm,stable,85.82662073621115,12.226311307333924,5.448694675527705,54.80067808852829,1.05844653334939,5448,5448,636443.1793101806,636443.1793101805,250.0,350.0,0.01,9.0,15,7.44877008907463e-05,250.0,179,165,110.0,0.03,no_wake,8.418503141743825,8.28593836499891,9.564784915996242,5448,0,0,,,0,1.0
split_418_rank_075_seg_01_20230718.033112_20230718.042307,split_418_rank_075_seg_01_20230718.033112_20230718.042307,2023-07-18 03:31:12,2023-07-18 04:23:07.667,Armadillo Flats,multi_farm,stable,107.99555510698325,10.266839576955471,174.6035804639843,54.80067808852829,1.05844653334939,3202,3202,1138791.5080471002,1138791.5080471,250.0,350.0,0.01,9.0,18,6.760256396431963e-05,250.0,194,161,110.0,0.03,array_stability,8.04335521956559,-5.537540188818958,10.492842328235689,3202,0,0,,,0,0.9918732719461391
split_418_rank_075_seg_01_20230718.033112_20230718.042307,split_418_rank_075_seg_01_20230718.033112_20230718.042307,2023-07-18 03:31:12,2023-07-18 04:23:07.667,Armadillo Flats,multi_farm,stable,107.99555510698325,10.266839576955471,174.6035804639843,54.80067808852829,1.05844653334939,3202,3202,1138791.5080471002,1138791.5080471,250.0,350.0,0.01,9.0,18,6.760256396431963e-05,250.0,194,161,110.0,0.03,td_offshore_transfer,6.270622109211348,4.033532524512646,7.635965430914069,3202,0,0,,,0,1.0201647976204615
split_418_rank_075_seg_01_20230718.033112_20230718.042307,split_418_rank_075_seg_01_20230718.033112_20230718.042307,2023-07-18 03:31:12,2023-07-18 04:23:07.667,Armadillo Flats,multi_farm,stable,107.99555510698325,10.266839576955471,174.6035804639843,54.80067808852829,1.05844653334939,3202,3202,1138791.5080471002,1138791.5080471,250.0,350.0,0.01,9.0,18,6.760256396431963e-05,250.0,194,161,110.0,0.03,top_down,5.458313026217847,-0.300021850431326,6.797530326778103,3202,0,0,,,0,0.9937867714353803
split_418_rank_075_seg_01_20230718.033112_20230718.042307,split_418_rank_075_seg_01_20230718.033112_20230718.042307,2023-07-18 03:31:12,2023-07-18 04:23:07.667,Armadillo Flats,multi_farm,stable,107.99555510698325,10.266839576955471,174.6035804639843,54.80067808852829,1.05844653334939,3202,3202,1138791.5080471002,1138791.5080471,250.0,350.0,0.01,9.0,18,6.760256396431963e-05,250.0,194,161,110.0,0.03,turbopark,6.438347298749808,1.3722848731896753,8.05334361911299,3202,0,0,,,0,1.0
split_418_rank_075_seg_01_20230718.033112_20230718.042307,split_418_rank_075_seg_01_20230718.033112_20230718.042307,2023-07-18 03:31:12,2023-07-18 04:23:07.667,Armadillo Flats,multi_farm,stable,107.99555510698325,10.266839576955471,174.6035804639843,54.80067808852829,1.05844653334939,3202,3202,1138791.5080471002,1138791.5080471,250.0,350.0,0.01,9.0,18,6.760256396431963e-05,250.0,194,161,110.0,0.03,gaussian,7.1361640129318324,5.775393075317474,8.691193498002974,3202,0,0,,,0,0.9998052015265473
split_418_rank_075_seg_01_20230718.033112_20230718.042307,split_418_rank_075_seg_01_20230718.033112_20230718.042307,2023-07-18 03:31:12,2023-07-18 04:23:07.667,Armadillo Flats,multi_farm,stable,107.99555510698325,10.266839576955471,174.6035804639843,54.80067808852829,1.05844653334939,3202,3202,1138791.5080471002,1138791.5080471,250.0,350.0,0.01,9.0,18,6.760256396431963e-05,250.0,194,161,110.0,0.03,td_date_cv,5.458313026217847,-0.300021850431326,6.797530326778103,3202,0,0,,,0,0.9937867714353803
split_418_rank_075_seg_01_20230718.033112_20230718.042307,split_418_rank_075_seg_01_20230718.033112_20230718.042307,2023-07-18 03:31:12,2023-07-18 04:23:07.667,Armadillo Flats,multi_farm,stable,107.99555510698325,10.266839576955471,174.6035804639843,54.80067808852829,1.05844653334939,3202,3202,1138791.5080471002,1138791.5080471,250.0,350.0,0.01,9.0,18,6.760256396431963e-05,250.0,194,161,110.0,0.03,no_wake,8.45388184733966,8.169345282526427,10.083840852685096,3202,0,0,,,0,1.0
split_430_rank_078_seg_03_20231022.171441_20231022.180829,split_430_rank_078_seg_03_20231022.171441_20231022.180829,2023-10-22 17:14:41.5,2023-10-22 18:08:29.75,Armadillo Flats,multi_farm,unstable,-28.113692888878173,6.630588524792868,139.13055325725085,54.80067808852829,1.05844653334939,15772,15772,2050410.8717682224,2050410.8717682224,250.0,350.0,0.01,9.0,3,8.427398731969404e-05,250.0,224,197,110.0,0.03,td_offshore_transfer,8.21658837109603,7.920638355741326,9.439603588952188,15772,43,0,7.31941325035139,,0,1.002781148875035
split_430_rank_078_seg_03_20231022.171441_20231022.180829,split_430_rank_078_seg_03_20231022.171441_20231022.180829,2023-10-22 17:14:41.5,2023-10-22 18:08:29.75,Armadillo Flats,multi_farm,unstable,-28.113692888878173,6.630588524792868,139.13055325725085,54.80067808852829,1.05844653334939,15772,15772,2050410.8717682224,2050410.8717682224,250.0,350.0,0.01,9.0,3,8.427398731969404e-05,250.0,224,197,110.0,0.03,top_down,5.197539226069797,3.478383615186708,6.480492187254508,15772,43,0,2.9483172207557566,,0,0.9995254578695234
split_430_rank_078_seg_03_20231022.171441_20231022.180829,split_430_rank_078_seg_03_20231022.171441_20231022.180829,2023-10-22 17:14:41.5,2023-10-22 18:08:29.75,Armadillo Flats,multi_farm,unstable,-28.113692888878173,6.630588524792868,139.13055325725085,54.80067808852829,1.05844653334939,15772,15772,2050410.8717682224,2050410.8717682224,250.0,350.0,0.01,9.0,3,8.427398731969404e-05,250.0,224,197,110.0,0.03,turbopark,5.2021611094830105,-0.4412377649035142,6.472781239613563,15772,43,0,2.3395847539469146,,0,0.9999999999999999
split_430_rank_078_seg_03_20231022.171441_20231022.180829,split_430_rank_078_seg_03_20231022.171441_20231022.180829,2023-10-22 17:14:41.5,2023-10-22 18:08:29.75,Armadillo Flats,multi_farm,unstable,-28.113692888878173,6.630588524792868,139.13055325725085,54.80067808852829,1.05844653334939,15772,15772,2050410.8717682224,2050410.8717682224,250.0,350.0,0.01,9.0,3,8.427398731969404e-05,250.0,224,197,110.0,0.03,gaussian,6.060046668075298,5.0859202444620015,7.442404753170506,15772,43,0,4.438628558702405,,0,0.9994753461734024
split_430_rank_078_seg_03_20231022.171441_20231022.180829,split_430_rank_078_seg_03_20231022.171441_20231022.180829,2023-10-22 17:14:41.5,2023-10-22 18:08:29.75,Armadillo Flats,multi_farm,unstable,-28.113692888878173,6.630588524792868,139.13055325725085,54.80067808852829,1.05844653334939,15772,15772,2050410.8717682224,2050410.8717682224,250.0,350.0,0.01,9.0,3,8.427398731969404e-05,250.0,224,197,110.0,0.03,array_stability,5.215733473060518,-0.5057144061563419,6.4884051330297465,15772,43,0,2.3775060505308505,,0,0.9999046234002475
split_430_rank_078_seg_03_20231022.171441_20231022.180829,split_430_rank_078_seg_03_20231022.171441_20231022.180829,2023-10-22 17:14:41.5,2023-10-22 18:08:29.75,Armadillo Flats,multi_farm,unstable,-28.113692888878173,6.630588524792868,139.13055325725085,54.80067808852829,1.05844653334939,15772,15772,2050410.8717682224,2050410.8717682224,250.0,350.0,0.01,9.0,3,8.427398731969404e-05,250.0,224,197,110.0,0.03,td_date_cv,5.197539226069797,3.478383615186708,6.480492187254508,15772,43,0,2.9483172207557566,,0,0.9995254578695234
split_430_rank_078_seg_03_20231022.171441_20231022.180829,split_430_rank_078_seg_03_20231022.171441_20231022.180829,2023-10-22 17:14:41.5,2023-10-22 18:08:29.75,Armadillo Flats,multi_farm,unstable,-28.113692888878173,6.630588524792868,139.13055325725085,54.80067808852829,1.05844653334939,15772,15772,2050410.8717682224,2050410.8717682224,250.0,350.0,0.01,9.0,3,8.427398731969404e-05,250.0,224,197,110.0,0.03,no_wake,8.790691297034595,8.569437026253645,9.967168706150066,15772,43,0,7.982867472710042,,0,1.0
split_432_rank_079_seg_01_20230827.053055_20230827.062222,split_432_rank_079_seg_01_20230827.053055_20230827.062222,2023-08-27 05:30:55,2023-08-27 06:22:22,Breckinridge,single_farm,stable,403.12910555307263,8.639285366887368,1.680509107895227,54.80067808852829,1.05844653334939,14941,14941,1854607.5793511965,1854607.5793511963,250.0,350.0,0.01,9.0,11,9.530462726259348e-05,250.0,183,164,110.0,0.03,top_down,4.324995993331025,1.0296474722442506,5.2154321234772665,14941,25,0,2.1806977748793823,,0,1.0000000000000002
split_432_rank_079_seg_01_20230827.053055_20230827.062222,split_432_rank_079_seg_01_20230827.053055_20230827.062222,2023-08-27 05:30:55,2023-08-27 06:22:22,Breckinridge,single_farm,stable,403.12910555307263,8.639285366887368,1.680509107895227,54.80067808852829,1.05844653334939,14941,14941,1854607.5793511965,1854607.5793511963,250.0,350.0,0.01,9.0,11,9.530462726259348e-05,250.0,183,164,110.0,0.03,turbopark,6.01461350815547,-0.25213326707971273,7.387584142757862,14941,25,0,0.5810092344987461,,0,1.0
split_432_rank_079_seg_01_20230827.053055_20230827.062222,split_432_rank_079_seg_01_20230827.053055_20230827.062222,2023-08-27 05:30:55,2023-08-27 06:22:22,Breckinridge,single_farm,stable,403.12910555307263,8.639285366887368,1.680509107895227,54.80067808852829,1.05844653334939,14941,14941,1854607.5793511965,1854607.5793511963,250.0,350.0,0.01,9.0,11,9.530462726259348e-05,250.0,183,164,110.0,0.03,gaussian,5.471223900086522,3.829377138440381,6.566759671677022,14941,25,0,3.646076909930445,,0,0.9999999999961378
split_432_rank_079_seg_01_20230827.053055_20230827.062222,split_432_rank_079_seg_01_20230827.053055_20230827.062222,2023-08-27 05:30:55,2023-08-27 06:22:22,Breckinridge,single_farm,stable,403.12910555307263,8.639285366887368,1.680509107895227,54.80067808852829,1.05844653334939,14941,14941,1854607.5793511965,1854607.5793511963,250.0,350.0,0.01,9.0,11,9.530462726259348e-05,250.0,183,164,110.0,0.03,array_stability,6.724246996943746,-3.0566001069740825,8.311104198464312,14941,25,0,3.331404984382267,,0,0.9996109689774005
split_432_rank_079_seg_01_20230827.053055_20230827.062222,split_432_rank_079_seg_01_20230827.053055_20230827.062222,2023-08-27 05:30:55,2023-08-27 06:22:22,Breckinridge,single_farm,stable,403.12910555307263,8.639285366887368,1.680509107895227,54.80067808852829,1.05844653334939,14941,14941,1854607.5793511965,1854607.5793511963,250.0,350.0,0.01,9.0,11,9.530462726259348e-05,250.0,183,164,110.0,0.03,td_offshore_transfer,5.112643806788938,3.396578098313542,6.118975523418987,14941,25,0,4.022162971655054,,0,1.0000000000000002
split_432_rank_079_seg_01_20230827.053055_20230827.062222,split_432_rank_079_seg_01_20230827.053055_20230827.062222,2023-08-27 05:30:55,2023-08-27 06:22:22,Breckinridge,single_farm,stable,403.12910555307263,8.639285366887368,1.680509107895227,54.80067808852829,1.05844653334939,14941,14941,1854607.5793511965,1854607.5793511963,250.0,350.0,0.01,9.0,11,9.530462726259348e-05,250.0,183,164,110.0,0.03,td_date_cv,4.324995993331025,1.0296474722442506,5.2154321234772665,14941,25,0,2.1806977748793823,,0,1.0000000000000002
split_432_rank_079_seg_01_20230827.053055_20230827.062222,split_432_rank_079_seg_01_20230827.053055_20230827.062222,2023-08-27 05:30:55,2023-08-27 06:22:22,Breckinridge,single_farm,stable,403.12910555307263,8.639285366887368,1.680509107895227,54.80067808852829,1.05844653334939,14941,14941,1854607.5793511965,1854607.5793511963,250.0,350.0,0.01,9.0,11,9.530462726259348e-05,250.0,183,164,110.0,0.03,no_wake,7.200135518878816,6.735225136043571,8.38248047230636,14941,25,0,7.828253726199999,,0,1.0
split_461_rank_084_seg_03_20240505.075031_20240505.084934,split_461_rank_084_seg_03_20240505.075031_20240505.084934,2024-05-05 07:50:31,2024-05-05 08:49:34,Breckinridge,single_farm,stable,15.41777540326058,5.968105368490756,9.039250325710794,54.80067808852829,1.05844653334939,11785,11785,2050786.6516533026,2050786.6516533028,250.0,350.0,0.01,9.0,12,7.4328937224033e-05,250.0,174,172,110.0,0.03,turbopark,7.497987360062855,-4.883701903392514,9.529539549763552,11785,11,0,11.109453496574622,,0,1.0000000000000002
split_461_rank_084_seg_03_20240505.075031_20240505.084934,split_461_rank_084_seg_03_20240505.075031_20240505.084934,2024-05-05 07:50:31,2024-05-05 08:49:34,Breckinridge,single_farm,stable,15.41777540326058,5.968105368490756,9.039250325710794,54.80067808852829,1.05844653334939,11785,11785,2050786.6516533026,2050786.6516533028,250.0,350.0,0.01,9.0,12,7.4328937224033e-05,250.0,174,172,110.0,0.03,gaussian,5.678971451798986,-0.491801961966752,6.897161011918906,11785,11,0,7.430059513818366,,0,0.9999992695049109
split_461_rank_084_seg_03_20240505.075031_20240505.084934,split_461_rank_084_seg_03_20240505.075031_20240505.084934,2024-05-05 07:50:31,2024-05-05 08:49:34,Breckinridge,single_farm,stable,15.41777540326058,5.968105368490756,9.039250325710794,54.80067808852829,1.05844653334939,11785,11785,2050786.6516533026,2050786.6516533028,250.0,350.0,0.01,9.0,12,7.4328937224033e-05,250.0,174,172,110.0,0.03,array_stability,33.293547036846,-33.12925545350801,35.27422842369035,11785,11,0,39.687539012195835,,0,0.9884278142936157
split_461_rank_084_seg_03_20240505.075031_20240505.084934,split_461_rank_084_seg_03_20240505.075031_20240505.084934,2024-05-05 07:50:31,2024-05-05 08:49:34,Breckinridge,single_farm,stable,15.41777540326058,5.968105368490756,9.039250325710794,54.80067808852829,1.05844653334939,11785,11785,2050786.6516533026,2050786.6516533028,250.0,350.0,0.01,9.0,12,7.4328937224033e-05,250.0,174,172,110.0,0.03,td_offshore_transfer,19.06411563232427,-18.652516528772882,20.496050680004686,11785,11,0,22.869825322065587,,0,1.0000000000000002
split_461_rank_084_seg_03_20240505.075031_20240505.084934,split_461_rank_084_seg_03_20240505.075031_20240505.084934,2024-05-05 07:50:31,2024-05-05 08:49:34,Breckinridge,single_farm,stable,15.41777540326058,5.968105368490756,9.039250325710794,54.80067808852829,1.05844653334939,11785,11785,2050786.6516533026,2050786.6516533028,250.0,350.0,0.01,9.0,12,7.4328937224033e-05,250.0,174,172,110.0,0.03,top_down,14.670812818309587,-14.226917736562536,16.139491705705105,11785,11,0,18.61582896714018,,0,1.0000000000000002
split_461_rank_084_seg_03_20240505.075031_20240505.084934,split_461_rank_084_seg_03_20240505.075031_20240505.084934,2024-05-05 07:50:31,2024-05-05 08:49:34,Breckinridge,single_farm,stable,15.41777540326058,5.968105368490756,9.039250325710794,54.80067808852829,1.05844653334939,11785,11785,2050786.6516533026,2050786.6516533028,250.0,350.0,0.01,9.0,12,7.4328937224033e-05,250.0,174,172,110.0,0.03,td_date_cv,14.670812818309587,-14.226917736562536,16.139491705705105,11785,11,0,18.61582896714018,,0,1.0000000000000002
split_461_rank_084_seg_03_20240505.075031_20240505.084934,split_461_rank_084_seg_03_20240505.075031_20240505.084934,2024-05-05 07:50:31,2024-05-05 08:49:34,Breckinridge,single_farm,stable,15.41777540326058,5.968105368490756,9.039250325710794,54.80067808852829,1.05844653334939,11785,11785,2050786.6516533026,2050786.6516533028,250.0,350.0,0.01,9.0,12,7.4328937224033e-05,250.0,174,172,110.0,0.03,no_wake,5.33987556849591,2.405506979330643,6.240583723945113,11785,11,0,2.7445961291959997,,0,1.0
split_470_rank_086_seg_02_20230719.162758_20230719.172549,split_470_rank_086_seg_02_20230719.162758_20230719.172549,2023-07-19 16:27:58.5,2023-07-19 17:25:49,Breckinridge,single_farm,unstable,-48.19554461366337,4.392502609415083,258.18912930279004,54.80067808852829,1.05844653334939,2806,2806,2068811.450866639,2068811.4508666384,250.0,350.0,0.01,9.0,6,8.414742117657248e-05,250.0,196,162,110.0,0.03,gaussian,10.161672551996013,-3.768805182627335,12.805853995300456,2806,1,0,4.2517375046309365,,0,0.99999996387183
split_470_rank_086_seg_02_20230719.162758_20230719.172549,split_470_rank_086_seg_02_20230719.162758_20230719.172549,2023-07-19 16:27:58.5,2023-07-19 17:25:49,Breckinridge,single_farm,unstable,-48.19554461366337,4.392502609415083,258.18912930279004,54.80067808852829,1.05844653334939,2806,2806,2068811.450866639,2068811.4508666384,250.0,350.0,0.01,9.0,6,8.414742117657248e-05,250.0,196,162,110.0,0.03,array_stability,14.321387293091473,-11.173702267067222,17.517928135166887,2806,1,0,1.901454089164066,,0,0.9999546167387745
split_470_rank_086_seg_02_20230719.162758_20230719.172549,split_470_rank_086_seg_02_20230719.162758_20230719.172549,2023-07-19 16:27:58.5,2023-07-19 17:25:49,Breckinridge,single_farm,unstable,-48.19554461366337,4.392502609415083,258.18912930279004,54.80067808852829,1.05844653334939,2806,2806,2068811.450866639,2068811.4508666384,250.0,350.0,0.01,9.0,6,8.414742117657248e-05,250.0,196,162,110.0,0.03,td_offshore_transfer,9.514471846955907,0.0926061588375349,12.026045681463861,2806,1,0,9.144049859489483,,0,1.0
split_470_rank_086_seg_02_20230719.162758_20230719.172549,split_470_rank_086_seg_02_20230719.162758_20230719.172549,2023-07-19 16:27:58.5,2023-07-19 17:25:49,Breckinridge,single_farm,unstable,-48.19554461366337,4.392502609415083,258.18912930279004,54.80067808852829,1.05844653334939,2806,2806,2068811.450866639,2068811.4508666384,250.0,350.0,0.01,9.0,6,8.414742117657248e-05,250.0,196,162,110.0,0.03,top_down,11.22311152408722,-6.876249587398325,14.093108324384716,2806,1,0,3.830080601899451,,0,1.0
split_470_rank_086_seg_02_20230719.162758_20230719.172549,split_470_rank_086_seg_02_20230719.162758_20230719.172549,2023-07-19 16:27:58.5,2023-07-19 17:25:49,Breckinridge,single_farm,unstable,-48.19554461366337,4.392502609415083,258.18912930279004,54.80067808852829,1.05844653334939,2806,2806,2068811.450866639,2068811.4508666384,250.0,350.0,0.01,9.0,6,8.414742117657248e-05,250.0,196,162,110.0,0.03,turbopark,14.3423410943664,-11.107834709100358,17.599109264119157,2806,1,0,1.6126260823969076,,0,1.0000000000000002
split_470_rank_086_seg_02_20230719.162758_20230719.172549,split_470_rank_086_seg_02_20230719.162758_20230719.172549,2023-07-19 16:27:58.5,2023-07-19 17:25:49,Breckinridge,single_farm,unstable,-48.19554461366337,4.392502609415083,258.18912930279004,54.80067808852829,1.05844653334939,2806,2806,2068811.450866639,2068811.4508666384,250.0,350.0,0.01,9.0,6,8.414742117657248e-05,250.0,196,162,110.0,0.03,td_date_cv,11.22311152408722,-6.876249587398325,14.093108324384716,2806,1,0,3.830080601899451,,0,1.0
split_470_rank_086_seg_02_20230719.162758_20230719.172549,split_470_rank_086_seg_02_20230719.162758_20230719.172549,2023-07-19 16:27:58.5,2023-07-19 17:25:49,Breckinridge,single_farm,unstable,-48.19554461366337,4.392502609415083,258.18912930279004,54.80067808852829,1.05844653334939,2806,2806,2068811.450866639,2068811.4508666384,250.0,350.0,0.01,9.0,6,8.414742117657248e-05,250.0,196,162,110.0,0.03,no_wake,9.72634195855211,2.031540299389555,12.276008141084246,2806,1,0,11.807273377170054,,0,1.0
split_480_rank_088_seg_05_20231104.200927_20231104.210857,split_480_rank_088_seg_05_20231104.200927_20231104.210857,2023-11-04 20:09:27.556,2023-11-04 21:08:57.444,King Plains,multi_farm,unstable,-41.67387300958663,7.62132910165796,50.5447296843291,54.80067808852829,1.05844653334939,10923,10923,2028032.4380766626,2028032.4380766621,250.0,350.0,0.01,9.0,8,6.529797639831525e-05,250.0,200,196,110.0,0.03,array_stability,11.405628947417826,-7.146793983914081,14.273038676851144,10923,4,0,2.403584232941918,,0,0.9999616284384998
split_480_rank_088_seg_05_20231104.200927_20231104.210857,split_480_rank_088_seg_05_20231104.200927_20231104.210857,2023-11-04 20:09:27.556,2023-11-04 21:08:57.444,King Plains,multi_farm,unstable,-41.67387300958663,7.62132910165796,50.5447296843291,54.80067808852829,1.05844653334939,10923,10923,2028032.4380766626,2028032.4380766621,250.0,350.0,0.01,9.0,8,6.529797639831525e-05,250.0,200,196,110.0,0.03,td_offshore_transfer,8.881207595925726,4.073349037414141,10.910849705535085,10923,4,0,7.617841315251006,,0,1.000921760456862
split_480_rank_088_seg_05_20231104.200927_20231104.210857,split_480_rank_088_seg_05_20231104.200927_20231104.210857,2023-11-04 20:09:27.556,2023-11-04 21:08:57.444,King Plains,multi_farm,unstable,-41.67387300958663,7.62132910165796,50.5447296843291,54.80067808852829,1.05844653334939,10923,10923,2028032.4380766626,2028032.4380766621,250.0,350.0,0.01,9.0,8,6.529797639831525e-05,250.0,200,196,110.0,0.03,top_down,8.925756665672779,-2.856561069262007,11.111603893925052,10923,4,0,1.042731738347336,,0,1.0000000000000002
split_480_rank_088_seg_05_20231104.200927_20231104.210857,split_480_rank_088_seg_05_20231104.200927_20231104.210857,2023-11-04 20:09:27.556,2023-11-04 21:08:57.444,King Plains,multi_farm,unstable,-41.67387300958663,7.62132910165796,50.5447296843291,54.80067808852829,1.05844653334939,10923,10923,2028032.4380766626,2028032.4380766621,250.0,350.0,0.01,9.0,8,6.529797639831525e-05,250.0,200,196,110.0,0.03,turbopark,11.247585565528043,-6.680766593653351,14.074680145787935,10923,4,0,2.034752011371873,,0,1.0000000000000002
split_480_rank_088_seg_05_20231104.200927_20231104.210857,split_480_rank_088_seg_05_20231104.200927_20231104.210857,2023-11-04 20:09:27.556,2023-11-04 21:08:57.444,King Plains,multi_farm,unstable,-41.67387300958663,7.62132910165796,50.5447296843291,54.80067808852829,1.05844653334939,10923,10923,2028032.4380766626,2028032.4380766621,250.0,350.0,0.01,9.0,8,6.529797639831525e-05,250.0,200,196,110.0,0.03,gaussian,8.634000262024754,-0.9557846958831021,10.909936517489026,10923,4,0,3.458899341587128,,0,0.9999976399302418
split_480_rank_088_seg_05_20231104.200927_20231104.210857,split_480_rank_088_seg_05_20231104.200927_20231104.210857,2023-11-04 20:09:27.556,2023-11-04 21:08:57.444,King Plains,multi_farm,unstable,-41.67387300958663,7.62132910165796,50.5447296843291,54.80067808852829,1.05844653334939,10923,10923,2028032.4380766626,2028032.4380766621,250.0,350.0,0.01,9.0,8,6.529797639831525e-05,250.0,200,196,110.0,0.03,td_date_cv,8.925756665672779,-2.856561069262007,11.111603893925052,10923,4,0,1.042731738347336,,0,1.0000000000000002
split_480_rank_088_seg_05_20231104.200927_20231104.210857,split_480_rank_088_seg_05_20231104.200927_20231104.210857,2023-11-04 20:09:27.556,2023-11-04 21:08:57.444,King Plains,multi_farm,unstable,-41.67387300958663,7.62132910165796,50.5447296843291,54.80067808852829,1.05844653334939,10923,10923,2028032.4380766626,2028032.4380766621,250.0,350.0,0.01,9.0,8,6.529797639831525e-05,250.0,200,196,110.0,0.03,no_wake,9.873410273657758,6.54284118922778,12.207039841048855,10923,4,0,9.704457518331921,,0,1.0
split_493_rank_090_seg_06_20240410.221655_20240410.230909,split_493_rank_090_seg_06_20240410.221655_20240410.230909,2024-04-10 22:16:55.833,2024-04-10 23:09:09,King Plains,multi_farm,unstable,-186.81665937813327,8.206266689741614,71.38972991079355,54.80067808852829,1.05844653334939,6721,6721,1952650.0176680856,1952650.0176680859,250.0,350.0,0.01,9.0,10,5.6915677293489786e-05,250.0,196,173,110.0,0.03,td_offshore_transfer,19.497603331790103,19.47809945230042,21.81159614817505,6721,0,0,,,0,1.0
split_493_rank_090_seg_06_20240410.221655_20240410.230909,split_493_rank_090_seg_06_20240410.221655_20240410.230909,2024-04-10 22:16:55.833,2024-04-10 23:09:09,King Plains,multi_farm,unstable,-186.81665937813327,8.206266689741614,71.38972991079355,54.80067808852829,1.05844653334939,6721,6721,1952650.0176680856,1952650.0176680859,250.0,350.0,0.01,9.0,10,5.6915677293489786e-05,250.0,196,173,110.0,0.03,top_down,10.839929831364651,9.823906062355569,13.289159491514067,6721,0,0,,,0,1.0
split_493_rank_090_seg_06_20240410.221655_20240410.230909,split_493_rank_090_seg_06_20240410.221655_20240410.230909,2024-04-10 22:16:55.833,2024-04-10 23:09:09,King Plains,multi_farm,unstable,-186.81665937813327,8.206266689741614,71.38972991079355,54.80067808852829,1.05844653334939,6721,6721,1952650.0176680856,1952650.0176680859,250.0,350.0,0.01,9.0,10,5.6915677293489786e-05,250.0,196,173,110.0,0.03,turbopark,12.015661883515813,10.14252571493344,15.222212747828385,6721,0,0,,,0,1.0
split_493_rank_090_seg_06_20240410.221655_20240410.230909,split_493_rank_090_seg_06_20240410.221655_20240410.230909,2024-04-10 22:16:55.833,2024-04-10 23:09:09,King Plains,multi_farm,unstable,-186.81665937813327,8.206266689741614,71.38972991079355,54.80067808852829,1.05844653334939,6721,6721,1952650.0176680856,1952650.0176680859,250.0,350.0,0.01,9.0,10,5.6915677293489786e-05,250.0,196,173,110.0,0.03,gaussian,17.391702131003978,17.337659992431455,19.94358510044358,6721,0,0,,,0,0.9999123256276451
split_493_rank_090_seg_06_20240410.221655_20240410.230909,split_493_rank_090_seg_06_20240410.221655_20240410.230909,2024-04-10 22:16:55.833,2024-04-10 23:09:09,King Plains,multi_farm,unstable,-186.81665937813327,8.206266689741614,71.38972991079355,54.80067808852829,1.05844653334939,6721,6721,1952650.0176680856,1952650.0176680859,250.0,350.0,0.01,9.0,10,5.6915677293489786e-05,250.0,196,173,110.0,0.03,array_stability,11.79205341275818,9.707103116660113,14.942381295513337,6721,0,0,,,0,0.999942582039964
split_493_rank_090_seg_06_20240410.221655_20240410.230909,split_493_rank_090_seg_06_20240410.221655_20240410.230909,2024-04-10 22:16:55.833,2024-04-10 23:09:09,King Plains,multi_farm,unstable,-186.81665937813327,8.206266689741614,71.38972991079355,54.80067808852829,1.05844653334939,6721,6721,1952650.0176680856,1952650.0176680859,250.0,350.0,0.01,9.0,10,5.6915677293489786e-05,250.0,196,173,110.0,0.03,td_date_cv,10.839929831364651,9.823906062355569,13.289159491514067,6721,0,0,,,0,1.0
split_493_rank_090_seg_06_20240410.221655_20240410.230909,split_493_rank_090_seg_06_20240410.221655_20240410.230909,2024-04-10 22:16:55.833,2024-04-10 23:09:09,King Plains,multi_farm,unstable,-186.81665937813327,8.206266689741614,71.38972991079355,54.80067808852829,1.05844653334939,6721,6721,1952650.0176680856,1952650.0176680859,250.0,350.0,0.01,9.0,10,5.6915677293489786e-05,250.0,196,173,110.0,0.03,no_wake,22.307946526620764,22.30371550468011,24.486909470672995,6721,0,0,,,0,1.0
split_505_rank_093_seg_01_20231105.194017_20231105.203801,split_505_rank_093_seg_01_20231105.194017_20231105.203801,2023-11-05 19:40:17,2023-11-05 20:38:01,Armadillo Flats,multi_farm,unstable,-58.33703196734142,8.67882742998402,186.5793604542836,54.80067808852829,1.05844653334939,14119,14119,1843046.995156897,1843046.9951568965,250.0,350.0,0.01,9.0,9,8.521066395927868e-05,250.0,177,167,110.0,0.03,top_down,6.41683067727889,0.8052704960874667,7.733582686114898,14119,22,0,4.944660549790076,,0,1.0
split_505_rank_093_seg_01_20231105.194017_20231105.203801,split_505_rank_093_seg_01_20231105.194017_20231105.203801,2023-11-05 19:40:17,2023-11-05 20:38:01,Armadillo Flats,multi_farm,unstable,-58.33703196734142,8.67882742998402,186.5793604542836,54.80067808852829,1.05844653334939,14119,14119,1843046.995156897,1843046.9951568965,250.0,350.0,0.01,9.0,9,8.521066395927868e-05,250.0,177,167,110.0,0.03,turbopark,7.520133702255782,-2.7453885404462217,9.12193925585694,14119,22,0,1.6740097391548179,,0,1.0
split_505_rank_093_seg_01_20231105.194017_20231105.203801,split_505_rank_093_seg_01_20231105.194017_20231105.203801,2023-11-05 19:40:17,2023-11-05 20:38:01,Armadillo Flats,multi_farm,unstable,-58.33703196734142,8.67882742998402,186.5793604542836,54.80067808852829,1.05844653334939,14119,14119,1843046.995156897,1843046.9951568965,250.0,350.0,0.01,9.0,9,8.521066395927868e-05,250.0,177,167,110.0,0.03,gaussian,7.243493602718773,2.878877136584926,8.985149978512128,14119,22,0,6.810469901601911,,0,0.9999053304614717
split_505_rank_093_seg_01_20231105.194017_20231105.203801,split_505_rank_093_seg_01_20231105.194017_20231105.203801,2023-11-05 19:40:17,2023-11-05 20:38:01,Armadillo Flats,multi_farm,unstable,-58.33703196734142,8.67882742998402,186.5793604542836,54.80067808852829,1.05844653334939,14119,14119,1843046.995156897,1843046.9951568965,250.0,350.0,0.01,9.0,9,8.521066395927868e-05,250.0,177,167,110.0,0.03,array_stability,7.561969288426683,-2.9761991750761703,9.183119898215503,14119,22,0,1.5257896582987833,,0,0.9999769838533552
split_505_rank_093_seg_01_20231105.194017_20231105.203801,split_505_rank_093_seg_01_20231105.194017_20231105.203801,2023-11-05 19:40:17,2023-11-05 20:38:01,Armadillo Flats,multi_farm,unstable,-58.33703196734142,8.67882742998402,186.5793604542836,54.80067808852829,1.05844653334939,14119,14119,1843046.995156897,1843046.9951568965,250.0,350.0,0.01,9.0,9,8.521066395927868e-05,250.0,177,167,110.0,0.03,td_offshore_transfer,8.466797712631086,5.87175378964095,10.53155233370853,14119,22,0,9.735788770045012,,0,1.0
split_505_rank_093_seg_01_20231105.194017_20231105.203801,split_505_rank_093_seg_01_20231105.194017_20231105.203801,2023-11-05 19:40:17,2023-11-05 20:38:01,Armadillo Flats,multi_farm,unstable,-58.33703196734142,8.67882742998402,186.5793604542836,54.80067808852829,1.05844653334939,14119,14119,1843046.995156897,1843046.9951568965,250.0,350.0,0.01,9.0,9,8.521066395927868e-05,250.0,177,167,110.0,0.03,td_date_cv,6.41683067727889,0.8052704960874667,7.733582686114898,14119,22,0,4.944660549790076,,0,1.0
split_505_rank_093_seg_01_20231105.194017_20231105.203801,split_505_rank_093_seg_01_20231105.194017_20231105.203801,2023-11-05 19:40:17,2023-11-05 20:38:01,Armadillo Flats,multi_farm,unstable,-58.33703196734142,8.67882742998402,186.5793604542836,54.80067808852829,1.05844653334939,14119,14119,1843046.995156897,1843046.9951568965,250.0,350.0,0.01,9.0,9,8.521066395927868e-05,250.0,177,167,110.0,0.03,no_wake,9.483888742839897,7.244079208935422,11.840087738670023,14119,22,0,11.200898172151867,,0,1.0
split_525_rank_094_seg_19_20231005.183740_20231005.193708,split_525_rank_094_seg_19_20231005.183740_20231005.193708,2023-10-05 18:37:40.6,2023-10-05 19:37:08.3,Breckinridge,single_farm,unstable,-28.926336501446418,6.5886741977239,349.35055950503136,54.80067808852829,1.05844653334939,15914,15914,2050786.6516533026,2050786.6516533024,250.0,350.0,0.01,9.0,1,0.0,250.0,202,167,110.0,0.03,turbopark,7.940746282977808,2.5452930502194127,9.745371485988189,15914,63,0,5.046589416388525,,0,1.0000000000000002
split_525_rank_094_seg_19_20231005.183740_20231005.193708,split_525_rank_094_seg_19_20231005.183740_20231005.193708,2023-10-05 18:37:40.6,2023-10-05 19:37:08.3,Breckinridge,single_farm,unstable,-28.926336501446418,6.5886741977239,349.35055950503136,54.80067808852829,1.05844653334939,15914,15914,2050786.6516533026,2050786.6516533024,250.0,350.0,0.01,9.0,1,0.0,250.0,202,167,110.0,0.03,gaussian,9.464583471837903,6.77979488595952,10.755612517547416,15914,63,0,7.07502087085042,,0,1.0000000000000002
split_525_rank_094_seg_19_20231005.183740_20231005.193708,split_525_rank_094_seg_19_20231005.183740_20231005.193708,2023-10-05 18:37:40.6,2023-10-05 19:37:08.3,Breckinridge,single_farm,unstable,-28.926336501446418,6.5886741977239,349.35055950503136,54.80067808852829,1.05844653334939,15914,15914,2050786.6516533026,2050786.6516533024,250.0,350.0,0.01,9.0,1,0.0,250.0,202,167,110.0,0.03,array_stability,7.961488298435174,2.4401820507194376,9.781897658504846,15914,63,0,5.100072675270916,,0,0.9999973438470605
split_525_rank_094_seg_19_20231005.183740_20231005.193708,split_525_rank_094_seg_19_20231005.183740_20231005.193708,2023-10-05 18:37:40.6,2023-10-05 19:37:08.3,Breckinridge,single_farm,unstable,-28.926336501446418,6.5886741977239,349.35055950503136,54.80067808852829,1.05844653334939,15914,15914,2050786.6516533026,2050786.6516533024,250.0,350.0,0.01,9.0,1,0.0,250.0,202,167,110.0,0.03,td_offshore_transfer,10.373826169120925,8.726617202258934,11.704889793098234,15914,63,0,8.43336498643947,,0,1.0000000000000002
split_525_rank_094_seg_19_20231005.183740_20231005.193708,split_525_rank_094_seg_19_20231005.183740_20231005.193708,2023-10-05 18:37:40.6,2023-10-05 19:37:08.3,Breckinridge,single_farm,unstable,-28.926336501446418,6.5886741977239,349.35055950503136,54.80067808852829,1.05844653334939,15914,15914,2050786.6516533026,2050786.6516533024,250.0,350.0,0.01,9.0,1,0.0,250.0,202,167,110.0,0.03,top_down,8.921493618300204,6.550598210308259,10.140107444917595,15914,63,0,6.52448233173225,,0,1.0000000000000002
split_525_rank_094_seg_19_20231005.183740_20231005.193708,split_525_rank_094_seg_19_20231005.183740_20231005.193708,2023-10-05 18:37:40.6,2023-10-05 19:37:08.3,Breckinridge,single_farm,unstable,-28.926336501446418,6.5886741977239,349.35055950503136,54.80067808852829,1.05844653334939,15914,15914,2050786.6516533026,2050786.6516533024,250.0,350.0,0.01,9.0,1,0.0,250.0,202,167,110.0,0.03,td_date_cv,8.921493618300204,6.550598210308259,10.140107444917595,15914,63,0,6.52448233173225,,0,1.0000000000000002
split_525_rank_094_seg_19_20231005.183740_20231005.193708,split_525_rank_094_seg_19_20231005.183740_20231005.193708,2023-10-05 18:37:40.6,2023-10-05 19:37:08.3,Breckinridge,single_farm,unstable,-28.926336501446418,6.5886741977239,349.35055950503136,54.80067808852829,1.05844653334939,15914,15914,2050786.6516533026,2050786.6516533024,250.0,350.0,0.01,9.0,1,0.0,250.0,202,167,110.0,0.03,no_wake,10.763025234636062,9.372058366171391,12.133202816470323,15914,63,0,9.10498452033842,,0,1.0
split_530_rank_095_seg_04_20230716.174052_20230716.183513,split_530_rank_095_seg_04_20230716.174052_20230716.183513,2023-07-16 17:40:52.25,2023-07-16 18:35:13,Armadillo Flats,multi_farm,unstable,-6.993102190020972,5.278110268662998,200.20485092352743,54.80067808852829,1.05844653334939,4678,4678,2054196.8904940307,2054196.8904940307,250.0,350.0,0.01,9.0,3,9.662462979298514e-05,250.0,176,187,110.0,0.03,gaussian,11.83888353837039,6.991980239299607,14.171625372310825,4678,1,0,3.0005859473741023,,0,0.9961475638714513
split_530_rank_095_seg_04_20230716.174052_20230716.183513,split_530_rank_095_seg_04_20230716.174052_20230716.183513,2023-07-16 17:40:52.25,2023-07-16 18:35:13,Armadillo Flats,multi_farm,unstable,-6.993102190020972,5.278110268662998,200.20485092352743,54.80067808852829,1.05844653334939,4678,4678,2054196.8904940307,2054196.8904940307,250.0,350.0,0.01,9.0,3,9.662462979298514e-05,250.0,176,187,110.0,0.03,array_stability,10.914776965161497,1.0546975679191706,13.972262084166168,4678,1,0,2.962476824286438,,0,0.9999823928088826
split_530_rank_095_seg_04_20230716.174052_20230716.183513,split_530_rank_095_seg_04_20230716.174052_20230716.183513,2023-07-16 17:40:52.25,2023-07-16 18:35:13,Armadillo Flats,multi_farm,unstable,-6.993102190020972,5.278110268662998,200.20485092352743,54.80067808852829,1.05844653334939,4678,4678,2054196.8904940307,2054196.8904940307,250.0,350.0,0.01,9.0,3,9.662462979298514e-05,250.0,176,187,110.0,0.03,td_offshore_transfer,13.323791135218272,10.816564377341178,15.353235106488658,4678,1,0,7.051406356442623,,0,1.0080061628020796
split_530_rank_095_seg_04_20230716.174052_20230716.183513,split_530_rank_095_seg_04_20230716.174052_20230716.183513,2023-07-16 17:40:52.25,2023-07-16 18:35:13,Armadillo Flats,multi_farm,unstable,-6.993102190020972,5.278110268662998,200.20485092352743,54.80067808852829,1.05844653334939,4678,4678,2054196.8904940307,2054196.8904940307,250.0,350.0,0.01,9.0,3,9.662462979298514e-05,250.0,176,187,110.0,0.03,top_down,12.098166374127484,8.45434261997852,14.311090441455129,4678,1,0,4.7982010399606185,,0,1.0003685300112184
split_530_rank_095_seg_04_20230716.174052_20230716.183513,split_530_rank_095_seg_04_20230716.174052_20230716.183513,2023-07-16 17:40:52.25,2023-07-16 18:35:13,Armadillo Flats,multi_farm,unstable,-6.993102190020972,5.278110268662998,200.20485092352743,54.80067808852829,1.05844653334939,4678,4678,2054196.8904940307,2054196.8904940307,250.0,350.0,0.01,9.0,3,9.662462979298514e-05,250.0,176,187,110.0,0.03,turbopark,10.892285440380748,1.1183697127451442,13.937164433592525,4678,1,0,2.9008182379430965,,0,0.9999994606591618
split_530_rank_095_seg_04_20230716.174052_20230716.183513,split_530_rank_095_seg_04_20230716.174052_20230716.183513,2023-07-16 17:40:52.25,2023-07-16 18:35:13,Armadillo Flats,multi_farm,unstable,-6.993102190020972,5.278110268662998,200.20485092352743,54.80067808852829,1.05844653334939,4678,4678,2054196.8904940307,2054196.8904940307,250.0,350.0,0.01,9.0,3,9.662462979298514e-05,250.0,176,187,110.0,0.03,td_date_cv,12.098166374127484,8.45434261997852,14.311090441455129,4678,1,0,4.7982010399606185,,0,1.0003685300112184
split_530_rank_095_seg_04_20230716.174052_20230716.183513,split_530_rank_095_seg_04_20230716.174052_20230716.183513,2023-07-16 17:40:52.25,2023-07-16 18:35:13,Armadillo Flats,multi_farm,unstable,-6.993102190020972,5.278110268662998,200.20485092352743,54.80067808852829,1.05844653334939,4678,4678,2054196.8904940307,2054196.8904940307,250.0,350.0,0.01,9.0,3,9.662462979298514e-05,250.0,176,187,110.0,0.03,no_wake,13.493025284721561,11.145629162709135,15.497328264496387,4678,1,0,7.443754894747219,,0,1.0
split_551_rank_099_seg_04_20230911.223957_20230911.233256,split_551_rank_099_seg_04_20230911.223957_20230911.233256,2023-09-11 22:39:57.75,2023-09-11 23:32:56,King Plains,multi_farm,unstable,-269.7816971071277,7.776704617698703,64.56665965582711,54.80067808852829,1.05844653334939,14716,14716,2012493.3265946214,2012493.3265946207,250.0,350.0,0.01,9.0,10,5.750601843457215e-05,250.0,200,184,110.0,0.03,array_stability,7.489944869650015,-0.7107063554332115,9.381940478630876,14716,31,0,4.070897137577371,,0,0.9999627935253436
split_551_rank_099_seg_04_20230911.223957_20230911.233256,split_551_rank_099_seg_04_20230911.223957_20230911.233256,2023-09-11 22:39:57.75,2023-09-11 23:32:56,King Plains,multi_farm,unstable,-269.7816971071277,7.776704617698703,64.56665965582711,54.80067808852829,1.05844653334939,14716,14716,2012493.3265946214,2012493.3265946207,250.0,350.0,0.01,9.0,10,5.750601843457215e-05,250.0,200,184,110.0,0.03,td_offshore_transfer,8.247537537699179,7.7141393527238975,10.371860691068514,14716,31,0,5.688002890080075,,0,1.0000000000000002
split_551_rank_099_seg_04_20230911.223957_20230911.233256,split_551_rank_099_seg_04_20230911.223957_20230911.233256,2023-09-11 22:39:57.75,2023-09-11 23:32:56,King Plains,multi_farm,unstable,-269.7816971071277,7.776704617698703,64.56665965582711,54.80067808852829,1.05844653334939,14716,14716,2012493.3265946214,2012493.3265946207,250.0,350.0,0.01,9.0,10,5.750601843457215e-05,250.0,200,184,110.0,0.03,top_down,5.015973734582841,-0.2803393536114516,6.13301529821379,14716,31,0,3.0524586008094956,,0,1.0000000000000002
split_551_rank_099_seg_04_20230911.223957_20230911.233256,split_551_rank_099_seg_04_20230911.223957_20230911.233256,2023-09-11 22:39:57.75,2023-09-11 23:32:56,King Plains,multi_farm,unstable,-269.7816971071277,7.776704617698703,64.56665965582711,54.80067808852829,1.05844653334939,14716,14716,2012493.3265946214,2012493.3265946207,250.0,350.0,0.01,9.0,10,5.750601843457215e-05,250.0,200,184,110.0,0.03,turbopark,7.372179930848849,-0.029888913213333427,9.225488834743633,14716,31,0,3.550261693396091,,0,1.0000000000000002
split_551_rank_099_seg_04_20230911.223957_20230911.233256,split_551_rank_099_seg_04_20230911.223957_20230911.233256,2023-09-11 22:39:57.75,2023-09-11 23:32:56,King Plains,multi_farm,unstable,-269.7816971071277,7.776704617698703,64.56665965582711,54.80067808852829,1.05844653334939,14716,14716,2012493.3265946214,2012493.3265946207,250.0,350.0,0.01,9.0,10,5.750601843457215e-05,250.0,200,184,110.0,0.03,gaussian,7.663608786651125,5.710876218572904,9.742505079465523,14716,31,0,4.4012423351136825,,0,0.9999949910527527
split_551_rank_099_seg_04_20230911.223957_20230911.233256,split_551_rank_099_seg_04_20230911.223957_20230911.233256,2023-09-11 22:39:57.75,2023-09-11 23:32:56,King Plains,multi_farm,unstable,-269.7816971071277,7.776704617698703,64.56665965582711,54.80067808852829,1.05844653334939,14716,14716,2012493.3265946214,2012493.3265946207,250.0,350.0,0.01,9.0,10,5.750601843457215e-05,250.0,200,184,110.0,0.03,td_date_cv,5.015973734582841,-0.2803393536114516,6.13301529821379,14716,31,0,3.0524586008094956,,0,1.0000000000000002
split_551_rank_099_seg_04_20230911.223957_20230911.233256,split_551_rank_099_seg_04_20230911.223957_20230911.233256,2023-09-11 22:39:57.75,2023-09-11 23:32:56,King Plains,multi_farm,unstable,-269.7816971071277,7.776704617698703,64.56665965582711,54.80067808852829,1.05844653334939,14716,14716,2012493.3265946214,2012493.3265946207,250.0,350.0,0.01,9.0,10,5.750601843457215e-05,250.0,200,184,110.0,0.03,no_wake,11.358728966481035,11.27207982449701,13.313259153356139,14716,31,0,9.641036257374427,,0,1.0
