time,latitude,longitude,altitude_m,roll_deg,pitch_deg,pressure_raw,temperature_c,density_air_kgm3,v_north_mps,u_east_mps,w_down_mps,raw_sample_count,max_abs_roll_deg,max_abs_pitch_deg,pressure_hpa,pressure_density_relative_error,potential_temperature_k,wind_speed_mps,wind_from_deg_observed,level_flight_qc,downstream_distance_km,crosswind_km,segment,leg_id,case_id
2016-09-10 08:19:59,54.61184994,7.41691932,95.44,3.8310000000000004,3.595,1005.018,18.33,1.180327,8.814,0.5479999999999999,0.099,100,4.9,3.7,1005.018,0.017665815426426645,291.0630276517168,8.831019193728434,183.55771765866325,True,4.652123971927615,20.77039023888427,1,1,20160910_flight07
2016-09-10 08:20:00,54.611753959999994,7.417892859999999,95.676,2.417,3.467,1005.0060000000001,18.441,1.180047,8.617,0.882,-0.187,100,2.9,3.6,1005.0060000000001,0.017507649604890263,291.17486318918736,8.662021299904545,185.84420318848348,True,4.6506839309079595,20.706502260851863,1,1,20160910_flight07
2016-09-10 08:20:01,54.61165450000001,7.418865060000001,95.89300000000001,1.518,3.409,1004.9910000000001,18.311,1.18014,9.149,0.861,0.078,100,2.1,3.5,1004.9910000000001,0.01786607550305641,291.0462910913475,9.189424465112054,185.37619421917566,True,4.648848017791343,20.64264394082007,1,1,20160910_flight07
2016-09-10 08:20:02,54.611553709999995,7.41983612,95.92,0.282,3.4259999999999997,1004.987,18.338,1.180197,8.962,0.701,-0.032,100,0.7,3.5,1004.987,0.017718586411358483,291.0735840090222,8.989374004901565,184.47252055306308,True,4.6468549193814805,20.578837160694068,1,1,20160910_flight07
2016-09-10 08:20:03,54.61145131,7.42080661,96.0,-0.217,3.447,1004.9810000000001,18.3,1.180232,9.272,1.041,0.077,100,0.7,3.5,1004.9810000000001,0.0178150179841976,291.0361349754283,9.330255355562356,186.40597176663374,True,4.644679141701673,20.51504090364761,1,1,20160910_flight07
2016-09-10 08:20:04,54.611349,7.42177778,95.92399999999999,-1.249,3.4760000000000004,1004.9789999999999,18.338,1.180316,9.276,0.885,0.040999999999999995,100,1.8,3.5,1004.9789999999999,0.01760787902661587,291.074246684031,9.318122182070805,185.4499509920983,True,4.64251965531472,20.45120255573768,1,1,20160910_flight07
2016-09-10 08:20:05,54.61124867,7.42275027,95.96,-2.0620000000000003,3.2760000000000002,1004.992,18.345,1.180366,9.3,0.8960000000000001,-0.105,100,2.2,3.4,1004.992,0.01755349997023692,291.0801598785604,9.343062452964768,185.5031244498761,True,4.640590636563589,20.387311629115462,1,1,20160910_flight07
2016-09-10 08:20:06,54.61115077,7.4237247,95.97,-2.185,3.293,1004.988,18.467,1.180227,8.718,0.32299999999999995,0.133,100,2.3,3.3,1004.988,0.01724354177039822,291.2023177358446,8.723981487829969,182.12182563202595,True,4.6389474659991325,20.323335683274916,1,1,20160910_flight07
2016-09-10 08:20:07,54.611054679999995,7.424700380000001,95.829,-2.327,3.2739999999999996,1005.0010000000001,18.451,1.180053,8.113,0.5760000000000001,-0.18,100,2.6,3.4,1005.0010000000001,0.017462520416761773,291.1852632395094,8.133421481762765,184.0610237332876,True,4.6375153819028565,20.259308898260056,1,1,20160910_flight07
2016-09-10 08:20:08,54.61096122,7.42567811,95.7,-3.1180000000000003,3.165,1005.012,18.384,1.179894,8.836,1.024,-0.055,100,3.5,3.3,1005.012,0.01784463549889126,291.1174474671614,8.895137548121445,186.61049311516862,True,4.636392206691539,20.195193277166954,1,1,20160910_flight07
2016-09-10 08:20:09,54.610873,7.4266597,95.539,-3.161,3.127,1005.052,18.35,1.180004,8.802999999999999,0.93,-0.27399999999999997,100,3.5,3.2,1005.052,0.01790897206825881,291.0801827436834,8.851988985533138,186.03068875528413,True,4.635882395197127,20.130915029330147,1,1,20160910_flight07
2016-09-10 08:20:10,54.61078928,7.42764481,95.385,-2.36,3.0660000000000003,1005.086,18.335,1.180091,9.161,1.256,-0.008999999999999998,100,2.8,3.2,1005.086,0.01792074117682363,291.0623883167295,9.246699789654684,187.80674738147957,True,4.635901251292005,20.066483986872274,1,1,20160910_flight07
2016-09-10 08:20:11,54.61070855,7.42863252,95.068,-2.0820000000000003,3.2,1005.112,18.408,1.1802929999999998,8.876,0.79,0.13,100,2.2,3.2,1005.112,0.017518028765139526,291.13312858587864,8.911087251284211,185.08615464784836,True,4.6362738272228015,20.001934698109068,1,1,20160910_flight07
2016-09-10 08:20:12,54.61062953,7.42962177,94.759,-2.047,3.196,1005.153,18.386999999999997,1.1803119999999998,8.533,0.902,-0.151,100,2.1,3.3,1005.153,0.017616450415472107,291.1087630573948,8.58054153302692,186.03417078818353,True,4.636849195314085,19.937314386959844,1,1,20160910_flight07
2016-09-10 08:20:13,54.61055308,7.4306132400000005,94.554,-2.164,3.217,1005.191,18.325,1.1803039999999998,9.13,1.097,0.027000000000000003,100,2.3,3.4,1005.191,0.01787828725413454,291.04370732398456,9.195667947463088,186.85143430753806,True,4.637728458185494,19.872593385940032,1,1,20160910_flight07
2016-09-10 08:20:14,54.61048083,7.431607410000001,94.40899999999999,-1.876,3.332,1005.198,18.334,1.180408,8.652000000000001,0.705,-0.039,100,2.1,3.4,1005.198,0.017764268734644872,291.0521143309863,8.680675607347622,184.6584003003486,True,4.639095653814392,19.807767257692387,1,1,20160910_flight07
2016-09-10 08:20:15,54.61041082,7.432602910000001,94.40100000000001,-1.31,3.3369999999999997,1005.202,18.328,1.1804940000000002,9.294,0.85,-0.085,100,1.6,3.4,1005.202,0.017715122419176055,291.0457919869013,9.332788222176694,185.22555462401567,True,4.640722048466968,19.7428921053019,1,1,20160910_flight07
2016-09-10 08:20:16,54.610342870000004,7.4335996699999995,94.53,-1.347,3.4,1005.197,18.372,1.180432,9.336,1.141,0.015,100,1.5,3.4,1005.197,0.017609900421613478,291.0901408484958,9.405465272914467,186.967853624229,True,4.64258715953202,19.677969506964477,1,1,20160910_flight07
2016-09-10 08:20:17,54.610277169999996,7.434597559999999,94.62799999999999,-0.698,3.359,1005.193,18.38,1.1804,9.177999999999999,1.409,-0.045,100,1.0,3.4,1005.193,0.01760551244971431,291.09846029270767,9.28552448707126,188.7278661949803,True,4.644710695099919,19.613010852575464,1,1,20160910_flight07
2016-09-10 08:20:18,54.61021191,7.43559635,94.625,-0.342,3.2979999999999996,1005.198,18.416,1.180393,8.758,1.248,-0.07600000000000001,100,0.6,3.3,1005.198,0.017490962524472353,291.1339928333231,8.846472065179428,188.1099516508066,True,4.646891136126355,19.54800166688966,1,1,20160910_flight07
2016-09-10 08:20:19,54.61014617,7.436595479999999,94.582,0.516,3.2319999999999998,1005.2,18.404,1.180542,9.183,1.224,0.0020000000000000005,100,0.6,3.4,1005.2,0.01740643938333908,291.121844952995,9.264214213844582,187.5921912156532,True,4.649021896896302,19.482962965286927,1,1,20160910_flight07
2016-09-10 08:20:20,54.61008014,7.437595,94.454,0.419,3.4,1005.2090000000001,18.387999999999998,1.18051,9.2,1.44,0.07200000000000001,100,0.6,3.4,1005.2090000000001,0.017498966339207778,291.1051232429702,9.31201374569432,188.8958569696633,True,4.651124373870324,19.41789461158878,1,1,20160910_flight07
2016-09-10 08:20:21,54.610014,7.438595,94.354,0.225,3.3139999999999996,1005.221,18.433999999999997,1.180542,9.307,1.4680000000000002,0.11200000000000002,100,0.4,3.4,1005.221,0.017323015017683963,291.1500608972198,9.422063096795734,188.96345863268692,True,4.653219237256904,19.352793746924718,1,1,20160910_flight07
2016-09-10 08:20:22,54.60994702,7.439596,94.21,-0.094,3.3,1005.252,18.524,1.1805670000000001,8.955,1.225,-0.04,100,0.2,3.3,1005.252,0.017018932508661155,291.2373582870886,9.03839864135235,187.78943360677218,True,4.655230959023692,19.28761529573922,1,1,20160910_flight07
2016-09-10 08:20:23,54.60987931,7.440596,94.1,-0.10200000000000001,3.336,1005.2689999999999,18.506,1.180497,8.954,1.275,-0.053,100,0.2,3.4,1005.2689999999999,0.017159210428546512,291.21797673760784,9.044320925309982,188.1041211258791,True,4.657152895422177,19.222489100290165,1,1,20160910_flight07
2016-09-10 08:20:24,54.60981132,7.44159686,94.142,0.169,3.355,1005.28,18.565,1.180328,8.118,1.043,-0.413,100,0.2,3.5,1005.28,0.017110225140466673,291.27597658082095,8.18472803457757,187.32124887258192,True,4.659052057989495,19.157303318228447,1,1,20160910_flight07
2016-09-10 08:20:25,54.60974205,7.442597459999999,94.321,-0.009999999999999998,3.158,1005.255,18.512,1.180243,8.456,1.48,0.044000000000000004,100,0.5,3.3,1005.255,0.017343015575856713,291.22512768589684,8.584540523522502,189.92756038397823,True,4.660807796742008,19.09211353309026,1,1,20160910_flight07
2016-09-10 08:20:26,54.609673439999995,7.44359929,94.314,-0.6779999999999999,3.488,1005.2660000000001,18.436999999999998,1.180304,8.997,1.083,-0.14800000000000002,100,0.8,3.6,1005.2660000000001,0.017563232661704564,291.1493288622459,9.06194780386645,186.86386628588411,True,4.662647768100884,19.026855635055906,1,1,20160910_flight07
2016-09-10 08:20:27,54.6096073,7.44460222,94.475,0.10099999999999999,3.392,1005.235,18.42,1.180315,9.315,1.355,-0.015,100,0.6,3.4,1005.235,0.01758169719020497,291.13492208827086,9.413036173307738,188.27644041511638,True,4.664770114377811,18.96156715151957,1,1,20160910_flight07
2016-09-10 08:20:28,54.609540749999994,7.445604939999999,94.6,0.7879999999999999,3.322,1005.238,18.433,1.180418,8.998,1.2770000000000001,0.069,100,0.9,3.4,1005.238,0.01745057815568085,291.14765418629224,9.088164446135423,188.07749898921088,True,4.666845331612837,18.896285500023783,1,1,20160910_flight07
2016-09-10 08:20:29,54.60947215,7.4466066799999995,94.523,0.676,3.3569999999999998,1005.2389999999999,18.500999999999998,1.1803869999999999,9.304,1.13,0.085,100,0.8,3.4,1005.2389999999999,0.017241080658274344,291.2154698057941,9.372369817714194,186.9248360433912,True,4.668685560234826,18.83103352636931,1,1,20160910_flight07
2016-09-10 08:20:30,54.609402700000004,7.44760839,94.5,0.231,3.3259999999999996,1005.2410000000001,18.572,1.18027,8.697000000000001,1.181,-0.052000000000000005,100,0.4,3.4,1005.2410000000001,0.01709634009506522,291.2861980323689,8.776820039171364,187.73311893582627,True,4.670431884569815,18.765769759607824,1,1,20160910_flight07
2016-09-10 08:20:31,54.609332800000004,7.44860991,94.51700000000001,0.22699999999999998,3.319,1005.2460000000001,18.516,1.1803,9.026,1.067,-0.242,100,0.3,3.4,1005.2460000000001,0.01727082607649688,291.2298674037812,9.08884838689699,186.74187730435045,True,4.6721268616774925,18.7005108988418,1,1,20160910_flight07
2016-09-10 08:20:32,54.609263,7.4496119,94.62,0.01,3.324,1005.2410000000001,18.416,1.1802139999999999,9.201,1.386,-0.15,100,0.2,3.4,1005.2410000000001,0.017688815208320552,291.1304310799516,9.304805049005594,188.5663893562905,True,4.673837261760465,18.6352235556414,1,1,20160910_flight07
2016-09-10 08:20:33,54.60919344,7.45061418,94.7,0.198,3.258,1005.2360000000001,18.45,1.180283,8.936,1.274,0.052000000000000005,100,0.3,3.3,1005.2360000000001,0.017505605901741994,291.16479448312606,9.026359842151209,188.1139439860318,True,4.675576816692319,18.569921514877,1,1,20160910_flight07
2016-09-10 08:20:34,54.609122799999994,7.45161629,94.616,0.7979999999999999,3.2,1005.268,18.526,1.180312,8.576,1.062,-0.018000000000000002,100,1.0,3.2,1005.268,0.017247869473782762,291.2380295581583,8.641505655844936,187.0592253291445,True,4.677195820908818,18.504612934850567,1,1,20160910_flight07
2016-09-10 08:20:35,54.609050440000004,7.45261794,94.6,0.7340000000000001,3.299,1005.286,18.484,1.180261,8.892000000000001,1.598,-0.066,100,0.8,3.3,1005.286,0.017456549898626328,291.1946014193237,9.034448959399795,190.18799518752434,True,4.678621061732384,18.439306059423327,1,1,20160910_flight07
2016-09-10 08:20:36,54.60897759,7.453620079999999,94.494,0.45,3.3280000000000003,1005.2769999999999,18.489,1.180257,8.806000000000001,1.495,0.24600000000000002,100,0.6,3.4,1005.2769999999999,0.017433445493099775,291.20033949670386,8.932002071204417,189.6352709721084,True,4.679996927825899,18.373959901674546,1,1,20160910_flight07
2016-09-10 08:20:37,54.60890381,7.454621929999999,94.333,0.387,3.3739999999999997,1005.2919999999999,18.585,1.180243,8.504,1.206,-0.049,100,0.6,3.4,1005.2919999999999,0.01712588434268647,291.29495201212825,8.589089125163389,188.07161226465388,True,4.681267639312283,18.308617308851908,1,1,20160910_flight07
2016-09-10 08:20:38,54.60882878,7.455623450000001,94.3,-0.030999999999999996,3.237,1005.31,18.480999999999998,1.180329,8.926,1.304,-0.028999999999999998,100,0.3,3.4,1005.31,0.017432688504513294,291.18961774047614,9.020747862566607,188.31154826346742,True,4.6823975747336934,18.243275679342563,1,1,20160910_flight07
2016-09-10 08:20:39,54.608754360000006,7.456625669999999,94.3,-0.46299999999999997,3.5890000000000004,1005.31,18.485,1.180251,9.198,1.4380000000000002,0.052000000000000005,100,0.6,3.7,1005.31,0.017485972427067953,291.19361168649345,9.309728674886287,188.88559965403783,True,4.683601264225949,18.177899068109404,1,1,20160910_flight07
2016-09-10 08:20:40,54.608681319999995,7.457628130000001,94.50200000000001,-0.35100000000000003,3.3709999999999996,1005.2959999999999,18.507,1.1803219999999999,9.339,1.416,-0.015,100,0.6,3.6,1005.2959999999999,0.01733385443270974,291.21673826824986,9.445738562971135,188.62164551568634,True,4.684959204392916,18.11252935405302,1,1,20160910_flight07
2016-09-10 08:20:41,54.60860864,7.45863079,94.62100000000001,-0.40700000000000003,3.4410000000000003,1005.285,18.517,1.180325,9.322000000000001,1.334,-0.083,100,0.5,3.5,1005.285,0.017285257504663365,291.2276345521154,9.41696554097975,188.14386958630843,True,4.686358672574913,18.047152641580915,1,1,20160910_flight07
2016-09-10 08:20:42,54.60853647,7.45963348,94.75200000000001,-0.405,3.3059999999999996,1005.273,18.493,1.180367,9.411,1.119,0.094,100,0.5,3.4,1005.273,0.017320628349227984,291.2046648700832,9.477292967931296,186.78082738127455,True,4.687814595885769,17.98178223656785,1,1,20160910_flight07
2016-09-10 08:20:43,54.608464919999996,7.460636399999999,94.715,-0.42700000000000005,3.4,1005.2689999999999,18.58,1.180343,9.273,1.258,0.083,100,0.5,3.4,1005.2689999999999,0.017033874289771322,291.2918656007843,9.357942776059277,187.72573346872485,True,4.689340966195251,17.916407107033447,1,1,20160910_flight07
2016-09-10 08:20:44,54.6083936,7.461639300000001,94.7,-0.145,3.3859999999999997,1005.285,18.629,1.180244,8.506,1.099,0.047,100,0.5,3.4,1005.285,0.016964559721654116,291.3394658359762,8.576703154476084,187.3619969770911,True,4.690892482161766,17.851036969053222,1,1,20160910_flight07
2016-09-10 08:20:45,54.60832155,7.46264189,94.7,0.493,3.2460000000000004,1005.2869999999999,18.637,1.1801419999999998,8.46,1.328,-0.217,100,0.6,3.3,1005.2869999999999,0.017026594814518514,291.3472880104108,8.563596440748478,188.92114794095596,True,4.692360684839736,17.785674903525713,1,1,20160910_flight07
2016-09-10 08:20:46,54.60824898,7.46364472,94.7,0.177,3.338,1005.2869999999999,18.503,1.1801199999999998,9.11,1.297,-0.009000000000000001,100,0.6,3.5,1005.2869999999999,0.017512836080830096,291.2134899433503,9.20186443064665,188.10280481422765,True,4.693773863495171,17.720289080085227,1,1,20160910_flight07
2016-09-10 08:20:47,54.608177340000005,7.464648260000001,94.823,0.48100000000000004,3.3480000000000003,1005.289,18.623,1.180047,8.357999999999999,0.833,-0.28300000000000003,100,0.9,3.5,1005.289,0.017159297843068577,291.3331433418475,8.399407895798369,185.69158798701892,True,4.695296136285359,17.654872797545817,1,1,20160910_flight07
2016-09-10 08:20:48,54.60810375,7.46565069,94.988,0.9010000000000001,3.168,1005.253,18.556,1.1800279999999999,8.571,1.153,-0.086,100,1.1,3.3,1005.253,0.017372869685109205,291.26922751471136,8.648205016071254,187.6616272708439,True,4.6965932155399575,17.589496130660084,1,1,20160910_flight07
2016-09-10 08:20:49,54.60802853999999,7.46665273,95.0,-0.169,3.3,1005.2769999999999,18.534000000000002,1.179984,8.556000000000001,1.305,0.018000000000000002,100,0.5,3.3,1005.2769999999999,0.01751183551496016,291.2452718112343,8.654950086511187,188.6721757650149,True,4.697708202445812,17.524118299437013,1,1,20160910_flight07
2016-09-10 08:20:50,54.60795412,7.46765525,95.0,-0.5820000000000001,3.3,1005.275,18.526,1.180045,8.822000000000001,1.158,-0.015,100,0.8,3.3,1005.275,0.017485119600974208,291.2374495576762,8.897676550650738,187.4780485799139,True,4.698914705886608,17.4587224780804,1,1,20160910_flight07
2016-09-10 08:20:51,54.60788074,7.468658420000001,94.959,-0.16,3.3709999999999996,1005.2869999999999,18.498,1.18005,8.931000000000001,1.261,0.054000000000000006,100,0.4,3.4,1005.2869999999999,0.017590639682625087,291.20849747816146,9.01958324979597,188.0366727108959,True,4.700241856574081,17.393301814417647,1,1,20160910_flight07
2016-09-10 08:20:52,54.607807629999996,7.469661650000001,94.9,-0.066,3.241,1005.281,18.529,1.180126,9.225,1.5230000000000001,0.052000000000000005,100,0.2,3.4,1005.281,0.017410890737200813,291.23994790276623,9.349874544612884,189.3746755403721,True,4.701599309087348,17.327881664979888,1,1,20160910_flight07
2016-09-10 08:20:53,54.607734609999994,7.47066533,94.825,-0.114,3.2769999999999997,1005.288,18.579,1.180165,9.228000000000002,1.669,-0.09,100,0.2,3.3,1005.288,0.017209981894827253,291.2892925436491,9.377715340102835,190.2518383518412,True,4.702970895534291,17.262434152440232,1,1,20160910_flight07
2016-09-10 08:20:54,54.60766165,7.4716694,94.77,0.14300000000000002,3.225,1005.294,18.625,1.180326,8.792,0.9670000000000001,0.115,100,0.4,3.3,1005.294,0.016916953673214108,291.33472591071506,8.845018541529464,186.2765258207221,True,4.704352748788541,17.196962634795625,1,1,20160910_flight07
2016-09-10 08:20:55,54.60758753,7.47267307,94.694,0.693,3.3,1005.323,18.668,1.1803029999999999,8.336,0.9670000000000001,-0.064,100,0.8,3.3,1005.323,0.016816253601431574,291.3752571106671,8.39189996365543,186.61690066669777,True,4.705603082402078,17.13149801490976,1,1,20160910_flight07
2016-09-10 08:20:56,54.60751192,7.47367616,94.68299999999999,0.595,3.362,1005.312,18.605,1.180161,8.516,1.004,-0.007000000000000001,100,0.6,3.4,1005.312,0.017147062277008462,291.31326431608005,8.574979416884917,186.7238894581256,True,4.706683860293987,17.06604649455142,1,1,20160910_flight07
2016-09-10 08:20:57,54.607436230000005,7.4746790999999995,94.749,0.718,3.4,1005.305,18.557000000000002,1.1800559999999998,8.802999999999999,1.148,0.17,100,0.9,3.4,1005.305,0.017397867719866733,291.2659170258137,8.877539805599296,187.430016709341,True,4.707754419646594,17.00060328851435,1,1,20160910_flight07
2016-09-10 08:20:58,54.607360099999994,7.47568154,94.822,0.598,3.3789999999999996,1005.302,18.647000000000002,1.179959,8.914,1.18,-0.182,100,0.7,3.4,1005.302,0.017164643293045012,291.3560296036032,8.99176267480409,187.54074568641002,True,4.708771825470219,16.935185000275883,1,1,20160910_flight07
2016-09-10 08:20:59,54.60728283,7.4766832899999995,94.91,0.084,3.2560000000000002,1005.298,18.576,1.180128,8.55,1.105,0.149,100,0.4,3.4,1005.298,0.017262453947799683,291.2854683740268,8.621109267373892,187.36407367773649,True,4.709657194396948,16.869792502267693,1,1,20160910_flight07
2016-09-10 08:21:00,54.60720474,7.477684470000001,94.9,-0.067,3.315,1005.3009999999999,18.582,1.180072,8.796,1.159,-0.029000000000000005,100,0.2,3.4,1005.3009999999999,0.017292840802060283,291.2912107030507,8.872028911134137,187.50630437232087,True,4.710446898267602,16.804423273402268,1,1,20160910_flight07
2016-09-10 08:21:01,54.60712683,7.478685809999999,94.9,-0.04800000000000001,3.2859999999999996,1005.294,18.546000000000003,1.1801949999999999,8.943999999999999,0.897,0.051,100,0.2,3.3,1005.294,0.01730527213001487,291.25584511782006,8.988867837497667,185.72708350386347,True,4.71125792893452,16.739046703304286,1,1,20160910_flight07
2016-09-10 08:21:02,54.607049319999994,7.47968742,94.9,-0.474,3.3,1005.297,18.617,1.180115,9.134,1.115,-0.038000000000000006,100,0.5,3.3,1005.297,0.0171296977773836,291.32648934076747,9.201803138515842,186.95974126286922,True,4.712115549985468,16.67365929779815,1,1,20160910_flight07
2016-09-10 08:21:03,54.606972660000004,7.4806893500000005,94.98200000000001,-0.379,3.2709999999999995,1005.2919999999999,18.685,1.180149,8.767999999999999,0.956,-0.2,100,0.6,3.3,1005.2919999999999,0.01685834391021901,291.3948011738717,8.819963718746239,186.22254143998398,True,4.7130697954736664,16.608265115613197,1,1,20160910_flight07
2016-09-10 08:21:04,54.606895699999995,7.48169125,95.137,-0.084,3.116,1005.27,18.665,1.1801119999999998,8.441,0.63,-0.42100000000000004,100,0.3,3.2,1005.27,0.016937664253506624,291.3766550467122,8.464477597583917,184.26839704639383,True,4.713990716191656,16.54286801416297,1,1,20160910_flight07
2016-09-10 08:21:05,54.606818489999995,7.48269318,95.29,-0.033,3.181,1005.263,18.565,1.179951,8.812999999999999,1.171,0.057,100,0.6,3.3,1005.263,0.017417991179379477,291.2773853417605,8.890456118782657,187.56866507034786,True,4.71488438216071,16.47746495813599,1,1,20160910_flight07
2016-09-10 08:21:06,54.606742249999996,7.48369593,95.3,-0.45899999999999996,3.215,1005.262,18.718,1.179797,8.764,1.306,-0.155,100,0.7,3.3,1005.262,0.017016374134117385,291.4302387323575,8.860774909679176,188.4757712961171,True,4.7158925798280595,16.412025044668514,1,1,20160910_flight07
2016-09-10 08:21:07,54.60666644,7.48469919,95.3,0.18,3.1,1005.28,18.64,1.180154,8.939,1.206,-0.14300000000000002,100,0.3,3.1,1005.28,0.01699871560356825,291.35086370778924,9.019986529923424,187.68363210453253,True,4.716952923375224,16.346559411722044,1,1,20160910_flight07
2016-09-10 08:21:08,54.6065902,7.48570259,95.3,0.40399999999999997,3.1460000000000004,1005.29,18.593,1.180029,9.089,1.314,-0.166,100,0.9,3.2,1005.29,0.0172804216991147,291.3031056934223,9.18349154733645,188.22627609334245,True,4.71796721792934,16.281077876320385,1,1,20160910_flight07
2016-09-10 08:21:09,54.60651345,7.48670628,95.3,0.9359999999999999,3.133,1005.294,18.616,1.180086,8.962,1.242,-0.131,100,1.0,3.2,1005.294,0.017155144015141177,291.3257394912713,9.047652071117676,187.89008767535842,True,4.718928058898072,16.21556954266118,1,1,20160910_flight07
2016-09-10 08:21:10,54.60643528,7.4877094799999995,95.3,0.627,3.2,1005.286,18.627,1.1801949999999999,9.065,1.008,-0.17600000000000002,100,0.8,3.2,1005.286,0.01701476541921121,291.3373859643458,9.12087106585769,186.34504773195755,True,4.719727898450609,16.15006967489064,1,1,20160910_flight07
2016-09-10 08:21:11,54.60635623,7.48871249,95.28200000000001,0.67,3.07,1005.2719999999999,18.606,1.180164,9.011000000000001,1.258,-0.064,100,0.8,3.2,1005.2719999999999,0.01710051972509241,291.3175779125805,9.09838914313957,187.94753306764682,True,4.720429028607967,16.084567775384656,1,1,20160910_flight07
2016-09-10 08:21:12,54.60627583,7.489715230000001,95.12200000000001,0.36800000000000005,3.116,1005.2919999999999,18.607,1.180156,9.095,1.3159999999999998,0.095,100,0.5,3.2,1005.2919999999999,0.017124163662173064,291.3169188277118,9.18971604566757,188.23326480100837,True,4.720978931031148,16.019061383741484,1,1,20160910_flight07
2016-09-10 08:21:13,54.60619457,7.49071799,94.89399999999999,0.315,3.057,1005.3109999999999,18.704,1.180254,8.853,1.34,0.005999999999999998,100,0.5,3.2,1005.3109999999999,0.01672090321789632,291.4121973272984,8.953837668843455,188.60702071658483,True,4.721434296713518,15.953539835961648,1,1,20160910_flight07
2016-09-10 08:21:14,54.606112380000006,7.49172077,94.63600000000001,0.8220000000000001,3.1040000000000005,1005.345,18.845,1.180541,8.824,0.584,0.09300000000000001,100,1.1,3.2,1005.345,0.016017250368075553,291.55016386192966,8.843304359796738,183.7864923213107,True,4.721787415535529,15.888002002647175,1,1,20160910_flight07
2016-09-10 08:21:15,54.60602833,7.492722639999999,94.5,1.489,3.2319999999999998,1005.383,18.743,1.180355,8.402999999999999,0.39799999999999996,0.028999999999999998,100,1.7,3.3,1005.383,0.01657087311875971,291.44516870885894,8.412420163068413,182.71173282222088,True,4.721927129799205,15.822492430320539,1,1,20160910_flight07
2016-09-10 08:21:16,54.605941730000005,7.493723,94.57600000000001,2.048,3.287,1005.382,18.66,1.17984,8.677,0.932,-0.136,100,2.2,3.3,1005.382,0.017302865453216576,291.3623789335406,8.726909705044507,186.13065797227804,True,4.721771811852397,15.757038406590945,1,1,20160910_flight07
2016-09-10 08:21:17,54.605852729999995,7.49472202,94.741,2.3609999999999998,3.367,1005.3389999999999,18.574,1.179777,8.89,1.1760000000000002,-0.1,100,2.5,3.4,1005.3389999999999,0.017613580422295882,291.28007389374045,8.967445344132297,187.5355329185909,True,4.721339577949662,15.69163146586021,1,1,20160910_flight07
2016-09-10 08:21:18,54.6057607,7.495719289999999,94.88600000000001,2.6060000000000003,3.193,1005.3209999999999,18.607,1.179981,8.716000000000001,0.983,-0.047,100,2.7,3.3,1005.3209999999999,0.017304356454340697,291.31451540889583,8.771256751458141,186.4346903460135,True,4.7205571912809905,15.62628769738165,1,1,20160910_flight07
2016-09-10 08:21:19,54.60566419,7.496713969999999,94.9,2.386,3.2,1005.3109999999999,18.625,1.1800899999999999,8.61,0.8460000000000001,-0.047,100,2.6,3.2,1005.3109999999999,0.017137521541565448,291.3333169158979,8.651463228841697,185.61174605539838,True,4.719257063152767,15.561037494826607,1,1,20160910_flight07
2016-09-10 08:21:20,54.60556391,7.4977067,94.9,1.68,3.182,1005.32,18.576,1.180181,9.059,0.987,-0.138,100,2.2,3.2,1005.32,0.017239031184518305,291.2836452903464,9.11260939577682,186.21798759768615,True,4.717523399304287,15.49585133192151,1,1,20160910_flight07
2016-09-10 08:21:21,54.60546169,7.49869854,94.902,1.3319999999999999,3.2020000000000004,1005.305,18.53,1.1801899999999999,9.269,0.8029999999999999,0.07100000000000001,100,1.4,3.3,1005.305,0.017376518283615194,291.238957851849,9.303718073974512,184.95133506009313,True,4.715567706928551,15.430690858588907,1,1,20160910_flight07
2016-09-10 08:21:22,54.60535748,7.49968887,94.9,1.516,3.2,1005.308,18.756,1.179995,9.019,0.769,-0.045,100,2.1,3.2,1005.308,0.01675987366513132,291.4643673663046,9.051724808013113,184.8735052946983,True,4.713378663305763,15.36559496903785,1,1,20160910_flight07
2016-09-10 08:21:23,54.60525051,7.5006774,94.9,2.043,3.2,1005.308,18.722,1.179995,8.787,0.782,-0.05600000000000001,100,2.2,3.2,1005.308,0.0168783154331138,291.43041880584184,8.821728458754555,185.08564591043984,True,4.710868736959656,15.300569809675451,1,1,20160910_flight07
2016-09-10 08:21:24,54.60514026,7.50166402,94.896,1.744,3.113,1005.313,18.625999999999998,1.179936,8.998,0.8590000000000001,-0.045,100,1.9,3.2,1005.313,0.01726881111644496,291.33414963946836,9.038909502810613,185.45325299891599,True,4.707979620930214,15.23561403439975,1,1,20160910_flight07
2016-09-10 08:21:25,54.605027639999996,7.50264941,94.78299999999999,1.159,3.1,1005.323,18.615,1.1797959999999998,8.706,0.919,-0.019,100,1.5,3.1,1005.323,0.017438002591332324,291.3223375216532,8.754370165808616,186.02579196373551,True,4.704817925064097,15.170698782438796,1,1,20160910_flight07
2016-09-10 08:21:26,54.60491314,7.50363403,94.639,0.8540000000000001,3.1,1005.3530000000001,18.549,1.179977,8.977,1.07,-0.034,100,1.1,3.1,1005.3530000000001,0.01754246949675231,291.2539519551885,9.040543623035067,186.79721568246498,True,4.701441934925846,15.105802504056616,1,1,20160910_flight07
2016-09-10 08:21:27,54.60479744,7.504618349999999,94.45300000000002,0.6970000000000001,3.1,1005.378,18.576,1.1799469999999999,9.296,1.5830000000000002,0.094,100,0.8,3.1,1005.378,0.017499463201796628,291.2788392247435,9.429819987677389,189.66409873159228,True,4.697930957345179,15.040906074688248,1,1,20160910_flight07
2016-09-10 08:21:28,54.60468097,7.5056027,94.18700000000001,0.408,3.1,1005.3969999999999,18.624000000000002,1.180202,9.113,1.317,0.136,100,0.8,3.1,1005.3969999999999,0.01713148566243805,291.3251910675189,9.20767386477171,188.223383475714,True,4.694335449834059,14.975995300928876,1,1,20160910_flight07
2016-09-10 08:21:29,54.60456292,7.50658629,93.88799999999999,0.269,3.0980000000000003,1005.429,18.808,1.180297,8.511000000000001,0.9440000000000001,-0.067,100,0.4,3.1,1005.429,0.016440996268460184,291.50625452343985,8.56319198663676,186.32910838981104,True,4.690558785222153,14.9111077006881,1,1,20160910_flight07
2016-09-10 08:21:30,54.604443110000005,7.50756926,93.69,0.162,3.145,1005.453,18.739,1.180394,8.936,1.2890000000000001,0.043,100,0.4,3.3,1005.453,0.01662199385780827,291.4353716930316,9.02848918701241,188.20818273716844,True,4.686582450660897,14.846231405075255,1,1,20160910_flight07
2016-09-10 08:21:31,54.604323,7.50855233,93.579,-0.45799999999999996,3.2539999999999996,1005.4730000000001,18.771,1.1800659999999998,8.391,1.28,-0.026000000000000002,100,0.7,3.3,1005.4730000000001,0.016813318322786763,291.46566383146023,8.48806697664433,188.67328714899233,True,4.682574010707569,14.78134386581041,1,1,20160910_flight07
2016-09-10 08:21:32,54.604203049999995,7.50953578,93.5,-0.736,3.2809999999999997,1005.459,18.708,1.1800259999999998,8.508,0.988,-0.067,100,0.9,3.3,1005.459,0.017053119507948633,291.4039225344231,8.565174137167324,186.62386115752344,True,4.678586758220469,14.716434575203703,1,1,20160910_flight07
2016-09-10 08:21:33,54.6040841,7.510518469999999,93.5,-1.3459999999999999,3.3280000000000003,1005.455,18.668,1.179966,8.75,0.975,0.113,100,1.5,3.4,1005.455,0.017240205004415143,291.3643162786093,8.804153849178238,186.35815843692123,True,4.674702521645303,14.651590084501303,1,1,20160910_flight07
2016-09-10 08:21:34,54.603967190000006,7.51150161,93.546,-1.558,3.3680000000000003,1005.454,18.627,1.179974,8.923,0.9209999999999999,-0.09,100,1.6,3.4,1005.454,0.01737523631935023,291.3234628870084,8.97040523053446,185.89299636284147,True,4.671047200931223,14.586749692499785,1,1,20160910_flight07
2016-09-10 08:21:35,54.60385223,7.51248642,93.6,-1.225,3.3289999999999997,1005.434,18.603,1.1799799999999998,9.026,1.2770000000000001,0.174,100,1.4,3.4,1005.434,0.017433514694036756,291.30115740851846,9.115887504790743,188.05277056509962,True,4.6676223264528165,14.521833825947235,1,1,20160910_flight07
2016-09-10 08:21:36,54.60373903,7.51347218,93.581,-1.145,3.3709999999999996,1005.443,18.715,1.180034,8.75,1.2229999999999999,0.14700000000000002,100,1.2,3.4,1005.443,0.017005647907912813,291.4122379135774,8.835056819285318,187.95676556400593,True,4.664400217267039,14.456885523631145,1,1,20160910_flight07
2016-09-10 08:21:37,54.603627210000006,7.51445872,93.5,-1.196,3.3139999999999996,1005.449,18.697,1.180184,8.875,1.086,0.141,100,1.4,3.4,1005.449,0.01694517331088008,291.39376851277007,8.941197962241972,186.97638434358677,True,4.661337423864227,14.391909540270117,1,1,20160910_flight07
2016-09-10 08:21:38,54.60351665,7.5154459199999994,93.461,-0.7290000000000001,3.3029999999999995,1005.4639999999999,18.874,1.180136,8.402000000000001,0.898,0.125,100,1.0,3.4,1005.4639999999999,0.016385288381343566,291.5692495893482,8.4498525430921,186.10057463899219,True,4.658419603313993,14.32691162380243,1,1,20160910_flight07
2016-09-10 08:21:39,54.6034065,7.5164332400000005,93.34100000000001,-0.209,3.3009999999999997,1005.4810000000001,18.757,1.180156,8.347999999999999,1.111,0.106,100,0.3,3.4,1005.4810000000001,0.01679262815221061,291.45102246024817,8.421604657071002,187.58070629031369,True,4.655548067619787,14.261912638330966,1,1,20160910_flight07
2016-09-10 08:21:40,54.603296799999995,7.5174210200000005,93.3,-0.225,3.377,1005.4889999999999,18.750999999999998,1.1800199999999998,8.506,1.026,-0.015,100,0.3,3.4,1005.4889999999999,0.016938809417231804,291.44436864474613,8.567654988385096,186.87783164314277,True,4.652730411705845,14.196891457753043,1,1,20160910_flight07
2016-09-10 08:21:41,54.603187829999996,7.51840913,93.3,-0.043,3.32,1005.47,18.682000000000002,1.180053,8.798,1.151,0.08199999999999999,100,0.3,3.4,1005.47,0.017131586162156598,291.37705129395164,8.872970472169959,187.4534012287353,True,4.64999625667693,14.131860924047686,1,1,20160910_flight07
2016-09-10 08:21:42,54.60307934,7.519397420000001,93.3,-0.35,3.3659999999999997,1005.4580000000001,18.68,1.180008,8.802,1.272,0.12200000000000001,100,0.4,3.4,1005.4580000000001,0.017165206070566263,291.3760489784141,8.893435106863938,188.22303503210244,True,4.647316659414695,14.066826608712091,1,1,20160910_flight07
2016-09-10 08:21:43,54.60297112,7.52038566,93.25399999999999,-0.498,3.3,1005.4739999999999,18.676,1.18005,9.033999999999999,1.5190000000000001,0.034,100,0.7,3.3,1005.4739999999999,0.017159130945186618,291.37072913333645,9.160814210538273,189.54458014840634,True,4.644666332196621,14.001799851313383,1,1,20160910_flight07
2016-09-10 08:21:44,54.602863740000004,7.5213744799999995,93.146,-0.5760000000000001,3.3509999999999995,1005.4939999999999,18.692999999999998,1.1801,9.124,1.72,0.066,100,0.7,3.4,1005.4939999999999,0.017077017513568382,291.38604496962984,9.284706565099405,190.67575920788724,True,4.642113966723862,13.936749507119362,1,1,20160910_flight07
2016-09-10 08:21:45,54.60275728,7.52236401,93.084,-0.036000000000000004,3.3089999999999997,1005.4910000000001,18.775,1.180226,8.93,1.6769999999999998,0.005,100,0.4,3.4,1005.4910000000001,0.016679741389778124,291.4681652911293,9.086100868909613,190.63592467244663,True,4.639669593938423,13.871668542483595,1,1,20160910_flight07
2016-09-10 08:21:46,54.60265047,7.52335357,92.99700000000001,0.141,3.3,1005.493,18.804000000000002,1.180409,8.677999999999999,1.651,0.08800000000000001,100,0.5,3.3,1005.493,0.016423174372157012,291.4969540833115,8.833656377740759,190.77185822530544,True,4.637186951946083,13.80658000984538,1,1,20160910_flight07
2016-09-10 08:21:47,54.60254278,7.52434281,92.85700000000001,0.78,3.302,1005.505,18.881,1.180446,8.183,1.097,0.28300000000000003,100,0.9,3.4,1005.505,0.016135449838252214,291.5728383348945,8.256203606985476,187.6354578741832,True,4.63460438118042,13.741497769858483,1,1,20160910_flight07
2016-09-10 08:21:48,54.60243346,7.52533103,92.647,0.585,3.4,1005.54,18.881999999999998,1.1805370000000002,8.286,1.011,0.12,100,0.8,3.4,1005.54,0.01608901041054045,291.5709341560988,8.347449730306856,186.95644725261184,True,4.631832707329899,13.676454545450895,1,1,20160910_flight07
2016-09-10 08:21:49,54.60232359,7.526318740000001,92.611,0.38,3.467,1005.554,18.794,1.180227,8.215,0.838,-0.018000000000000002,100,0.5,3.5,1005.554,0.01667641035189238,291.48191243449054,8.257630955667612,185.824510705852,True,4.628995670249861,13.611435104411232,1,1,20160910_flight07
2016-09-10 08:21:50,54.60221361,7.52730589,92.78399999999999,0.10200000000000001,3.438,1005.5039999999999,18.695999999999998,1.1800709999999999,8.628,0.647,-0.152,100,0.2,3.5,1005.5039999999999,0.017101672119899103,291.3882114585381,8.652224742804593,184.2884929748235,True,4.6261412645643265,13.54644974750046,1,1,20160910_flight07
2016-09-10 08:21:51,54.60210369000001,7.5282924200000005,93.12799999999999,0.10700000000000001,3.429,1005.462,18.7,1.179799,8.311,0.8959999999999999,-0.156,100,0.2,3.5,1005.462,0.017279725695070525,291.39568632115567,8.359158869168596,186.15323081968404,True,4.623287652062054,13.481505059566977,1,1,20160910_flight07
2016-09-10 08:21:52,54.60199353,7.52927823,93.454,0.10200000000000001,3.3959999999999995,1005.4259999999999,18.599,1.17979,8.788,1.044,-0.02,100,0.2,3.4,1005.4259999999999,0.01760322268549297,291.29782649256356,8.84979547786275,186.77489232412339,True,4.620400851385016,13.41660260370773,1,1,20160910_flight07
2016-09-10 08:21:53,54.60188342000001,7.53026367,93.6,0.09700000000000002,3.259,1005.401,18.593000000000004,1.179951,8.83,0.927,0.086,100,0.2,3.3,1005.401,0.017459999809955384,291.2939073010329,8.878526285369661,185.99313024669772,True,4.617516087402583,13.351724647047126,1,1,20160910_flight07
2016-09-10 08:21:54,54.60177297,7.531248590000001,93.6,-0.168,3.2,1005.3919999999999,18.591,1.1800819999999999,8.917,0.7140000000000001,0.011,100,0.3,3.2,1005.3919999999999,0.01734491967106533,291.2926561415534,8.94553995016511,184.5780073762918,True,4.614588996752605,13.28687450228588,1,1,20160910_flight07
2016-09-10 08:21:55,54.60166235,7.532233270000001,93.58,-0.043,3.142,1005.391,18.583,1.180062,9.031,0.9910000000000001,-0.013999999999999997,100,0.3,3.2,1005.391,0.017389048411458496,291.2847512965352,9.08521006911783,186.26219097599238,True,4.611640930366923,13.222036982799686,1,1,20160910_flight07
2016-09-10 08:21:56,54.60155171,7.53321811,93.44200000000001,-0.5379999999999999,3.178,1005.41,18.599,1.180047,8.699,1.111,-0.037000000000000005,100,0.7,3.2,1005.41,0.017365410723120034,291.29915229127363,8.76965917239661,187.27817642039145,True,4.608692161862399,13.15718889522931,1,1,20160910_flight07
2016-09-10 08:21:57,54.601441279999996,7.534203270000001,93.307,0.07500000000000001,3.17,1005.428,18.605000000000004,1.180029,8.791,1.3319999999999999,0.052000000000000005,100,0.5,3.2,1005.428,0.017378220775255082,291.30365148756005,8.891338763088493,188.61584125331194,True,4.60576952526236,13.09232370505447,1,1,20160910_flight07
2016-09-10 08:21:58,54.60133036,7.53518853,93.13199999999999,0.249,3.2,1005.445,18.692999999999998,1.1801119999999998,8.452,0.565,-0.19699999999999998,100,0.4,3.2,1005.445,0.017017111376407712,291.39010626884624,8.470863533312292,183.82442312369687,True,4.6027938558025525,13.027444205718998,1,1,20160910_flight07
2016-09-10 08:21:59,54.601218259999996,7.536173280000001,93.22,0.647,3.073,1005.434,18.619,1.1801929999999998,8.318,0.601,-0.289,100,1.0,3.2,1005.434,0.017194105505612844,291.3171326290596,8.339683747001441,184.1326074047347,True,4.5996834320286695,12.96257832516886,1,1,20160910_flight07
2016-09-10 08:22:00,54.60110506,7.53715764,93.39900000000002,0.569,3.279,1005.408,18.668,1.179953,8.581,0.265,0.145,100,0.9,3.4,1005.408,0.017203860911057856,291.36821166613294,8.585090913904173,181.76885648384552,True,4.596448191087562,12.897719670095688,1,1,20160910_flight07
2016-09-10 08:22:01,54.600991210000004,7.53814096,93.426,0.13,3.198,1005.404,18.644000000000002,1.1799149999999998,8.267999999999999,0.198,-0.11599999999999999,100,0.4,3.3,1005.404,0.017316240805574035,291.344580163983,8.270370487469105,181.37184281650144,True,4.593131601151313,12.83291712284942,1,1,20160910_flight07
2016-09-10 08:22:02,54.6008763,7.53912334,93.54299999999999,0.599,3.1,1005.398,18.599,1.179694,7.901,0.428,-0.155,100,0.9,3.1,1005.398,0.01765769079031232,291.3001466581123,7.912583964799363,183.10070233928775,True,4.589689440925593,12.76815766500983,1,1,20160910_flight07
2016-09-10 08:22:03,54.60076029,7.54010517,93.6,0.42700000000000005,3.127,1005.391,18.479,1.179703,8.63,0.731,0.025,100,0.7,3.2,1005.391,0.018061583155309258,291.18091109287354,8.660904167579735,184.84165413344056,True,4.586120962758972,12.70341567804603,1,1,20160910_flight07
2016-09-10 08:22:04,54.600644179999996,7.54108702,93.53,0.491,3.1630000000000003,1005.3919999999999,18.514,1.179863,8.328,0.536,-0.091,100,0.8,3.2,1005.3919999999999,0.01780238528196998,291.2157744741741,8.345230973436266,183.68254540952512,True,4.582541657731683,12.6386707969817,1,1,20160910_flight07
2016-09-10 08:22:05,54.60052711,7.542068339999999,93.476,0.39,3.083,1005.39,18.456,1.179954,8.717,1.225,0.16899999999999998,100,0.8,3.1,1005.39,0.017924289517207814,291.1580292571663,8.802653804393309,187.99939117595068,True,4.578851642602235,12.573944364914631,1,1,20160910_flight07
2016-09-10 08:22:06,54.600409289999995,7.543049610000001,93.228,0.04699999999999999,2.98,1005.418,18.511,1.180057,8.266,0.892,0.078,100,0.3,3.1,1005.418,0.0176718439420549,291.21062527565545,8.313989415437092,186.15906444337745,True,4.575078550046461,12.509209033841017,1,1,20160910_flight07
2016-09-10 08:22:07,54.6002901,7.54403063,92.82,0.342,2.9,1005.465,18.554000000000002,1.180247,8.363000000000001,0.7390000000000001,0.084,100,0.4,2.9,1005.465,0.01740558342203502,291.2496650602939,8.395587531554895,185.04984900059236,True,4.5711522144636,12.444467607270603,1,1,20160910_flight07
2016-09-10 08:22:08,54.60016982,7.54501174,92.37899999999999,-0.29600000000000004,2.9939999999999998,1005.515,18.547,1.1802139999999999,8.754,0.74,0.075,100,0.8,3.1,1005.515,0.017509043421334525,291.23853396187116,8.785221454237792,184.8318844479844,True,4.567106665473437,12.379702831321783,1,1,20160910_flight07
2016-09-10 08:22:09,54.60005028,7.54599393,92.089,-1.025,3.133,1005.545,18.521,1.180164,8.457,0.368,0.086,100,1.4,3.2,1005.545,0.017673220218626717,291.21008997459313,8.465002835203306,182.49161097061608,True,4.563152753683523,12.314880838279443,1,1,20160910_flight07
2016-09-10 08:22:10,54.59993171,7.5469764999999995,92.0,-0.872,3.2,1005.578,18.465,1.180209,8.745,0.237,-0.083,100,1.4,3.2,1005.578,0.01786324110895432,291.15144576568616,8.748210902807498,181.55240442600805,True,4.559309246468558,12.25005016264433,1,1,20160910_flight07
2016-09-10 08:22:11,54.59981417,7.54795943,92.07799999999999,-0.15200000000000002,3.365,1005.554,18.563000000000002,1.179888,8.514,0.925,-0.11,100,0.4,3.4,1005.554,0.01777382828386931,291.25127806018463,8.5641007116918,186.20055613980966,True,4.555582564906489,12.185213053146722,1,1,20160910_flight07
2016-09-10 08:22:12,54.599697219999996,7.54894239,92.259,-0.57,3.3,1005.5189999999999,18.515,1.180128,8.728,0.875,0.036,100,0.7,3.3,1005.5189999999999,0.01769888532002284,291.2062529446214,8.771750623450258,185.72489189676594,True,4.551921150039485,12.120383541848833,1,1,20160910_flight07
2016-09-10 08:22:13,54.59958097,7.5499255100000005,92.337,-0.693,3.2230000000000003,1005.5089999999999,18.608,1.180115,8.522,0.7240000000000001,-0.079,100,0.8,3.3,1005.5089999999999,0.01737557559952574,291.29993521702625,8.552698989208027,184.8559931410165,True,4.5483383371503,12.055555079132407,1,1,20160910_flight07
2016-09-10 08:22:14,54.599465030000005,7.55090862,92.4,-0.45399999999999996,3.1390000000000002,1005.51,18.529,1.180254,8.422,0.525,-0.063,100,0.5,3.2,1005.51,0.017532289290741465,291.22097641546156,8.438347527804245,183.5670164041806,True,4.544789575282586,11.990732258373516,1,1,20160910_flight07
2016-09-10 08:22:15,54.59934918,7.55189188,92.4,0.061,3.168,1005.5010000000001,18.563,1.1799279999999999,8.282,0.9,-0.14700000000000002,100,0.6,3.2,1005.5010000000001,0.017685683115709283,291.25566861156165,8.330757708636112,186.20196152188993,True,4.541252133399256,11.92590128463589,1,1,20160910_flight07
2016-09-10 08:22:16,54.59923289,7.55287511,92.441,0.703,3.0410000000000004,1005.4989999999999,18.535999999999998,1.179883,8.133,1.129,0.073,100,0.8,3.2,1005.4989999999999,0.017816678476885617,291.2288766123332,8.21098836925251,187.90313093915287,True,4.537665946508183,11.861065132837377,1,1,20160910_flight07
2016-09-10 08:22:17,54.5991153,7.55385817,92.21799999999999,0.07,3.1069999999999998,1005.53,18.465999999999998,1.1799899999999999,8.232000000000001,1.158,-0.10099999999999999,100,0.5,3.2,1005.53,0.018000064884437617,291.15641906756645,8.313049260048928,188.0072882756624,True,4.533934977094097,11.796218892239967,1,1,20160910_flight07
2016-09-10 08:22:18,54.59899721,7.5548415,92.04799999999999,-0.341,2.997,1005.535,18.494,1.180265,8.38,0.5770000000000001,-0.03,100,0.4,3.1,1005.535,0.017670219887089056,291.18396083779254,8.399841010400138,183.93885064031582,True,4.530151467943986,11.731347295402491,1,1,20160910_flight07
2016-09-10 08:22:19,54.59887888,7.55582499,91.9,-0.28800000000000003,3.167,1005.582,18.504,1.180285,8.243,0.253,-0.011000000000000001,100,0.3,3.2,1005.582,0.01766564770863499,291.1900524977753,8.246881713714584,181.75801078391555,True,4.526343024867371,11.666461580944022,1,1,20160910_flight07
2016-09-10 08:22:20,54.598760240000004,7.556808220000001,91.9,0.305,3.11,1005.568,18.534000000000002,1.180132,8.454,0.9510000000000001,-0.037000000000000005,100,0.5,3.2,1005.568,0.017678734370470517,291.2211643579362,8.507321376320517,186.4182847807308,True,4.522497998217105,11.601587513639195,1,1,20160910_flight07
2016-09-10 08:22:21,54.59864128,7.55779138,91.9,-0.335,3.213,1005.5690000000001,18.504,1.180097,8.281,0.79,0.096,100,0.5,3.3,1005.5690000000001,0.017814612631048776,291.19112914156455,8.318597297621759,185.44947422766927,True,4.518617068713413,11.536712765733968,1,1,20160910_flight07
2016-09-10 08:22:22,54.598522460000005,7.558774479999999,91.76700000000001,-0.42,3.2680000000000002,1005.5740000000001,18.498,1.1801469999999998,8.542,0.877,0.305,100,0.6,3.3,1005.5740000000001,0.0177974893974846,291.18472457652837,8.586902410066159,185.86197044300553,True,4.514750996661615,11.47184411864965,1,1,20160910_flight07
2016-09-10 08:22:23,54.59840394,7.55975739,91.618,-0.7490000000000001,3.332,1005.5980000000001,18.499000000000002,1.1803039999999998,8.623,0.7879999999999999,0.19699999999999998,100,0.8,3.4,1005.5980000000001,0.017682904542097422,291.1837353987465,8.658930245705873,185.22138711486173,True,4.51091618581523,11.406992478253988,1,1,20160910_flight07
2016-09-10 08:22:24,54.59828654,7.56074052,91.6,-0.9570000000000001,3.3819999999999997,1005.599,18.5,1.180411,8.921999999999999,0.9940000000000001,-0.049,100,1.0,3.4,1005.599,0.01758817809787394,291.1846509882757,8.977200008911463,186.35710729317609,True,4.507206800458992,11.342144820803442,1,1,20160910_flight07
2016-09-10 08:22:25,54.598170849999995,7.561724450000001,91.691,-0.8740000000000001,3.3,1005.6,18.5,1.180353,8.837,1.288,-0.008999999999999998,100,0.9,3.3,1005.6,0.01763919215781251,291.1845681732004,8.930370261081004,188.292515723963,True,4.503693266192148,11.277273525938115,1,1,20160910_flight07
2016-09-10 08:22:26,54.59805643,7.56270902,91.76100000000001,-0.794,3.222,1005.581,18.500999999999998,1.180436,8.667,1.17,0.10200000000000001,100,0.9,3.3,1005.581,0.017544923846555927,291.1871400872796,8.745615415738333,187.68815560846537,True,4.500325618628807,11.212381739983842,1,1,20160910_flight07
2016-09-10 08:22:27,54.597942409999995,7.56369382,91.7,-0.927,3.2,1005.5880000000001,18.593000000000004,1.1804139999999999,9.017,1.317,0.075,100,1.1,3.2,1005.5880000000001,0.017250084806877952,291.27841386324536,9.112671287827736,188.30971793470064,True,4.497004186255667,11.147481679971195,1,1,20160910_flight07
2016-09-10 08:22:28,54.59782975,7.564679529999999,91.63199999999999,-1.3090000000000002,3.233,1005.6030000000001,18.638,1.180378,8.799,1.33,0.024,100,1.5,3.3,1005.6030000000001,0.017139395020754566,291.3220993827245,8.898949432376835,188.5953932607144,True,4.493841086151866,11.082545291841818,1,1,20160910_flight07
2016-09-10 08:22:29,54.597718619999995,7.56566632,91.53,-1.347,3.2739999999999996,1005.6,18.77,1.180513,8.773,0.899,0.062,100,1.4,3.4,1005.6,0.016560169097067146,291.45413729168746,8.818941546466899,185.85087633272929,True,4.490856637462965,11.017564432682317,1,1,20160910_flight07
2016-09-10 08:22:30,54.59760903,7.56665386,91.5,-1.211,3.444,1005.609,18.713,1.180706,8.762,0.88,0.11599999999999999,100,1.3,3.5,1005.609,0.01660159781549808,291.39648238031464,8.80607994512882,185.73519471363178,True,4.488048846295436,10.952560394971693,1,1,20160910_flight07
2016-09-10 08:22:31,54.59750115,7.56764184,91.64699999999999,-1.004,3.577,1005.605,18.739,1.180573,8.539,0.179,-0.061000000000000006,100,1.2,3.7,1005.605,0.016621517498030203,291.42277235015723,8.54087595039291,181.2008950303512,True,4.485433529479247,10.887555771994235,1,1,20160910_flight07
2016-09-10 08:22:32,54.59739486,7.568629499999999,92.084,-0.909,3.822,1005.533,18.698999999999998,1.1801679999999999,8.011000000000001,0.423,0.007999999999999998,100,1.1,4.0,1005.533,0.01703695237356495,291.38880322789964,8.022159933583973,183.02254751684734,True,4.482990340998628,10.822597293285414,1,1,20160910_flight07
2016-09-10 08:22:33,54.59729007,7.56961648,92.70299999999999,-0.602,4.002,1005.452,18.575,1.180012,8.649,0.6609999999999999,0.134,100,0.7,4.1,1005.452,0.017521791073831672,291.27170941940784,8.67422169419251,184.37033559257253,True,4.480705991103463,10.757706558909842,1,1,20160910_flight07
2016-09-10 08:22:34,54.59718726,7.57060255,93.476,-0.444,3.938,1005.357,18.528,1.179858,8.41,0.7979999999999999,-0.047,100,0.7,4.1,1005.357,0.017722415216311793,291.23265259937585,8.44777509170314,185.42039814445576,True,4.4786311918318304,10.69290604107279,1,1,20160910_flight07
2016-09-10 08:22:35,54.597085150000005,7.57158736,94.285,-0.242,3.8169999999999997,1005.276,18.493,1.180075,8.908000000000001,0.8370000000000001,-0.045,100,0.4,3.9,1005.276,0.01757539280281817,291.2044163275251,8.947236053664843,185.3677796368138,True,4.476621675185372,10.628197499735009,1,1,20160910_flight07
2016-09-10 08:22:36,54.596983730000005,7.57257111,94.95299999999999,-0.519,3.673,1005.2090000000001,18.602,1.17994,8.839,0.915,0.024,100,0.6,3.7,1005.2090000000001,0.017243799363046985,291.3188054949373,8.886233510323708,185.9101218917259,True,4.474678215681832,10.563567966804559,1,1,20160910_flight07
2016-09-10 08:22:37,54.59688292,7.5735542,95.426,-0.903,3.4410000000000003,1005.1340000000001,18.512,1.1800309999999998,8.477,0.624,-0.096,100,1.1,3.6,1005.1340000000001,0.01740331065133005,291.23515391491395,8.49993558799124,184.21000349252432,True,4.472795753685302,10.498990538042975,1,1,20160910_flight07
2016-09-10 08:22:38,54.59678253,7.57453711,95.689,-0.955,3.2110000000000003,1005.1,18.549,1.179842,8.777999999999999,1.0290000000000001,0.086,100,1.3,3.3,1005.1,0.017402802028392284,291.2749176898533,8.838106414837965,186.68597682322013,True,4.47095786404369,10.434431411743944,1,1,20160910_flight07
2016-09-10 08:22:39,54.59668404,7.57552121,95.627,-1.6780000000000002,3.1069999999999998,1005.109,18.562,1.179983,8.829,0.758,-0.045,100,1.8,3.2,1005.109,0.017245003301625816,291.28715282368773,8.861478714074757,184.90700702353934,True,4.469340411093578,10.369826740378599,1,1,20160910_flight07
2016-09-10 08:22:40,54.5965874,7.57650703,95.443,-1.454,3.0580000000000003,1005.128,18.55,1.179927,8.965,1.246,0.11200000000000002,100,1.8,3.2,1005.128,0.017354363007548335,291.2735955756298,9.051173459833812,187.91256188574,True,4.4679428589132595,10.305141779349245,1,1,20160910_flight07
2016-09-10 08:22:41,54.59649239,7.577494420000001,95.125,-1.411,3.122,1005.1840000000001,18.543,1.180073,8.717,1.014,0.043,100,1.6,3.2,1005.1840000000001,0.0173095815565103,291.2619648481614,8.775778313061469,186.6350785153416,True,4.466739568722774,10.240382584181026,1,1,20160910_flight07
2016-09-10 08:22:42,54.596398719999996,7.57848327,94.786,-1.931,3.071,1005.2310000000001,18.548000000000002,1.1801709999999999,8.654,1.102,0.08,100,2.1,3.1,1005.2310000000001,0.017255231302025775,291.2630625580892,8.723882163349067,187.25698523830266,True,4.465697566811718,10.17555151965087,1,1,20160910_flight07
2016-09-10 08:22:43,54.59630771,7.57947446,94.435,-2.085,3.034,1005.273,18.589000000000002,1.1802219999999999,8.934,1.117,0.037000000000000005,100,2.1,3.1,1005.273,0.017110812647409768,291.3005205834983,9.003557352513504,187.1265949842184,True,4.464970498271962,10.110613533284011,1,1,20160910_flight07
2016-09-10 08:22:44,54.59621988,7.58046825,94.075,-1.8219999999999998,3.033,1005.3109999999999,18.661,1.180324,8.847000000000001,1.095,0.019,100,2.1,3.1,1005.3109999999999,0.016810416508100667,291.36926241982724,8.914506940936219,187.0556597185098,True,4.464618077038166,10.045560366120798,1,1,20160910_flight07
2016-09-10 08:22:45,54.59613456,7.58146411,93.75399999999999,-1.6880000000000002,3.1460000000000004,1005.3530000000001,18.643,1.180361,8.894,1.043,0.222,100,1.9,3.2,1005.3530000000001,0.016883747527150383,291.3478085384603,8.954947515200745,186.68853087053117,True,4.464561534935381,9.980415146093222,1,1,20160910_flight07
2016-09-10 08:22:46,54.59605165,7.58246167,93.499,-1.401,3.181,1005.387,18.66,1.18035,8.683,0.899,-0.038000000000000006,100,1.5,3.3,1005.387,0.016868371180952302,291.3619645170605,8.729415215236356,185.91109391272906,True,4.464786386969328,9.915199952260917,1,1,20160910_flight07
2016-09-10 08:22:47,54.59597034,7.58346034,93.345,-0.9009999999999999,3.2310000000000003,1005.4069999999999,18.6,1.1803599999999999,8.71,0.9910000000000001,0.026000000000000002,100,1.2,3.4,1005.4069999999999,0.01708911149543324,291.3003993405048,8.766195354884582,186.49104384211026,True,4.465197881935623,9.84993949578459,1,1,20160910_flight07
2016-09-10 08:22:48,54.59589013,7.58446,93.324,-0.177,3.333,1005.4119999999999,18.703,1.180238,8.591000000000001,0.895,-0.106,100,0.4,3.4,1005.4119999999999,0.016840318252836495,291.40282614830096,8.63749419681426,185.94755031247982,True,4.465739821965387,9.784633393584622,1,1,20160910_flight07
2016-09-10 08:22:49,54.595809980000006,7.58545939,93.45100000000001,0.35,3.355,1005.403,18.656000000000002,1.180174,8.336,0.763,-0.172,100,0.6,3.4,1005.403,0.017050143718489785,291.35664456178137,8.370846134053595,185.22975114806303,True,4.466285838117431,9.719345548551328,1,1,20160910_flight07
2016-09-10 08:22:50,54.59572915,7.58645836,93.58699999999999,0.22899999999999998,3.511,1005.3969999999999,18.557000000000002,1.179946,8.418,1.32,0.109,100,0.6,3.6,1005.3969999999999,0.01758582958717292,291.2582941274162,8.520864040694464,188.91180086603407,True,4.466753016427926,9.6540736263952,1,1,20160910_flight07
2016-09-10 08:22:51,54.59564865,7.58745725,93.734,-0.271,3.495,1005.38,18.657,1.179896,8.615,1.102,-0.051000000000000004,100,0.4,3.6,1005.38,0.017263016936972964,291.3595493010114,8.685195967852424,187.28948494521057,True,4.467255792064623,9.588812151244014,1,1,20160910_flight07
2016-09-10 08:22:52,54.595568789999994,7.58845616,93.946,-0.231,3.469,1005.335,18.649,1.1801369999999998,8.859,1.1179999999999999,0.06,100,0.3,3.6,1005.335,0.017037637913906334,291.355291304578,8.929266767209947,187.1926665641464,True,4.467829247826712,9.523559721342846,1,1,20160910_flight07
2016-09-10 08:22:53,54.595489150000006,7.58945467,94.17200000000001,-0.075,3.552,1005.307,18.72,1.180051,8.834,1.139,0.081,100,0.3,3.6,1005.307,0.01683601511020405,291.42850474020065,8.907125069291437,187.34682285674234,True,4.4684231834677135,9.458336454476612,1,1,20160910_flight07
2016-09-10 08:22:54,54.5954094,7.59045283,94.385,-0.263,3.44,1005.297,18.736,1.180094,8.418,0.71,-0.017,100,0.3,3.5,1005.297,0.01673311333745331,291.4453096742237,8.447888730327831,184.82109177774197,True,4.469001720264288,9.393133824652473,1,1,20160910_flight07
2016-09-10 08:22:55,54.59532951999999,7.59145036,94.588,0.09700000000000002,3.435,1005.2769999999999,18.69,1.179986,8.211,0.763,-0.036000000000000004,100,0.2,3.5,1005.2769999999999,0.01696621157901923,291.4010371682733,8.246374354830127,185.3089146351213,True,4.46956002897503,9.327969438634033,1,1,20160910_flight07
2016-09-10 08:22:56,54.595249620000004,7.59244773,94.774,0.07,3.438,1005.2489999999999,18.654,1.179813,8.329,0.9510000000000001,-0.028999999999999998,100,0.2,3.5,1005.2489999999999,0.017212481579625294,291.36741236193245,8.38311648493566,186.5137873429722,True,4.470114634024254,9.262814975329867,1,1,20160910_flight07
2016-09-10 08:22:57,54.59516996,7.593445020000001,94.94800000000001,-0.08800000000000001,3.2710000000000004,1005.232,18.687,1.179726,7.763,0.851,-0.092,100,0.2,3.4,1005.232,0.017155263591879688,291.4017723944066,7.80950510595902,186.2559309244275,True,4.470694923384476,9.197669506946909,1,1,20160910_flight07
2016-09-10 08:22:58,54.59509,7.594442239999999,95.0,0.042,3.2910000000000004,1005.238,18.622,1.179708,7.977,0.588,-0.095,100,0.1,3.4,1005.238,0.017403457911423947,291.3363720012582,7.998641947230793,184.21575768327415,True,4.4712415127837914,9.132523680648909,1,1,20160910_flight07
2016-09-10 08:22:59,54.59500983,7.5954396,95.137,0.29200000000000004,3.2030000000000003,1005.217,18.566,1.1795909999999998,8.058,0.696,-0.036,100,0.4,3.3,1005.217,0.017678438497286786,291.2821959496643,8.08800222551898,184.93660156432276,True,4.471766284997733,9.067365501432409,1,1,20160910_flight07
2016-09-10 08:23:00,54.594929730000004,7.5964371,95.2,0.439,3.336,1005.215,18.538,1.179548,7.9670000000000005,0.698,0.17800000000000002,100,0.7,3.4,1005.215,0.01781120608468889,291.2544033208183,7.997517927457244,185.00697861961362,True,4.472300080507621,9.002199486889667,1,1,20160910_flight07
2016-09-10 08:23:01,54.59484886,7.59743426,95.147,0.49,3.275,1005.216,18.511,1.179666,8.022,0.916,0.067,100,0.7,3.3,1005.216,0.017804621313079805,291.2273605976602,8.074127816674691,186.51416149127607,True,4.472745875550713,8.937042820441484,1,1,20160910_flight07
2016-09-10 08:23:02,54.59476705,7.59843107,95.073,0.5,3.272,1005.232,18.52,1.179892,8.53,1.0270000000000001,0.124,100,0.6,3.3,1005.232,0.017594464610420246,291.23502144785124,8.591602237068473,186.86528586349553,True,4.47308485175204,8.871893399601632,1,1,20160910_flight07
2016-09-10 08:23:03,54.59468496,7.599427990000001,94.99,0.369,3.3,1005.245,18.592,1.179994,8.472000000000001,0.953,0.052000000000000005,100,0.4,3.3,1005.245,0.017268544209325,291.30583663854486,8.525432129810197,186.4181188859639,True,4.473394019252089,8.806732417457578,1,1,20160910_flight07
2016-09-10 08:23:04,54.59460235,7.600424749999999,94.9,0.36,3.284,1005.26,18.602,1.180136,8.607000000000001,1.01,0.095,100,0.5,3.4,1005.26,0.017126454938187763,291.3145784759978,8.666057292679296,186.69284185548787,True,4.473644410799251,8.741573290898675,1,1,20160910_flight07
2016-09-10 08:23:05,54.594519149999996,7.60142148,94.81,0.46,3.3609999999999998,1005.288,18.624000000000002,1.1800389999999998,8.648000000000001,1.254,0.12200000000000001,100,0.5,3.4,1005.288,0.017161695655111275,291.3342247175655,8.73844494175022,188.25064678443266,True,4.473829535649806,8.676406566139708,1,1,20160910_flight07
2016-09-10 08:23:06,54.59443528,7.6024180999999995,94.694,0.6509999999999999,3.3,1005.2959999999999,18.683,1.1800439999999999,8.6,1.177,0.07200000000000001,100,0.7,3.3,1005.2959999999999,0.016959839492509676,291.3924725929367,8.680168719558393,187.7931106814384,True,4.473939831853013,8.61123607514006,1,1,20160910_flight07
2016-09-10 08:23:07,54.59435026,7.60341438,94.6,0.7340000000000001,3.258,1005.315,18.707,1.1801599999999999,8.421,1.123,-0.032,100,0.8,3.3,1005.315,0.016795479224329224,291.4148611690489,8.495550011623731,187.59598037855955,True,4.473920272650153,8.54606880121691,1,1,20160910_flight07
2016-09-10 08:23:08,54.59426391,7.604410380000001,94.56299999999999,0.568,3.2510000000000003,1005.31,18.719,1.1801339999999998,8.411999999999999,0.93,-0.126,100,0.6,3.3,1005.31,0.016771017854689374,291.4272575285036,8.463252566241893,186.30879188554513,True,4.47375159480738,8.480897998179318,1,1,20160910_flight07
2016-09-10 08:23:09,54.594176680000004,7.60540627,94.6,0.297,3.3,1005.312,18.797,1.180015,7.801,1.023,-0.013000000000000001,100,0.7,3.3,1005.312,0.016603897868840756,291.5049736158305,7.867790668288017,187.47096733307046,True,4.473484957954687,8.415720040706773,1,1,20160910_flight07
2016-09-10 08:23:10,54.59408799,7.606401829999999,94.6,0.634,3.2489999999999997,1005.307,18.723,1.179969,7.824,0.828,-0.05,100,0.8,3.3,1005.307,0.016896226235057155,291.4315002022701,7.867690893775632,186.04102499109186,True,4.473054414674445,8.350539658353249,1,1,20160910_flight07
2016-09-10 08:23:11,54.59399835,7.607397069999999,94.63799999999999,0.5489999999999999,3.3539999999999996,1005.303,18.59,1.1797579999999999,8.158,0.917,-0.012,100,0.8,3.4,1005.303,0.01753772071991322,291.29903287121977,8.209375920251185,186.41341167206843,True,4.472516232501336,8.285364439253128,1,1,20160910_flight07
2016-09-10 08:23:12,54.59390875,7.60839245,94.7,0.735,3.3789999999999996,1005.3009999999999,18.636000000000003,1.179657,7.7589999999999995,0.8079999999999999,-0.016,100,0.9,3.4,1005.3009999999999,0.01746238784277243,291.34512911233725,7.800957953995137,185.94518894919423,True,4.471983769286558,8.220180900798926,1,1,20160910_flight07
2016-09-10 08:23:13,54.59381756,7.60938685,94.8,0.784,3.359,1005.3009999999999,18.549,1.1798250000000001,7.902,0.936,0.163,100,0.9,3.4,1005.3009999999999,0.017620924947732153,291.2582605640423,7.957241984506943,186.7552675735866,True,4.471266983963435,8.155034461944677,1,1,20160910_flight07
2016-09-10 08:23:14,54.59372513,7.6103805399999995,94.74,0.396,3.4330000000000003,1005.307,18.506,1.179891,8.216000000000001,0.9390000000000001,0.21,100,0.7,3.5,1005.307,0.017720099488176766,291.21482844591065,8.269484687693666,186.51999843079412,True,4.470406959687388,8.089913480569493,1,1,20160910_flight07
2016-09-10 08:23:15,54.59363282,7.61137397,94.7,0.26,3.5,1005.304,18.5,1.17997,8.248,0.9790000000000001,0.17400000000000002,100,0.3,3.5,1005.304,0.017669861106813123,291.20908606043906,8.305898205492287,186.76907743253432,True,4.469557714005562,8.02481108407881,1,1,20160910_flight07
2016-09-10 08:23:16,54.5935403,7.612367020000001,94.78399999999999,0.026000000000000002,3.408,1005.3109999999999,18.5,1.180089,7.991999999999999,0.77,0.036000000000000004,100,0.3,3.5,1005.3109999999999,0.01757432481849519,291.20850613836564,8.029007659729812,185.50325276586938,True,4.468681773628157,7.959729632216913,1,1,20160910_flight07
2016-09-10 08:23:17,54.59344725,7.61335953,94.858,-0.156,3.375,1005.305,18.5,1.1800869999999999,8.087,0.899,-0.127,100,0.3,3.4,1005.305,0.017569976192066905,291.2090032141106,8.136815716236912,186.34330218153633,True,4.467742391518199,7.894674207420578,1,1,20160910_flight07
2016-09-10 08:23:18,54.59335471,7.61435234,95.006,-0.34299999999999997,3.387,1005.294,18.512,1.180021,8.594,1.183,0.064,100,0.6,3.4,1005.294,0.01757388699498308,291.2218964221437,8.675040345727504,187.83774612674011,True,4.466861997091625,7.8296078009724495,1,1,20160910_flight07
2016-09-10 08:23:19,54.593263459999996,7.61534584,95.089,-0.514,3.3819999999999997,1005.288,18.563000000000002,1.180085,8.638,1.218,0.11800000000000001,100,0.6,3.4,1005.288,0.0173347364686236,291.2733166595899,8.723449317787088,188.02607018611386,True,4.466130161250046,7.764518024432995,1,1,20160910_flight07
2016-09-10 08:23:20,54.593172720000005,7.6163395000000005,94.986,-0.598,3.2880000000000003,1005.293,18.602,1.1801249999999999,8.661999999999999,1.3130000000000002,0.063,100,0.8,3.3,1005.293,0.017169325476406927,291.3118434930498,8.760948179278312,188.61937109407248,True,4.465455999917035,7.6994262309660835,1,1,20160910_flight07
2016-09-10 08:23:21,54.59308222,7.61733347,94.853,-0.7490000000000001,3.2,1005.3029999999999,18.629,1.180197,8.566,1.4,0.008,100,0.9,3.2,1005.3029999999999,0.017023269027816035,291.33797392243656,8.679651836335372,189.28217469575986,True,4.4648111810270645,7.634318459259988,1,1,20160910_flight07
2016-09-10 08:23:22,54.59299242,7.61832843,94.67,-0.563,3.2,1005.334,18.669,1.180186,8.532,1.307,-0.02,100,0.6,3.2,1005.334,0.01692469969715349,291.3753437837908,8.631527848532958,188.70932097542385,True,4.464252749370315,7.5691585881271735,1,1,20160910_flight07
2016-09-10 08:23:23,54.592903269999994,7.6193243299999995,94.531,-0.41600000000000004,3.122,1005.37,18.703,1.1802759999999999,8.501,1.1159999999999999,-0.14600000000000002,100,0.5,3.2,1005.37,0.016765104166995615,291.40630773074855,8.573940575954559,187.47894532679703,True,4.463774728724562,7.503949012541726,1,1,20160910_flight07
2016-09-10 08:23:24,54.592814669999996,7.62032097,94.42200000000001,-0.479,3.1,1005.375,18.756,1.1801899999999999,7.542999999999999,0.586,-0.052000000000000005,100,0.6,3.1,1005.375,0.01665962886602368,291.4588120530266,7.565728319203643,184.44226744770648,True,4.463364228669045,7.438700925827071,1,1,20160910_flight07
2016-09-10 08:23:25,54.592725810000005,7.62131789,94.31299999999999,0.022000000000000002,3.253,1005.3969999999999,18.695,1.1799899999999999,7.881,0.873,-0.07400000000000001,100,0.2,3.4,1005.3969999999999,0.01706673406311565,291.3960818547919,7.929204878170321,186.32104048748948,True,4.462927717375166,7.373430714756901,1,1,20160910_flight07
2016-09-10 08:23:26,54.592637169999996,7.6223151399999995,94.306,0.124,3.4,1005.3969999999999,18.614,1.179896,7.832000000000001,0.931,-0.08800000000000001,100,0.2,3.4,1005.3969999999999,0.017430144004024983,291.31520644959306,7.887140483090181,186.77901304824036,True,4.462518533229096,7.30814292208747,1,1,20160910_flight07
2016-09-10 08:23:27,54.59254891,7.6233126,94.411,0.069,3.408,1005.387,18.637999999999998,1.179887,7.278,0.509,0.102,100,0.2,3.5,1005.387,0.01734410008586873,291.3399982951374,7.2957772032868435,184.00056925026547,True,4.462153173787309,7.242847813349715,1,1,20160910_flight07
2016-09-10 08:23:28,54.59246014,7.62430929,94.5,-0.020999999999999998,3.596,1005.385,18.615,1.179803,7.645,0.904,0.268,100,0.3,3.7,1005.385,0.017494712715123484,291.31719934929265,7.698262206498295,186.7437517241667,True,4.461724418144792,7.177593782123989,1,1,20160910_flight07
2016-09-10 08:23:29,54.59237204,7.62530559,94.605,-0.18900000000000003,3.5269999999999997,1005.3609999999999,18.592,1.1798609999999998,7.841,0.762,-0.066,100,0.4,3.6,1005.3609999999999,0.01750061663793767,291.29622341449004,7.877939134062919,185.55065863559577,True,4.461365801237493,7.1123755340115675,1,1,20160910_flight07
2016-09-10 08:23:30,54.592285000000004,7.626301939999999,94.912,0.501,3.5,1005.3159999999999,18.563000000000002,1.1798250000000001,7.7410000000000005,0.77,-0.011,100,0.7,3.5,1005.3159999999999,0.0175872699973203,291.2709964538907,7.7792018228093305,185.68054546872656,True,4.46112440657471,7.047171186525379,1,1,20160910_flight07
2016-09-10 08:23:31,54.592197420000005,7.62729751,95.175,0.665,3.4530000000000003,1005.295,18.499000000000002,1.179821,7.93,0.9420000000000001,0.124,100,0.8,3.5,1005.295,0.017792760902129334,291.20883319139864,7.9857538153890015,186.77438643182208,True,4.460816217575331,6.982008072860771,1,1,20160910_flight07
2016-09-10 08:23:32,54.59210931,7.62829247,95.3,0.11200000000000002,3.4760000000000004,1005.295,18.534000000000002,1.1797879999999998,8.144,1.034,0.182,100,0.4,3.5,1005.295,0.017699098423243464,291.243780368182,8.209378295583656,187.23582302455037,True,4.460443930254813,6.916875468623724,1,1,20160910_flight07
2016-09-10 08:23:33,54.592021370000005,7.62928719,95.319,0.295,3.38,1005.2919999999999,18.66,1.179894,7.694,0.6779999999999999,0.048,100,0.8,3.4,1005.2919999999999,0.017165243766193328,291.3698388834359,7.723815119485965,185.03593104725394,True,4.460088116355966,6.851760975309478,1,1,20160910_flight07
2016-09-10 08:23:34,54.59193232,7.63028118,95.34100000000001,0.875,3.272,1005.294,18.634,1.1796280000000001,7.61,1.202,0.099,100,1.0,3.3,1005.294,0.017487290507161468,291.34371233015884,7.704343190694454,188.9757195879568,True,4.459603194700902,6.7866753176024925,1,1,20160910_flight07
2016-09-10 08:23:35,54.5918422,7.63127519,95.206,0.48200000000000004,3.2979999999999996,1005.298,18.409,1.179656,8.276,1.3030000000000002,0.037000000000000005,100,0.7,3.3,1005.298,0.018252381228428982,291.11872055854764,8.377946347405192,188.94738352241768,True,4.459000605944826,6.721571115564743,1,1,20160910_flight07
2016-09-10 08:23:36,54.59175234,7.63226981,95.081,0.21900000000000003,3.2,1005.3009999999999,18.461,1.1797849999999999,8.512,1.1540000000000001,0.064,100,0.4,3.2,1005.3009999999999,0.01796252665107878,291.1703935266866,8.589869614842824,187.72070551662742,True,4.458432376472068,6.6564320478496,1,1,20160910_flight07
2016-09-10 08:23:37,54.59166226,7.633264779999999,94.94200000000001,-0.134,3.2,1005.3079999999999,18.556,1.180062,8.38,0.916,0.045,100,0.2,3.2,1005.3079999999999,0.017399218597479393,291.2646699518176,8.429914353064332,186.23811385645553,True,4.457843198131451,6.5912670187871445,1,1,20160910_flight07
2016-09-10 08:23:38,54.5915714,7.63425954,94.80799999999999,-0.17900000000000002,3.222,1005.34,18.571,1.180213,8.242,0.6779999999999999,-0.037000000000000005,100,0.3,3.3,1005.34,0.017249121599970385,291.27699559615337,8.269839659872494,184.70265325572205,True,4.457166137256328,6.526102852089766,1,1,20160910_flight07
2016-09-10 08:23:39,54.5914802,7.63525423,94.8,-0.13,3.372,1005.357,18.512999999999998,1.180054,8.422,0.982,0.127,100,0.3,3.5,1005.357,0.01760570950826068,291.21767550206647,8.479057023042127,186.65062168926954,True,4.456450970636812,6.460937682106918,1,1,20160910_flight07
2016-09-10 08:23:40,54.591389879999994,7.6362492799999995,94.839,-0.13,3.4330000000000003,1005.3509999999999,18.629,1.179845,7.75,0.72,-0.14200000000000002,100,0.2,3.5,1005.3509999999999,0.017375266189498362,291.33399565427123,7.783373304679662,185.30772738187255,True,4.455836107982858,6.395763658122853,1,1,20160910_flight07
2016-09-10 08:23:41,54.59129935,7.6372439,95.061,-0.5579999999999999,3.276,1005.31,18.57,1.179748,8.024,0.9159999999999999,-0.115,100,1.0,3.3,1005.31,0.0176231933500981,291.27848303936037,8.076114907553011,186.51255177256542,True,4.455194081643601,6.330613780455028,1,1,20160910_flight07
2016-09-10 08:23:42,54.591209719999995,7.63823898,95.2,-0.77,3.48,1005.3,18.565,1.179599,7.945,0.922,-0.006999999999999999,100,1.0,3.6,1005.3,0.01775905386806076,291.27431925423247,7.998319135918496,186.61944188772583,True,4.454655500143458,6.265448968096555,1,1,20160910_flight07
2016-09-10 08:23:43,54.591121300000005,7.6392344,95.3,-0.289,3.313,1005.297,18.542,1.179718,8.232000000000001,1.072,0.054000000000000006,100,0.4,3.4,1005.297,0.017733596312859756,291.25160257598407,8.301506369328402,187.41950557001564,True,4.454253382725421,6.200281906717143,1,1,20160910_flight07
2016-09-10 08:23:44,54.59103362,7.640230259999999,95.3,-0.268,3.3169999999999997,1005.3,18.53,1.1798899999999999,8.507,0.851,0.124,100,0.4,3.4,1005.3,0.017630136119140882,291.23937212716015,8.549459047214624,185.71259366517586,True,4.453936899416769,6.135098609840716,1,1,20160910_flight07
2016-09-10 08:23:45,54.590946540000004,7.641226370000001,95.306,-0.137,3.3489999999999998,1005.299,18.652,1.17985,7.782,0.49700000000000005,-0.187,100,0.4,3.4,1005.299,0.017238147407421245,291.36127071727657,7.79785438438036,183.6542509771051,True,4.453688847813103,6.069908985082884,1,1,20160910_flight07
2016-09-10 08:23:46,54.59085888,7.64222199,95.455,0.484,3.22,1005.285,18.594,1.1796200000000001,7.655,0.653,-0.12300000000000001,100,0.5,3.3,1005.285,0.01762458554753299,291.3045185597697,7.68280118186069,184.87573969705733,True,4.453372316238012,6.004741378990369,1,1,20160910_flight07
2016-09-10 08:23:47,54.59077068,7.64321747,95.58,0.45399999999999996,3.37,1005.2669999999999,18.507,1.179427,8.207,1.06,-0.096,100,0.5,3.4,1005.2669999999999,0.018076481644599962,291.21914094012953,8.275170632681842,187.35946776242957,True,4.452994993415604,5.939574025122928,1,1,20160910_flight07
2016-09-10 08:23:48,54.5906832,7.64421327,95.742,0.23800000000000002,3.3139999999999996,1005.243,18.487000000000002,1.179584,8.327,0.5820000000000001,-0.128,100,0.4,3.4,1005.243,0.017986482454344088,291.2011593149047,8.347314118924722,183.99807891250413,True,4.452699976234108,5.874397797122852,1,1,20160910_flight07
2016-09-10 08:23:49,54.590595560000004,7.645208790000001,95.945,0.193,3.164,1005.2090000000001,18.517,1.179654,8.286,0.6920000000000001,-0.113,100,0.4,3.3,1005.2090000000001,0.017786949430915744,291.2339317032681,8.314845759242921,184.77394215834758,True,4.45238470956898,5.8092369170900255,1,1,20160910_flight07
2016-09-10 08:23:50,54.59050717,7.64620399,96.041,0.09200000000000001,3.1,1005.2040000000001,18.5,1.179698,8.302,1.134,-0.096,100,0.2,3.1,1005.2040000000001,0.017803249284232603,291.21737122851147,8.379090642784574,187.77810057600072,True,4.451983832925315,5.744084427162114,1,1,20160910_flight07
2016-09-10 08:23:51,54.5904189,7.647199779999999,95.959,-0.04,3.1,1005.224,18.493,1.179896,8.726999999999999,1.199,0.172,100,0.1,3.1,1005.224,0.017677123224571156,291.20872453355975,8.808980077171249,187.82287452621586,True,4.4516017077285674,5.678896093435744,1,1,20160910_flight07
2016-09-10 08:23:52,54.590331,7.64819625,95.745,-0.114,3.095,1005.2560000000001,18.623,1.180005,8.038,0.845,-0.34,100,0.3,3.2,1005.2560000000001,0.017162110817307452,291.3358785356526,8.08229354824483,186.00121374340262,True,4.451266714306788,5.613670186438163,1,1,20160910_flight07
2016-09-10 08:23:53,54.59024206,7.64919278,95.62899999999999,0.098,2.892,1005.28,18.579,1.180075,8.104,1.27,0.14200000000000002,100,0.4,3.1,1005.28,0.017279465284617546,291.2899555111884,8.202908996203725,188.90653819610932,True,4.4508177333138566,5.548423657787758,1,1,20160910_flight07
2016-09-10 08:23:54,54.59015308,7.650190380000001,95.26799999999999,-0.196,3.137,1005.3109999999999,18.665,1.1799369999999998,8.396,1.545,-0.003,100,0.4,3.2,1005.3109999999999,0.017129971350339,291.3732563647083,8.536969075731738,190.42670621881786,True,4.450374382951033,5.4831079676599614,1,1,20160910_flight07
2016-09-10 08:23:55,54.59006531,7.651189759999999,94.91799999999999,0.08200000000000002,3.148,1005.3389999999999,18.75,1.1800819999999999,8.103,1.3780000000000001,0.336,100,0.3,3.3,1005.3389999999999,0.016737163784344977,291.45580606869106,8.219336530401952,189.65141272120835,True,4.4500810036178695,5.417697819918585,1,1,20160910_flight07
2016-09-10 08:23:56,54.58997651,7.652188730000001,94.53200000000001,0.89,3.1510000000000002,1005.4069999999999,18.708,1.180273,8.025,0.946,0.08199999999999999,100,1.1,3.3,1005.4069999999999,0.01678768850956791,291.40823290735574,8.080565636142063,186.72309233608468,True,4.449670329640552,5.352297307726756,1,1,20160910_flight07
2016-09-10 08:23:57,54.58988583,7.653187450000001,94.26799999999999,0.769,3.238,1005.422,18.811,1.179938,7.445,0.892,-0.242,100,0.9,3.3,1005.422,0.01673272556201555,291.50983033440383,7.49824572816869,186.8321518997153,True,4.449050238899723,5.286882471566297,1,1,20160910_flight07
2016-09-10 08:23:58,54.58979398,7.65418583,94.3,0.6729999999999999,3.1010000000000004,1005.429,18.852,1.179957,7.832999999999999,0.945,-0.139,100,0.9,3.3,1005.429,0.016580674345085145,291.55018644241113,7.889798096275975,186.8791132256311,True,4.448298089861845,5.2214705297973785,1,1,20160910_flight07
2016-09-10 08:23:59,54.58970137,7.65518449,94.35,0.6739999999999999,3.193,1005.42,18.924,1.179851,7.245,1.237,-0.5539999999999999,100,0.8,3.3,1005.42,0.016412284705219715,291.622821623416,7.349843127577622,189.6891614051808,True,4.4474648572950475,5.156028396543767,1,1,20160910_flight07
2016-09-10 08:24:00,54.58960714,7.65618286,94.573,0.9209999999999999,3.05,1005.4,18.901999999999997,1.180118,7.147,0.8029999999999999,-0.19699999999999998,100,1.0,3.3,1005.4,0.01623865532902613,291.6025145942167,7.191968993259079,186.41057316125188,True,4.446450470362095,5.090578695578257,1,1,20160910_flight07
2016-09-10 08:24:01,54.589511300000005,7.65718081,94.721,0.509,3.385,1005.3989999999999,18.9,1.1800279999999999,7.961,0.664,-0.42,100,0.9,3.4,1005.3989999999999,0.016322112231200947,291.60060062220776,7.988643001161086,184.76781099564408,True,4.445254811132278,5.025129912630506,1,1,20160910_flight07
2016-09-10 08:24:02,54.589415980000005,7.658178789999999,95.162,0.46299999999999997,3.4,1005.323,18.913999999999998,1.179752,7.928,1.101,-0.124,100,0.6,3.4,1005.323,0.01643430974152027,291.62088388231666,8.004085519283262,187.90637489657635,True,4.444116708477187,4.959687598484441,1,1,20160910_flight07
2016-09-10 08:24:03,54.58932035,7.659176169999999,95.47,0.639,3.302,1005.2979999999999,18.977,1.179709,7.73,1.238,0.081,100,0.9,3.4,1005.2979999999999,0.016226874816974934,291.68586282915925,7.828508414762036,189.09894925194038,True,4.442938833106895,4.894278702965192,1,1,20160910_flight07
2016-09-10 08:24:04,54.58922337,7.66017253,95.47200000000001,0.395,3.267,1005.298,19.009,1.179609,7.875,1.193,0.132,100,0.9,3.3,1005.298,0.016201708128856573,291.71781450637684,7.9648524154562965,188.61435502031736,True,4.441602695133858,4.828913340617494,1,1,20160910_flight07
2016-09-10 08:24:05,54.58912622,7.66116901,95.4,-0.121,3.2909999999999995,1005.3009999999999,19.011,1.1794499999999999,8.147,1.5030000000000001,-0.05,100,0.4,3.3,1005.3009999999999,0.016334776394529182,291.7195625101601,8.284480551006201,190.45268945497767,True,4.440248958161625,4.76353755139656,1,1,20160910_flight07
2016-09-10 08:24:06,54.58902969,7.66216614,95.333,0.45399999999999996,3.14,1005.302,19.095000000000002,1.179246,7.731,1.42,-0.078,100,0.5,3.3,1005.302,0.016219429224717752,291.80335257560915,7.860328301031707,190.40785762486448,True,4.438969607714853,4.69813014348145,1,1,20160910_flight07
2016-09-10 08:24:07,54.588931599999995,7.66316286,95.205,0.583,3.1060000000000003,1005.312,19.103,1.179122,7.681,0.88,0.171,100,0.6,3.2,1005.312,0.0163085868360342,291.81051031230777,7.731245759901829,186.53578999909126,True,4.437514585997281,4.632723819959331,1,1,20160910_flight07
2016-09-10 08:24:08,54.588832499999995,7.66415922,94.956,0.303,3.2060000000000004,1005.3659999999999,19.1,1.179136,7.426,0.6679999999999999,0.135,100,0.5,3.3,1005.3659999999999,0.01636154316316052,291.80303214702946,7.455984173802946,185.14016233336457,True,4.435944941518569,4.567324252984838,1,1,20160910_flight07
2016-09-10 08:24:09,54.58873256,7.66515539,94.76700000000001,-0.11200000000000002,3.2809999999999997,1005.396,19.1,1.179079,7.775,0.953,0.169,100,0.4,3.3,1005.396,0.016441006514792633,291.80054188778166,7.833187984467116,186.98802133331372,True,4.434280993427382,4.501923299645261,1,1,20160910_flight07
2016-09-10 08:24:10,54.58863386,7.66615177,94.7,-0.016,3.3,1005.3969999999999,19.153,1.179028,7.1339999999999995,0.5920000000000001,0.145,100,0.4,3.3,1005.3969999999999,0.01630167676868144,291.8533773557924,7.158520796924459,184.7437011650186,True,4.4327555943770065,4.436528905699132,1,1,20160910_flight07
2016-09-10 08:24:11,54.588534499999994,7.66714762,94.615,0.273,3.3659999999999997,1005.396,19.145,1.179195,6.655,0.5329999999999999,0.255,100,0.3,3.4,1005.396,0.016184547163243357,291.84547268122884,6.676309908924241,184.57905403317858,True,4.431152528595984,4.371157801027357,1,1,20160910_flight07
2016-09-10 08:24:12,54.588434209999996,7.66814254,94.535,0.33899999999999997,3.372,1005.3989999999999,19.125999999999998,1.179379,6.622000000000001,0.6809999999999999,-0.02900000000000001,100,0.5,3.4,1005.3989999999999,0.016095088600618812,291.82625285895017,6.656924590229336,185.8716008682495,True,4.429438305120108,4.305831242878515,1,1,20160910_flight07
2016-09-10 08:24:13,54.5883335,7.66913729,94.6,0.117,3.27,1005.396,19.073,1.1795090000000001,7.061,1.181,8.326672684688674e-19,100,0.3,3.3,1005.396,0.01616433435754927,291.7735834117133,7.159083879938829,189.49521527368944,True,4.427676226351066,4.240508794077967,1,1,20160910_flight07
2016-09-10 08:24:14,54.58823425,7.6701329099999995,94.6,-0.13,3.3139999999999996,1005.3969999999999,19.064,1.179554,7.023,1.4040000000000001,-0.035,100,0.3,3.4,1005.3969999999999,0.01615787438108529,291.764514256253,7.161965163277464,191.30522568198995,True,4.426083119114718,4.17515419193605,1,1,20160910_flight07
2016-09-10 08:24:15,54.588134499999995,7.671128650000001,94.639,0.248,3.2140000000000004,1005.398,19.07,1.1797399999999998,7.11,0.45899999999999996,-0.074,100,0.3,3.3,1005.398,0.015977814618710173,291.7704220286396,7.124800418257343,183.6937158408544,True,4.4244360651677095,4.109783838615565,1,1,20160910_flight07
2016-09-10 08:24:16,54.588034500000006,7.67212385,94.7,0.248,3.4139999999999997,1005.395,19.082,1.179687,7.099,0.843,0.04300000000000001,100,0.5,3.5,1005.395,0.015978706806973886,291.7826525723923,7.148877534270677,186.77211022401926,True,4.422756409971823,4.04444402995318,1,1,20160910_flight07
2016-09-10 08:24:17,54.5879345,7.673118769999999,94.796,0.72,3.4360000000000004,1005.387,19.090000000000003,1.179698,7.171,1.0910000000000002,0.196,100,0.8,3.5,1005.387,0.015933337561436556,291.79130430919355,7.253517905127139,188.65067438971556,True,4.4210741284231485,3.979122150739127,1,1,20160910_flight07
2016-09-10 08:24:18,54.587833710000005,7.674113160000001,94.848,0.627,3.319,1005.382,19.054000000000002,1.179714,6.746,1.125,-0.146,100,0.8,3.5,1005.382,0.01603966876546914,291.7557745584328,6.839162302504599,189.46783128514744,True,4.419299861350622,3.9138214633460113,1,1,20160910_flight07
2016-09-10 08:24:19,54.58773198,7.67510713,94.85700000000001,0.5479999999999999,3.3169999999999997,1005.382,19.047,1.1797,7.176,1.044,0.217,100,0.7,3.4,1005.382,0.016076067521515247,291.74878529606167,7.251545490445468,188.27759876941712,True,4.417418118846932,3.8485325039233365,1,1,20160910_flight07
2016-09-10 08:24:20,54.587629230000005,7.67610302,94.85600000000001,0.6709999999999999,3.222,1005.365,19.125,1.179514,6.386,0.883,-0.113,100,0.9,3.4,1005.365,0.015947910742351468,291.82807692935756,6.446757712214723,187.8724396225448,True,4.415442038139828,3.7831041427674856,1,1,20160910_flight07
2016-09-10 08:24:21,54.58752525,7.677097079999999,94.819,0.7020000000000001,3.287,1005.383,19.132,1.17937,6.681,1.228,-0.095,100,0.8,3.4,1005.383,0.01606581392721984,291.8335718929975,6.792918739393252,190.41499135275293,True,4.413313314519213,3.717773118227366,1,1,20160910_flight07
2016-09-10 08:24:22,54.58742043,7.678090210000001,94.78,0.688,3.033,1005.367,19.19,1.179247,6.162999999999999,0.775,0.188,100,0.8,3.3,1005.367,0.01595401741958935,291.8928114650683,6.211537168849591,187.16734833349102,True,4.411083346215843,3.6524880922932867,1,1,20160910_flight07
2016-09-10 08:24:23,54.58731429,7.6790831100000005,94.54,0.249,3.2489999999999997,1005.3969999999999,19.208,1.179065,6.077000000000001,0.662,-0.195,100,0.8,3.3,1005.3969999999999,0.016078598132613253,291.9082927543841,6.112951251237,186.21701972425478,True,4.40870582970893,3.58719649690008,1,1,20160910_flight07
2016-09-10 08:24:24,54.58720749,7.68007607,94.48899999999999,0.444,3.0989999999999998,1005.401,19.203,1.1791179999999999,5.684,0.445,0.044000000000000004,100,0.5,3.3,1005.401,0.016054345768136358,291.90296830148066,5.701392899985056,184.47655178638178,True,4.406256180569372,3.5218904108718867,1,1,20160910_flight07
2016-09-10 08:24:25,54.587100060000004,7.68106895,94.354,0.521,3.4139999999999997,1005.403,19.137999999999998,1.179371,5.937,0.679,0.462,100,0.6,3.5,1005.403,0.01606430700031547,291.83790232440026,5.975701632444512,186.52442872245473,True,4.40373638996075,3.4565792829609387,1,1,20160910_flight07
2016-09-10 08:24:26,54.586992959999996,7.682061790000001,94.15100000000001,0.15,3.4339999999999997,1005.451,19.092,1.179407,6.556,1.58,0.03,100,0.3,3.5,1005.451,0.0162417354861768,291.78798908902627,6.743703433574166,193.54992929554788,True,4.401252571868239,3.3912760407046423,1,1,20160910_flight07
2016-09-10 08:24:27,54.58688664,7.68305535,94.1,0.195,3.127,1005.475,19.191,1.179388,6.107,0.818,-0.268,100,0.4,3.3,1005.475,0.015938205581621512,291.88484266941185,6.16153982377782,187.6290548749775,True,4.398861420022966,3.325939278873542,1,1,20160910_flight07
2016-09-10 08:24:28,54.586779299999996,7.684048860000001,94.1,0.3990000000000001,3.187,1005.4730000000001,19.1,1.179525,6.294,0.596,0.017,100,0.4,3.4,1005.4730000000001,0.016134488024911686,291.79415065974786,6.32215564503121,185.40939989144852,True,4.396357451715117,3.2605892617862944,1,1,20160910_flight07
2016-09-10 08:24:29,54.586671210000006,7.68504214,94.1,0.431,3.444,1005.471,19.262,1.1792960000000001,5.985,0.868,-0.026000000000000002,100,0.7,3.5,1005.471,0.015766723387222736,291.9560640633496,6.04761514979252,188.2520280391044,True,4.3937687176154,3.195241871767247,1,1,20160910_flight07
2016-09-10 08:24:30,54.58656293,7.68603525,94.215,0.529,3.4,1005.46,19.19,1.179394,5.978,0.9810000000000001,-0.10400000000000001,100,0.7,3.4,1005.46,0.01592135624791413,291.88508960504606,6.057957163929108,189.31927352928972,True,4.391157461473698,3.1299023019755516,1,1,20160910_flight07
2016-09-10 08:24:31,54.58645394,7.687028000000001,94.36,0.345,3.41,1005.4069999999999,19.111,1.1789800000000001,5.582000000000001,1.0310000000000001,0.177,100,0.5,3.5,1005.4069999999999,0.016499219725707892,291.8106118651423,5.676414801615541,190.46464299403004,True,4.38846462594473,3.064574329008863,1,1,20160910_flight07
2016-09-10 08:24:32,54.58634419,7.68802029,94.375,0.6679999999999999,3.45,1005.42,19.026,1.1789580000000002,6.176,0.845,-0.121,100,0.9,3.5,1005.42,0.016827061669836274,291.724664059941,6.233538401261358,187.79083190304246,True,4.385683765816518,2.9992635495288917,1,1,20160910_flight07
2016-09-10 08:24:33,54.5862345,7.6890123500000005,94.603,0.695,3.463,1005.398,19.003,1.1791580000000002,6.557,0.7859999999999999,-0.19,100,0.9,3.5,1005.398,0.016712384475487285,291.7035251075667,6.60394162602911,186.83553748735068,True,4.38290735700363,2.9339684658657017,1,1,20160910_flight07
2016-09-10 08:24:34,54.58612436000001,7.690003910000001,94.979,0.354,3.261,1005.342,18.928,1.179063,5.937,0.7070000000000001,-0.377,100,0.6,3.4,1005.342,0.016998747355000843,291.63328630791784,5.978947900759799,186.79101365884105,True,4.380076693217434,2.8686981386588655,1,1,20160910_flight07
2016-09-10 08:24:35,54.58601273,7.6909944900000005,95.32800000000002,0.051000000000000004,3.218,1005.3159999999999,19.049,1.179157,6.2620000000000005,0.759,-0.18,100,0.1,3.3,1005.3159999999999,0.016470278823219164,291.7562600666765,6.307830451113918,186.91095386819956,True,4.377072721779291,2.8034665244775083,1,1,20160910_flight07
2016-09-10 08:24:36,54.58590115,7.691985140000001,95.53399999999999,0.286,3.3369999999999997,1005.3029999999999,19.089000000000002,1.179469,6.31,0.605,-0.127,100,0.3,3.4,1005.3029999999999,0.016049165404757426,291.7972786290958,6.338937213760678,185.4767524662633,True,4.374074914158323,2.7382312346469457,1,1,20160910_flight07
2016-09-10 08:24:37,54.58578978,7.6929757,95.742,0.5589999999999999,3.221,1005.2769999999999,19.08,1.179581,6.225,0.525,-0.24900000000000003,100,0.8,3.3,1005.2769999999999,0.015957705308232484,291.7904505608707,6.247099326887639,184.82076607809265,True,4.371099392714809,2.6730050960477167,1,1,20160910_flight07
2016-09-10 08:24:38,54.585677450000006,7.6939658,95.927,0.4,3.11,1005.2410000000001,19.049,1.179433,5.952999999999999,0.601,-0.21899999999999997,100,0.8,3.2,1005.2410000000001,0.01615659945001946,291.7624854445676,5.983260816645051,185.76490552967743,True,4.368013817756948,2.607792924083523,1,1,20160910_flight07
2016-09-10 08:24:39,54.58556417,7.69495571,95.97399999999999,-0.212,3.065,1005.221,19.07,1.179343,6.459,0.7909999999999999,0.061,100,0.5,3.2,1005.221,0.016140898522638558,291.78511439374444,6.507254567019796,186.98194920602333,True,4.364821823281227,2.542577590985553,1,1,20160910_flight07
2016-09-10 08:24:40,54.585451830000004,7.69594651,95.845,-0.37799999999999995,3.15,1005.2460000000001,19.066000000000003,1.1794669999999998,6.2010000000000005,0.9059999999999999,0.087,100,0.6,3.2,1005.2460000000001,0.01607324661587417,291.7790449804342,6.266836283165534,188.3124117813462,True,4.361741712755542,2.4773204340574204,1,1,20160910_flight07
2016-09-10 08:24:41,54.58533995,7.69693786,95.569,-0.201,3.014,1005.288,19.094,1.1794669999999998,6.151,1.0170000000000001,0.111,100,0.3,3.1,1005.288,0.016018344586072875,291.8035163118037,6.23450799983447,189.3882908383088,True,4.3587174276387675,2.4120354803280173,1,1,20160910_flight07
2016-09-10 08:24:42,54.58522795,7.69792988,95.191,-0.35100000000000003,2.91,1005.323,19.097,1.1795390000000001,5.776,0.9329999999999999,-0.11800000000000001,100,0.5,3.0,1005.323,0.015981267995724302,291.8036062368364,5.850868738913905,189.1757571538426,True,4.35568620965635,2.3467056878787176,1,1,20160910_flight07
2016-09-10 08:24:43,54.58511612,7.698923079999999,94.803,-0.33899999999999997,2.972,1005.3839999999999,19.078000000000003,1.179769,5.902,0.603,0.12300000000000001,100,0.4,3.1,1005.3839999999999,0.015910881588643955,291.7795717393444,5.932723910650149,185.8335968191464,True,4.3526847844474315,2.2813030784345263,1,1,20160910_flight07
2016-09-10 08:24:44,54.58500521,7.69991744,94.455,-0.26599999999999996,3.2,1005.419,19.028,1.179797,5.886,0.622,0.012000000000000002,100,0.3,3.2,1005.419,0.016095990000285054,291.7267439545657,5.918773521600569,186.03231381324204,True,4.3497955728474444,2.215841033363355,1,1,20160910_flight07
2016-09-10 08:24:45,54.58489496999999,7.7009124,94.274,-0.16,3.228,1005.438,19.008,1.179643,5.827999999999999,0.728,0.195,100,0.4,3.3,1005.438,0.016317411919682057,291.7051982717739,5.873292773223551,187.12017636078076,True,4.346985786010205,2.1503513779981374,1,1,20160910_flight07
2016-09-10 08:24:46,54.58478513,7.7019075,94.131,-0.373,3.4109999999999996,1005.472,19.048000000000002,1.179691,6.022,0.75,0.203,100,0.5,3.5,1005.472,0.016171299599436306,291.742314753114,6.068524038017811,187.09925280672928,True,4.344221370181177,2.0848592116120055,1,1,20160910_flight07
2016-09-10 08:24:47,54.58467638,7.70290282,94.125,-0.511,3.455,1005.47,19.026,1.179857,5.893,0.586,-0.035,100,0.6,3.5,1005.47,0.01610281217943843,291.7205150184408,5.922064251593358,185.67882419250725,True,4.341579075503116,2.019370544142984,1,1,20160910_flight07
2016-09-10 08:24:48,54.58456837,7.703897950000001,94.31200000000001,-0.287,3.4,1005.419,19.034000000000002,1.179718,5.986000000000001,0.7340000000000001,-0.005,100,0.4,3.4,1005.419,0.016143166093003813,291.73273468783003,6.030833441573396,186.99067989841149,True,4.339016505646551,1.9539059824364111,1,1,20160910_flight07
2016-09-10 08:24:49,54.58446118,7.7048931000000005,94.50200000000001,-0.402,3.452,1005.4069999999999,19.029,1.17983,6.239,0.8540000000000001,-0.011000000000000001,100,0.5,3.5,1005.4069999999999,0.016051965057763518,291.72873823105175,6.2971769071545065,187.794260568531,True,4.336544441940317,1.8884533701464656,1,1,20160910_flight07
2016-09-10 08:24:50,54.58435546,7.70588862,94.714,-0.505,3.4,1005.391,19.0,1.1798469999999999,6.274,0.804,-0.10300000000000001,100,0.6,3.4,1005.391,0.016122010354178595,291.7011105746788,6.325305684312815,187.30253427572825,True,4.334237761299759,1.8230007827301424,1,1,20160910_flight07
2016-09-10 08:24:51,54.58425069,7.70688412,95.00399999999999,0.04,3.281,1005.37,19.032,1.179803,6.167000000000001,0.488,-0.298,100,0.4,3.4,1005.37,0.016027392742666624,291.73480418356354,6.1862777984827035,184.52443635457797,True,4.332035530412096,1.7575648035337017,1,1,20160910_flight07
2016-09-10 08:24:52,54.58414597,7.70787945,95.31800000000001,0.39,3.2,1005.3029999999999,19.05,1.1797069999999998,6.26,0.745,-0.17,100,0.5,3.2,1005.3029999999999,0.01597976750866059,291.758337577879,6.3041752037836005,186.7868258081208,True,4.329837212183415,1.6921405167868389,1,1,20160910_flight07
2016-09-10 08:24:53,54.584041150000004,7.7088747699999995,95.48899999999999,0.07300000000000001,3.2119999999999997,1005.298,18.993,1.1795609999999999,6.452000000000001,0.826,-0.05,100,0.2,3.3,1005.298,0.016298717826424447,291.7018386677681,6.50465833076573,187.2954544565227,True,4.327627785698514,1.6267152569516643,1,1,20160910_flight07
2016-09-10 08:24:54,54.58393663,7.70987018,95.57199999999999,0.192,3.1319999999999997,1005.299,19.025,1.179622,6.44,0.6629999999999999,-0.154,100,0.4,3.2,1005.299,0.016135871557718895,291.73370734888823,6.4740380752664715,185.87791046320538,True,4.325452246770247,1.5612890743565848,1,1,20160910_flight07
2016-09-10 08:24:55,54.58383183,7.71086562,95.6,0.374,3.049,1005.297,19.043,1.1797119999999999,6.019,0.494,-0.092,100,0.6,3.1,1005.297,0.015993737105156614,291.7518461647371,6.039238114199506,184.6919451860332,True,4.323246148756189,1.495856453157204,1,1,20160910_flight07
2016-09-10 08:24:56,54.58372588,7.71186074,95.486,0.183,3.082,1005.2959999999999,19.112000000000002,1.179577,5.959,0.958,0.05399999999999999,100,0.6,3.2,1005.2959999999999,0.015869111900006505,291.8208250093611,6.035515305257704,189.13302180589102,True,4.320910382932572,1.4304257683594876,1,1,20160910_flight07
2016-09-10 08:24:57,54.58361995999999,7.71285643,95.303,-0.196,3.0469999999999997,1005.304,19.051000000000002,1.179752,5.861000000000001,0.805,-0.051000000000000004,100,0.3,3.1,1005.304,0.015938548094506677,291.75925306341964,5.91602450975315,187.82056132838886,True,4.318583267945723,1.3649590683546966,1,1,20160910_flight07
2016-09-10 08:24:58,54.58351479,7.71385313,95.101,0.163,3.16,1005.32,19.041,1.1797449999999998,5.864,0.693,0.134,100,0.6,3.2,1005.32,0.015995515934802418,291.7479401939889,5.9048069401124375,186.73988089462267,True,4.3163482350187525,1.2994397949614331,1,1,20160910_flight07
2016-09-10 08:24:59,54.5834096,7.71485009,94.823,0.564,3.2,1005.3739999999999,19.027,1.1795609999999999,5.87,0.741,0.256,100,0.7,3.2,1005.3739999999999,0.01625727606980476,291.72947988080614,5.916585248266098,187.19468267820463,True,4.314113437953953,1.2339035501092541,1,1,20160910_flight07
2016-09-10 08:25:00,54.583303699999995,7.71584685,94.529,0.701,3.242,1005.413,19.056,1.1795579999999999,5.909,0.872,0.195,100,0.8,3.3,1005.413,0.016198420345784337,291.7551986643712,5.972994642555776,188.39463645187323,True,4.311798562272447,1.1683686566826836,1,1,20160910_flight07
2016-09-10 08:25:01,54.583196820000005,7.7168433400000005,94.291,0.5760000000000001,3.313,1005.429,19.023,1.1797449999999998,5.8870000000000005,0.79,0.204,100,0.7,3.4,1005.429,0.016168272971283315,291.72092185477703,5.939770113396646,187.64308836169712,True,4.309373212353302,1.102835240794746,1,1,20160910_flight07
2016-09-10 08:25:02,54.583089179999995,7.71783936,94.13799999999999,0.389,3.293,1005.4580000000001,19.086000000000002,1.179726,6.066,1.0270000000000001,0.172,100,0.5,3.4,1005.4580000000001,0.015994874452877283,291.7814174322579,6.152323544808091,189.60930087804167,True,4.30685974403432,1.0373196587305682,1,1,20160910_flight07
2016-09-10 08:25:03,54.58298148,7.71883544,93.98299999999999,0.007000000000000001,3.332,1005.4830000000001,19.1,1.179703,5.962999999999999,0.932,0.095,100,0.1,3.4,1005.4830000000001,0.015991272640647924,291.7933206763131,6.035395016069784,188.88329713173152,True,4.304340229831993,0.9717992665864537,1,1,20160910_flight07
2016-09-10 08:25:04,54.58287386,7.719831510000001,93.906,-0.005,3.287,1005.5,19.102,1.179742,5.829,0.7879999999999999,-0.18600000000000003,100,0.1,3.4,1005.5,0.015967910291534215,291.7939065939154,5.882022186289338,187.6989215592945,True,4.3018294333968345,0.9062808055202969,1,1,20160910_flight07
2016-09-10 08:25:05,54.58276626,7.7208277,94.01700000000001,0.169,3.263,1005.475,19.1,1.1797499999999999,6.269,0.916,-0.126,100,0.2,3.4,1005.475,0.015942713330506564,291.7939846622117,6.335567614665635,188.31299189729594,True,4.299321965432512,0.840754983089991,1,1,20160910_flight07
2016-09-10 08:25:06,54.582659240000005,7.72182431,94.14299999999999,0.149,3.4,1005.446,19.1,1.179625,6.162000000000001,1.33,0.05600000000000001,100,0.2,3.4,1005.446,0.016021063577396966,291.79639166804714,6.303899110867814,192.17982021616777,True,4.296882320851006,0.7752116243565343,1,1,20160910_flight07
2016-09-10 08:25:07,54.58255229,7.722820809999999,94.2,0.20600000000000002,3.373,1005.418,19.1,1.179656,5.922999999999999,1.1840000000000002,0.117,100,0.3,3.4,1005.418,0.015966069960521745,291.7987157583986,6.040180874775191,191.30435153509376,True,4.294449354608211,0.7096764387329451,1,1,20160910_flight07
2016-09-10 08:25:08,54.582444779999996,7.723817,94.2,0.124,3.3280000000000003,1005.428,19.131,1.179645,5.699,1.224,-0.117,100,0.2,3.4,1005.428,0.015877890895644287,291.82883775920044,5.828960198869091,192.12153144541725,True,4.291951799655205,0.6441520683856303,1,1,20160910_flight07
2016-09-10 08:25:09,54.582336999999995,7.72481335,94.25399999999999,-0.067,3.18,1005.438,19.064,1.179759,5.595,1.249,-0.10300000000000001,100,0.3,3.2,1005.438,0.016022734043509512,291.76111148004895,5.732715412437634,192.58409470985612,True,4.289426006438845,0.5786130963897145,1,1,20160910_flight07
2016-09-10 08:25:10,54.58222959,7.72581052,94.19200000000001,-0.3,3.1490000000000005,1005.44,19.041,1.17944,5.65,1.518,-0.222,100,0.3,3.2,1005.44,0.016379555276385682,291.73798115519634,5.8503695609764685,195.03866290210163,True,4.286948658173838,0.5130275863984775,1,1,20160910_flight07
2016-09-10 08:25:11,54.5821231,7.726808999999999,94.075,-0.205,2.9360000000000004,1005.471,19.037,1.1797849999999999,5.946000000000001,1.086,-0.162,100,0.4,3.0,1005.471,0.016127577887903533,291.7314148888483,6.044362001071743,190.3506301770022,True,4.2845849304924,0.4473730357187642,1,1,20160910_flight07
2016-09-10 08:25:12,54.58201715,7.727809,93.90700000000001,-0.034999999999999996,3.095,1005.4889999999999,19.096,1.179786,5.8229999999999995,1.238,-0.168,100,0.4,3.1,1005.4889999999999,0.015939763242331484,291.78882894869315,5.953148158747605,192.00266553079024,True,4.282294938218657,0.38162986624617523,1,1,20160910_flight07
2016-09-10 08:25:13,54.58191113,7.728809,93.8,0.04800000000000001,3.144,1005.4960000000001,19.111,1.179886,5.792999999999999,0.93,-0.021,100,0.2,3.2,1005.4960000000001,0.015808592466413973,291.80322448415006,5.867175555580384,189.12036255407338,True,4.279997235824581,0.31588556737555074,1,1,20160910_flight07
2016-09-10 08:25:14,54.58180492,7.729809,93.75200000000001,0.195,3.338,1005.5039999999999,19.082,1.1800009999999999,5.796,0.594,-0.052000000000000005,100,0.5,3.4,1005.5039999999999,0.01581847150345128,291.7736059803852,5.826358382386035,185.8514985515917,True,4.277678605960469,0.2501382029958945,1,1,20160910_flight07
2016-09-10 08:25:15,54.581698749999994,7.730809000000001,93.897,0.6459999999999999,3.423,1005.488,19.019000000000002,1.1798259999999998,6.002000000000001,0.6990000000000001,0.029000000000000005,100,0.7,3.5,1005.488,0.016172046784792116,291.71203237682016,6.042566093970343,186.6428093292352,True,4.275364381878285,0.18439148398637917,1,1,20160910_flight07
2016-09-10 08:25:16,54.58159244,7.7318085299999995,94.137,1.021,3.5010000000000003,1005.444,18.955,1.179597,6.184,0.92,0.114,100,1.3,3.6,1005.444,0.01654752032232687,291.65178264740376,6.2520601404657015,188.46188745200214,True,4.273030329038866,0.11867260204120278,1,1,20160910_flight07
2016-09-10 08:25:17,54.58148539,7.7328068,94.42399999999999,1.375,3.492,1005.403,18.977,1.179498,6.45,1.111,-0.14800000000000002,100,1.5,3.6,1005.403,0.016514827772262652,291.67715025016446,6.544984415565861,189.77318520916734,True,4.270602950629776,0.05302246326337601,1,1,20160910_flight07
2016-09-10 08:25:18,54.58137678,7.73380365,94.709,1.117,3.4,1005.391,18.961,1.179526,6.023,1.034,0.094,100,1.2,3.4,1005.391,0.016534241342033074,291.66217049830567,6.111111601010081,189.7413078459362,True,4.267990427326623,-0.0125619170390463,1,1,20160910_flight07
2016-09-10 08:25:19,54.58126613,7.73479906,94.87200000000001,0.9179999999999999,3.335,1005.377,18.99,1.1796280000000001,6.525,0.878,-0.172,100,1.0,3.4,1005.377,0.016331291121565394,291.692287618825,6.583806573707949,187.66365291598981,True,4.265139702134869,-0.07808700263511126,1,1,20160910_flight07
2016-09-10 08:25:20,54.58115462,7.73579393,95.05199999999999,0.42200000000000004,3.3,1005.3409999999999,18.986,1.1796639999999998,6.7410000000000005,1.025,0.094,100,0.7,3.3,1005.3409999999999,0.016277799380016944,291.69128097842037,6.818482675786454,188.6458597727375,True,4.262189187499075,-0.14359138547082972,1,1,20160910_flight07
2016-09-10 08:25:21,54.581042939999996,7.73678857,95.15100000000001,0.516,3.299,1005.327,18.993,1.1796339999999998,6.42,0.917,-0.08,100,0.6,3.3,1005.327,0.016265141127175475,291.69943208765494,6.485159134516284,188.12885290958909,True,4.259217790925067,-0.2090837833691146,1,1,20160910_flight07
2016-09-10 08:25:22,54.58093023000001,7.73778253,95.23899999999999,0.305,3.2,1005.314,19.0,1.179708,6.421,0.9940000000000001,-0.08700000000000001,100,0.4,3.2,1005.314,0.016163904682883645,291.7075002859662,6.497482358575512,188.7997967978659,True,4.256126567155475,-0.2745492566063339,1,1,20160910_flight07
2016-09-10 08:25:23,54.580816999999996,7.73877635,95.3,0.311,3.0610000000000004,1005.3079999999999,19.031000000000002,1.1798469999999999,6.319,0.853,-0.215,100,0.5,3.2,1005.3079999999999,0.0159303242164186,291.7389513112244,6.376313198079279,187.68786894864846,True,4.252976755027193,-0.3400141549338085,1,1,20160910_flight07
2016-09-10 08:25:24,54.58070352,7.73977049,95.291,0.657,3.0269999999999997,1005.3109999999999,18.999000000000002,1.179858,5.795,0.6559999999999999,0.039,100,0.9,3.1,1005.3109999999999,0.016035161552502064,291.7067507622746,5.832011745530011,186.45844800121313,True,4.249802408300223,-0.4055035776238105,1,1,20160910_flight07
2016-09-10 08:25:25,54.580588420000005,7.7407639800000005,95.149,0.993,3.1,1005.3309999999999,18.96,1.179735,5.688,0.606,0.16399999999999998,100,1.1,3.1,1005.3309999999999,0.016296978616609836,291.66615029478413,5.72019055626646,186.08135701867582,True,4.2464435304698185,-0.47097751587759307,1,1,20160910_flight07
2016-09-10 08:25:26,54.58047182999999,7.74175697,94.896,0.256,3.1490000000000005,1005.352,18.948,1.17949,5.909,1.26,0.005000000000000001,100,0.9,3.2,1005.352,0.016571075304594673,291.65242616544157,6.04184417210507,192.03713412441886,True,4.242915847303053,-0.5364434773034641,1,1,20160910_flight07
2016-09-10 08:25:27,54.580355929999996,7.742751009999999,94.689,-1.0410000000000001,3.0389999999999997,1005.395,18.961,1.1796119999999999,6.114,1.146,-0.133,100,1.1,3.1,1005.395,0.0164641746186569,291.66183862675575,6.220475223003464,190.61626037306536,True,4.239474012713963,-0.6019655415231986,1,1,20160910_flight07
2016-09-10 08:25:28,54.58024161,7.7437463200000005,94.51899999999999,-1.136,3.077,1005.3969999999999,18.965,1.1798,5.88,0.34299999999999997,0.114,100,1.2,3.2,1005.3969999999999,0.01629030722848057,291.6656665387878,5.889995670626592,183.33847054376434,True,4.236218118937618,-0.6675434364714259,1,1,20160910_flight07
2016-09-10 08:25:29,54.58012808,7.744742,94.382,-0.9229999999999999,3.2,1005.4119999999999,18.984,1.179576,5.654,0.654,-0.217,100,1.1,3.2,1005.4119999999999,0.01643235319797065,291.6833927148522,5.691698516260327,186.5980988291223,True,4.233052709912997,-0.7331322778414204,1,1,20160910_flight07
2016-09-10 08:25:30,54.58001591,7.74573831,94.434,-1.0610000000000002,3.285,1005.413,18.837,1.179597,5.797999999999999,0.442,-0.055,100,1.1,3.4,1005.413,0.01692698020100125,291.53653652701774,5.8148231271466875,184.35940784434482,True,4.230043006804948,-0.7987395178799841,1,1,20160910_flight07
2016-09-10 08:25:31,54.57990655,7.7467355399999995,94.631,-1.297,3.4130000000000003,1005.398,18.852999999999998,1.1793559999999998,6.0,0.634,0.014000000000000002,100,1.4,3.5,1005.398,0.017063881134283143,291.55375588128413,6.033403351343253,186.03187098263322,True,4.227351439401319,-0.8643603316989514,1,1,20160910_flight07
2016-09-10 08:25:32,54.57980029,7.7477335300000005,94.882,-0.956,3.296,1005.365,18.866999999999997,1.1794499999999999,6.356,0.882,0.017999999999999995,100,1.1,3.4,1005.365,0.016900687751773447,291.57047144189625,6.416904238026309,187.90028404526737,True,4.225008448858782,-0.9299797949643644,1,1,20160910_flight07
2016-09-10 08:25:33,54.57969577,7.74873212,94.93800000000002,-0.15,3.1430000000000002,1005.3409999999999,18.933999999999997,1.1795229999999999,5.894,0.965,0.341,100,0.6,3.2,1005.3409999999999,0.01658023563170663,291.63936013808956,5.97247528249385,189.29830049557316,True,4.222862737777303,-0.9956096048678331,1,1,20160910_flight07
2016-09-10 08:25:34,54.57959061,7.74973035,94.729,0.124,2.9939999999999998,1005.391,18.953,1.179693,5.365,0.725,-0.226,100,0.3,3.1,1005.391,0.0164181749552601,291.6541827903317,5.413764863752396,187.69605172201656,True,4.2206431574281105,-1.0612266885483743,1,1,20160910_flight07
2016-09-10 08:25:35,54.5794848,7.750729,94.537,0.177,3.0839999999999996,1005.4,18.9,1.179689,5.7139999999999995,0.777,0.09200000000000001,100,0.4,3.3,1005.4,0.016615177644549117,291.6005176723357,5.766586945499045,187.74368664661057,True,4.218355922630993,-1.1268811536691974,1,1,20160910_flight07
2016-09-10 08:25:36,54.57938017000001,7.75172817,94.35,0.39299999999999996,3.2489999999999997,1005.423,18.896,1.179594,5.832000000000001,1.1159999999999999,-0.019,100,1.0,3.3,1005.423,0.01673423587042633,291.59461603692915,5.937817780969707,190.8330463919707,True,4.216203535945436,-1.192549877913025,1,1,20160910_flight07
2016-09-10 08:25:37,54.57927572,7.75272837,94.265,1.114,3.2,1005.445,18.9,1.179655,6.111000000000001,0.892,0.08800000000000001,100,1.2,3.2,1005.445,0.016689981796857767,291.59678503790235,6.17575784823207,188.30460406277075,True,4.214080636503047,-1.2582816527478284,1,1,20160910_flight07
2016-09-10 08:25:38,54.57916954,7.75372758,94.15100000000001,1.5530000000000002,3.2,1005.4760000000001,18.947,1.1796630000000001,5.388999999999999,0.8540000000000001,0.141,100,2.0,3.2,1005.4760000000001,0.01655083861222595,291.6411404422015,5.456247520045255,189.00483580029533,True,4.211757900914174,-1.3239779464412464,1,1,20160910_flight07
2016-09-10 08:25:39,54.579060250000005,7.754725130000001,93.98299999999999,1.848,3.24,1005.495,18.912,1.179696,5.403,0.919,0.15200000000000002,100,2.0,3.3,1005.495,0.01666343093591549,291.60461912578774,5.480599419771527,189.65309546367052,True,4.209077045175929,-1.3896181216605181,1,1,20160910_flight07
2016-09-10 08:25:40,54.57894848,7.75572172,93.82799999999999,1.2930000000000001,3.218,1005.5010000000001,18.901,1.179696,5.553999999999999,0.898,-0.154,100,1.6,3.3,1005.5010000000001,0.016707790085617624,291.59313871399354,5.626128331277202,189.18440084737045,True,4.206114026250134,-1.4552368374444486,1,1,20160910_flight07
2016-09-10 08:25:41,54.57883559,7.75671816,93.88,1.248,3.168,1005.5060000000001,18.9,1.1798229999999998,5.747999999999999,0.619,-0.023999999999999994,100,1.4,3.3,1005.5060000000001,0.01660688444504199,291.59172558754324,5.781233864842348,186.14647406466128,True,4.20302623842278,-1.5208640185355518,1,1,20160910_flight07
2016-09-10 08:25:42,54.57872125,7.75771387,93.94300000000001,1.369,3.3509999999999995,1005.495,18.86,1.1797,5.6,0.987,0.063,100,1.5,3.4,1005.495,0.01684102658089892,291.5527005598855,5.686314184073898,189.99572227196,True,4.199771893684989,-1.5864678496668034,1,1,20160910_flight07
2016-09-10 08:25:43,54.5786048,7.758708370000001,93.96,0.727,3.423,1005.4989999999999,18.9,1.179528,5.835,1.3769999999999998,0.139,100,0.9,3.5,1005.4989999999999,0.016854058816810014,291.5923061601582,5.9952776416109375,193.27827822406175,True,4.196273794297417,-1.652028243251185,1,1,20160910_flight07
2016-09-10 08:25:44,54.57848755,7.75970233,93.945,0.371,3.266,1005.4939999999999,18.898999999999997,1.179802,5.95,0.7909999999999999,-0.078,100,0.7,3.4,1005.4939999999999,0.01661632790735723,291.5917224238218,6.00234795725806,187.5725657727694,True,4.192682514141042,-1.717566966019608,1,1,20160910_flight07
2016-09-10 08:25:45,54.57836967,7.760695950000001,94.075,-0.242,3.2,1005.4910000000001,18.9,1.179872,6.021,0.599,-0.349,100,0.4,3.2,1005.4910000000001,0.0165494998620066,291.59296967808274,6.050722436205448,185.68138415509512,True,4.189018653760131,-1.783094081897341,1,1,20160910_flight07
2016-09-10 08:25:46,54.57825172,7.76168947,94.355,0.252,3.262,1005.449,18.903,1.179778,5.718,0.654,-0.23600000000000002,100,0.4,3.4,1005.449,0.016577586660953658,291.5994485996431,5.755279315550202,186.52488853032844,True,4.185346145275512,-1.8486159237986657,1,1,20160910_flight07
2016-09-10 08:25:47,54.57813309,7.76268241,94.679,-0.059000000000000004,3.43,1005.403,18.9,1.179695,5.6739999999999995,0.927,-0.16399999999999998,100,0.3,3.5,1005.403,0.01661304052776713,291.60026882335603,5.7492264697087725,189.27882429931663,True,4.1815932981795605,-1.9141115974232528,1,1,20160910_flight07
2016-09-10 08:25:48,54.57801495,7.76367525,95.029,-0.285,3.427,1005.372,18.926,1.179514,5.348,1.238,-0.064,100,0.5,3.6,1005.372,0.016647184546214833,291.6288005000885,5.489421463141631,193.03373294105455,True,4.177893483943372,-1.9795929618871524,1,1,20160910_flight07
2016-09-10 08:25:49,54.577897439999994,7.76466822,95.2,-0.28300000000000003,3.0780000000000003,1005.3509999999999,18.96,1.179567,5.091,1.088,0.046000000000000006,100,0.5,3.2,1005.3509999999999,0.016461945896433683,291.66449083233937,5.205960526166137,192.06324124987538,True,4.174264280169098,-2.045072486155291,1,1,20160910_flight07
2016-09-10 08:25:50,54.577779989999996,7.765661659999999,94.99799999999999,-0.196,3.0,1005.385,18.858,1.1795820000000001,5.2,0.916,0.24,100,0.4,3.0,1005.385,0.01683845875472878,291.55982639311856,5.280062120846686,189.99037895692578,True,4.1706460935881875,-2.1105811382279374,1,1,20160910_flight07
2016-09-10 08:25:51,54.577662860000004,7.7666558299999995,94.583,-0.286,3.008,1005.418,18.875999999999998,1.179601,5.225,0.9960000000000001,0.141,100,0.4,3.1,1005.418,0.01679277850638572,291.5750616529071,5.319082721672976,190.79235995997533,True,4.167070000545728,-2.176131371971752,1,1,20160910_flight07
2016-09-10 08:25:52,54.577546309999995,7.767651069999999,94.15700000000001,-0.303,3.0,1005.487,18.838,1.179776,5.537000000000001,0.7859999999999999,0.12200000000000001,100,0.4,3.0,1005.487,0.01684404185311994,291.5313983932316,5.5925097228346425,188.07939172678638,True,4.163567827770496,-2.2417407639531852,1,1,20160910_flight07
2016-09-10 08:25:53,54.5774306,7.76864732,93.78,-0.603,3.127,1005.5189999999999,18.86,1.179782,5.415,0.695,0.191,100,0.8,3.2,1005.5189999999999,0.01679462081953509,291.5507103092894,5.459418467199598,187.31376695609197,True,4.160167650066461,-2.307401277240098,1,1,20160910_flight07
2016-09-10 08:25:54,54.57731563,7.769644110000001,93.527,-0.68,3.267,1005.558,18.861,1.179923,5.801,0.597,0.168,100,0.8,3.4,1005.558,0.016709065412151336,291.5484746984294,5.831638706230008,185.87581162503665,True,4.156854044455963,-2.3730844293983564,1,1,20160910_flight07
2016-09-10 08:25:55,54.577201949999996,7.77064119,93.40400000000001,-0.47,3.327,1005.5690000000001,18.811,1.1797659999999999,5.992000000000001,1.0310000000000001,0.05600000000000001,100,0.8,3.4,1005.5690000000001,0.01702963205902508,291.4976419157643,6.080051397809069,189.76287325238883,True,4.153685245500132,-2.438765338149933,1,1,20160910_flight07
2016-09-10 08:25:56,54.577089400000006,7.771638729999999,93.522,-0.191,3.302,1005.548,18.855,1.1797440000000001,6.077999999999999,0.8340000000000001,-0.10700000000000001,100,0.3,3.4,1005.548,0.016874109932893733,291.543313410114,6.134952322553127,187.81311649001918,True,4.150645224639289,-2.504457470712411,1,1,20160910_flight07
2016-09-10 08:25:57,54.5769772,7.77263601,93.695,-0.449,3.3,1005.533,18.851,1.17982,6.1339999999999995,0.703,-0.09300000000000001,100,0.5,3.3,1005.533,0.016807367006460128,291.5405635494722,6.174152978344479,186.53797817602907,True,4.1476413156246394,-2.570127307511272,1,1,20160910_flight07
2016-09-10 08:25:58,54.576865760000004,7.77363315,93.94,-0.862,3.3709999999999996,1005.493,18.881,1.179703,6.0,0.8109999999999999,-0.156,100,1.0,3.4,1005.493,0.016763297294428048,291.57383354193996,6.054561999021895,187.69782593827574,True,4.144719803314519,-2.6357759175496636,1,1,20160910_flight07
2016-09-10 08:25:59,54.57675564,7.774630650000001,94.234,-0.8590000000000001,3.205,1005.4730000000001,18.881,1.179725,5.604,0.861,-0.14400000000000002,100,1.1,3.4,1005.4730000000001,0.01672411247429162,291.57549225429193,5.669756343971053,188.73463764699073,True,4.141947058584501,-2.701426282515821,1,1,20160910_flight07
2016-09-10 08:26:00,54.57664653,7.775628289999999,94.4,-0.39399999999999996,3.215,1005.447,18.886999999999997,1.1797119999999999,5.455,0.5419999999999999,0.057,100,0.8,3.3,1005.447,0.01668813654582313,291.5836393293333,5.481859994563889,185.674193079176,True,4.139286873053937,-2.767069316605654,1,1,20160910_flight07
2016-09-10 08:26:01,54.5765382,7.7766261299999995,94.4,-0.185,3.2,1005.452,18.82,1.179771,5.67,0.442,-0.038,100,0.2,3.2,1005.452,0.01687564256445362,291.51632873145775,5.687201772400905,184.45742902688912,True,4.136714476260437,-2.832712572723232,1,1,20160910_flight07
2016-09-10 08:26:02,54.57643076,7.77762418,94.491,-0.26,3.1630000000000003,1005.438,18.804000000000002,1.179742,5.851,0.445,-0.36700000000000005,100,0.3,3.2,1005.438,0.016942208215770194,291.50151444162907,5.8678979200391685,184.34927888312555,True,4.134242077904517,-2.898354916437766,1,1,20160910_flight07
2016-09-10 08:26:03,54.57632445,7.77862268,94.75399999999999,-0.21400000000000002,3.1740000000000004,1005.404,18.826,1.179586,6.46,0.902,-0.17800000000000002,100,0.4,3.3,1005.404,0.01696567225946022,291.5262998483831,6.522668472335536,187.94873216491948,True,4.131898363843751,-2.964007843625928,1,1,20160910_flight07
2016-09-10 08:26:04,54.576219259999995,7.77962182,94.95,-0.693,3.1210000000000004,1005.387,18.788,1.179668,6.15,0.8029999999999999,-0.029000000000000005,100,0.9,3.2,1005.387,0.017010149092589355,291.48976799006755,6.202201947695674,187.43897524054336,True,4.129684014798407,-3.0296836820420427,1,1,20160910_flight07
2016-09-10 08:26:05,54.57611447,7.780621,94.91300000000001,-0.76,3.0,1005.391,18.804000000000002,1.179575,5.62,0.884,-0.023000000000000003,100,1.0,3.0,1005.391,0.017038638744507617,291.50541172931634,5.689099753036503,188.9391178654377,True,4.127514098778695,-3.09535562810457,1,1,20160910_flight07
2016-09-10 08:26:06,54.576010169999996,7.781621,94.69,-0.42800000000000005,3.0180000000000002,1005.411,18.819000000000003,1.179754,6.154,0.802,0.177,100,0.6,3.1,1005.411,0.01685231182413771,291.51873014763055,6.206038994398923,187.42503947373984,True,4.125405845058472,-3.1610721760516487,1,1,20160910_flight07
2016-09-10 08:26:07,54.57590777,7.78262212,94.42,-0.503,3.185,1005.455,18.839000000000002,1.179925,6.401,0.255,0.086,100,0.7,3.2,1005.455,0.016679796309368777,291.535050428263,6.406077270842117,182.2813157435727,True,4.123517371442711,-3.2268297867027007,1,1,20160910_flight07
2016-09-10 08:26:08,54.5758075,7.7836238,94.367,-0.6579999999999999,3.112,1005.456,18.795,1.179772,6.564,0.525,0.068,100,0.7,3.2,1005.456,0.016965904027254952,291.49103592008987,6.584961731096088,184.5728804646328,True,4.121868758480941,-3.292588890281486,1,1,20160910_flight07
2016-09-10 08:26:09,54.5757075,7.7846258,94.26100000000001,-0.081,3.1519999999999997,1005.475,18.773,1.179643,6.271,0.503,0.087,100,0.6,3.2,1005.475,0.01717298481559193,291.46749490007466,6.291140596108149,184.58590470972285,True,4.120252886098886,-3.3583641284090646,1,1,20160910_flight07
2016-09-10 08:26:10,54.5756075,7.78562755,94.166,0.56,3.1180000000000003,1005.4889999999999,18.778,1.179633,6.187,0.612,-0.052000000000000005,100,0.6,3.2,1005.4889999999999,0.01717834857590672,291.47132640766375,6.217194946276013,185.64915439104422,True,4.118634668760388,-3.4241233581004735,1,1,20160910_flight07
2016-09-10 08:26:11,54.5755075,7.78662925,94.105,0.22400000000000003,3.1860000000000004,1005.4860000000001,18.776,1.17953,6.334,1.173,0.064,100,0.5,3.2,1005.4860000000001,0.017271105743320136,291.4695782522991,6.44169892186836,190.4918009314166,True,4.117015982431376,-3.4898793861044872,1,1,20160910_flight07
2016-09-10 08:26:12,54.575408079999995,7.78763118,94.012,-0.479,3.2289999999999996,1005.505,18.721,1.179567,6.506,1.3719999999999999,0.234,100,0.6,3.3,1005.505,0.017450110222366533,291.4130893557328,6.649091667288097,191.9081853451768,True,4.11546333731672,-3.5556407840003788,1,1,20160910_flight07
2016-09-10 08:26:13,54.57530935,7.78863383,93.814,0.162,3.1519999999999997,1005.5189999999999,18.805,1.179781,5.824,0.8390000000000001,-0.06,100,0.6,3.3,1005.5189999999999,0.01698703188649464,291.4957968163713,5.884122449439679,188.197578785963,True,4.113993445436446,-3.621437153554463,1,1,20160910_flight07
2016-09-10 08:26:14,54.5752095,7.789635980000001,93.7,0.567,3.138,1005.5310000000001,18.8,1.1798639999999998,5.379,0.885,-0.171,100,0.6,3.2,1005.5310000000001,0.016945041941113015,291.48980978272806,5.451317822325167,189.34309656550823,True,4.112395501715591,-3.687219576605047,1,1,20160910_flight07
2016-09-10 08:26:15,54.57510861,7.7906381499999995,93.7,0.657,3.273,1005.525,18.75,1.1797069999999998,5.656000000000001,1.085,0.038000000000000006,100,0.8,3.4,1005.525,0.017248528254377726,291.4403859577774,5.759128493096851,190.85922407734245,True,4.110683195229754,-3.7530200599586774,1,1,20160910_flight07
2016-09-10 08:26:16,54.5750085,7.79164076,93.7,0.605,3.4,1005.5360000000001,18.766,1.179498,6.183,1.325,0.07,100,0.8,3.4,1005.5360000000001,0.01738414266493571,291.4554488876786,6.323378369194746,192.0953899208164,True,4.109060928638392,-3.818836133438948,1,1,20160910_flight07
2016-09-10 08:26:17,54.57490772,7.79264313,93.759,0.405,3.178,1005.5210000000001,18.913999999999998,1.179611,5.6610000000000005,1.0390000000000001,-0.15200000000000002,100,0.8,3.4,1005.5210000000001,0.016756017399191858,291.60445949293455,5.7555574882021645,190.40011823301472,True,4.107362614020774,-3.884647648773349,1,1,20160910_flight07
2016-09-10 08:26:18,54.57480580000001,7.79364511,93.8,0.696,3.1920000000000006,1005.5089999999999,18.807000000000002,1.179808,5.987,1.146,-0.111,100,0.9,3.2,1005.5089999999999,0.016946677776097818,291.4986227838049,6.095693971977268,190.83618067204276,True,4.105535076453222,-3.950452584001095,1,1,20160910_flight07
2016-09-10 08:26:19,54.574703310000004,7.79464706,93.858,0.55,3.263,1005.515,18.8,1.179637,5.792999999999999,1.157,-0.10400000000000001,100,0.8,3.3,1005.515,0.017124550055445775,291.4911363166857,5.907410430975656,191.29471548227573,True,4.103644475080008,-4.01626479474372,1,1,20160910_flight07
2016-09-10 08:26:20,54.57460037,7.795649,93.9,0.6920000000000001,3.2889999999999997,1005.513,18.757,1.179644,5.9510000000000005,1.215,0.035,100,0.9,3.3,1005.513,0.01726631993763994,291.4483696948807,6.073765388949429,191.5393363711766,True,4.101704214848132,-4.0820836255650015,1,1,20160910_flight07
2016-09-10 08:26:21,54.57449699,7.79665063,93.911,0.316,3.3,1005.503,18.829,1.179731,6.27,0.9179999999999999,-0.051000000000000004,100,0.5,3.3,1005.503,0.016930355016168797,291.5210857539124,6.336846534357605,188.32957801678907,True,4.09971258325651,-4.14788970499878,1,1,20160910_flight07
2016-09-10 08:26:22,54.57439342,7.79765221,94.0,0.004,3.2969999999999997,1005.5,18.746,1.179698,6.156999999999999,1.099,0.049,100,0.1,3.3,1005.5,0.01724493688105122,291.43846460978034,6.254314510799723,190.12048456817956,True,4.097699555203555,-4.213695648254314,1,1,20160910_flight07
2016-09-10 08:26:23,54.57428991,7.7986534800000005,94.036,-0.036000000000000004,3.2190000000000003,1005.493,18.72,1.1795609999999999,6.382000000000001,1.24,-0.14700000000000002,100,0.2,3.3,1005.493,0.017446628950901877,291.4130855829896,6.50134786025175,190.99537057053624,True,4.095690228079077,-4.279480772993567,1,1,20160910_flight07
2016-09-10 08:26:24,54.574186870000005,7.799655189999999,94.1,-0.23,3.221,1005.49,18.7,1.179671,6.727,1.463,-0.019,100,0.3,3.3,1005.49,0.017418437630265293,291.3933655423765,6.884249995460653,192.2697241149125,True,4.093736796030864,-4.345286489479038,1,1,20160910_flight07
2016-09-10 08:26:25,54.57408493,7.8006576700000005,94.1,-0.187,3.3,1005.5060000000001,18.778,1.179819,6.867000000000001,1.186,-0.028000000000000004,100,0.3,3.3,1005.5060000000001,0.01703518400904147,291.4699170255789,6.968664506202032,189.79889116622772,True,4.091911745482911,-4.411123764264709,1,1,20160910_flight07
2016-09-10 08:26:26,54.57398359,7.80166022,94.22,-0.392,3.409,1005.498,18.772000000000002,1.180024,7.066,1.3119999999999998,0.044000000000000004,100,0.5,3.5,1005.498,0.01687130873338627,291.46458966174373,7.186772571885102,190.5187687336423,True,4.090153438270475,-4.476955840857503,1,1,20160910_flight07
2016-09-10 08:26:27,54.5738835,7.802663,94.35600000000001,-0.369,3.392,1005.4689999999999,18.784000000000002,1.179868,6.921,1.411,-0.024,100,0.5,3.5,1005.4689999999999,0.01693462270691759,291.47897519152843,7.063367610424931,191.5231043706447,True,4.088534969141241,-4.542782477389204,1,1,20160910_flight07
2016-09-10 08:26:28,54.57378385,7.80366583,94.45700000000001,-0.228,3.148,1005.454,18.661,1.179812,7.436,1.619,0.045,100,0.3,3.2,1005.454,0.01739637762367452,291.35741003753145,7.610207421614735,192.283006223563,True,4.086965432617049,-4.608605216534734,1,1,20160910_flight07
2016-09-10 08:26:29,54.573685100000006,7.8046693000000005,94.353,-0.337,3.2,1005.4739999999999,18.79,1.1798339999999998,7.267,1.29,0.154,100,0.5,3.2,1005.4739999999999,0.01694808457997543,291.48455128462257,7.380608985713849,190.06599103323464,True,4.0855010293029626,-4.674454416444685,1,1,20160910_flight07
2016-09-10 08:26:30,54.57358692,7.80567303,94.211,-0.373,3.065,1005.4910000000001,18.788,1.1800439999999999,6.757999999999999,1.157,-0.223,100,0.5,3.2,1005.4910000000001,0.016791265734695804,291.48114494737246,6.856326494559603,189.7151061674469,True,4.084101847151338,-4.740311068601494,1,1,20160910_flight07
2016-09-10 08:26:31,54.5734886,7.806677140000001,94.163,-0.14200000000000002,3.0580000000000003,1005.505,18.726,1.179934,6.79,1.075,0.083,100,0.2,3.2,1005.505,0.017116224221434218,291.4180815113316,6.8745708956996,188.99645742891312,True,4.0826908090936325,-4.806194312377324,1,1,20160910_flight07
2016-09-10 08:26:32,54.5733908,7.80768179,94.02600000000001,-0.055,3.2,1005.5060000000001,18.726,1.179716,6.827999999999999,1.192,0.021,100,0.1,3.2,1005.5060000000001,0.01730518910480483,291.4179986221187,6.931265973831908,189.9026321491807,True,4.08134211132259,-4.872103744561193,1,1,20160910_flight07
2016-09-10 08:26:33,54.57329384,7.80868693,93.95800000000001,-0.02,3.2,1005.5160000000001,18.692,1.179782,6.8229999999999995,1.161,0.017,100,0.1,3.2,1005.5160000000001,0.017376907271559938,291.3832231839592,6.921072893706581,189.6569412003845,True,4.080090531111761,-4.938031000503428,1,1,20160910_flight07
2016-09-10 08:26:34,54.573197099999994,7.8096923,93.9,0.131,3.157,1005.53,18.709,1.179858,6.754,1.089,-0.025,100,0.3,3.2,1005.53,0.01726628117410911,291.39903610446913,6.841230664142234,189.15941316383,True,4.078865340067734,-5.003969434670249,1,1,20160910_flight07
2016-09-10 08:26:35,54.57309991,7.8106975,93.84700000000001,0.273,3.2,1005.528,18.689,1.179978,6.722,0.937,-0.025,100,0.3,3.2,1005.528,0.01723051228200667,291.3792333764946,6.786991454245394,187.93549969639793,True,4.077588989394483,-5.069904243516326,1,1,20160910_flight07
2016-09-10 08:26:36,54.57300239,7.81170248,93.89800000000001,0.28,3.22,1005.5219999999999,18.669,1.179802,6.813,0.9560000000000001,0.044000000000000004,100,0.4,3.3,1005.5219999999999,0.017445916048892673,291.3597621104847,6.879745998218247,187.98759048242448,True,4.0762742274472945,-5.1358302892438985,1,1,20160910_flight07
2016-09-10 08:26:37,54.57290481,7.81270719,93.91,0.138,3.3,1005.507,18.652,1.1797069999999998,6.904,0.887,0.05800000000000001,100,0.2,3.3,1005.507,0.01757194926062322,291.3440318721797,6.960746008870026,187.32104170117628,True,4.074950324272679,-5.201740013915796,1,1,20160910_flight07
2016-09-10 08:26:38,54.572807430000005,7.813711499999999,94.00299999999999,0.139,3.3,1005.503,18.651,1.1796259999999998,6.87,0.802,-0.025,100,0.2,3.3,1005.503,0.01764126084863693,291.3433649134951,6.916654104406263,186.65853901390244,True,4.073644698084429,-5.2676208982379435,1,1,20160910_flight07
2016-09-10 08:26:39,54.57270977,7.81471522,94.149,0.149,3.178,1005.505,18.68,1.179681,6.874,0.642,-0.137,100,0.2,3.3,1005.505,0.017494718167370138,291.3721536798226,6.903914831456135,185.33568447745932,True,4.072302697316076,-5.333468520243116,1,1,20160910_flight07
2016-09-10 08:26:40,54.572612209999996,7.81571851,94.333,0.17400000000000002,3.1740000000000004,1005.4830000000001,18.697,1.179607,6.797999999999999,0.44799999999999995,-0.113,100,0.3,3.2,1005.4830000000001,0.017477013507997352,291.3909504171769,6.812745995558618,183.77043924349593,True,4.070967677679798,-5.399286994312249,1,1,20160910_flight07
2016-09-10 08:26:41,54.572514600000005,7.81672151,94.51299999999999,0.247,3.188,1005.45,18.609,1.1796039999999999,6.767,0.643,-0.014000000000000002,100,0.3,3.2,1005.45,0.017753088359355074,291.30582231276736,6.797480268452421,185.4279453096367,True,4.069624430667018,-5.465087705307996,1,1,20160910_flight07
2016-09-10 08:26:42,54.57241707,7.8177240900000005,94.6,0.431,3.1,1005.432,18.55,1.179662,6.794,0.553,0.020999999999999998,100,0.6,3.1,1005.432,0.017890669092971878,291.2484051843018,6.816468660530906,184.6533515872684,True,4.068286055692052,-5.530860231390558,1,1,20160910_flight07
2016-09-10 08:26:43,54.57231909,7.81872625,94.54899999999999,0.48200000000000004,3.1,1005.444,18.531000000000002,1.179732,6.853,0.858,0.038000000000000006,100,0.6,3.1,1005.444,0.017908721911453318,291.2284405072744,6.9065022261634,187.1363351515031,True,4.066894176130624,-5.596613123716209,1,1,20160910_flight07
2016-09-10 08:26:44,54.572220900000005,7.8197284,94.431,0.42,3.1,1005.4689999999999,18.583000000000002,1.179867,6.817,0.9790000000000001,0.045,100,0.5,3.1,1005.4689999999999,0.017636139089616254,291.27828848147243,6.8869390878677015,188.17245825556324,True,4.065479072409936,-5.6623687638985185,1,1,20160910_flight07
2016-09-10 08:26:45,54.57212197,7.82073046,94.235,0.22,3.1,1005.4910000000001,18.533,1.180037,6.869,0.9329999999999999,0.15200000000000002,100,0.4,3.1,1005.4910000000001,0.01768621892995803,291.2265439979874,6.932074004221247,187.73501367844906,True,4.063981617515749,-5.728130580394889,1,1,20160910_flight07
2016-09-10 08:26:46,54.57202265,7.82173254,94.03299999999999,0.115,3.1,1005.5089999999999,18.5,1.18004,6.8260000000000005,0.8740000000000001,-0.04800000000000001,100,0.2,3.1,1005.5089999999999,0.01781700222382554,291.1921047787746,6.881725946301554,187.2964425955896,True,4.0624413938337,-5.793899969926576,1,1,20160910_flight07
2016-09-10 08:26:47,54.571923500000004,7.822734840000001,93.902,0.134,3.1,1005.5110000000001,18.584,1.179979,6.734,0.895,-0.025,100,0.2,3.1,1005.5110000000001,0.01757856433577598,291.2758072005952,6.793215806965064,187.5706772365353,True,4.060921958291615,-5.85968070405831,1,1,20160910_flight07
2016-09-10 08:26:48,54.57182408,7.82373732,93.84700000000001,-0.086,3.153,1005.5210000000001,18.689,1.17996,7.101,0.7929999999999999,0.012,100,0.3,3.2,1005.5210000000001,0.017238948308377022,291.3798135133345,7.145141706082533,186.37207094361045,True,4.059374472081139,-5.9254773205138225,1,1,20160910_flight07
2016-09-10 08:26:49,54.57172557,7.8247401000000005,93.9,-0.247,3.2,1005.52,18.622,1.1799799999999998,7.024,0.631,-0.003999999999999999,100,0.3,3.2,1005.52,0.017454280809121148,291.3130017908311,7.052285941451892,185.13337816121935,True,4.057930031385094,-5.9912784649180475,1,1,20160910_flight07
2016-09-10 08:26:50,54.571627369999995,7.825742770000001,94.0,0.08900000000000001,3.1790000000000003,1005.502,18.596,1.17979,6.886,0.604,-0.04300000000000001,100,0.5,3.2,1005.502,0.017690607880705755,291.28853402328195,6.912438932822481,185.01282403269664,True,4.056518703727164,-6.057067563990408,1,1,20160910_flight07
2016-09-10 08:26:51,54.57152891,7.82674493,94.0,0.46,3.136,1005.508,18.428,1.179856,7.126,1.12,0.146,100,0.6,3.2,1005.508,0.018226090391118666,291.12030062420695,7.213478772409329,188.93215941785252,True,4.055073954768488,-6.122828200759823,1,1,20160910_flight07
2016-09-10 08:26:52,54.571430060000004,7.82774704,93.88,0.337,3.198,1005.523,18.547,1.179871,7.1819999999999995,1.0430000000000001,0.07800000000000001,100,0.4,3.2,1005.523,0.017812940997493643,291.23787126628054,7.257339250717166,188.26296642533572,True,4.053585780433366,-6.188591928202559,1,1,20160910_flight07
2016-09-10 08:26:53,54.57133096,7.82874908,93.77,0.223,3.1319999999999997,1005.538,18.565,1.18001,7.193,0.9540000000000001,0.09600000000000002,100,0.3,3.2,1005.538,0.01764543191724277,291.25460032179353,7.255988216638723,187.55498617755268,True,4.052069413364368,-6.25435520684783,1,1,20160910_flight07
2016-09-10 08:26:54,54.5712315,7.82975094,93.65799999999999,0.1,3.2030000000000003,1005.557,18.500999999999998,1.180102,7.354,0.931,0.06,100,0.1,3.3,1005.557,0.017808623491328834,291.1891277334295,7.412697012558924,187.21513563395834,True,4.05051170587998,-6.320112767751748,1,1,20160910_flight07
2016-09-10 08:26:55,54.57113231,7.83075279,93.6,-0.266,3.3,1005.556,18.609,1.180008,7.399,1.0170000000000001,0.07,100,0.4,3.3,1005.556,0.017511899987392443,291.2970395501226,7.46856679691626,187.8263214805133,True,4.048983643632786,-6.385865332068622,1,1,20160910_flight07
2016-09-10 08:26:56,54.57103379,7.83175476,93.61,-0.373,3.2290000000000005,1005.5790000000001,18.589000000000002,1.1801169999999999,7.362,0.9129999999999999,-0.009000000000000001,100,0.5,3.3,1005.5790000000001,0.017510940214416904,291.27516581142567,7.418396929256347,187.0694535712256,True,4.047530503831972,-6.451614770482091,1,1,20160910_flight07
2016-09-10 08:26:57,54.570935989999995,7.832756849999999,93.73200000000001,-0.7170000000000001,3.3,1005.549,18.6,1.180037,7.3420000000000005,0.8909999999999999,-0.187,100,0.9,3.3,1005.549,0.017511198620290713,291.28863373954306,7.395866751098211,186.91938393118417,True,4.04615779370611,-6.517360276279247,1,1,20160910_flight07
2016-09-10 08:26:58,54.57083955,7.83375915,93.889,-0.825,3.2260000000000004,1005.5260000000001,18.523,1.179973,7.24,1.115,0.28300000000000003,100,0.9,3.3,1005.5260000000001,0.017811737605086142,291.21366055343583,7.32535494020597,188.75508220739954,True,4.044936849971556,-6.583097286571901,1,1,20160910_flight07
2016-09-10 08:26:59,54.57074448,7.83476193,93.759,-0.8260000000000001,3.2460000000000004,1005.5360000000001,18.425,1.180014,7.382000000000001,1.129,0.223,100,0.9,3.3,1005.5360000000001,0.018128578984474064,291.11498687781716,7.467835362405896,188.69541365209238,True,4.043871306624782,-6.648842929128806,1,1,20160910_flight07
2016-09-10 08:27:00,54.57065098,7.8357653,93.581,-0.42,3.136,1005.5830000000001,18.593,1.180047,7.19,0.919,0.07400000000000001,100,0.8,3.2,1005.5830000000001,0.017561394664171726,291.2788280780764,7.248493705591528,187.28384679612225,True,4.042984224363316,-6.714601020810171,1,1,20160910_flight07
2016-09-10 08:27:01,54.57055813,7.836768889999999,93.44,-0.145,3.2680000000000002,1005.59,18.549,1.1801009999999998,7.224,0.818,0.187,100,0.2,3.3,1005.59,0.017675398774002815,291.2343182708422,7.2701650600244285,186.4602939118431,True,4.042170799639049,-6.780362712647704,1,1,20160910_flight07
2016-09-10 08:27:02,54.57046576,7.83777247,93.4,-0.068,3.3,1005.6010000000001,18.5,1.1800559999999998,7.2010000000000005,1.1320000000000001,0.075,100,0.1,3.3,1005.6010000000001,0.017896326839922816,291.184485358231,7.289432419605796,188.93380695779223,True,4.041410150513784,-6.846116019704143,1,1,20160910_flight07
2016-09-10 08:27:03,54.57037404,7.83877623,93.375,-0.075,3.3,1005.5980000000001,18.52,1.179946,7.447,1.4380000000000002,-0.017,100,0.2,3.3,1005.5980000000001,0.017918378753287945,291.2047018976659,7.584566764159967,190.92918108215326,True,4.040722783733468,-6.911870365566854,1,1,20160910_flight07
2016-09-10 08:27:04,54.57028302,7.83978036,93.4,-0.166,3.2090000000000005,1005.596,18.667,1.180164,7.19,1.025,-0.09,100,0.3,3.3,1005.596,0.01721565381895651,291.3516331156235,7.26269405936943,188.11336714496008,True,4.040115988693602,-6.977637109934612,1,1,20160910_flight07
2016-09-10 08:27:05,54.57019182,7.84078443,93.464,0.509,3.2,1005.5980000000001,18.705,1.1802,7.002999999999999,1.147,-0.064,100,0.6,3.2,1005.5980000000001,0.01705420905731514,291.38940676909965,7.096310167967575,189.30171126948557,True,4.03948880484003,-7.043402916444142,1,1,20160910_flight07
2016-09-10 08:27:06,54.570099639999995,7.84178816,93.5,0.512,3.2769999999999997,1005.5980000000001,18.557000000000002,1.180042,7.345,1.383,0.015,100,0.6,3.3,1005.5980000000001,0.017706466143066146,291.2416428719527,7.474069440405273,190.663450379731,True,4.038750490158661,-7.109162763053215,1,1,20160910_flight07
2016-09-10 08:27:07,54.5700074,7.84279192,93.5,0.41200000000000003,3.2569999999999997,1005.5980000000001,18.668,1.179881,7.26,1.068,-0.005,100,0.5,3.3,1005.5980000000001,0.017458174735919707,291.35246579481293,7.338134912905322,188.36861254703854,True,4.038005848198388,-7.174925498729949,1,1,20160910_flight07
2016-09-10 08:27:08,54.56991469,7.843795350000001,93.541,0.43200000000000005,3.207,1005.5840000000001,18.536,1.1800739999999998,7.327999999999999,1.074,0.04100000000000001,100,0.5,3.3,1005.5840000000001,0.017737967865581572,291.22183593980503,7.406285168692872,188.33797232444937,True,4.037206342942678,-7.240674686372357,1,1,20160910_flight07
2016-09-10 08:27:09,54.569821389999994,7.844798379999999,93.559,0.24400000000000002,3.3,1005.59,18.59,1.1800739999999998,7.367999999999999,0.963,-0.14400000000000002,100,0.4,3.3,1005.59,0.01755565970925055,291.2752529571082,7.430665717148094,187.4463674439957,True,4.036338100455557,-7.3064077797288665,1,1,20160910_flight07
2016-09-10 08:27:10,54.56972789,7.8458007499999995,93.691,0.29100000000000004,3.17,1005.577,18.577,1.180127,7.183,0.736,0.124,100,0.4,3.3,1005.577,0.01754214866539372,291.2633505685927,7.220608353871577,185.8503463671376,True,4.0354416383690825,-7.372101837665264,1,1,20160910_flight07
2016-09-10 08:27:11,54.56963409,7.8468011,93.70700000000001,0.28,3.24,1005.5790000000001,18.655,1.180097,6.864,0.789,-0.128,100,0.3,3.3,1005.5790000000001,0.017298041806414144,291.34106087839837,6.909197999768135,186.55723058223225,True,4.034493185659862,-7.437671387714675,1,1,20160910_flight07
2016-09-10 08:27:12,54.56953961999999,7.8478022,93.8,0.39899999999999997,3.2,1005.567,18.563,1.180035,6.707000000000001,0.8740000000000001,0.061,100,0.6,3.2,1005.567,0.0176601979172748,291.25020117793844,6.763706454304475,187.42446891591842,True,4.033477970951916,-7.503299773025567,1,1,20160910_flight07
2016-09-10 08:27:13,54.569444759999996,7.84880334,93.785,0.5489999999999999,3.2769999999999997,1005.563,18.484,1.1800229999999998,7.353,1.006,0.205,100,0.6,3.3,1005.563,0.0179421717717565,291.1716577671384,7.421498837835926,187.79054828630836,True,4.032420175052616,-7.568937012046666,1,1,20160910_flight07
2016-09-10 08:27:14,54.5693501,7.84980459,93.69800000000001,0.145,3.29,1005.5830000000001,18.468999999999998,1.180242,7.579,1.043,0.25,100,0.3,3.3,1005.5830000000001,0.01782588099460858,291.15502536582045,7.650430706829518,187.83566124042642,True,4.031385439850068,-7.634578067928085,1,1,20160910_flight07
2016-09-10 08:27:15,54.56925561,7.850805789999999,93.54699999999998,-0.11,3.2,1005.595,18.486,1.1804119999999998,7.536999999999999,1.2329999999999999,0.30400000000000005,100,0.2,3.2,1005.595,0.017632117482752063,291.1710045717636,7.637189142609994,189.29088555782454,True,4.030368960233728,-7.700213179298493,1,1,20160910_flight07
2016-09-10 08:27:16,54.56916095,7.85180716,93.257,0.11,3.2,1005.618,18.483,1.180468,7.614,1.406,0.377,100,0.4,3.2,1005.618,0.017617584457169544,291.16610473641987,7.742727684737465,190.46237206964287,True,4.029335350609502,-7.7658619192294776,1,1,20160910_flight07
2016-09-10 08:27:17,54.56906619,7.852808629999999,92.902,0.368,3.1910000000000003,1005.6840000000001,18.515,1.180383,7.6739999999999995,1.5659999999999998,0.154,100,0.5,3.2,1005.6840000000001,0.017645992799282473,291.1925877893134,7.8321537267855,191.53374297438876,True,4.028291664510668,-7.831518675960549,1,1,20160910_flight07
2016-09-10 08:27:18,54.56897106,7.85381071,92.613,0.20900000000000002,3.1460000000000004,1005.7040000000001,18.544,1.180498,7.754,1.415,0.18100000000000002,100,0.5,3.2,1005.7040000000001,0.017465927428595762,291.21988446656115,7.882051826777086,190.34190628194744,True,4.0272129466113835,-7.897220462951548,1,1,20160910_flight07
2016-09-10 08:27:19,54.56887552,7.85481287,92.361,-0.28600000000000003,3.3259999999999996,1005.719,18.654,1.180447,7.376,0.762,0.11900000000000001,100,0.6,3.4,1005.719,0.017141490381035185,291.32846296996223,7.41525589578674,185.89819036038523,True,4.026089819820456,-7.9629339876878955,1,1,20160910_flight07
2016-09-10 08:27:20,54.56877974,7.85581464,92.391,-0.973,3.2439999999999998,1005.719,18.609,1.1802579999999998,7.119,0.846,-0.341,100,1.1,3.4,1005.719,0.017461275663168685,291.2835363040027,7.1690917834827586,186.7770705482361,True,4.024936600198853,-8.028626411485671,1,1,20160910_flight07
2016-09-10 08:27:21,54.56868566,7.856817250000001,92.713,-0.838,3.4059999999999997,1005.701,18.544,1.18025,7.507000000000001,1.473,-0.205,100,1.0,3.6,1005.701,0.017676686706255884,291.22013291654264,7.650148887440036,191.1013607771191,True,4.023978505414588,-8.09434519539054,1,1,20160910_flight07
2016-09-10 08:27:22,54.56859416,7.85782094,93.079,-0.545,3.5,1005.6490000000001,18.500999999999998,1.1802479999999997,7.199,1.455,-0.139,100,0.7,3.6,1005.6490000000001,0.01777582710055703,291.18150875447003,7.3445643846316715,191.4262067935195,True,4.02331471385412,-8.160091509354274,1,1,20160910_flight07
2016-09-10 08:27:23,54.56850345,7.8588244199999995,93.413,-0.27899999999999997,3.343,1005.6,18.563,1.180158,7.187,1.208,0.032,100,0.3,3.4,1005.6,0.017587527365226396,291.2474676341807,7.287814006957094,189.5411636324414,True,4.02273596674644,-8.225811630167936,1,1,20160910_flight07
2016-09-10 08:27:24,54.56841272,7.8598275,93.53200000000001,-0.094,3.3,1005.5980000000001,18.671,1.180047,6.877999999999999,1.255,0.10200000000000001,100,0.2,3.3,1005.5980000000001,0.017304588212191385,291.35546100894425,6.991559840264545,190.3407626087262,True,4.022151264816703,-8.291506460168886,1,1,20160910_flight07
2016-09-10 08:27:25,54.568322120000005,7.860830590000001,93.46,0.145,3.2969999999999997,1005.605,18.53,1.1801819999999998,7.101,1.202,0.308,100,0.3,3.4,1005.605,0.017687019090901313,291.21410618109576,7.202013954443576,189.60749701435864,True,4.021580975481587,-8.357199833053631,1,1,20160910_flight07
2016-09-10 08:27:26,54.56823194,7.86183377,93.333,0.047,3.245,1005.617,18.636000000000003,1.180088,6.961,0.958,-0.109,100,0.2,3.4,1005.617,0.017410489033573562,291.3189426400163,7.026612626294408,187.83604387585856,True,4.021057791051993,-8.422892192587174,1,1,20160910_flight07
2016-09-10 08:27:27,54.56814198,7.86283708,93.375,0.064,3.1630000000000003,1005.607,18.535,1.180213,7.496,1.188,0.141,100,0.2,3.3,1005.607,0.017644867503728623,291.2189325460593,7.589555981742279,189.0055940159702,True,4.0205600578082095,-8.48858932697074,1,1,20160910_flight07
2016-09-10 08:27:28,54.56805253,7.863840639999999,93.3,0.28,3.343,1005.6210000000001,18.607,1.180181,7.239,1.046,0.012,100,0.4,3.4,1005.6210000000001,0.017435482964735627,291.28965768630013,7.3141805419335935,188.22205203641985,True,4.020120843255725,-8.554294241318875,1,1,20160910_flight07
2016-09-10 08:27:29,54.5679626,7.86484388,93.304,0.53,3.177,1005.618,18.629,1.180156,6.822,0.958,-0.274,100,0.7,3.2,1005.618,0.01737728508691383,291.3118709950104,6.88893663782735,187.9936616853214,True,4.019625757760972,-8.619986409312608,1,1,20160910_flight07
2016-09-10 08:27:30,54.56787148,7.86584671,93.441,0.519,3.133,1005.6030000000001,18.592,1.180159,6.803,1.114,-0.042,100,0.7,3.2,1005.6030000000001,0.01748854951453338,291.27617283135294,6.893606095506183,189.29972134334162,True,4.018995754489618,-8.685671523237872,1,1,20160910_flight07
2016-09-10 08:27:31,54.56778009,7.8668497,93.434,0.019000000000000003,3.352,1005.604,18.445,1.1802219999999999,7.5520000000000005,1.4569999999999999,0.226,100,0.2,3.4,1005.604,0.01794816135203403,291.12932474858775,7.691264720447477,190.91985325404434,True,4.018337512954156,-8.751371238812027,1,1,20160910_flight07
2016-09-10 08:27:32,54.567690080000006,7.86785333,93.4,-0.113,3.367,1005.612,18.619,1.180132,7.057,1.202,0.004999999999999999,100,0.4,3.4,1005.612,0.017426774680654233,291.3023840880376,7.158634855892568,189.66627242655028,True,4.017837274026032,-8.817089670706725,1,1,20160910_flight07
2016-09-10 08:27:33,54.567599609999995,7.868856419999999,93.4,0.34,3.1590000000000003,1005.614,18.618000000000002,1.1802519999999999,6.659,0.767,-0.228,100,0.5,3.2,1005.614,0.017328839695861298,291.30121999299934,6.703026928186997,186.5705139129866,True,4.017281303484131,-8.882780946138109,1,1,20160910_flight07
2016-09-10 08:27:34,54.567508180000004,7.86985918,93.494,0.625,3.2030000000000003,1005.612,18.563000000000002,1.180257,7.422000000000001,1.0490000000000002,-0.024000000000000004,100,0.9,3.4,1005.612,0.017514314117188734,291.2464736468703,7.495764470686096,188.04470410821312,True,4.016616498806803,-8.948466579321067,1,1,20160910_flight07
2016-09-10 08:27:35,54.56741726,7.8708623499999995,93.597,0.759,3.33,1005.6010000000001,18.568,1.18024,7.205,1.202,-0.013000000000000001,100,0.8,3.4,1005.6010000000001,0.01750039979217477,291.25237682061515,7.3045758946019586,189.47134882067581,True,4.016011713591343,-9.014170237868052,1,1,20160910_flight07
2016-09-10 08:27:36,54.567325659999995,7.87186507,93.7,0.556,3.204,1005.5980000000001,18.521,1.180213,7.4239999999999995,1.439,0.062,100,0.6,3.3,1005.5980000000001,0.017684605557760857,291.20570030237644,7.562175414521934,190.96965966480047,True,4.015327809141132,-9.079856052525308,1,1,20160910_flight07
2016-09-10 08:27:37,54.56723323999999,7.87286748,93.699,0.34,3.137,1005.599,18.531000000000002,1.1803289999999997,7.325,0.831,-0.02,100,0.5,3.2,1005.599,0.01755071485719828,291.21560152549716,7.371986570796233,186.47236764609255,True,4.014550678391096,-9.14553524681307,1,1,20160910_flight07
2016-09-10 08:27:38,54.56714,7.87386949,93.604,0.361,3.178,1005.602,18.61,1.180158,6.772,0.9390000000000001,-0.015,100,0.6,3.2,1005.602,0.01742562637503431,291.29422693657773,6.8367905482031555,187.89425030271855,True,4.0136794771577,-9.211202057694225,1,1,20160910_flight07
2016-09-10 08:27:39,54.56704576,7.874871010000001,93.6,0.218,3.153,1005.6010000000001,18.578000000000003,1.180208,7.202999999999999,1.089,0.053,100,0.5,3.2,1005.6010000000001,0.01749310882106836,291.26236085920107,7.2848562099742225,188.597267838983,True,4.012693535230127,-9.276853626298612,1,1,20160910_flight07
2016-09-10 08:27:40,54.56695192,7.87587301,93.536,-0.027000000000000003,3.2769999999999997,1005.605,18.598000000000003,1.180167,7.49,1.6380000000000001,0.065,100,0.1,3.3,1005.605,0.01746275063054581,291.28199756624497,7.667016629693717,192.33589335561845,True,4.011756153450744,-9.342529477397196,1,1,20160910_flight07
2016-09-10 08:27:41,54.56685909,7.8768759,93.46799999999999,0.26899999999999996,3.175,1005.615,18.566000000000003,1.180226,7.276,1.635,-0.039999999999999994,100,0.6,3.2,1005.615,0.017533611496440615,291.24922035207595,7.457439305820731,192.66464263604308,True,4.010938365740172,-9.408246022928198,1,1,20160910_flight07
2016-09-10 08:27:42,54.56676575,7.877879,93.292,0.601,3.11,1005.65,18.486,1.180292,7.515,1.7890000000000001,0.18100000000000002,100,0.8,3.2,1005.65,0.017791243908857446,291.16645009522597,7.72500783171124,193.39043626012594,True,4.010066374058159,-9.473984244017192,1,1,20160910_flight07
2016-09-10 08:27:43,54.56667133,7.878882089999999,93.03200000000001,0.708,3.1060000000000003,1005.6990000000001,18.632,1.180348,7.028,0.887,-0.081,100,0.8,3.2,1005.6990000000001,0.017283268932055673,291.3081556412912,7.08375274836721,187.19323632694005,True,4.009075332432904,-9.539739249767322,1,1,20160910_flight07
2016-09-10 08:27:44,54.566575400000005,7.87988486,92.941,0.634,3.218,1005.705,18.576,1.1803089999999998,7.025,1.026,0.10300000000000001,100,0.7,3.3,1005.705,0.017518237796243508,291.2517496286544,7.099528223762478,188.30929018021897,True,4.007914970951335,-9.6054981274485,1,1,20160910_flight07
2016-09-10 08:27:45,54.56647914,7.880887410000001,92.9,0.084,3.437,1005.7090000000001,18.541,1.180194,7.37,1.535,0.34700000000000003,100,0.4,3.5,1005.7090000000001,0.017743538172852125,291.21647526579545,7.528155484579208,191.7651843951911,True,4.006716198195829,-9.67124824201117,1,1,20160910_flight07
2016-09-10 08:27:46,54.5663835,7.881890019999999,92.90899999999999,-0.228,3.423,1005.6970000000001,18.564,1.180254,7.152,0.965,-0.11599999999999999,100,0.4,3.5,1005.6970000000001,0.017599418372480358,291.2404317166825,7.216808782280434,187.68435649275443,True,4.005586277869325,-9.736992195358331,1,1,20160910_flight07
2016-09-10 08:27:47,54.56628800000001,7.88289225,93.06199999999998,-0.23199999999999998,3.295,1005.696,18.572,1.180194,7.607,1.4509999999999998,0.065,100,0.3,3.4,1005.696,0.017622232928826698,291.2485015547343,7.744149404550509,190.79917979798682,True,4.004468213450494,-9.802709557086414,1,1,20160910_flight07
2016-09-10 08:27:48,54.566193160000005,7.8838947,93.182,0.247,3.4,1005.677,18.68,1.180391,7.202000000000001,1.3659999999999999,-0.187,100,0.8,3.4,1005.677,0.017056645815362925,291.35790054067786,7.330399716250131,190.7396915111477,True,4.003424908013951,-9.868430357628192,1,1,20160910_flight07
2016-09-10 08:27:49,54.56609752,7.8848965,93.40899999999999,0.65,3.2460000000000004,1005.64,18.685,1.1802479999999997,7.106,1.3719999999999999,-0.22,100,0.9,3.4,1005.64,0.017125023517733373,291.36595832219757,7.237238423597774,190.92798697033118,True,4.002287390027785,-9.934122443642233,1,1,20160910_flight07
2016-09-10 08:27:50,54.56600107,7.88589816,93.582,-0.036000000000000004,3.2190000000000003,1005.6110000000001,18.621000000000002,1.1799879999999998,7.185,1.406,0.145,100,0.2,3.3,1005.6110000000001,0.01754294963641856,291.3044637376701,7.321274547508787,191.07203917377817,True,4.001059341758063,-9.99981863368086,1,1,20160910_flight07
2016-09-10 08:27:51,54.56590508,7.886899979999999,93.56,-0.157,3.236,1005.6210000000001,18.573,1.180021,7.202000000000001,1.297,-0.022000000000000002,100,0.3,3.3,1005.6210000000001,0.017692034946376944,291.25571214819365,7.317855765181493,190.20890540030945,True,3.9998834607667373,-10.065517647359906,1,1,20160910_flight07
2016-09-10 08:27:52,54.56580929,7.88790204,93.49700000000001,-0.322,3.1540000000000004,1005.6310000000001,18.576,1.1799979999999999,7.34,1.598,0.083,100,0.6,3.2,1005.6310000000001,0.017711525714483978,291.2578790042463,7.5119374331792725,192.2822725797532,True,3.9987318598487462,-10.131228802286337,1,1,20160910_flight07
2016-09-10 08:27:53,54.56571404,7.888904800000001,93.4,-0.5369999999999999,3.1919999999999997,1005.673,18.66,1.1800989999999998,7.297000000000001,1.148,-0.028999999999999995,100,0.6,3.3,1005.673,0.017373980605326134,291.33826430512664,7.386752534097782,188.94077031477661,True,3.9976463028820763,-10.196976068334678,1,1,20160910_flight07
2016-09-10 08:27:54,54.565619420000004,7.889907849999999,93.34899999999999,-0.502,3.245,1005.6890000000001,18.61,1.180111,7.019,1.065,0.153,100,0.6,3.3,1005.6890000000001,0.01755417357410516,291.28701973155967,7.0993370112990135,188.6277383498227,True,3.9966328571486542,-10.262731739586487,1,1,20160910_flight07
2016-09-10 08:27:55,54.56552542,7.89091128,93.26899999999999,-0.077,3.3,1005.688,18.627,1.179816,6.915,1.9269999999999998,0.188,100,0.4,3.3,1005.688,0.01774828853043453,291.3040750140944,7.178478529605003,195.57153525441484,True,3.99569126538697,-10.32850174042164,1,1,20160910_flight07
2016-09-10 08:27:56,54.56543192,7.8919152,93.12899999999999,0.14100000000000001,3.215,1005.703,18.655,1.1802549999999998,7.447,1.473,-0.053,100,0.2,3.3,1005.703,0.017287285058390944,291.3307868967123,7.5912803926610435,191.18855583632427,True,3.9948093420296864,-10.394295050662622,1,1,20160910_flight07
2016-09-10 08:27:57,54.56533867,7.89291965,93.1,0.154,3.2889999999999997,1005.7,18.613000000000003,1.1804569999999999,7.593999999999999,1.5630000000000002,-0.05600000000000001,100,0.2,3.3,1005.7,0.01725658815680453,291.289103660097,7.753180315199692,191.63022780629086,True,3.993959926124571,-10.460118265223922,1,1,20160910_flight07
2016-09-10 08:27:58,54.56524536,7.89392419,93.1,0.037000000000000005,3.273,1005.695,18.668,1.1804189999999999,7.654,1.354,0.026000000000000002,100,0.2,3.3,1005.695,0.017092546752453197,291.3444285882719,7.77283937824525,190.0318921838116,True,3.9931047457285374,-10.525948210877832,1,1,20160910_flight07
2016-09-10 08:27:59,54.56515193,7.89492869,93.116,-0.212,3.358,1005.7,18.65,1.180476,7.421,1.179,0.138,100,0.3,3.4,1005.7,0.017111229983625798,291.3260435628105,7.5140722647576395,189.02733143009937,True,3.9922359727905548,-10.59177753129285,1,1,20160910_flight07
2016-09-10 08:28:00,54.56505867,7.895932800000001,93.275,0.098,3.367,1005.6940000000001,18.612000000000002,1.1803379999999999,7.499,1.182,-0.12300000000000001,100,0.2,3.4,1005.6940000000001,0.01735656389015605,291.28860230364415,7.591582509595742,188.95732440812722,True,3.991382266298798,-10.657579135723516,1,1,20160910_flight07
2016-09-10 08:28:01,54.5649658,7.89693673,93.494,-0.051000000000000004,3.4309999999999996,1005.668,18.599,1.180238,7.722,1.4409999999999998,0.114,100,0.2,3.5,1005.668,0.017461794331453895,291.27777709514396,7.855301712856102,190.57036859625777,True,3.9905698278243396,-10.723362921719405,1,1,20160910_flight07
2016-09-10 08:28:02,54.56487368,7.897940599999999,93.67699999999999,0.042,3.38,1005.6260000000001,18.733,1.1802479999999997,7.098,1.139,-0.17600000000000002,100,0.3,3.5,1005.6260000000001,0.016943600302931294,291.41504146346614,7.188805533605704,189.11640545158463,True,3.989839434993037,-10.789130764997257,1,1,20160910_flight07
2016-09-10 08:28:03,54.56478118,7.89894386,93.92200000000001,0.17,3.267,1005.6080000000001,18.666,1.180288,7.505,1.2109999999999999,0.098,100,0.3,3.3,1005.6080000000001,0.017124408925365486,291.3496403669846,7.602075111441612,189.16618740628826,True,3.989061465528726,-10.854865678708833,1,1,20160910_flight07
2016-09-10 08:28:04,54.56468886,7.899946979999999,94.0,0.138,3.347,1005.604,18.7,1.179981,7.21,1.278,0.086,100,0.3,3.4,1005.604,0.01726646754395955,291.3839175153049,7.322389227567735,190.0514941979456,True,3.9883020089129495,-10.920588723529574,1,1,20160910_flight07
2016-09-10 08:28:05,54.56459642,7.90094992,94.0,0.054000000000000006,3.1390000000000002,1005.6030000000001,18.695999999999998,1.1800439999999999,7.061,0.91,-0.188,100,0.2,3.2,1005.6030000000001,0.017225088093419716,291.38000677358434,7.119397516644228,187.34362526950366,True,3.9875276465796308,-10.986302178387254,1,1,20160910_flight07
2016-09-10 08:28:06,54.56450365,7.901952720000001,94.0,-0.061,3.1180000000000003,1005.602,18.627,1.1798659999999999,7.398,1.26,0.018000000000000002,100,0.5,3.2,1005.602,0.01761813107467436,291.31119979734655,7.50453223059239,189.66565811132654,True,3.9867156233592045,-11.05201199282581,1,1,20160910_flight07
2016-09-10 08:28:07,54.56441179,7.90295627,94.0,-0.402,3.2020000000000004,1005.6110000000001,18.622,1.179981,7.472,1.094,-0.046000000000000006,100,0.5,3.3,1005.6110000000001,0.017545498525446845,291.3054621386892,7.551663392922118,188.32967859087762,True,3.9860108665748015,-11.117755150398144,1,1,20160910_flight07
2016-09-10 08:28:08,54.564321060000005,7.90396033,94.0,-0.42,3.2,1005.6010000000001,18.677,1.180059,7.331,1.3630000000000002,0.009,100,0.5,3.2,1005.6010000000001,0.017276362391845934,291.36120284120165,7.456629935835625,190.53233220491163,True,3.985435356875124,-11.183512733468945,1,1,20160910_flight07
2016-09-10 08:28:09,54.564230820000006,7.90496478,93.945,-0.56,3.2,1005.6030000000001,18.696,1.180145,7.223,1.3619999999999999,0.0020000000000000018,100,0.8,3.2,1005.6030000000001,0.017138031219986694,291.38000677358434,7.350290674524375,190.67855325196678,True,3.9849174761506205,-11.249287383913838,1,1,20160910_flight07
2016-09-10 08:28:10,54.5641413,7.905969750000001,93.9,-0.064,3.0740000000000003,1005.6080000000001,18.840999999999998,1.1802059999999999,6.593,0.737,-0.113,100,0.6,3.2,1005.6080000000001,0.016585438986765455,291.52436069439716,6.634064968026768,186.37834187478143,True,3.9844837770314,-11.315083715240432,1,1,20160910_flight07
2016-09-10 08:28:11,54.56405142,7.90697485,93.87700000000001,0.318,3.175,1005.613,18.703,1.179819,6.6339999999999995,1.032,-0.07,100,0.4,3.2,1005.613,0.017404795052247124,291.38616687844825,6.713790285673213,188.84218934370728,True,3.9840116452412015,-11.380894179286681,1,1,20160910_flight07
2016-09-10 08:28:12,54.56396197,7.90798049,93.9,0.34800000000000003,3.324,1005.6110000000001,18.547,1.179734,7.361000000000001,1.777,0.037000000000000005,100,0.4,3.4,1005.6110000000001,0.0180202233679021,291.2305820622583,7.572453367304417,193.57195613152282,True,3.983591940726372,-11.446732283824138,1,1,20160910_flight07
2016-09-10 08:28:13,54.5638735,7.90898686,93.88,0.414,3.2089999999999996,1005.625,18.642,1.179962,7.082000000000001,1.76,-0.019000000000000003,100,0.6,3.4,1005.625,0.017506302966822318,291.3242702109591,7.297418995782002,193.95626403504497,True,3.983287025170613,-11.512601321422615,1,1,20160910_flight07
2016-09-10 08:28:14,54.56378375,7.90999277,93.76899999999999,0.7120000000000001,3.1,1005.6510000000001,18.76,1.180342,6.977,1.076,0.002999999999999999,100,0.8,3.1,1005.6510000000001,0.016793836062806378,291.4399260567479,7.059483338035441,188.76714226768567,True,3.9828368098348843,-11.578461555348625,1,1,20160910_flight07
2016-09-10 08:28:15,54.563692270000004,7.9109980900000005,93.645,0.5269999999999999,3.2430000000000003,1005.682,18.694,1.180296,6.939,1.104,0.14700000000000002,100,0.7,3.3,1005.682,0.017094770719062735,291.3714635841623,7.026274759785586,189.04003188699363,True,3.982190510282223,-11.644311921631372,1,1,20160910_flight07
2016-09-10 08:28:16,54.563600459999996,7.912003240000001,93.6,0.39799999999999996,3.315,1005.6990000000001,18.636000000000003,1.1800609999999998,7.1579999999999995,1.275,-0.0009999999999999998,100,0.6,3.4,1005.6990000000001,0.017516731124329832,291.31214914542295,7.270666338101343,190.09973623583284,True,3.9815062684469,-11.710156726482783,1,1,20160910_flight07
2016-09-10 08:28:17,54.563509059999994,7.91300861,93.65899999999999,0.71,3.267,1005.681,18.62,1.1799579999999998,7.276,1.671,-0.07600000000000001,100,0.8,3.3,1005.681,0.017643140484754127,291.29766624101575,7.46541472391186,192.93421524353622,True,3.980869249450942,-11.776009003712186,1,1,20160910_flight07
2016-09-10 08:28:18,54.56341706999999,7.9140139099999995,93.7,0.696,3.2,1005.67,18.764,1.180201,7.244,1.4869999999999999,-0.026000000000000002,100,0.8,3.2,1005.67,0.01692059172226168,291.4423448274998,7.395045976868568,191.60015445647414,True,3.9801665885660995,-11.841866317791588,1,1,20160910_flight07
2016-09-10 08:28:19,54.56332367,7.9150186399999996,93.7,0.563,3.2,1005.681,18.747,1.180245,7.084,1.32,-0.057999999999999996,100,0.7,3.2,1005.681,0.016953026776775015,291.4244606462412,7.20593200078935,190.5551814329488,True,3.979303277326448,-11.907709881939994,1,1,20160910_flight07
2016-09-10 08:28:20,54.56322911,7.91602303,93.7,0.24,3.2,1005.6590000000001,18.7,1.179859,7.02,1.62,-0.102,100,0.3,3.2,1005.6590000000001,0.017427298734862262,291.37935974918804,7.20449859462822,192.99461679191648,True,3.9783090092340654,-11.973550390354555,1,1,20160910_flight07
2016-09-10 08:28:21,54.56313443,7.91702773,93.697,0.031,3.2539999999999996,1005.6690000000001,18.566000000000003,1.179872,7.555,1.7069999999999999,0.19899999999999998,100,0.2,3.3,1005.6690000000001,0.017893561101578914,291.24474756909626,7.745442143609362,192.73180413206182,True,3.9773044315379735,-12.039412685341011,1,1,20160910_flight07
2016-09-10 08:28:22,54.56304044,7.918032899999999,93.59100000000001,-0.215,3.2969999999999997,1005.693,18.634,1.1801499999999998,7.456,1.439,0.161,100,0.3,3.4,1005.693,0.01744089981031105,291.31064945076605,7.593593154758819,190.92371454598134,True,3.9763802621198057,-12.105293943549375,1,1,20160910_flight07
2016-09-10 08:28:23,54.562946659999994,7.9190380000000005,93.46600000000001,-0.397,3.29,1005.6990000000001,18.594,1.1805180000000002,7.568,1.325,0.124,100,0.6,3.4,1005.6990000000001,0.017269258745442828,291.2702173520397,7.683114537737935,189.93065294492988,True,3.9754785664740755,-12.171167331201755,1,1,20160910_flight07
2016-09-10 08:28:24,54.562853450000006,7.92004322,93.4,-0.682,3.35,1005.7,18.624000000000002,1.18058,7.787000000000001,1.64,0.08800000000000001,100,0.8,3.4,1005.7,0.017112257185728952,291.30008579333617,7.9578243886127575,191.8931078228357,True,3.9746407788190954,-12.237039206376078,1,1,20160910_flight07
2016-09-10 08:28:25,54.56276187,7.921049020000001,93.415,-0.752,3.4,1005.6990000000001,18.738,1.1807290000000001,7.707999999999999,1.459,0.023,100,0.8,3.4,1005.6990000000001,0.01658569967537349,291.4139835007821,7.8448674303649,190.71835978281712,True,3.9739879671240725,-12.302921922282263,1,1,20160910_flight07
2016-09-10 08:28:26,54.562671460000004,7.92205515,93.54199999999999,-0.42100000000000004,3.307,1005.7,18.854,1.180633,7.265,1.449,-0.07100000000000001,100,0.8,3.4,1005.7,0.016265494696638738,291.5297122156098,7.408091927075419,191.2795963835034,True,3.9734671199286087,-12.368806892242315,1,1,20160910_flight07
2016-09-10 08:28:27,54.562581380000005,7.92306141,93.6,-0.281,3.2859999999999996,1005.693,18.646,1.1802759999999999,7.356,1.91,0.048,100,0.5,3.3,1005.693,0.01729044581626593,291.3226299836034,7.599923420666816,194.5555373922474,True,3.972983839821204,-12.4346948622841,1,1,20160910_flight07
2016-09-10 08:28:28,54.56249226,7.92406841,93.6,-0.29900000000000004,3.2539999999999996,1005.701,18.662,1.1802709999999998,7.669,1.724,0.127,100,0.4,3.3,1005.701,0.017247069133911053,291.3379412214243,7.860390384707364,192.6695386181446,True,3.972613239579381,-12.500614728409595,1,1,20160910_flight07
2016-09-10 08:28:29,54.56240424,7.92507618,93.508,0.465,3.365,1005.6990000000001,18.861,1.180446,7.037000000000001,1.479,-0.043,100,1.0,3.4,1005.6990000000001,0.016401109979047757,291.5367837528329,7.19074474585213,191.8693705391059,True,3.972371020840132,-12.566566152834723,1,1,20160910_flight07
2016-09-10 08:28:30,54.56231463,7.926083220000001,93.57,1.2109999999999999,3.125,1005.6970000000001,18.792,1.180587,7.0360000000000005,1.186,-0.209,100,1.4,3.3,1005.6970000000001,0.016517893527566052,291.4680615816578,7.135256968042567,189.56793156174314,True,3.971946824949013,-12.632496486096294,1,1,20160910_flight07
2016-09-10 08:28:31,54.5622232,7.92708974,93.63699999999999,0.757,3.388,1005.6940000000001,18.703,1.1800259999999998,7.507000000000001,1.38,0.14200000000000002,100,1.0,3.5,1005.6940000000001,0.017308257470367572,291.3794546518239,7.632787760707094,190.41629973526005,True,3.9713172884150953,-12.698422886160051,1,1,20160910_flight07
2016-09-10 08:28:32,54.56213192,7.928096030000001,93.73899999999999,0.349,3.446,1005.6840000000001,18.726,1.1801339999999998,7.074,1.158,-0.0029999999999999983,100,0.6,3.5,1005.6840000000001,0.01712488755991215,291.4032460308698,7.1681545742262,189.29675071765394,True,3.9707021162085727,-12.76433213832375,1,1,20160910_flight07
2016-09-10 08:28:33,54.56203971,7.92910128,93.926,0.958,3.283,1005.666,18.889,1.18007,6.521,1.422,-0.106,100,1.2,3.4,1005.666,0.016594121200957934,291.5674745339146,6.674243402813535,192.30161097037592,True,3.969974754525568,-12.830189800252628,1,1,20160910_flight07
2016-09-10 08:28:34,54.56194541,7.930105620000001,93.96700000000001,1.21,3.238,1005.645,18.764,1.1801329999999999,7.1579999999999995,1.774,0.166,100,1.4,3.3,1005.645,0.016953906185789513,291.4444169247828,7.3745535458087215,193.91941345389947,True,3.9690086550322707,-12.896022912072901,1,1,20160910_flight07
2016-09-10 08:28:35,54.56185035000001,7.93110985,93.911,-0.32,3.094,1005.6690000000001,18.875999999999998,1.180045,6.78,1.319,-0.444,100,0.7,3.3,1005.6690000000001,0.016663947446066807,291.55424677978885,6.907109453309684,191.00896930865537,True,3.9679578138795435,-12.961861242217068,1,1,20160910_flight07
2016-09-10 08:28:36,54.56175554000001,7.9321147199999995,93.935,-0.433,3.0610000000000004,1005.6669999999999,18.727,1.179832,7.2010000000000005,1.401,-0.049,100,0.5,3.2,1005.6669999999999,0.017364556238405715,291.40565322629243,7.3360208560226985,191.00971673292628,True,3.9669405119590344,-13.027736520393557,1,1,20160910_flight07
2016-09-10 08:28:37,54.56166129,7.93312037,93.9,0.038000000000000006,3.2,1005.665,18.7,1.179699,7.311,1.45,0.039,100,0.1,3.2,1005.665,0.017571361214020476,291.37886255773134,7.453403316606448,191.2179698493918,True,3.96599220726611,-13.093652709706728,1,1,20160910_flight07
2016-09-10 08:28:38,54.561567249999996,7.93412624,93.815,0.067,3.2,1005.683,18.68,1.1799369999999998,7.381,1.588,-0.05800000000000001,100,0.2,3.2,1005.683,0.017454045170444354,291.357403394736,7.549894370122009,192.14193022752778,True,3.9650690964958546,-13.159579598249628,1,1,20160910_flight07
2016-09-10 08:28:39,54.56147341,7.93513255,93.76799999999999,0.149,3.2,1005.6890000000001,18.712,1.180151,7.4639999999999995,1.653,-0.007000000000000003,100,0.2,3.2,1005.6890000000001,0.01716408160841687,291.3888543765165,7.644848265335289,192.48734912050213,True,3.964172141765637,-13.225531434788465,1,1,20160910_flight07
2016-09-10 08:28:40,54.56137954,7.93613909,93.7,0.301,3.1510000000000002,1005.686,18.789,1.180459,7.254,1.5319999999999998,-0.15200000000000002,100,0.4,3.2,1005.686,0.0166274443167036,291.4659782130996,7.414009711350531,191.92527536875775,True,3.9632740400577404,-13.291498483116474,1,1,20160910_flight07
2016-09-10 08:28:41,54.561284830000005,7.93714558,93.781,0.5770000000000001,3.1719999999999997,1005.688,18.772000000000002,1.180346,6.822,1.5959999999999999,-0.08900000000000001,100,0.8,3.2,1005.688,0.016786001546607254,291.44883999172123,7.0062043932503135,193.16747085618746,True,3.96228294791376,-13.357475882533734,1,1,20160910_flight07
2016-09-10 08:28:42,54.561189000000006,7.93815172,93.75200000000001,0.622,3.218,1005.6920000000001,18.692999999999998,1.180348,7.535,1.15,-0.01,100,0.8,3.3,1005.6920000000001,0.017063560801672484,291.3696365972398,7.622251963822765,188.67758223903417,True,3.96116521090228,-13.423448940509275,1,1,20160910_flight07
2016-09-10 08:28:43,54.56109302,7.939157740000001,93.87299999999999,0.172,3.247,1005.6569999999999,18.773999999999997,1.1801949999999999,7.272,1.0390000000000001,-0.15,100,0.3,3.3,1005.6569999999999,0.016877781309533768,291.4534061893977,7.34584950839588,188.13120540518318,True,3.960029826624396,-13.489416734574316,1,1,20160910_flight07
2016-09-10 08:28:44,54.56099714,7.94016362,94.059,-0.01,3.239,1005.618,18.689,1.179973,7.388,1.8330000000000002,-0.05,100,0.1,3.3,1005.618,0.01732587050109813,291.3717749368969,7.611992708877223,193.9340111834687,True,3.9589041436288355,-13.555373950489148,1,1,20160910_flight07
2016-09-10 08:28:45,54.560901050000005,7.94116952,94.1,-0.23800000000000002,3.1860000000000004,1005.622,18.79,1.180161,6.888,1.6769999999999998,-0.05,100,0.3,3.3,1005.622,0.016815955194952492,291.47228165807775,7.089208206845106,193.6834051928803,True,3.9577555178695807,-13.621335835272918,1,1,20160910_flight07
2016-09-10 08:28:46,54.56080484,7.942175590000001,94.08,-0.48100000000000004,3.1240000000000006,1005.6540000000001,18.79,1.180275,7.135,1.301,-0.222,100,0.7,3.2,1005.6540000000001,0.016750096400317327,291.469629071179,7.252642690771412,190.33381691729466,True,3.9565952693302346,-13.68731054190447,1,1,20160910_flight07
2016-09-10 08:28:47,54.56070966,7.9431823,94.12799999999999,-0.6679999999999999,3.13,1005.613,18.764,1.180086,6.737,1.042,-0.215,100,0.8,3.2,1005.613,0.01696204788262623,291.4470693059703,6.817105910868629,188.79217012781245,True,3.95555447279499,-13.75330961184697,1,1,20160910_flight07
2016-09-10 08:28:48,54.56061557,7.94418961,94.2,-0.54,3.237,1005.604,18.672,1.179751,7.107,1.536,0.057999999999999996,100,0.6,3.3,1005.604,0.017562414773304447,291.3559622311164,7.2710896707439945,192.19547285565528,True,3.9546393617460662,-13.819329515695129,1,1,20160910_flight07
2016-09-10 08:28:49,54.560522920000004,7.945197540000001,94.2,-0.14,3.176,1005.602,18.688,1.180046,7.097,1.473,0.037000000000000005,100,0.4,3.3,1005.602,0.01725023707044926,291.3721024153995,7.248250685510264,191.72540408426522,True,3.9538886743816697,-13.885365887133794,1,1,20160910_flight07
2016-09-10 08:28:50,54.56043065,7.9462056500000005,94.17399999999999,-0.015,3.193,1005.615,18.715,1.1803299999999999,7.177,1.493,0.046,100,0.1,3.2,1005.615,0.01692454033143198,291.3979819346852,7.330646492636239,191.75139156663164,True,3.9531815303251943,-13.951407653628506,1,1,20160910_flight07
2016-09-10 08:28:51,54.56033858,7.94721391,94.084,0.222,3.1740000000000004,1005.628,18.798,1.180507,7.0,1.197,0.08800000000000001,100,0.3,3.2,1005.628,0.016496142201896546,291.47977145930184,7.101606085949854,189.70372254065848,True,3.952497822158497,-14.017455798333312,1,1,20160910_flight07
2016-09-10 08:28:52,54.56024602,7.9482218399999995,93.991,0.311,3.19,1005.6340000000001,18.806,1.180493,6.957000000000001,1.0490000000000002,0.043,100,0.4,3.2,1005.6340000000001,0.0164864083019034,291.48726123708366,7.035641406439075,188.57465745351266,True,3.951757047806163,-14.083490717688644,1,1,20160910_flight07
2016-09-10 08:28:53,54.560153140000004,7.94922952,93.917,0.479,3.213,1005.6560000000001,18.865,1.180189,6.5729999999999995,0.972,-0.03900000000000001,100,0.6,3.3,1005.6560000000001,0.016565051174101564,291.54434240623095,6.644479889351762,188.4118046383929,True,3.9509786822325665,-14.14951479157036,1,1,20160910_flight07
2016-09-10 08:28:54,54.56005941,7.9502366900000006,94.0,0.613,3.2560000000000002,1005.643,18.724,1.179821,7.031000000000001,1.295,-0.002999999999999999,100,0.8,3.3,1005.643,0.017360218934182603,291.40464701811186,7.149264717437732,190.43602347557197,True,3.9501019100555848,-14.215519922361537,1,1,20160910_flight07
2016-09-10 08:28:55,54.55996569,7.95124369,94.116,0.172,3.339,1005.6190000000001,18.772000000000002,1.1796630000000001,6.989,0.9790000000000001,-0.004,100,0.4,3.4,1005.6190000000001,0.017304897377805384,291.45455916620983,7.057234727568582,187.973952165353,True,3.9492246447540857,-14.281514006073444,1,1,20160910_flight07
2016-09-10 08:28:56,54.559872080000005,7.95225014,94.26299999999999,0.359,3.217,1005.6060000000001,18.701,1.179692,7.285,1.367,0.096,100,0.5,3.3,1005.6060000000001,0.017514213929188616,291.38475017517743,7.412146382796282,190.62772771252875,True,3.9483543364530167,-14.347471096457214,1,1,20160910_flight07
2016-09-10 08:28:57,54.559778189999996,7.953256199999999,94.2,-0.092,3.2020000000000004,1005.605,18.623,1.1797149999999998,7.516,1.432,0.131,100,0.4,3.3,1005.605,0.0177653720422819,291.30695763431453,7.651201212881544,190.7871002338274,True,3.947449529536195,-14.413407731272903,1,1,20160910_flight07
2016-09-10 08:28:58,54.55968463,7.95426238,94.127,-0.15200000000000002,3.215,1005.625,18.702,1.180032,7.437,1.449,0.175,100,0.4,3.3,1005.625,0.0172367738073973,291.38417403358847,7.576844329930503,191.02519107779554,True,3.946582195910757,-14.479346725832764,1,1,20160910_flight07
2016-09-10 08:28:59,54.55959095,7.95526843,94.0,0.07400000000000001,3.119,1005.6469999999999,18.865,1.180313,6.966,0.757,-0.08,100,0.4,3.2,1005.6469999999999,0.01644915734904373,291.54508862507294,7.007011131716575,186.20203415540146,True,3.9457004255582504,-14.54527933211673,1,1,20160910_flight07
2016-09-10 08:29:00,54.55949665,7.956274059999999,93.92,0.526,3.2289999999999996,1005.6560000000001,18.747,1.179961,7.215,1.205,0.07600000000000001,100,0.6,3.4,1005.6560000000001,0.017172506759219885,291.42653259370786,7.314933355813982,189.48163756166394,True,3.9447464260402114,-14.611195047467744,1,1,20160910_flight07
2016-09-10 08:29:01,54.55940227,7.957279590000001,93.941,0.233,3.347,1005.6510000000001,18.743,1.179624,7.096,1.2229999999999999,-0.067,100,0.4,3.4,1005.6510000000001,0.01747198111299597,291.42295343250424,7.200621153761667,189.7788919367255,True,3.943782676973404,-14.677105650185055,1,1,20160910_flight07
2016-09-10 08:29:02,54.55930812,7.95828501,94.07199999999999,0.306,3.239,1005.6110000000001,18.698999999999998,1.179686,7.334,1.435,-0.003,100,0.4,3.3,1005.6110000000001,0.017531421293687233,291.3823390171583,7.473070386394069,191.07085686528757,True,3.942843229378491,-14.743005498311021,1,1,20160910_flight07
2016-09-10 08:29:03,54.559213820000004,7.959290190000001,94.1,0.23,3.31,1005.62,18.674,1.179835,7.6610000000000005,1.056,0.09700000000000002,100,0.4,3.4,1005.62,0.017499183688829856,291.35663322659144,7.733437592688003,187.84825168087121,True,3.941885008939641,-14.80889239847686,1,1,20160910_flight07
2016-09-10 08:29:04,54.55911906,7.96029474,94.2,0.12200000000000001,3.38,1005.602,18.703,1.179811,7.297999999999999,0.8140000000000001,-0.111,100,0.2,3.5,1005.602,0.017400564755634562,291.38707846901906,7.343255408876909,186.3643177344137,True,3.9408702127034676,-14.874746379142158,1,1,20160910_flight07
2016-09-10 08:29:05,54.559023939999996,7.96129842,94.397,-0.419,3.2680000000000002,1005.6,18.721,1.1796119999999999,6.6370000000000005,0.815,0.121,100,0.5,3.3,1005.6,0.017507421301881543,291.40521548870277,6.686852323776861,187.00067074821743,True,3.939807603970536,-14.940550458782377,1,1,20160910_flight07
2016-09-10 08:29:06,54.55892882,7.9623015399999995,94.491,-0.136,3.0669999999999997,1005.597,18.624000000000002,1.179706,7.107,0.9890000000000001,0.1,100,0.3,3.2,1005.597,0.017761551595089076,291.3086188380505,7.175483955803957,187.92232165300067,True,3.9387397425359314,-15.006318679525304,1,1,20160910_flight07
2016-09-10 08:29:07,54.55883464000001,7.96330523,94.4,-0.052000000000000005,3.196,1005.597,18.772000000000002,1.1795229999999999,6.835,1.249,-0.13699999999999998,100,0.2,3.3,1005.597,0.017403385084260092,291.4563827772227,6.948181488706235,190.35573801191873,True,3.937780763506346,-15.07210823330028,1,1,20160910_flight07
2016-09-10 08:29:08,54.558741090000005,7.9643095100000005,94.295,0.011000000000000001,3.1519999999999997,1005.6030000000001,18.645,1.179735,7.297000000000001,1.761,0.198,100,0.1,3.2,1005.6030000000001,0.01766936038475353,291.32908820575926,7.506485862239401,193.56787585254227,True,3.936896709656992,-15.137925402402463,1,1,20160910_flight07
2016-09-10 08:29:09,54.55864756,7.96531412,94.05699999999999,-0.221,3.0389999999999997,1005.62,18.743,1.179968,7.322,1.415,-0.106,100,0.4,3.1,1005.62,0.01714399887097362,291.4255227205763,7.457473365691627,190.93775999542413,True,3.9360179540411036,-15.203763379955296,1,1,20160910_flight07
2016-09-10 08:29:10,54.55855417,7.96631942,93.848,-0.54,3.0010000000000003,1005.666,18.634,1.1800089999999999,7.4239999999999995,1.546,0.02,100,0.6,3.1,1005.666,0.017535155786524426,291.3128862563005,7.583263941074449,191.76335777073513,True,3.935161090747238,-15.269643281995734,1,1,20160910_flight07
2016-09-10 08:29:11,54.55846189,7.96732589,93.62100000000001,-0.733,3.1,1005.69,18.617,1.180084,7.816,1.455,0.026000000000000002,100,0.8,3.1,1005.69,0.017554053272254233,291.29392554490113,7.950275529816561,190.5452802863802,True,3.934437462330589,-15.335580194491508,1,1,20160910_flight07
2016-09-10 08:29:12,54.55837117,7.96833343,93.5,-0.87,3.142,1005.696,18.643,1.1804610000000002,7.754,1.446,-0.10700000000000001,100,1.0,3.2,1005.696,0.017144509190584856,291.3193863135471,7.887675956832912,190.56343133960104,True,3.9338956958705484,-15.401560453651783,1,1,20160910_flight07
2016-09-10 08:29:13,54.558281550000004,7.9693418,93.432,-0.45399999999999996,3.185,1005.7,18.781,1.1804510000000001,7.2010000000000005,1.405,-0.004000000000000001,100,0.6,3.2,1005.7,0.016676346449481017,291.45683078593163,7.336785808513153,191.04037933857978,True,3.933482873701843,-15.467576113136467,1,1,20160910_flight07
2016-09-10 08:29:14,54.55819181,7.970350140000001,93.37200000000001,0.04,3.144,1005.703,18.865,1.1806120000000002,6.867000000000001,1.131,0.185,100,0.4,3.2,1005.703,0.01624832017015332,291.5404456251382,6.95951506931338,189.35269254613308,True,3.933056552787896,-15.533591787720052,1,1,20160910_flight07
2016-09-10 08:29:15,54.55810191,7.97135854,93.219,-0.012000000000000002,3.3739999999999997,1005.719,18.771,1.180243,7.332999999999999,1.274,0.073,100,0.3,3.4,1005.719,0.01690956495255236,291.44527230145695,7.442846565662897,189.85591443139657,True,3.932613171531843,-15.599613885809323,1,1,20160910_flight07
2016-09-10 08:29:16,54.5580134,7.972367299999999,93.27600000000001,-0.065,3.24,1005.71,18.744,1.1799709999999999,6.97,0.51,-0.10400000000000001,100,0.2,3.3,1005.71,0.01722895904245947,291.4190621514301,6.988633628972118,184.1849161251184,True,3.932326267977013,-15.665636609428217,1,1,20160910_flight07
2016-09-10 08:29:17,54.55792478,7.97337548,93.464,0.28600000000000003,3.3059999999999996,1005.7,18.647000000000002,1.1797879999999998,7.372999999999999,0.9990000000000001,0.109,100,0.4,3.4,1005.7,0.01771482725209439,291.3230484355635,7.440371630503411,187.7162643462421,True,3.9320218082194014,-15.731623968243557,1,1,20160910_flight07
2016-09-10 08:29:18,54.55783602,7.97438308,93.57699999999998,0.835,3.3009999999999997,1005.696,18.679000000000002,1.179924,7.335,1.381,0.083,100,1.1,3.4,1005.696,0.017481893992575825,291.3553278813958,7.463872051422103,190.66256709693988,True,3.931696487922162,-15.79757644628296,1,1,20160910_flight07
2016-09-10 08:29:19,54.55774646,7.975390119999999,93.6,1.3259999999999998,3.2290000000000005,1005.698,18.709,1.180234,7.365,1.5319999999999998,0.086,100,1.5,3.3,1005.698,0.01711210628072002,291.3851134597575,7.522649067981305,191.75058011883198,True,3.931277799258826,-15.863505972831678,1,1,20160910_flight07
2016-09-10 08:29:20,54.55765493,7.97639627,93.55199999999999,0.88,3.14,1005.701,18.725,1.1804,7.1610000000000005,1.6159999999999999,0.029000000000000005,100,1.3,3.2,1005.701,0.016916354763302888,291.4008388757255,7.341074648850808,192.71674254219465,True,3.930633777732206,-15.929410293835634,1,1,20160910_flight07
2016-09-10 08:29:21,54.557562090000005,7.97740225,93.384,0.48,3.1,1005.706,18.775,1.180492,7.385,1.3880000000000001,0.109,100,0.6,3.1,1005.706,0.016667996627110382,291.4503432382847,7.514304292481108,190.64448013574253,True,3.9298438722382443,-15.995324864980674,1,1,20160910_flight07
2016-09-10 08:29:22,54.55746867,7.97840827,93.214,0.478,3.1340000000000003,1005.714,18.858,1.180581,7.107,1.107,-0.196,100,0.7,3.2,1005.714,0.016310483068899817,291.5325450439421,7.192697546817883,188.85335893441072,True,3.9289904580805572,-16.061251355345355,1,1,20160910_flight07
2016-09-10 08:29:23,54.55737432,7.979414080000001,93.179,0.11199999999999999,3.137,1005.735,18.79,1.18028,7.268,1.206,-0.09300000000000001,100,0.6,3.2,1005.735,0.0168276825429845,291.46291519567944,7.367378095360655,189.42140944342526,True,3.928032639702584,-16.127179403483385,1,1,20160910_flight07
2016-09-10 08:29:24,54.55728002,7.98042012,93.2,-0.18,3.1690000000000005,1005.716,18.733,1.180015,7.227,1.253,-0.069,100,0.3,3.2,1005.716,0.017235431877102192,291.4075828341735,7.334816834795536,189.83602691284796,True,3.9270824859131217,-16.1931213726698,1,1,20160910_flight07
2016-09-10 08:29:25,54.557185950000004,7.981426320000001,93.20200000000001,0.526,3.2,1005.729,18.774,1.1799959999999998,6.888,1.117,-0.256,100,1.0,3.2,1005.729,0.017122087925940388,291.44743861569435,6.977982014880807,189.21124559655004,True,3.926159166149331,-16.259069876376092,1,1,20160910_flight07
2016-09-10 08:29:26,54.557090699999996,7.98243198,93.3,0.778,3.2290000000000005,1005.706,18.692999999999998,1.1799449999999998,7.32,1.298,0.012000000000000002,100,1.0,3.3,1005.706,0.01742509319262231,291.3684765665521,7.43419154985934,190.05530437051308,True,3.925100810675888,-16.325002840284665,1,1,20160910_flight07
2016-09-10 08:29:27,54.556994949999996,7.983437380000001,93.391,0.308,3.339,1005.701,18.674,1.180055,7.531000000000001,1.412,0.11800000000000001,100,0.4,3.4,1005.701,0.017391430849962752,291.34992172700544,7.662225851539486,190.6191959250703,True,3.9239849441595336,-16.390927222548452,1,1,20160910_flight07
2016-09-10 08:29:28,54.55689945,7.98444256,93.439,0.098,3.2560000000000002,1005.7,18.695,1.1802979999999998,7.582000000000001,1.673,0.13,100,0.1,3.3,1005.7,0.01710776639555256,291.3709704715163,7.764383620095031,192.4431650537807,True,3.922894550226774,-16.456833483823704,1,1,20160910_flight07
2016-09-10 08:29:29,54.55680375,7.98544758,93.36800000000001,-0.03900000000000001,3.2,1005.7080000000001,18.703,1.1805480000000002,7.547999999999999,1.675,0.05600000000000001,100,0.1,3.2,1005.7080000000001,0.016872592202228365,291.3782945843546,7.731618782635366,192.51192811353178,True,3.921780626605205,-16.522732726551585,1,1,20160910_flight07
2016-09-10 08:29:30,54.556707859999996,7.9864527,93.24,-0.425,3.2,1005.729,18.778,1.180584,7.61,1.705,-0.04100000000000001,100,0.5,3.2,1005.729,0.016601571860590303,291.45143208575666,7.798661744171239,192.62841779570962,True,3.920646713496179,-16.588641438162995,1,1,20160910_flight07
2016-09-10 08:29:31,54.55661258,7.9874585,93.2,-0.592,3.065,1005.762,18.806,1.180777,7.614,1.605,-0.07600000000000001,100,0.6,3.2,1005.762,0.01637127361479962,291.4766511220541,7.781325144215476,191.90344786364463,True,3.9195863668622923,-16.654583850823396,1,1,20160910_flight07
2016-09-10 08:29:32,54.556518,7.98846496,93.116,-0.555,3.1790000000000003,1005.755,18.91,1.180662,7.194,1.254,-0.146,100,0.6,3.2,1005.755,0.016101243065775872,291.5810607717818,7.302475744567729,189.88798881557778,True,3.9186093121175514,-16.720557231774958,1,1,20160910_flight07
2016-09-10 08:29:33,54.55642379,7.9894716400000005,93.175,-0.239,3.1519999999999997,1005.73,18.96,1.1804519999999998,6.837999999999999,1.222,-0.057999999999999996,100,0.6,3.2,1005.73,0.016082792696329617,291.6330520416842,6.946331981700846,190.13221156580477,True,3.917675074428688,-16.786538730474945,1,1,20160910_flight07
2016-09-10 08:29:34,54.5563298,7.99047845,93.22200000000001,-0.034,3.332,1005.7230000000001,18.736,1.179951,7.23,1.27,-0.024,100,0.1,3.4,1005.7230000000001,0.017287231050604257,291.40999786219584,7.340694790004554,189.9627653383577,True,3.9167662879248297,-16.8525250040249,1,1,20160910_flight07
2016-09-10 08:29:35,54.55623696,7.99148561,93.358,-0.28300000000000003,3.343,1005.706,18.723,1.179615,7.202999999999999,1.4709999999999999,-0.017,100,0.4,3.4,1005.706,0.017605115480729516,291.39842778791774,7.351669878333765,191.54225682861085,True,3.915987450624522,-16.918515134988965,1,1,20160910_flight07
2016-09-10 08:29:36,54.556144880000005,7.99249282,93.514,-0.42100000000000004,3.3,1005.7,18.703999999999997,1.180048,7.695,1.288,-0.07200000000000001,100,0.5,3.3,1005.7,0.017291875024556314,291.3799558532574,7.802049025736765,189.50216291811023,True,3.9152927921956504,-16.984496205604177,1,1,20160910_flight07
2016-09-10 08:29:37,54.55605337,7.99350004,93.649,-0.514,3.3,1005.69,18.761,1.1801119999999998,7.211,1.483,0.018000000000000002,100,0.6,3.3,1005.69,0.017027961650050605,291.4376920616027,7.361916190775334,191.62130292412456,True,3.9146610099735835,-17.05046872002997,1,1,20160910_flight07
2016-09-10 08:29:38,54.55596233,7.99450732,93.71300000000001,-0.488,3.336,1005.6890000000001,18.669,1.1800789999999999,7.504,1.5490000000000002,-0.006000000000000001,100,0.6,3.4,1005.6890000000001,0.017376031614125154,291.3459240850151,7.662207058021859,191.66336122125242,True,3.9140815584932227,-17.11643749337919,1,1,20160910_flight07
2016-09-10 08:29:39,54.55587244,7.9955149400000005,93.82,-0.32,3.24,1005.672,18.69,1.1803299999999999,7.709,1.671,-0.08,100,0.5,3.3,1005.672,0.017069299503968738,291.36829866886484,7.888023960409856,192.23021023871823,True,3.913631962418936,-17.182409483804967,1,1,20160910_flight07
2016-09-10 08:29:40,54.55578344,7.996523079999999,93.9,-0.055,3.167,1005.6569999999999,18.862,1.180319,7.621,1.736,-0.059,100,0.2,3.2,1005.6569999999999,0.016464540316361687,291.5412643296831,7.816222681065325,192.83253347981764,True,3.9132852725282063,-17.248400412288486,1,1,20160910_flight07
2016-09-10 08:29:41,54.55569432,7.99753136,93.9,0.266,3.0589999999999997,1005.668,18.817999999999998,1.180703,7.233,1.086,-0.17600000000000002,100,0.4,3.2,1005.668,0.0162982047158986,291.49642337391043,7.314074445888557,188.53889992329533,True,3.912926678464183,-17.314402241607283,1,1,20160910_flight07
2016-09-10 08:29:42,54.55560416,7.99853933,93.9,0.12200000000000001,3.056,1005.6690000000001,18.719,1.180351,7.419,1.256,0.028999999999999998,100,0.3,3.1,1005.6690000000001,0.016947117011165025,291.3975004053413,7.524566233345282,189.60878477305948,True,3.912450626292678,-17.380401000093393,1,1,20160910_flight07
2016-09-10 08:29:43,54.55551418,7.999547679999999,93.8,-0.2,3.099,1005.6690000000001,18.75,1.180199,6.944,1.3730000000000002,-0.055,100,0.3,3.1,1005.6690000000001,0.01697007704100706,291.4284503264106,7.0784366211756105,191.18452424103194,True,3.9119979644791325,-17.44642118723607,1,1,20160910_flight07
2016-09-10 08:29:44,54.55542466,8.00055652,93.685,-0.575,3.07,1005.6890000000001,18.736,1.1803679999999999,7.367999999999999,1.3330000000000002,0.094,100,0.7,3.2,1005.6890000000001,0.016893465371574656,291.41281546944754,7.487610633573302,190.25488360897805,True,3.9116005652857346,-17.51246532915524,1,1,20160910_flight07
2016-09-10 08:29:45,54.55533647,8.001566219999999,93.52799999999999,-0.579,3.122,1005.698,18.724,1.1802629999999998,7.3020000000000005,1.093,0.069,100,0.7,3.2,1005.698,0.017034844847140462,291.4000891045103,7.383349714052559,188.51311476997313,True,3.9113577250319764,-17.578543081531752,1,1,20160910_flight07
2016-09-10 08:29:46,54.55524929999999,8.00257638,93.421,-0.121,3.1790000000000003,1005.7020000000001,18.674,1.1801089999999999,7.416,1.297,0.047,100,0.4,3.2,1005.7020000000001,0.01734588813728477,291.34983887332993,7.52856327595113,189.92024828391538,True,3.9112315469670573,-17.644633832488083,1,1,20160910_flight07
2016-09-10 08:29:47,54.55516248,8.00358676,93.324,-0.066,3.2319999999999998,1005.7090000000001,18.717,1.18025,7.476,1.256,0.13,100,0.1,3.3,1005.7090000000001,0.017081563834095315,291.3921889479,7.580772520000848,189.53687427322933,True,3.9111459830677955,-17.71073302387756,1,1,20160910_flight07
2016-09-10 08:29:48,54.5550759,8.004597,93.3,0.055,3.2230000000000003,1005.711,18.765,1.180606,7.042999999999999,1.133,0.032,100,0.1,3.3,1005.711,0.01660970493219427,291.439945103979,7.133550168043959,189.138814641777,True,3.91108554069079,-17.776819378321168,1,1,20160910_flight07
2016-09-10 08:29:49,54.554988869999995,8.005606890000001,93.23299999999999,0.031,3.275,1005.714,18.754,1.180502,7.31,1.222,0.057,100,0.1,3.3,1005.714,0.016740612132813304,291.42871437942415,7.411436028193187,189.49028252587368,True,3.9109722503143463,-17.84289058137014,1,1,20160910_flight07
2016-09-10 08:29:50,54.554902080000005,8.00661668,93.279,0.485,3.1630000000000003,1005.7090000000001,18.798,1.180469,7.207000000000001,1.192,-0.07200000000000001,100,0.6,3.3,1005.7090000000001,0.01661074184639455,291.47305717659594,7.3049101979422035,189.39140205085226,True,3.9108844566554986,-17.908951508822444,1,1,20160910_flight07
2016-09-10 08:29:51,54.554814889999996,8.00762629,93.3,0.504,3.2020000000000004,1005.717,18.792,1.180366,7.562,1.155,0.039,100,0.6,3.3,1005.717,0.01672843521315781,291.46640384976257,7.649697314273292,188.68409223866442,True,3.9107509167946173,-17.975007363904112,1,1,20160910_flight07
2016-09-10 08:29:52,54.55472718,8.00863534,93.375,0.577,3.2230000000000003,1005.706,18.930999999999997,1.18023,7.19,1.026,-0.018,100,0.7,3.3,1005.706,0.016350566085495233,291.60608958938576,7.262835259043125,188.12117708286542,True,3.910554849052131,-18.04103574990268,1,1,20160910_flight07
2016-09-10 08:29:53,54.554638180000005,8.00964351,93.5,0.47200000000000003,3.2,1005.71,18.8,1.1798389999999999,6.417000000000001,0.9620000000000001,-0.054000000000000006,100,0.6,3.2,1005.71,0.01714762603814335,291.4749710343824,6.4887081148715575,188.52596279973395,True,3.910208440556973,-18.107028599398525,1,1,20160910_flight07
2016-09-10 08:29:54,54.55454796,8.01065094,93.588,0.204,3.1710000000000003,1005.6990000000001,18.783,1.1795820000000001,6.558,0.857,-0.052000000000000005,100,0.7,3.2,1005.6990000000001,0.017417351668547187,291.4589104222641,6.613759369677732,187.44522723261036,True,3.909720714604294,-18.172993747717957,1,1,20160910_flight07
2016-09-10 08:29:55,54.55445844,8.011658579999999,93.65700000000001,-0.8420000000000001,3.217,1005.687,18.668,1.179705,7.096,1.133,-0.024000000000000004,100,1.1,3.3,1005.687,0.017700032271988242,291.3450914129476,7.185882339699141,189.07169607263307,True,3.9093120596199302,-18.238961049143214,1,1,20160910_flight07
2016-09-10 08:29:56,54.55437173999999,8.01266732,93.742,-0.6689999999999999,3.2,1005.6740000000001,18.637,1.1796630000000001,7.452999999999999,1.246,0.057,100,0.7,3.2,1005.6740000000001,0.017831234905348436,291.31521864044686,7.556435998537934,189.49099253303677,True,3.909224330154535,-18.304953289080565,1,1,20160910_flight07
2016-09-10 08:29:57,54.554286700000006,8.01367664,93.781,-0.034,3.1140000000000003,1005.666,18.659000000000002,1.179816,7.558,1.5959999999999999,0.051000000000000004,100,0.4,3.2,1005.666,0.017614420083929216,291.3378458913607,7.724673455881485,191.92380272682618,True,3.909324880989823,-18.37095588572137,1,1,20160910_flight07
2016-09-10 08:29:58,54.554201739999996,8.01468625,93.62700000000001,0.527,3.1460000000000004,1005.6890000000001,18.816,1.1802839999999999,7.23,1.081,0.138,100,0.6,3.2,1005.6890000000001,0.016687183756493473,291.49268577921765,7.310366680269876,188.50363747898345,True,3.909436963538459,-18.436975761407947,1,1,20160910_flight07
2016-09-10 08:29:59,54.55411563,8.01569533,93.44800000000001,0.71,3.1,1005.7,18.843,1.180409,6.905,0.9640000000000001,-0.037000000000000005,100,1.0,3.1,1005.7,0.016496638205028447,291.5187300823706,6.971966795675378,187.9476360369244,True,3.9094174085156688,-18.502980253606122,1,1,20160910_flight07
2016-09-10 08:30:00,54.55402858,8.01670415,93.4,0.735,3.228,1005.702,18.721,1.1799579999999998,7.566,1.317,-0.062,100,1.0,3.3,1005.702,0.01731223434076523,291.3967625068455,7.679768551199964,189.87443553670101,True,3.909291878834665,-18.568983263233207,1,1,20160910_flight07
2016-09-10 08:30:01,54.553941910000006,8.01771314,93.4,0.7390000000000001,3.282,1005.698,18.774,1.1798250000000001,7.287999999999999,1.3419999999999999,-0.02,100,0.8,3.3,1005.698,0.017238150577007838,291.45000792035285,7.410526836871991,190.43347338285548,True,3.909209798664099,-18.63499102757872,1,1,20160910_flight07
2016-09-10 08:30:02,54.55385427,8.01872155,93.425,0.657,3.1290000000000004,1005.7,18.694000000000003,1.179939,7.537000000000001,1.3559999999999999,0.14800000000000002,100,0.8,3.2,1005.7,0.01742071066958939,291.36997209576725,7.658009206053491,190.1991138289677,True,3.9090154379526627,-18.70097730258269,1,1,20160910_flight07
2016-09-10 08:30:03,54.5537655,8.01973068,93.303,0.322,3.157,1005.705,18.692,1.1800259999999998,7.434,1.331,0.013000000000000001,100,0.5,3.2,1005.705,0.017357728927324345,291.3675610508688,7.552212722109991,190.15081133428498,True,3.908703367342225,-18.767027913594383,1,1,20160910_flight07
2016-09-10 08:30:04,54.55367633,8.020740889999999,93.2,0.062,3.155,1005.724,18.702,1.18007,7.42,1.48,0.03,100,0.2,3.2,1005.724,0.017304157188917424,291.37597044945505,7.566161510303623,191.2802301544865,True,3.908357369113377,-18.833154134753446,1,1,20160910_flight07
2016-09-10 08:30:05,54.55358769,8.02174926,93.084,-0.193,3.2,1005.7539999999999,18.78,1.180361,7.178,1.2160000000000002,0.08,100,0.2,3.2,1005.7539999999999,0.016811942426361526,291.4513568324997,7.2802705993664825,189.614993285195,True,3.9080524886309256,-18.899153982665542,1,1,20160910_flight07
2016-09-10 08:30:06,54.553499179999996,8.02275774,93.0,0.17,3.2,1005.7739999999999,18.764,1.180471,7.242999999999999,1.3019999999999998,0.03900000000000001,100,0.3,3.2,1005.7739999999999,0.016793138753430137,291.4337256137144,7.359093218596975,190.1906408536401,True,3.9077629587240867,-18.96515877683598,1,1,20160910_flight07
2016-09-10 08:30:07,54.553410809999995,8.02376624,92.914,0.343,3.293,1005.783,18.775,1.180264,7.218999999999999,1.402,0.028000000000000004,100,0.5,3.3,1005.783,0.016942247943935396,291.4439616481353,7.3538809481796745,190.99058175494235,True,3.9074890366552335,-19.031162592885245,1,1,20160910_flight07
2016-09-10 08:30:08,54.55332238,8.02477473,92.9,0.245,3.3,1005.776,18.737000000000002,1.180273,7.409,1.3840000000000001,0.096,100,0.4,3.3,1005.776,0.017059806889911044,291.4066043081821,7.537157090043964,190.58089648227278,True,3.907208412113654,-19.097166736652447,1,1,20160910_flight07
2016-09-10 08:30:09,54.55323386,8.02578299,92.999,-0.006000000000000001,3.2310000000000003,1005.7489999999999,18.8,1.1803219999999999,6.931,1.122,-0.161,100,0.1,3.3,1005.7489999999999,0.0167708260778916,291.4717384616089,7.0212281689174585,189.19535167305736,True,3.9069157172000466,-19.163157604741475,1,1,20160910_flight07
2016-09-10 08:30:10,54.553145130000004,8.02679102,93.1,0.068,3.2560000000000002,1005.737,18.809,1.1801389999999998,7.131,1.0190000000000001,0.069,100,0.2,3.4,1005.737,0.01688501204920967,291.48171836941486,7.203438206856501,188.1323520706427,True,3.906597734565512,-19.22913713326333,1,1,20160910_flight07
2016-09-10 08:30:11,54.55305697,8.02779892,93.205,0.293,3.32,1005.7130000000001,18.759,1.179875,7.075,1.066,0.064,100,0.4,3.4,1005.7130000000001,0.017262484416642243,291.43378911483194,7.154857161397423,188.56838256575725,True,3.906341314962182,-19.29509914087159,1,1,20160910_flight07
2016-09-10 08:30:12,54.55296911000001,8.02880656,93.3,0.466,3.307,1005.703,18.755,1.179603,7.5,1.351,0.158,100,0.5,3.4,1005.703,0.01750087650011567,291.4306243864389,7.620708694078261,190.21137323707222,True,3.9061154999787764,-19.36103965942851,1,1,20160910_flight07
2016-09-10 08:30:13,54.552881369999994,8.02981396,93.3,0.34299999999999997,3.2260000000000004,1005.703,18.778,1.1797499999999999,6.847,1.025,0.027000000000000003,100,0.4,3.3,1005.703,0.017293937779147672,291.45358700907605,6.9232964691684264,188.51398792975033,True,3.9059006511845507,-19.42696287377611,1,1,20160910_flight07
2016-09-10 08:30:14,54.5527928,8.03082066,93.304,0.21400000000000002,3.202,1005.701,18.801000000000002,1.179782,7.178999999999999,0.863,0.006,100,0.4,3.3,1005.701,0.01718418162125568,291.47671541107303,7.230685306386939,186.85473206228096,True,3.9055878165141245,-19.492854655936068,1,1,20160910_flight07
2016-09-10 08:30:15,54.552704350000006,8.03182714,93.42200000000001,0.057,3.265,1005.7020000000001,18.783,1.179646,7.155,1.111,-0.109,100,0.2,3.3,1005.7020000000001,0.017365187942120164,291.4586617680788,7.240742089040322,188.8261766867955,True,3.9052861356317425,-19.558730414561246,1,1,20160910_flight07
2016-09-10 08:30:16,54.55261663,8.032833890000001,93.50399999999999,-0.077,3.2,1005.692,18.663,1.179746,7.185,1.374,0.10200000000000001,100,0.1,3.2,1005.692,0.01768716046290919,291.3396852566289,7.31519657972361,190.82606584262,True,3.9050673928432733,-19.624611684289363,1,1,20160910_flight07
2016-09-10 08:30:17,54.552529469999996,8.03384088,93.46300000000001,-0.134,3.19,1005.7,18.669,1.1798229999999998,7.4510000000000005,1.307,0.065,100,0.3,3.2,1005.7,0.01760791383945559,291.34501270204186,7.564763710784363,189.94918701986828,True,3.9049125821764346,-19.69049928693176,1,1,20160910_flight07
2016-09-10 08:30:18,54.55244294,8.0348483,93.4,-0.14800000000000002,3.18,1005.7080000000001,18.642,1.179851,7.475,1.334,-0.001,100,0.2,3.2,1005.7080000000001,0.017686018163260098,291.31739380221546,7.5931008817215115,190.11856986846527,True,3.904831195920055,-19.756404259501902,1,1,20160910_flight07
2016-09-10 08:30:19,54.55235691,8.03585603,93.4,-0.24,3.158,1005.6970000000001,18.678,1.180097,7.32,1.393,-0.095,100,0.3,3.2,1005.6970000000001,0.017337230705116724,291.35424664917014,7.451365579543122,190.77458623087,True,3.9048077896986566,-19.822321015403926,1,1,20160910_flight07
2016-09-10 08:30:20,54.55227135,8.03686416,93.38,-0.11200000000000002,3.115,1005.701,18.865,1.1802979999999998,6.975,1.088,0.018000000000000002,100,0.3,3.2,1005.701,0.016516655785285383,291.54061144083937,7.0593462161874445,188.86587411327287,True,3.9048399033589565,-19.888255801702794,1,1,20160910_flight07
2016-09-10 08:30:21,54.552185900000005,8.03787252,93.21799999999999,0.10200000000000001,3.1,1005.7080000000001,18.86,1.180329,6.861000000000001,1.235,0.23600000000000002,100,0.4,3.1,1005.7080000000001,0.016514438400011322,291.535039220352,6.971265738730665,190.2041354988116,True,3.9048862902837946,-19.954203540994424,1,1,20160910_flight07
2016-09-10 08:30:22,54.55210091,8.03888134,92.943,0.011000000000000001,3.198,1005.7660000000001,18.718999999999998,1.1799499999999998,7.3020000000000005,1.456,0.155,100,0.2,3.3,1005.7660000000001,0.01739084245647593,291.38946252395954,7.4457464367247965,191.2767315308552,True,3.9049876584331997,-20.020173314050147,1,1,20160910_flight07
2016-09-10 08:30:23,54.552017070000005,8.039890980000001,92.723,0.39399999999999996,3.2,1005.795,18.827,1.180016,6.944,1.419,0.20600000000000002,100,0.9,3.2,1005.795,0.016986957176525985,291.4948813076759,7.087502874778958,191.54933069641888,True,3.90522338430587,-20.086177040379997,1,1,20160910_flight07
2016-09-10 08:30:24,54.55193275,8.04090061,92.49700000000001,0.953,3.2,1005.805,18.719,1.1802839999999999,7.439,1.382,0.113,100,1.0,3.2,1005.805,0.017142378014314064,291.38623107943823,7.566283433760593,190.524294198339,True,3.9054061469814485,-20.152187870816217,1,1,20160910_flight07
2016-09-10 08:30:25,54.5518475,8.04191002,92.34200000000001,0.8390000000000001,3.2,1005.823,18.812,1.1802659999999998,7.331,1.1440000000000001,-0.109,100,0.9,3.2,1005.823,0.016852087637354574,291.4775853950377,7.4197235123689085,188.86945329478777,True,3.9054844116384952,-20.21819961868841,1,1,20160910_flight07
2016-09-10 08:30:26,54.55176119,8.042919000000001,92.384,0.9910000000000001,3.147,1005.823,18.826,1.180164,6.809,1.0070000000000001,-0.096,100,1.1,3.2,1005.823,0.016891211402908946,291.49156216665705,6.8830610922757325,188.41263524148837,True,3.9054418897172365,-20.284200934363884,1,1,20160910_flight07
2016-09-10 08:30:27,54.55167319,8.04392719,92.459,1.179,3.2539999999999996,1005.807,18.737000000000002,1.179842,7.002999999999999,1.218,-0.033,100,1.3,3.3,1005.807,0.017462701282509707,291.40403558537344,7.10813147036547,189.86649749911948,True,3.9052058133965613,-20.35017893027661,1,1,20160910_flight07
2016-09-10 08:30:28,54.5515842,8.04493482,92.568,0.72,3.3939999999999997,1005.8009999999999,18.7,1.179691,7.3020000000000005,1.442,0.062,100,0.9,3.4,1005.8009999999999,0.01771587288678611,291.3675939078002,7.443021429500254,191.17104120636344,True,3.904855441240562,-20.416137040207744,1,1,20160910_flight07
2016-09-10 08:30:29,54.551495,8.04594204,92.705,0.03399999999999999,3.4,1005.799,18.765,1.179995,7.222,1.219,0.045,100,2.0,3.4,1005.799,0.01722510392166443,291.432652205839,7.3241549000550235,189.58064063460017,True,3.904478092994987,-20.482072284497587,1,1,20160910_flight07
2016-09-10 08:33:04,54.6333443,8.06257072,95.49700000000001,-3.8560000000000003,3.463,1005.446,18.833,1.179285,7.103,1.9869999999999999,-0.129,100,4.7,3.7,1005.446,0.017243347819447807,291.52980608523995,7.375688306863299,195.62848235259997,True,13.075708844185085,-20.22629121832797,2,2,20160910_flight07
2016-09-10 08:33:05,54.63347898,8.06159996,95.71600000000001,-2.6430000000000002,3.387,1005.414,18.774,1.17932,7.221,1.953,-0.129,100,3.2,3.4,1005.414,0.01738636320148812,291.47355080778186,7.4804445055090145,195.13419919314194,True,13.08143755629895,-20.161956858323997,2,2,20160910_flight07
2016-09-10 08:33:06,54.63360879,8.06062779,95.8,-1.511,3.227,1005.41,18.829,1.179276,7.138999999999999,1.8630000000000002,-0.114,100,2.1,3.3,1005.41,0.017228623986375036,291.5287976543323,7.378081729013307,194.62577455422309,True,13.086616638761742,-20.097610784575966,2,2,20160910_flight07
2016-09-10 08:33:07,54.633735079999994,8.05965414,95.77799999999999,-0.557,3.147,1005.4259999999999,18.85,1.179293,6.898,1.496,-0.102,100,1.0,3.3,1005.4259999999999,0.017156991096294316,291.54843833510506,7.058358166032664,192.23649382408857,True,13.091394130166881,-20.033226733473523,2,2,20160910_flight07
2016-09-10 08:33:08,54.633859599999994,8.05867912,95.661,0.5169999999999999,2.945,1005.453,18.832,1.179448,7.496,1.6969999999999998,-0.22699999999999998,100,0.9,3.1,1005.453,0.017113329164776703,291.52822716058074,7.685689624230217,192.75602312087568,True,13.095963815307483,-19.968783513777282,2,2,20160910_flight07
2016-09-10 08:33:09,54.63398499,8.057702860000001,95.36,1.565,2.9330000000000003,1005.497,18.668,1.17961,7.974,1.8769999999999998,0.042,100,1.9,3.0,1005.497,0.01758970778428459,291.360835492134,8.191935363514533,193.24572621949164,True,13.100617695248063,-19.904246855432817,2,2,20160910_flight07
2016-09-10 08:33:10,54.63411196,8.05672551,94.883,2.088,3.068,1005.545,18.764,1.179518,7.608,1.804,-0.005,100,2.2,3.1,1005.545,0.017382968092856776,291.4527059764028,7.818956452110473,193.3395429284139,True,13.105435379610919,-19.839614908179016,2,2,20160910_flight07
2016-09-10 08:33:11,54.634240309999996,8.05574708,94.45299999999999,2.086,3.0,1005.6,18.815,1.17969,7.202999999999999,1.811,0.051000000000000004,100,2.1,3.0,1005.6,0.0171125732973183,291.49906547810195,7.427175102284852,194.11295461825114,True,13.110394933279986,-19.774891539204905,2,2,20160910_flight07
2016-09-10 08:33:12,54.63437063000001,8.05476779,93.994,2.049,2.937,1005.6510000000001,18.825,1.179697,7.233,1.598,0.064,100,2.1,3.0,1005.6510000000001,0.017123284429521712,291.50482138473836,7.407421481190334,192.45833426308815,True,13.115563405119572,-19.710081316721855,2,2,20160910_flight07
2016-09-10 08:33:13,54.63450391000001,8.05378787,93.47399999999999,2.001,3.0180000000000002,1005.714,18.875,1.179682,7.053999999999999,1.661,0.025,100,2.1,3.1,1005.714,0.01702577379075998,291.54951736410374,7.246919138502926,193.2500268079254,True,13.12105199561937,-19.645182995576302,2,2,20160910_flight07
2016-09-10 08:33:14,54.63463975,8.052807340000001,93.044,2.064,3.0869999999999997,1005.773,18.805,1.179852,7.231,1.8259999999999998,-0.010000000000000002,100,2.2,3.1,1005.773,0.017182714050915093,291.47474104129793,7.4579914856481295,194.172262461327,True,13.126816834544853,-19.580204310146154,2,2,20160910_flight07
2016-09-10 08:33:15,54.63477801,8.05182627,92.738,2.079,3.1,1005.8,18.85,1.179841,7.041,1.5830000000000002,-0.131,100,2.1,3.1,1005.8,0.017062740809404398,291.51742886223684,7.21675619651932,192.67089509533577,True,13.13284315824471,-19.51515200158932,2,2,20160910_flight07
2016-09-10 08:33:16,54.63491839,8.05084482,92.6,1.71,3.198,1005.8059999999999,18.875999999999998,1.17985,6.632999999999999,1.786,-0.168,100,2.1,3.2,1005.8059999999999,0.01697049753788593,291.5428884919719,6.869241952355441,195.07003702896395,True,13.139099424117243,-19.450041155582674,2,2,20160910_flight07
2016-09-10 08:33:17,54.635060599999996,8.04986327,92.6,1.3530000000000002,3.272,1005.802,18.782,1.179576,7.209,1.607,-0.09200000000000001,100,1.4,3.3,1005.802,0.017530213009516515,291.4493754942284,7.385941375342752,192.56667113088236,True,13.145556316584083,-19.38489438050964,2,2,20160910_flight07
2016-09-10 08:33:18,54.635204869999995,8.04888201,92.6,1.395,3.3739999999999997,1005.802,18.809,1.179535,7.085,1.409,0.077,100,1.5,3.5,1005.802,0.01747147862925602,291.47633085759503,7.223745981137487,191.2477119636328,True,13.152242827032405,-19.319732938651196,2,2,20160910_flight07
2016-09-10 08:33:19,54.6353504,8.04790085,92.6,1.308,3.3489999999999998,1005.8009999999999,18.708,1.179682,7.322,1.429,0.05,100,1.5,3.5,1005.8009999999999,0.017695740813480576,291.37558068440205,7.460142424913884,191.0433303082727,True,13.159069057632442,-19.254557571002113,2,2,20160910_flight07
2016-09-10 08:33:20,54.63549731,8.046919769999999,92.536,1.6370000000000002,3.3,1005.8009999999999,18.799,1.179805,6.968999999999999,1.5819999999999999,0.069,100,1.7,3.4,1005.8009999999999,0.017272460498958253,291.4664302682486,7.146305688955658,192.78969584851671,True,13.166048038135811,-19.18936506077674,2,2,20160910_flight07
2016-09-10 08:33:21,54.63564567,8.0459389,92.522,1.882,3.395,1005.802,18.823,1.1799,7.202999999999999,1.814,0.023,100,2.0,3.5,1005.802,0.017107953310087076,291.490307712674,7.427907174971965,194.13539690888393,True,13.173188698041782,-19.124162602963757,2,2,20160910_flight07
2016-09-10 08:33:22,54.63579678,8.04495882,92.6,2.2079999999999997,3.423,1005.8,18.744,1.179908,7.565,1.7369999999999999,0.08900000000000001,100,2.4,3.5,1005.8,0.017374308639644065,291.4116040421704,7.76185506177486,192.93154254970995,True,13.180639665599587,-19.05896636259996,2,2,20160910_flight07
2016-09-10 08:33:23,54.635951000000006,8.04397981,92.719,2.2260000000000004,3.5,1005.7959999999999,18.735,1.1798659999999999,7.542999999999999,1.82,0.053,100,2.4,3.5,1005.7959999999999,0.017437848979704018,291.402950359017,7.7594619014465165,193.56523663597267,True,13.188443219210333,-18.993788460800797,2,2,20160910_flight07
2016-09-10 08:33:24,54.63610771,8.04300181,92.896,1.9609999999999999,3.5639999999999996,1005.7769999999999,18.829,1.179703,7.42,1.693,0.027000000000000003,100,2.2,3.6,1005.7769999999999,0.017231612178429945,291.4983700023063,7.610693069622503,192.8529844007627,True,13.19653050644344,-18.928635058781882,2,2,20160910_flight07
2016-09-10 08:33:25,54.63626644,8.04202471,93.119,1.6769999999999998,3.491,1005.72,18.738,1.179733,7.591,1.75,0.11200000000000002,100,1.7,3.5,1005.72,0.017465206373324493,291.4122432098145,7.790107893989659,192.9819374416881,True,13.204848727569042,-18.86350669593211,2,2,20160910_flight07
2016-09-10 08:33:26,54.636427139999995,8.04104854,93.256,1.246,3.5,1005.702,18.84,1.1796630000000001,6.945,1.63,0.138,100,1.6,3.5,1005.702,0.017151927600202344,291.51556915340615,7.133717474080397,193.20832740289546,True,13.213392656750981,-18.798406099977065,2,2,20160910_flight07
2016-09-10 08:33:27,54.636588780000004,8.04007303,93.416,0.708,3.469,1005.6970000000001,18.848,1.1797119999999999,6.997999999999999,1.8880000000000001,-0.127,100,0.8,3.5,1005.6970000000001,0.017076756838089624,291.52397067130084,7.248209985920661,195.09843307237688,True,13.222046312523032,-18.733332600090893,2,2,20160910_flight07
2016-09-10 08:33:28,54.63675129,8.03909804,93.664,1.218,3.2430000000000003,1005.658,18.733,1.179708,7.685,1.929,-0.028999999999999998,100,1.5,3.4,1005.658,0.01744147141275665,291.412389408039,7.923399901557411,194.0906120935899,True,13.230800671586126,-18.668278360947873,2,2,20160910_flight07
2016-09-10 08:33:29,54.63691608,8.03812367,93.8,1.435,3.339,1005.632,18.792,1.179636,7.483,2.006,0.07,100,1.5,3.4,1005.632,0.01727163848803759,291.47344950312396,7.747214015373526,195.00668784601658,True,13.239811975780063,-18.603227036618364,2,2,20160910_flight07
2016-09-10 08:33:30,54.63708222,8.03714967,93.84299999999999,0.925,3.35,1005.627,18.829,1.1796339999999998,7.625,1.895,-0.155,100,1.1,3.4,1005.627,0.01713939562452782,291.51080464678097,7.856949153456449,193.95665376520338,True,13.248975445690784,-18.538177623526288,2,2,20160910_flight07
2016-09-10 08:33:31,54.637248719999995,8.03617563,94.023,0.609,3.2230000000000003,1005.607,18.701,1.179739,7.7860000000000005,1.8940000000000001,-0.15,100,0.8,3.3,1005.607,0.017474688655933823,291.3846673037693,8.013053849812817,193.67205823703722,True,13.258178192455231,-18.473119840751785,2,2,20160910_flight07
2016-09-10 08:33:32,54.63741597999999,8.03520166,94.1,0.7,3.2,1005.602,18.667,1.179798,7.984,2.2769999999999997,-0.016,100,0.7,3.2,1005.602,0.017537288314024124,291.35113594033214,8.302348161815427,195.91790545589492,True,13.267465305687624,-18.4080542783032,2,2,20160910_flight07
2016-09-10 08:33:33,54.63758427,8.034227829999999,94.073,0.6609999999999999,3.1690000000000005,1005.6060000000001,18.794,1.180015,7.86,2.171,0.049,100,0.8,3.2,1005.6060000000001,0.01691164976422943,291.4776016019886,8.154314256882671,195.4406130872299,True,13.276867181012,-18.342981062293052,2,2,20160910_flight07
2016-09-10 08:33:34,54.63775243,8.03325367,94.0,0.267,3.207,1005.609,18.855,1.1802819999999998,7.46,1.7590000000000001,-0.013000000000000003,100,0.4,3.3,1005.609,0.016472254013957466,291.5382554056656,7.664573112704973,193.2674864601519,True,13.286251642198318,-18.27788881260088,2,2,20160910_flight07
2016-09-10 08:33:35,54.63791991,8.03227892,93.917,0.04800000000000001,3.1260000000000003,1005.615,18.975,1.180064,7.242999999999999,1.413,-0.187,100,0.2,3.2,1005.615,0.01624846950140535,291.6575659043391,7.3795405006002905,191.03889567483213,True,13.29555567097424,-18.212769754294474,2,2,20160910_flight07
2016-09-10 08:33:36,54.63808701,8.03130312,93.81,-0.015,2.946,1005.638,18.898,1.179749,7.34,1.409,-0.066,100,0.1,3.0,1005.638,0.016811080253247068,291.5787818331382,7.474013714196676,190.86641736313263,True,13.304807995993025,-18.14758959157417,2,2,20160910_flight07
2016-09-10 08:33:37,54.63825412,8.03032625,93.53399999999999,-0.05800000000000001,2.975,1005.685,18.869,1.1796309999999999,6.638,1.53,-0.18400000000000002,100,0.1,3.0,1005.685,0.017061313024864466,291.54593150174657,6.812044039787176,192.97948653052453,True,13.314051386044072,-18.08234075140419,2,2,20160910_flight07
2016-09-10 08:33:38,54.63842021000001,8.02934783,93.32,0.175,2.8609999999999998,1005.698,18.885,1.179673,6.735,1.5019999999999998,-0.309,100,0.2,2.9,1005.698,0.016982527646523193,291.5608276915233,6.900451362048718,192.5720368843157,True,13.323167889896203,-18.017009115872764,2,2,20160910_flight07
2016-09-10 08:33:39,54.63858631,8.02836821,93.14,0.1,2.865,1005.706,18.776,1.179666,6.992000000000001,1.7369999999999999,-0.32,100,0.1,2.9,1005.706,0.01737638065907654,291.4513416123303,7.204528645234191,193.95137518127996,True,13.332274239401672,-17.951600478505064,2,2,20160910_flight07
2016-09-10 08:33:40,54.638753040000005,8.027387710000001,92.965,0.239,3.063,1005.727,18.771,1.1796280000000001,7.295,1.8,-0.067,100,0.3,3.2,1005.727,0.01744782479912743,291.4446092699617,7.513788990915303,193.86054682516834,True,13.341441725745815,-17.88612532685936,2,2,20160910_flight07
2016-09-10 08:33:41,54.63892032,8.02640694,92.88,0.36700000000000005,3.2,1005.74,18.692,1.179806,7.749,1.8259999999999998,-0.025,100,0.5,3.2,1005.74,0.017582849115399313,291.36466107123033,7.961235896517575,193.2594760618348,True,13.350667259053763,-17.820624012260684,2,2,20160910_flight07
2016-09-10 08:33:42,54.63908774000001,8.02542617,92.8,0.14400000000000002,3.218,1005.7460000000001,18.813,1.179732,7.52,1.555,-0.013999999999999999,100,0.5,3.3,1005.7460000000001,0.017230997150263994,291.4849658302896,7.679090115371742,191.68307044415184,True,13.359908212604745,-17.75512043886571,2,2,20160910_flight07
2016-09-10 08:33:43,54.63925426,8.02444498,92.8,-0.099,3.3,1005.7610000000001,18.774,1.179845,7.527,1.7890000000000001,0.052000000000000005,100,0.2,3.3,1005.7610000000001,0.017284628817526126,291.4447865370635,7.736682105398929,193.36985554091004,True,13.369046096506517,-17.689604492130375,2,2,20160910_flight07
2016-09-10 08:33:44,54.63941997,8.02346376,92.87899999999999,0.15,3.2569999999999997,1005.745,18.782,1.179863,7.329,1.929,-0.042,100,0.3,3.3,1005.745,0.01722504960454252,291.4540994665995,7.578606864061494,194.74587166059558,True,13.378094481905565,-17.624099693131527,2,2,20160910_flight07
2016-09-10 08:33:45,54.63958587,8.02248271,92.985,0.17300000000000001,3.2,1005.7360000000001,18.676,1.179811,8.163,1.774,-0.015,100,0.3,3.2,1005.7360000000001,0.017630280300503287,291.3490186424543,8.353540866004067,192.2609854615876,True,13.387165389345034,-17.55860271436025,2,2,20160910_flight07
2016-09-10 08:33:46,54.63975243,8.02150196,93.0,0.081,3.2030000000000003,1005.7360000000001,18.848,1.179853,7.563,1.7,-0.10700000000000001,100,0.3,3.3,1005.7360000000001,0.016994646226008214,291.5207375133106,7.751707489321304,192.66830490277408,True,13.396311806154428,-17.49311429710211,2,2,20160910_flight07
2016-09-10 08:33:47,54.639917880000006,8.02052069,93.015,-0.35700000000000004,3.347,1005.7310000000001,18.958,1.179939,6.672000000000001,1.641,0.092,100,0.7,3.4,1005.7310000000001,0.016532523884486672,291.63097237598834,6.870841651500929,193.81781308883944,True,13.405331084972593,-17.42761049132293,2,2,20160910_flight07
2016-09-10 08:33:48,54.640080909999995,8.01953899,93.1,-0.625,3.4,1005.706,18.738999999999997,1.179851,7.337999999999999,1.758,0.276,100,0.8,3.4,1005.706,0.017345799524435046,291.414401772646,7.5456482822882744,193.47269659711247,True,13.414079780584563,-17.36211819593793,2,2,20160910_flight07
2016-09-10 08:33:49,54.640243520000006,8.01855778,93.1,0.446,3.259,1005.702,18.826,1.179559,7.624,1.446,-0.006999999999999999,100,0.6,3.4,1005.702,0.017290384271950066,291.50159190086964,7.759915721191822,190.73939739367697,True,13.422786811590749,-17.29666405347597,2,2,20160910_flight07
2016-09-10 08:33:50,54.64040696,8.01757659,93.025,0.47100000000000003,3.208,1005.711,18.794,1.179644,7.36,1.359,0.02,100,0.6,3.3,1005.711,0.01733768403883751,291.46889791013155,7.484415875671261,190.46164635347964,True,13.431585450191564,-17.231197800254968,2,2,20160910_flight07
2016-09-10 08:33:51,54.640569649999996,8.01659476,92.9,0.499,3.2889999999999997,1005.719,18.748,1.179802,7.79,1.59,-0.043,100,0.6,3.4,1005.719,0.017369834120755545,291.42230978329985,7.950610039487536,191.53606165813406,True,13.440295477270405,-17.165702666130823,2,2,20160910_flight07
2016-09-10 08:33:52,54.640732799999995,8.01561289,92.88300000000001,0.532,3.127,1005.738,18.78,1.179816,7.6339999999999995,1.774,0.08,100,0.6,3.2,1005.738,0.017265461525591164,291.45268289737385,7.837412328058285,193.08228862512212,True,13.449055795662476,-17.10019754889809,2,2,20160910_flight07
2016-09-10 08:33:53,54.64089653,8.01463099,92.8,0.556,3.177,1005.76,18.799,1.179802,7.553999999999999,1.675,-0.08,100,0.6,3.2,1005.76,0.017233579496241047,291.4698283807442,7.7374763973791865,192.50230271042636,True,13.457879716515764,-17.034681152783392,2,2,20160910_flight07
2016-09-10 08:33:54,54.641060589999995,8.01364897,92.744,0.63,3.1660000000000004,1005.763,18.772000000000002,1.179894,7.865,1.954,-0.12300000000000001,100,0.7,3.2,1005.763,0.017251373967516415,291.44262407002617,8.104094088792406,193.9522220642137,True,13.466738859499875,-16.969151748314264,2,2,20160910_flight07
2016-09-10 08:33:55,54.641225240000004,8.01266696,92.8,0.514,3.173,1005.768,18.799,1.1798359999999999,7.496,1.742,-0.03900000000000001,100,0.6,3.3,1005.768,0.01721235633176854,291.46916532041513,7.695750775590385,193.08278639685312,True,13.475663081584889,-16.90361346497023,2,2,20160910_flight07
2016-09-10 08:33:56,54.641389929999995,8.011684800000001,92.8,0.37800000000000006,3.252,1005.768,18.695999999999998,1.179898,7.966,1.88,0.029000000000000005,100,0.4,3.3,1005.768,0.01751788663988596,291.36633460673573,8.184836956225823,193.27899981616994,True,13.484590302477175,-16.838064931194445,2,2,20160910_flight07
2016-09-10 08:33:57,54.64155513,8.01070291,92.8,0.5479999999999999,3.164,1005.755,18.772000000000002,1.179879,7.917999999999999,1.8679999999999999,-0.042,100,0.6,3.2,1005.755,0.017256214971944184,291.4432870732728,8.135364036108033,193.27439458204856,True,13.493576229658837,-16.77252545805784,2,2,20160910_flight07
2016-09-10 08:33:58,54.64172055,8.00972103,92.8,0.483,3.168,1005.785,18.817,1.180047,7.55,1.849,0.121,100,0.5,3.2,1005.785,0.016984960773202218,291.48572666884814,7.7731139834689165,193.76093122305696,True,13.502586482445656,-16.70698307572215,2,2,20160910_flight07
2016-09-10 08:33:59,54.641885529999996,8.00873893,92.696,0.331,3.167,1005.79,18.855,1.1800309999999998,7.39,1.81,0.036000000000000004,100,0.4,3.2,1005.79,0.016871458239670067,291.52324955056656,7.608429535718918,193.76227785023013,True,13.51154620805548,-16.64143370503619,2,2,20160910_flight07
2016-09-10 08:34:00,54.642050399999995,8.00775665,92.597,0.235,3.062,1005.797,18.835,1.179837,7.138999999999999,1.6,-0.05,100,0.4,3.1,1005.797,0.017115404431353287,291.5027023191645,7.316100122332935,192.63243964163576,True,13.520492129393611,-16.5758745830444,2,2,20160910_flight07
2016-09-10 08:34:01,54.64221565,8.00677412,92.493,0.23,3.091,1005.7959999999999,18.837,1.179865,7.341,1.7480000000000002,-0.146,100,0.3,3.1,1005.7959999999999,0.017083288817091535,291.50478190547057,7.5462431050159,193.39355291816702,True,13.529477560715376,-16.51029332159838,2,2,20160910_flight07
2016-09-10 08:34:02,54.64238142999999,8.00579134,92.4,-0.094,3.1430000000000002,1005.8,18.829,1.179929,7.51,1.784,-0.032,100,0.2,3.2,1005.8,0.017060032226922317,291.49646356769534,7.718986721066438,193.36292662849985,True,13.538519023706522,-16.444687500559567,2,2,20160910_flight07
2016-09-10 08:34:03,54.64254657000001,8.00480816,92.416,-0.34700000000000003,3.42,1005.8,18.813,1.179878,7.242999999999999,1.715,0.053,100,0.4,3.6,1005.8,0.017159733240043273,291.48049000994945,7.443270383373157,193.32118027416726,True,13.54748624223925,-16.379066391947543,2,2,20160910_flight07
2016-09-10 08:34:04,54.642710230000006,8.00382502,92.603,2.7755575615628915e-18,3.6,1005.784,18.797,1.179764,7.772,1.469,0.11599999999999999,100,0.3,3.6,1005.784,0.017297587998361674,291.4658425163017,7.90961092595584,190.7033123323137,True,13.556290821987448,-16.31347172338742,2,2,20160910_flight07
2016-09-10 08:34:05,54.64287371,8.00284258,92.884,0.18400000000000002,3.6970000000000005,1005.727,18.764,1.179817,7.428,1.643,0.054000000000000006,100,0.2,3.7,1005.727,0.017309229571020657,291.437620693378,7.607537906576608,192.47244158079005,True,13.565082141589508,-16.247924782614962,2,2,20160910_flight07
2016-09-10 08:34:06,54.64303669,8.00186096,93.309,0.126,3.727,1005.698,18.695999999999998,1.17982,7.666,1.7670000000000001,-0.019000000000000003,100,0.2,3.8,1005.698,0.017514334101285334,291.3721345676385,7.86700991482787,192.97987783658414,True,13.573826080359757,-16.182438416642366,2,2,20160910_flight07
2016-09-10 08:34:07,54.643199450000004,8.00088057,93.859,0.317,3.773,1005.6160000000001,18.71,1.179814,8.132,2.0620000000000003,0.053,100,0.5,3.9,1005.6160000000001,0.017387740243397287,291.3929070622589,8.389354444771064,194.22838817760908,True,13.582557324508835,-16.117034361712538,2,2,20160910_flight07
2016-09-10 08:34:08,54.643362829999994,7.99990185,94.501,0.589,3.989,1005.544,18.702,1.179773,8.049,2.411,-0.019000000000000003,100,0.7,4.0,1005.544,0.017378138338668414,291.39088682951297,8.402340269234518,196.6750778954476,True,13.591372522604123,-16.05172723989692,2,2,20160910_flight07
2016-09-10 08:34:09,54.64352625000001,7.9989252099999995,95.37100000000001,0.732,4.135,1005.436,18.715,1.179733,7.951999999999999,2.536,0.049,100,0.8,4.2,1005.436,0.017258046941291072,291.41281816517994,8.346592118942915,197.6881834359959,True,13.600211636522909,-15.986552662899843,2,2,20160910_flight07
2016-09-10 08:34:10,54.64368947,7.997950899999999,96.389,0.591,4.077,1005.313,18.863,1.1795529999999999,7.494,2.0669999999999997,-0.054000000000000006,100,0.7,4.2,1005.313,0.016773226276747932,291.5707907390261,7.773835925719039,195.419956334537,True,13.609050576517523,-15.921530511380226,2,2,20160910_flight07
2016-09-10 08:34:11,54.64385244,7.9969786,97.33200000000001,0.586,3.82,1005.193,18.845,1.179485,7.3389999999999995,2.056,-0.05,100,0.7,4.0,1005.193,0.016773145621934216,291.5627719725901,7.621552138508271,195.65006476969768,True,13.61788083381907,-15.856641101252066,2,2,20160910_flight07
2016-09-10 08:34:12,54.64401576,7.99600766,98.03299999999999,0.604,3.491,1005.112,18.737000000000002,1.179175,7.574,2.0469999999999997,-0.066,100,0.7,3.7,1005.112,0.01733477714179199,291.46164915230025,7.845743113306731,195.12381677204445,True,13.626762398285353,-15.791833130026642,2,2,20160910_flight07
2016-09-10 08:34:13,54.64418006,7.995037589999999,98.4,0.685,3.2680000000000002,1005.0830000000001,18.691,1.179098,8.176,2.024,-0.098,100,0.8,3.4,1005.0830000000001,0.017532216984019522,291.4181209392573,8.422799534596559,193.9042561881203,True,13.635760064886304,-15.727065056586474,2,2,20160910_flight07
2016-09-10 08:34:14,54.64434537,7.99406764,98.446,0.341,3.1,1005.0740000000001,18.749000000000002,1.1791580000000002,8.081,2.145,-0.061,100,0.6,3.1,1005.0740000000001,0.01726915970140408,291.47678336630395,8.360836441409436,194.86564370922628,True,13.644870103091788,-15.662288371595078,2,2,20160910_flight07
2016-09-10 08:34:15,54.64451004000001,7.99309668,98.303,-0.747,3.048,1005.097,18.837,1.179332,7.218999999999999,1.7890000000000001,-0.45899999999999996,100,1.2,3.1,1005.097,0.016835796580014994,291.5627478770363,7.437370637530443,193.91853177606873,True,13.653900175142775,-15.597457338446468,2,2,20160910_flight07
2016-09-10 08:34:16,54.64467251,7.9921240000000004,98.26700000000001,-1.175,2.7190000000000003,1005.089,18.683,1.179387,7.989,2.345,0.001999999999999999,100,1.3,2.8,1005.089,0.017316838001315338,291.4096350023687,8.326052245812537,196.35847266393068,True,13.662671795819955,-15.53255166262442,2,2,20160910_flight07
2016-09-10 08:34:17,54.64483463,7.99115032,97.89399999999999,-1.6969999999999998,2.865,1005.127,18.764,1.179298,7.718999999999999,2.161,-0.015,100,2.3,2.9,1005.127,0.01714976269439239,291.48736569246273,8.015789543145452,195.64004385350535,True,13.671395486069668,-15.46758760004764,2,2,20160910_flight07
2016-09-10 08:34:18,54.644994399999995,7.99017487,97.479,-2.7489999999999997,2.838,1005.1940000000001,18.665,1.179374,8.084,2.2070000000000003,-0.15200000000000002,100,2.9,2.9,1005.1940000000001,0.01749708858767307,291.38295551411704,8.37985113232926,195.2701105336626,True,13.679843734268518,-15.402548113248686,2,2,20160910_flight07
2016-09-10 08:34:19,54.64514946,7.98919706,97.14200000000001,-2.907,2.9389999999999996,1005.206,18.741,1.179415,7.941999999999999,2.214,-0.129,100,3.1,3.0,1005.206,0.01720894293522557,291.4578478824261,8.244826256507773,195.57693323706314,True,13.6877510651158,-15.337433499166734,2,2,20160910_flight07
2016-09-10 08:34:20,54.64529914,7.9882171600000005,96.934,-2.9989999999999997,3.102,1005.2310000000001,18.783,1.179571,7.4079999999999995,1.9980000000000002,-0.10800000000000001,100,3.1,3.2,1005.2310000000001,0.016953381990533423,291.49771216042154,7.672709299849695,195.09400299228872,True,13.695046214295596,-15.272271856865807,2,2,20160910_flight07
2016-09-10 08:34:21,54.645443349999994,7.9872355200000005,96.83200000000001,-2.677,3.12,1005.2360000000001,18.771,1.179678,7.978,2.2359999999999998,-0.11599999999999999,100,3.0,3.2,1005.2360000000001,0.01690799973453072,291.4853153988637,8.285419723828117,195.6566302008685,True,13.701722551734873,-15.207087050239853,2,2,20160910_flight07
2016-09-10 08:34:22,54.645583939999995,7.986252920000001,96.84899999999999,-1.5390000000000001,3.1,1005.2389999999999,18.711,1.179536,8.195,2.344,-0.066,100,2.1,3.1,1005.2389999999999,0.017242535751532895,291.42515620720957,8.523635433311306,195.96201595156197,True,13.707991161168744,-15.141899177232528,2,2,20160910_flight07
2016-09-10 08:34:23,54.645722,7.9852696000000005,96.8,-1.3019999999999998,3.1860000000000004,1005.247,18.727999999999998,1.179473,8.298,1.945,0.023,100,1.5,3.2,1005.247,0.017245714970018033,291.4414674797176,8.522900269274539,193.19163340004823,True,13.71397435134545,-15.076706019601383,2,2,20160910_flight07
2016-09-10 08:34:24,54.645856880000004,7.9842853300000005,96.8,-1.22,3.2,1005.2669999999999,18.764,1.179827,8.0,2.06,-0.032,100,1.3,3.2,1005.2669999999999,0.01683531349909484,291.475755110959,8.260968466227189,194.43996512100273,True,13.71959837092876,-15.011503336852911,2,2,20160910_flight07
2016-09-10 08:34:25,54.64598877,7.983300440000001,96.8,-0.774,3.184,1005.275,18.792,1.179929,8.085,2.025,-0.098,100,1.1,3.2,1005.275,0.016657987165539234,291.50304961247105,8.334737548357477,194.06125253640067,True,13.72488724273043,-14.946309194613988,2,2,20160910_flight07
2016-09-10 08:34:26,54.64611922,7.982315119999999,96.697,-0.624,3.1069999999999998,1005.2719999999999,18.817999999999998,1.17976,7.331,2.0540000000000003,-0.0010000000000000028,100,0.8,3.2,1005.2719999999999,0.016710041521875274,291.5292593399289,7.613309201654692,195.65181251846946,True,13.730013473014475,-14.881110751196069,2,2,20160910_flight07
2016-09-10 08:34:27,54.646248189999994,7.98132905,96.62899999999999,-0.59,2.9619999999999997,1005.297,18.933,1.1794280000000001,7.276,1.8090000000000002,-0.375,100,0.9,3.0,1005.297,0.016621103743220456,291.6420122430548,7.497510053344376,193.96210540622297,True,13.734969654452408,-14.815888161171587,2,2,20160910_flight07
2016-09-10 08:34:28,54.6463759,7.980341989999999,96.62199999999999,-0.809,3.03,1005.2909999999999,18.612000000000002,1.179563,7.768,1.9709999999999999,0.046000000000000006,100,0.9,3.1,1005.2909999999999,0.017617049280078012,291.3219941653205,8.014154041444424,194.23738389465348,True,13.739777767696,-14.750622506904323,2,2,20160910_flight07
2016-09-10 08:34:29,54.64650291,7.97935443,96.441,-0.52,3.1,1005.3009999999999,18.664,1.179423,7.938,1.9969999999999999,0.063,100,0.7,3.1,1005.3009999999999,0.01756660807417121,291.37308680604133,8.185343792413365,194.12112855725252,True,13.744504089821012,-14.685336129745403,2,2,20160910_flight07
2016-09-10 08:34:30,54.64662881,7.97836647,96.242,-0.48100000000000004,3.153,1005.313,18.762,1.179542,7.7,1.905,0.014000000000000002,100,0.5,3.2,1005.313,0.01713450976275155,291.46994368815973,7.932151347522311,193.89609201649577,True,13.7491043995339,-14.620042048114838,2,2,20160910_flight07
2016-09-10 08:34:31,54.6467524,7.97737776,96.175,-0.545,3.181,1005.315,18.851,1.179587,6.957000000000001,1.868,-0.185,100,0.8,3.2,1005.315,0.01678772584130983,291.55864302114884,7.203420923422427,195.0297903693783,True,13.753443240400953,-14.55473721131159,2,2,20160910_flight07
2016-09-10 08:34:32,54.64687384,7.97638831,96.197,-0.392,3.181,1005.3,18.654,1.179627,7.794,1.7919999999999998,0.073,100,0.7,3.2,1005.3,0.017424487640901987,291.36318480593064,7.9973558130172,192.94843564539946,True,13.757538329354398,-14.489419678191565,2,2,20160910_flight07
2016-09-10 08:34:33,54.646995450000006,7.97539894,96.1,0.065,3.1069999999999998,1005.315,18.654,1.1797069999999998,7.75,2.354,-0.05,100,0.2,3.2,1005.315,0.01737067245674151,291.3619414595954,8.099618262609663,196.89573569492978,True,13.761652893272982,-14.424104524947191,2,2,20160910_flight07
2016-09-10 08:34:34,54.64711717,7.974409570000001,96.1,0.2,3.1830000000000003,1005.309,18.698,1.17976,7.849,2.274,-0.047,100,0.2,3.2,1005.309,0.017165521552687357,291.40637221395514,8.171773185790217,196.1572769255011,True,13.765779573093836,-14.358787596934699,2,2,20160910_flight07
2016-09-10 08:34:35,54.64723828,7.973420190000001,96.1,0.308,3.2,1005.313,18.643,1.179751,8.02,2.404,0.161,100,0.4,3.2,1005.313,0.017369055975251513,291.35112389555485,8.372551343527252,196.68613487177487,True,13.769838970924388,-14.29347987048194,2,2,20160910_flight07
2016-09-10 08:34:36,54.64735915999999,7.97243117,96.1,0.321,3.2,1005.317,18.707,1.179648,7.747000000000001,2.19,0.0009999999999999998,100,0.4,3.2,1005.317,0.017238820424166024,291.4146953612301,8.050596810175007,195.78507097957072,True,13.773876412237906,-14.228198907056822,2,2,20160910_flight07
2016-09-10 08:34:37,54.64747972999999,7.97144227,96.021,0.28300000000000003,3.2,1005.3359999999999,18.759,1.1798250000000001,7.337999999999999,2.37,0.172,100,0.5,3.2,1005.3359999999999,0.01692424957068095,291.46504112229167,7.71123492055585,197.89922633943155,True,13.77788083431235,-14.162930629300897,2,2,20160910_flight07
2016-09-10 08:34:38,54.64759983,7.97045341,95.94800000000001,0.47700000000000004,3.2,1005.3489999999999,18.792,1.179711,7.526,2.055,0.131,100,0.5,3.2,1005.3489999999999,0.016920708183237432,291.49691290505496,7.801519146935422,195.27251014328152,True,13.781833863628458,-14.09767249599598,2,2,20160910_flight07
2016-09-10 08:34:39,54.647720490000005,7.96946461,95.9,0.74,3.2310000000000003,1005.3739999999999,18.820999999999998,1.179703,7.567,1.85,-0.129,100,0.9,3.3,1005.3739999999999,0.01685188344379429,291.52379540579466,7.789864504598267,193.73833236041688,True,13.785849136698344,-14.03240916953122,2,2,20160910_flight07
2016-09-10 08:34:40,54.647841639999996,7.9684757600000005,95.9,0.807,3.38,1005.3559999999999,18.794,1.179662,7.607,2.096,0.251,100,0.9,3.5,1005.3559999999999,0.016963062326675438,291.4983293826541,7.890479389745594,195.40478221177773,True,13.789917911618504,-13.967134735593115,2,2,20160910_flight07
2016-09-10 08:34:41,54.64796327,7.9674875599999995,95.93700000000001,0.531,3.443,1005.335,18.779,1.1795820000000001,7.659,1.9080000000000001,0.14200000000000002,100,0.7,3.5,1005.335,0.017063045927795617,291.4850936269629,7.893082097634611,193.98870826352885,True,13.794045652824222,-13.901894179145076,2,2,20160910_flight07
2016-09-10 08:34:42,54.648085460000004,7.9665,96.0,0.364,3.157,1005.3330000000001,18.646,1.179616,7.912000000000001,1.962,0.026000000000000002,100,0.6,3.3,1005.3330000000001,0.017495268811031695,291.35246163571605,8.151637136183137,193.9271412526096,True,13.798241078082695,-13.83668556910933,2,2,20160910_flight07
2016-09-10 08:34:43,54.648208000000004,7.96551233,95.95100000000001,0.376,3.138,1005.3209999999999,18.705,1.179528,7.905,1.77,0.032,100,0.5,3.2,1005.3209999999999,0.017353329270060946,291.4123667801057,8.10073607766603,192.62086752872568,True,13.802474022161997,-13.771464268371462,2,2,20160910_flight07
2016-09-10 08:34:44,54.648330269999995,7.964524280000001,95.81700000000001,0.49700000000000005,3.1,1005.3480000000001,18.721,1.179711,7.9110000000000005,1.695,-0.015,100,0.6,3.1,1005.3480000000001,0.017167070678955065,291.4261040542271,8.090546705878412,192.09327323013412,True,13.806673662870478,-13.706222991060361,2,2,20160910_flight07
2016-09-10 08:34:45,54.64845238,7.96353561,95.65100000000001,0.38,3.1,1005.3809999999999,18.727,1.1798279999999999,7.582999999999999,1.5330000000000001,-0.057,100,0.5,3.1,1005.3809999999999,0.017078677804704956,291.42935906173756,7.736406013130385,191.429032229474,True,13.810849864956106,-13.640944594308381,2,2,20160910_flight07
2016-09-10 08:34:46,54.648574239999995,7.96254621,95.493,0.35300000000000004,3.052,1005.4,18.793,1.179824,7.233,1.5630000000000002,-0.18100000000000002,100,0.4,3.1,1005.4,0.016871409519494174,291.4936823517025,7.399949864695031,192.19371902380135,True,13.814991683622845,-13.575623486487428,2,2,20160910_flight07
2016-09-10 08:34:47,54.64869605,7.96155605,95.361,0.474,2.97,1005.404,18.706000000000003,1.179844,7.563,1.5519999999999998,-0.172,100,0.6,3.0,1005.404,0.017161335215850615,291.40648467185554,7.720600559541984,191.5966491236801,True,13.819120866394181,-13.51025451973314,2,2,20160910_flight07
2016-09-10 08:34:48,54.64881854,7.960565259999999,95.15700000000001,0.64,2.9810000000000003,1005.425,18.703999999999997,1.179756,7.566,1.906,0.14700000000000002,100,0.7,3.0,1005.425,0.01726542517501728,291.40274700738377,7.802383738319976,194.13954317607372,True,13.823319038188414,-13.444834240424115,2,2,20160910_flight07
2016-09-10 08:34:49,54.64894169,7.9595740699999995,94.861,0.6609999999999999,3.091,1005.471,18.715,1.179713,7.434,1.87,0.09200000000000001,100,0.9,3.1,1005.471,0.017310704932529397,291.40991695911765,7.665589083690829,194.11963282427178,True,13.827586153473748,-13.379377699007046,2,2,20160910_flight07
2016-09-10 08:34:50,54.649065060000005,7.95858256,94.639,0.504,3.112,1005.498,18.708,1.1797069999999998,7.551,1.818,0.024,100,0.7,3.2,1005.498,0.017367597285310232,291.40068994285184,7.766770564398049,193.53705172462753,True,13.831874499022485,-13.313897117254829,2,2,20160910_flight07
2016-09-10 08:34:51,54.64918873,7.95759083,94.524,0.36800000000000005,3.197,1005.5,18.7,1.17973,7.211,1.956,-0.017,100,0.5,3.3,1005.5,0.01737767319279615,291.3925367129539,7.471576607383478,195.17642776892203,True,13.83619382438185,-13.248397607801502,2,2,20160910_flight07
2016-09-10 08:34:52,54.64931248,7.95659915,94.5,0.315,3.3,1005.5,18.648,1.1795909999999998,7.377999999999999,1.692,0.094,100,0.5,3.3,1005.5,0.0176788820189282,291.34061822088927,7.569527594242588,192.9163237663547,True,13.840522430299485,-13.182900009294663,2,2,20160910_flight07
2016-09-10 08:34:53,54.64943615999999,7.955607619999999,94.5,0.255,3.3,1005.4989999999999,18.68,1.1795900000000001,7.407,1.567,0.052000000000000005,100,0.5,3.3,1005.4989999999999,0.017567141241248807,291.3726509389453,7.570940364314066,191.94517388193503,True,13.844844733069875,-13.1174131452477,2,2,20160910_flight07
2016-09-10 08:34:54,54.64956016,7.95461632,94.508,0.596,3.235,1005.5010000000001,18.577,1.179741,7.989,1.8079999999999998,-0.10800000000000001,100,0.7,3.3,1005.5010000000001,0.017798149278350106,291.26964666314166,8.191030765416523,192.75186839843798,True,13.849204439466606,-13.051935845999385,2,2,20160910_flight07
2016-09-10 08:34:55,54.6496852,7.95362523,94.556,0.392,3.2510000000000003,1005.4989999999999,18.761000000000003,1.17981,7.4239999999999995,1.722,-0.040999999999999995,100,0.5,3.4,1005.4989999999999,0.017095091034551535,291.4535239976646,7.621093097449997,193.05885601896242,True,13.853680665987438,-12.98645521420925,2,2,20160910_flight07
2016-09-10 08:34:56,54.64980923,7.95263384,94.64399999999999,0.217,3.284,1005.4939999999999,18.673,1.1799819999999999,7.566,1.679,0.039,100,0.4,3.4,1005.4939999999999,0.01724843879957416,291.36607628475684,7.750057870751675,192.51196827379448,True,13.85804283253667,-12.920971667896165,2,2,20160910_flight07
2016-09-10 08:34:57,54.64993318,7.95164254,94.7,0.601,3.2,1005.495,18.615,1.179829,7.903,1.791,-0.028999999999999998,100,0.7,3.2,1005.495,0.01758361257107044,291.3080842397692,8.103399903744107,192.76885206875193,True,13.862397031703244,-12.855495175360874,2,2,20160910_flight07
2016-09-10 08:34:58,54.6500586,7.9506516,94.7,0.592,3.2,1005.4960000000001,18.616,1.180027,8.183,2.138,0.018,100,0.7,3.2,1005.4960000000001,0.0174103941613295,291.30899981469486,8.457690760485393,194.64253407625512,True,13.866916520138014,-12.790018017614402,2,2,20160910_flight07
2016-09-10 08:34:59,54.65018468,7.94966087,94.7,0.643,3.2,1005.4989999999999,18.618000000000002,1.1800739999999998,8.186,2.246,0.02,100,0.7,3.2,1005.4989999999999,0.017365934307633113,291.31074810387616,8.48852825877372,195.34273410186626,True,13.871510673757617,-12.724543658344178,2,2,20160910_flight07
2016-09-10 08:35:00,54.6503108,7.94867026,94.729,0.7659999999999999,3.2,1005.4860000000001,18.687,1.179964,8.196,2.0909999999999997,-0.021,100,0.8,3.2,1005.4860000000001,0.01720706319454912,291.38071740241094,8.458528063439879,194.31224680851565,True,13.876110358739025,-12.659076337753085,2,2,20160910_flight07
2016-09-10 08:35:01,54.65043732,7.9476797999999995,94.8,0.718,3.2,1005.4780000000001,18.713,1.180011,7.726,2.0669999999999997,0.04,100,0.8,3.2,1005.4780000000001,0.017067843346745493,291.40733985591476,7.997722488308781,194.9780261155748,True,13.880755508526116,-12.59361216852041,2,2,20160910_flight07
2016-09-10 08:35:02,54.650564100000004,7.9466895,94.848,0.598,3.1630000000000003,1005.4689999999999,18.655,1.1801169999999999,7.971,1.804,-0.134,100,0.6,3.2,1005.4689999999999,0.01716952111948178,291.3501762582088,8.17259181655367,192.75237166907547,True,13.885430796675712,-12.5281540497799,2,2,20160910_flight07
2016-09-10 08:35:03,54.65069157,7.94569928,94.9,0.523,3.1,1005.441,18.657,1.1800709999999999,7.718999999999999,1.959,0.011000000000000001,100,0.6,3.1,1005.441,0.017173872568126525,291.35449364006695,7.963707804785407,194.24040298769427,True,13.890182834969623,-12.46268992110113,2,2,20160910_flight07
2016-09-10 08:35:04,54.650819330000004,7.944708950000001,94.82,0.341,3.1,1005.4639999999999,18.709,1.180119,7.557,1.99,0.007000000000000001,100,0.5,3.1,1005.4639999999999,0.016974542787696167,291.40450653335876,7.8146240472590875,194.7528923908673,True,13.894965783411466,-12.39721406977545,2,2,20160910_flight07
2016-09-10 08:35:05,54.65094691,7.9437184300000006,94.8,1.01,3.1,1005.47,18.744,1.1798689999999998,7.361000000000001,1.7380000000000002,-0.205,100,1.6,3.1,1005.47,0.017074128926207965,291.43895463964446,7.563396393155658,193.28476408653154,True,13.899727123661455,-12.331728956204769,2,2,20160910_flight07
2016-09-10 08:35:06,54.651075399999996,7.94272759,94.795,1.599,3.0,1005.4780000000001,18.776,1.179586,7.3020000000000005,1.732,-0.198,100,1.8,3.0,1005.4780000000001,0.017214718144404673,291.47024149953154,7.504600455720478,193.34369085222937,True,13.904585693933091,-12.266208669661012,2,2,20160910_flight07
2016-09-10 08:35:07,54.65120590000001,7.94173661,94.69800000000001,1.056,3.0,1005.485,18.624000000000002,1.179411,7.5729999999999995,1.8630000000000002,-0.03900000000000001,100,1.2,3.0,1005.485,0.017902735851414997,291.317898764294,7.798788239207421,193.82063915762302,True,13.909664341633322,-12.200646988534354,2,2,20160910_flight07
2016-09-10 08:35:08,54.651337860000005,7.9407454600000005,94.565,0.225,2.9939999999999998,1005.498,18.694,1.17933,7.431,1.557,-0.105,100,0.8,3.0,1005.498,0.017741641845697265,291.3867118793443,7.592365244112008,191.83385633800754,True,13.914902205845861,-12.13505086565466,2,2,20160910_flight07
2016-09-10 08:35:09,54.65146971,7.93975372,94.375,-0.187,2.9819999999999998,1005.5010000000001,18.625,1.1795579999999999,7.736000000000001,1.865,0.19400000000000003,100,0.5,3.0,1005.5010000000001,0.01778858911179193,291.31757141141605,7.957632876678844,193.5542640679931,True,13.920122420057348,-12.06941873763386,2,2,20160910_flight07
2016-09-10 08:35:10,54.651601,7.938761469999999,94.06700000000001,-0.642,3.0,1005.551,18.692,1.179503,7.303,1.631,-0.001000000000000001,100,0.8,3.0,1005.551,0.01765297914706765,291.38032250332907,7.482911866379291,192.58943462566617,True,13.925276169594229,-12.00376298758761,2,2,20160910_flight07
2016-09-10 08:35:11,54.651730740000005,7.93776841,93.824,-0.494,3.009,1005.596,18.685,1.1795090000000001,7.32,1.767,0.022000000000000002,100,0.8,3.1,1005.596,0.017717754389325213,291.369604410634,7.530251589422495,193.57119952250252,True,13.93025159737667,-11.938080378307824,2,2,20160910_flight07
2016-09-10 08:35:12,54.651859290000004,7.9367747,93.652,-0.62,3.133,1005.5980000000001,18.782,1.179268,6.621,1.5959999999999999,-0.24,100,0.9,3.2,1005.5980000000001,0.01758953784540518,291.46628393180447,6.810642921193271,193.55266877718807,True,13.935089856223525,-11.872375346860842,2,2,20160910_flight07
2016-09-10 08:35:13,54.651986029999996,7.935780210000001,93.759,-0.883,3.1010000000000004,1005.594,18.732,1.178795,6.406000000000001,1.264,-0.19699999999999998,100,1.1,3.2,1005.594,0.018168188145064823,291.416695221576,6.529512386082135,191.16193505468567,True,13.939721437118775,-11.806649572099959,2,2,20160910_flight07
2016-09-10 08:35:14,54.65211101,7.93478506,93.85700000000001,-0.958,3.175,1005.58,18.52,1.178616,7.4910000000000005,1.505,-0.078,100,1.1,3.2,1005.58,0.019048799687300777,291.20619269126325,7.6406875345089205,191.3599339116205,True,13.944152972872422,-11.74090993136119,2,2,20160910_flight07
2016-09-10 08:35:15,54.6522357,7.93378995,93.816,-0.5479999999999999,3.127,1005.597,18.505,1.179092,7.776,1.815,0.084,100,0.7,3.2,1005.597,0.0187070199954269,291.1898086437161,7.985011020656139,193.1382149361477,True,13.948552941891121,-11.675177530907103,2,2,20160910_flight07
2016-09-10 08:35:16,54.6523593,7.93279467,93.7,0.07,3.3480000000000003,1005.599,18.582,1.179679,7.125,1.9869999999999999,0.19,100,0.3,3.5,1005.599,0.017933398423100266,291.2665201512486,7.396877314110327,195.58257394213626,True,13.952831258749358,-11.609451831057465,2,2,20160910_flight07
2016-09-10 08:35:17,54.65248095,7.9317994999999994,93.786,-0.11599999999999999,3.3369999999999997,1005.586,18.692,1.179578,7.042000000000001,1.699,-0.114,100,0.3,3.5,1005.586,0.01762369365243477,291.37742195253486,7.244057219542099,193.564336579294,True,13.95689582546027,-11.543764636722836,2,2,20160910_flight07
2016-09-10 08:35:18,54.65260175,7.930804480000001,93.97399999999999,-0.566,3.158,1005.56,18.704,1.179338,6.801,1.4580000000000002,-0.044,100,0.7,3.2,1005.56,0.01776261904329024,291.391557621022,6.9555276579135255,192.0999350303219,True,13.960868176254406,-11.47810076156917,2,2,20160910_flight07
2016-09-10 08:35:19,54.6527218,7.929809410000001,94.04,-0.391,3.215,1005.5419999999999,18.535999999999998,1.179227,7.629,1.722,0.009000000000000003,100,0.6,3.3,1005.5419999999999,0.01842643743710437,291.2253147646898,7.820928653299427,192.71951482103162,True,13.964757449622967,-11.412445785421703,2,2,20160910_flight07
2016-09-10 08:35:20,54.65284157,7.9288145299999995,94.1,-0.141,3.2,1005.53,18.547,1.179376,7.656000000000001,1.807,-0.10400000000000001,100,0.4,3.2,1005.53,0.018247219335429943,291.2372914132007,7.866357797608751,193.28014066191986,True,13.968617664676303,-11.346807493277936,2,2,20160910_flight07
2016-09-10 08:35:21,54.65296047,7.927819510000001,94.13799999999999,0.28900000000000003,3.2,1005.5139999999999,18.51,1.17981,8.01,1.9709999999999999,0.06,100,0.4,3.2,1005.5139999999999,0.01798558006479478,291.201674942433,8.248935749537633,193.82398169404348,True,13.972380740770854,-11.281174273214486,2,2,20160910_flight07
2016-09-10 08:35:22,54.65307885,7.92682459,94.2,0.42200000000000004,3.2,1005.5139999999999,18.541,1.180054,7.9079999999999995,2.004,0.044000000000000004,100,0.6,3.2,1005.5139999999999,0.01766692505578149,291.2326262279134,8.157970335812701,194.22021073283952,True,13.976087479668008,-11.215555846339386,2,2,20160910_flight07
2016-09-10 08:35:23,54.65319708,7.92582986,94.166,0.665,3.17,1005.515,18.602,1.180176,7.62,1.8619999999999999,0.067,100,0.8,3.2,1005.515,0.01734998258516618,291.2934475172656,7.844198110705772,193.73153809504117,True,13.979779479044756,-11.14995200601468,2,2,20160910_flight07
2016-09-10 08:35:24,54.653315629999994,7.92483528,94.1,0.799,3.1,1005.5189999999999,18.663,1.180159,7.359,1.7,0.034,100,0.8,3.1,1005.5189999999999,0.017156015791597312,291.35402016192825,7.552806167246715,193.00769451484084,True,13.983508131660193,-11.084352607789128,2,2,20160910_flight07
2016-09-10 08:35:25,54.65343486,7.92384054,94.00399999999999,0.728,3.1,1005.544,18.687,1.1799709999999999,7.475,1.617,-0.032,100,0.8,3.1,1005.544,0.017259704531481956,291.37591052884534,7.647896050548804,192.20620798288513,True,13.98731018181744,-11.018731992868908,2,2,20160910_flight07
2016-09-10 08:35:26,54.65355513,7.9228457400000005,93.905,0.517,3.0810000000000004,1005.553,18.625,1.179819,7.486000000000001,1.834,-0.07400000000000001,100,0.7,3.1,1005.553,0.017616057354766568,291.31326278232507,7.7073829540253165,193.76579526167598,True,13.991226219546634,-10.953090756295806,2,2,20160910_flight07
2016-09-10 08:35:27,54.65367625,7.921850940000001,93.80799999999999,0.43300000000000005,3.0669999999999997,1005.566,18.500999999999998,1.179875,8.006,2.214,0.225,100,0.5,3.1,1005.566,0.01801355442038588,291.188382358974,8.30649336362824,195.45838876628144,True,13.995235880166481,-10.887435805603523,2,2,20160910_flight07
2016-09-10 08:35:28,54.65379782,7.92085638,93.642,0.504,3.187,1005.5880000000001,18.621000000000002,1.1799039999999998,7.721,2.121,-0.012,100,0.6,3.2,1005.5880000000001,0.01759211623032786,291.30636927464565,8.00702703879536,195.36055476778103,True,13.999297357005696,-10.821788962593752,2,2,20160910_flight07
2016-09-10 08:35:29,54.65391888,7.9198618199999995,93.727,0.6,3.2,1005.5840000000001,18.695,1.1799,7.221,2.222,-0.237,100,0.7,3.2,1005.5840000000001,0.017333498479567222,291.38058292085464,7.555138979529099,197.1038440959878,True,14.003302660109268,-10.756150348055638,2,2,20160910_flight07
2016-09-10 08:35:30,54.654039940000004,7.91886758,93.947,0.6,3.1390000000000002,1005.535,18.565,1.179693,7.664,1.839,-0.21100000000000002,100,0.7,3.2,1005.535,0.017915850532340682,291.2548488424128,7.881549149754761,193.49318848567123,True,14.007310964757883,-10.690532224315806,2,2,20160910_flight07
2016-09-10 08:35:31,54.65416232,7.91787377,94.09599999999999,0.226,3.0740000000000003,1005.5089999999999,18.565,1.179617,7.513,2.03,-0.016,100,0.4,3.1,1005.5089999999999,0.01795511067465183,291.25700272772235,7.782420510355374,195.12016557655915,True,14.011468693573617,-10.624920337865966,2,2,20160910_flight07
2016-09-10 08:35:32,54.65428474,7.916880079999999,94.1,-0.345,3.076,1005.503,18.607,1.179726,7.422999999999999,2.195,-0.043,100,0.8,3.1,1005.503,0.017708457945663225,291.2994339192346,7.740733427783183,196.47308252219972,True,14.015631953752719,-10.559315490094974,2,2,20160910_flight07
2016-09-10 08:35:33,54.65440576,7.91588624,94.1,-0.8059999999999999,3.051,1005.5039999999999,18.637999999999998,1.179735,7.725,2.225,-0.08900000000000001,100,0.9,3.1,1005.5039999999999,0.0175935839759096,291.3303024371206,8.039045341332514,196.0677702973115,True,14.019639604548159,-10.493723625223467,2,2,20160910_flight07
2016-09-10 08:35:34,54.654525379999995,7.91489235,94.1,-1.0759999999999998,2.9130000000000003,1005.5039999999999,18.668,1.179706,7.497000000000001,2.113,-0.032,100,1.4,3.0,1005.5039999999999,0.0175139838029843,291.3602553792331,7.7890806902997225,195.74028182713607,True,14.023492583941715,-10.428151146625943,2,2,20160910_flight07
2016-09-10 08:35:35,54.6546429,7.913897970000001,93.984,-1.5630000000000002,2.9610000000000003,1005.518,18.701,1.179614,6.907,2.204,0.196,100,1.8,3.0,1005.518,0.01749244738365907,291.3920432741341,7.250121723116102,197.69770467375176,True,14.027109663607499,-10.362581173435018,2,2,20160910_flight07
2016-09-10 08:35:36,54.654756930000005,7.91290302,93.765,-2.025,3.0380000000000003,1005.562,18.773,1.179329,6.676,1.757,-0.021,100,2.3,3.1,1005.562,0.01753184589065726,291.46028249723696,6.903334339288515,194.74483017117433,True,14.03033699219471,-10.297031009569581,2,2,20160910_flight07
2016-09-10 08:35:37,54.65486736,7.9119071299999995,93.626,-2.089,2.8959999999999995,1005.572,18.662,1.1791040000000002,7.068,1.565,-0.016999999999999998,100,2.3,3.0,1005.572,0.018123263591427907,291.3486297944713,7.239188421363267,192.4850259197771,True,14.033158983262426,-10.231478737312822,2,2,20160910_flight07
2016-09-10 08:35:38,54.65497531,7.91091033,93.385,-1.465,2.852,1005.599,18.457,1.179191,7.801,2.35,-0.187,100,1.8,2.9,1005.599,0.018791190099129995,291.14171959793623,8.14727567963672,196.764582679839,True,14.03569928013547,-10.165908207307881,2,2,20160910_flight07
2016-09-10 08:35:39,54.65508165,7.909913,93.209,-0.9760000000000001,2.9739999999999998,1005.609,18.584,1.179359,7.6339999999999995,1.8969999999999998,-0.08800000000000001,100,1.1,3.1,1005.609,0.01821274313283161,291.26768857559443,7.866165838577266,193.9549804305774,True,14.038057272930027,-10.100329715573407,2,2,20160910_flight07
2016-09-10 08:35:40,54.6551851,7.90891498,93.1,-0.831,3.213,1005.613,18.665,1.179857,7.5489999999999995,1.9280000000000002,0.14700000000000002,100,0.9,3.3,1005.613,0.01750450886286492,291.34822766130344,7.791314715758824,194.3269647950217,True,14.040090475813093,-10.034753668560441,2,2,20160910_flight07
2016-09-10 08:35:41,54.655286239999995,7.90791695,93.03299999999999,-0.517,3.2060000000000004,1005.623,18.714,1.17986,7.6370000000000005,1.699,0.233,100,0.7,3.3,1005.623,0.01734121345924655,291.396320544604,7.823705643747086,192.54231131001228,True,14.041869150922198,-9.969214251345914,2,2,20160910_flight07
2016-09-10 08:35:42,54.65538592,7.90691905,92.90100000000001,-0.49200000000000005,3.1710000000000003,1005.6590000000001,18.759,1.179735,6.732,1.6580000000000001,0.0019999999999999996,100,0.6,3.2,1005.6590000000001,0.017328577075324425,291.4382646051936,6.933165799257941,193.8358112780591,True,14.043488234325176,-9.903706714534703,2,2,20160910_flight07
2016-09-10 08:35:43,54.65548403,7.90592072,92.89900000000002,-0.725,3.07,1005.6540000000001,18.651,1.179506,7.247000000000001,1.432,-0.028000000000000004,100,0.8,3.2,1005.6540000000001,0.01789763152767576,291.33085302664625,7.3871261665142836,191.17759584106517,True,14.044930357414183,-9.838196973998315,2,2,20160910_flight07
2016-09-10 08:35:44,54.65558156,7.904922299999999,92.71600000000001,-0.628,3.113,1005.6840000000001,18.537,1.179654,7.7989999999999995,1.8559999999999999,0.067,100,0.7,3.2,1005.6840000000001,0.018198073780165913,291.21455215573155,8.016803415327084,193.38620729901385,True,14.046307752464445,-9.772690828294277,2,2,20160910_flight07
2016-09-10 08:35:45,54.65567876,7.90392363,92.6,-0.354,3.1460000000000004,1005.6990000000001,18.566000000000003,1.179854,7.756,2.025,0.001,100,0.5,3.3,1005.6990000000001,0.017939455345661326,291.24226282311764,8.015994074349107,194.6326014937477,True,14.04764645484679,-9.707173998459396,2,2,20160910_flight07
2016-09-10 08:35:46,54.655774140000005,7.902925,92.626,-0.502,3.372,1005.6990000000001,18.589000000000002,1.179901,7.564,1.6980000000000002,-0.048,100,0.7,3.4,1005.6990000000001,0.01781865819977413,291.26522547187506,7.7522448361748735,192.65226215830717,True,14.048785069290341,-9.641689094323539,2,2,20160910_flight07
2016-09-10 08:35:47,54.655867259999994,7.90192654,92.837,-0.24600000000000002,3.359,1005.6690000000001,18.525,1.1799849999999998,7.79,2.059,-0.009000000000000001,100,0.5,3.4,1005.6690000000001,0.01793915257644163,291.2038138025207,8.057517049314882,194.80545332941838,True,14.049676351555599,-9.576251539347563,2,2,20160910_flight07
2016-09-10 08:35:48,54.65595987,7.9009288600000005,93.064,0.005,3.205,1005.633,18.609,1.1798739999999999,7.64,2.039,0.066,100,0.1,3.3,1005.633,0.017705384655067435,291.2906603653054,7.907409247029017,194.9430858091456,True,14.050518776351678,-9.510872159163913,2,2,20160910_flight07
2016-09-10 08:35:49,54.65605206,7.89993156,93.105,-0.03,3.241,1005.63,18.692999999999998,1.17981,7.108,2.045,0.11,100,0.2,3.3,1005.63,0.017464617871013166,291.3747741256385,7.396329427493072,196.0507384663938,True,14.05131850475876,-9.445523888191538,2,2,20160910_flight07
2016-09-10 08:35:50,54.65614296,7.89893456,93.2,0.022,3.293,1005.6030000000001,18.631,1.1795900000000001,7.01,1.804,-0.057999999999999996,100,0.3,3.3,1005.6030000000001,0.01784329143181984,291.3151105596897,7.238405625550422,194.43172474166755,True,14.051978960606826,-9.380215640535527,2,2,20160910_flight07
2016-09-10 08:35:51,54.65623315,7.89793775,93.319,0.36,3.075,1005.6,18.554000000000002,1.179341,7.521,1.6219999999999999,-0.034,100,0.6,3.2,1005.6,0.018323888641515795,291.23848199689775,7.693914803271479,192.17017359145865,True,14.052562995971803,-9.314931014614073,2,2,20160910_flight07
2016-09-10 08:35:52,54.65632428,7.8969409399999995,93.26700000000001,0.653,3.057,1005.602,18.527,1.179427,7.545,1.767,0.008,100,0.8,3.1,1005.602,0.01834591858890322,291.2113594398827,7.749149243626683,193.18082492587791,True,14.053250567240303,-9.249631222490164,2,2,20160910_flight07
2016-09-10 08:35:53,54.656415800000005,7.895943959999999,93.14399999999999,0.8,3.1,1005.609,18.569000000000003,1.179595,7.412000000000001,1.8159999999999998,0.001,100,0.8,3.1,1005.609,0.018061376023838838,291.2527125517897,7.631225327560444,193.76673822928376,True,14.053979500324365,-9.18431425226898,2,2,20160910_flight07
2016-09-10 08:35:54,54.65650737,7.89494673,93.025,0.6990000000000001,3.1,1005.638,18.596,1.179636,7.474,1.806,-0.02,100,0.8,3.1,1005.638,0.017961132662950963,291.2772670406602,7.689103458791539,193.58442188053607,True,14.054711595679786,-9.11898046689889,2,2,20160910_flight07
2016-09-10 08:35:55,54.65659934999999,7.893949320000001,92.914,0.461,3.1590000000000003,1005.6590000000001,18.649,1.179541,7.404,1.635,0.027000000000000003,100,0.6,3.2,1005.6590000000001,0.01787946515559513,291.328441992302,7.582377001969765,192.45258386068124,True,14.05548716194348,-9.053628540409015,2,2,20160910_flight07
2016-09-10 08:35:56,54.65669183,7.892951450000001,92.87200000000001,0.5710000000000001,3.05,1005.676,18.555,1.179463,7.611000000000001,1.9069999999999998,-0.053,100,0.6,3.1,1005.676,0.018292019201795684,291.2331855783142,7.8462710888676295,194.06635159942374,True,14.056313485777858,-8.988239091267282,2,2,20160910_flight07
2016-09-10 08:35:57,54.656785330000005,7.89195107,92.766,0.426,3.1340000000000003,1005.682,18.595,1.179257,6.805,1.494,-0.078,100,0.5,3.2,1005.682,0.018336337958429594,291.2726238790636,6.967069757078653,192.38252017124933,True,14.057228613719223,-8.922672460482861,2,2,20160910_flight07
2016-09-10 08:35:58,54.656877720000004,7.8909531500000005,92.7,0.536,3.1890000000000005,1005.6940000000001,18.671,1.179285,7.303999999999999,1.3969999999999998,-0.076,100,1.3,3.2,1005.6940000000001,0.01805910421192869,291.34750657334314,7.436398657952651,190.82790798747226,True,14.058044555549449,-8.857281261737242,2,2,20160910_flight07
2016-09-10 08:35:59,54.65697077,7.88995512,92.677,1.138,3.0980000000000003,1005.696,18.581000000000003,1.179071,6.99,1.5830000000000002,0.127,100,1.3,3.2,1005.696,0.018560038004981072,291.2574869466965,7.167006976416307,192.7603273209417,True,14.058932161020243,-8.791872370669413,2,2,20160910_flight07
2016-09-10 08:36:00,54.65706521,7.88895701,92.6,0.7809999999999999,3.2,1005.7,18.524,1.179065,7.114,1.795,-0.034,100,1.0,3.2,1005.7,0.018768324949259174,291.2002482184346,7.336962654941076,194.161248110677,True,14.059972117068911,-8.726435930283529,2,2,20160910_flight07
2016-09-10 08:36:01,54.65716026,7.8879589,92.59599999999999,0.769,3.2,1005.696,18.521,1.179204,7.582999999999999,1.6469999999999998,0.08900000000000001,100,0.8,3.2,1005.696,0.01865466231318691,291.1975843336152,7.759800126291913,192.25410786161186,True,14.061079261310391,-8.660989648000234,2,2,20160910_flight07
2016-09-10 08:36:02,54.6572562,7.88696094,92.49600000000001,0.642,3.208,1005.6990000000001,18.604,1.179359,7.127999999999999,1.3980000000000001,0.16,100,0.8,3.3,1005.6990000000001,0.01823406549334794,291.28020111236907,7.263799832043832,191.09645493784936,True,14.062285841200678,-8.595538611289053,2,2,20160910_flight07
2016-09-10 08:36:03,54.657351840000004,7.88596274,92.4,-0.1,3.299,1005.7,18.601000000000003,1.1793609999999999,6.82,1.301,-0.019,100,0.3,3.3,1005.7,0.01824382143006642,291.2771231511088,6.94298214026221,190.80012500401148,True,14.0634571265597,-8.530077046756471,2,2,20160910_flight07
2016-09-10 08:36:04,54.65744662,7.88496445,92.37899999999999,-0.0030000000000000005,3.1290000000000004,1005.7020000000001,18.552,1.179251,7.369,1.54,-0.021,100,0.1,3.2,1005.7020000000001,0.018511888423922818,291.2280371012257,7.528197725883666,191.80399090752522,True,14.064532843396295,-8.464623594648778,2,2,20160910_flight07
2016-09-10 08:36:05,54.65754207,7.88396603,92.3,-0.065,3.1260000000000003,1005.7090000000001,18.503,1.1792749999999999,7.462999999999999,1.716,0.04100000000000001,100,0.1,3.2,1005.7090000000001,0.01866936493273119,291.1785370844319,7.657742813649463,192.94919158447982,True,14.065681137722825,-8.399151008201448,2,2,20160910_flight07
2016-09-10 08:36:06,54.65763735,7.88296755,92.3,0.018000000000000002,3.29,1005.705,18.477,1.1794769999999999,7.551,1.903,-0.001999999999999999,100,0.1,3.3,1005.705,0.01858165790654409,291.1529105700403,7.787105367208023,194.1450994290895,True,14.066810144682298,-8.333677322553186,2,2,20160910_flight07
2016-09-10 08:36:07,54.65773188,7.88196936,92.37100000000001,0.07800000000000001,3.3,1005.7020000000001,18.491,1.179716,7.775,2.0570000000000004,0.125,100,0.1,3.3,1005.7020000000001,0.018323378329365703,291.16713621517357,8.042504211997654,194.81898537463303,True,14.067859263356981,-8.268234307384468,2,2,20160910_flight07
2016-09-10 08:36:08,54.65782593,7.88097181,92.49,0.069,3.3,1005.7,18.524,1.179887,7.667000000000001,2.2,0.125,100,0.2,3.3,1005.7,0.018058572605934797,291.2002482184346,7.976395739931665,196.01051704679287,True,14.06886151572292,-8.202840018256191,2,2,20160910_flight07
2016-09-10 08:36:09,54.65791953,7.879974989999999,92.63,-0.034,3.2560000000000002,1005.7,18.605,1.179954,7.683,2.1630000000000003,0.016,100,0.1,3.3,1005.7,0.01771813757221752,291.2811166541049,7.981670125982406,195.7235381908286,True,14.06982105030128,-8.137499734177696,2,2,20160910_flight07
2016-09-10 08:36:10,54.6580126,7.87897869,92.76,-0.033,3.2,1005.687,18.601000000000003,1.1799199999999999,7.6739999999999995,1.984,0.009000000000000001,100,0.1,3.2,1005.687,0.0177482613775215,291.27819999046966,7.926318943873,194.49558167558348,True,14.070727085762455,-8.072201298803385,2,2,20160910_flight07
2016-09-10 08:36:11,54.658105109999994,7.87798268,92.87899999999999,0.12,3.2,1005.65,18.543,1.179905,7.546,2.08,-0.12,100,0.2,3.2,1005.65,0.0179261190457094,291.22335832210956,7.827420775708944,195.4104819087888,True,14.07157416040886,-8.006930468399474,2,2,20160910_flight07
2016-09-10 08:36:12,54.65819728,7.87698682,93.056,0.155,3.138,1005.62,18.590000000000003,1.179748,7.432,1.963,-0.11900000000000001,100,0.2,3.2,1005.62,0.017867206430381533,291.2727677556534,7.686871470240673,194.79553849342452,True,14.072385192874128,-7.9416747287048075,2,2,20160910_flight07
2016-09-10 08:36:13,54.65828931,7.875991,93.17399999999999,0.433,3.057,1005.609,18.594,1.1796769999999999,7.356,2.036,0.026999999999999996,100,0.6,3.1,1005.609,0.01790337680640941,291.2776725914642,7.632563920466045,195.4710697819591,True,14.073181180290193,-7.87642380915622,2,2,20160910_flight07
2016-09-10 08:36:14,54.65838186,7.87499519,93.068,0.789,3.0840000000000005,1005.613,18.724,1.1795879999999999,7.341,1.9869999999999999,0.163,100,0.9,3.1,1005.613,0.017530819094198735,291.40713328792305,7.605159432911318,195.14543275670388,True,14.074034536685259,-7.811165140130942,2,2,20160910_flight07
2016-09-10 08:36:15,54.65847538,7.87399937,92.88799999999999,0.6729999999999999,3.0740000000000003,1005.645,18.717,1.1795499999999999,7.202999999999999,1.7169999999999999,0.028999999999999998,100,0.8,3.1,1005.645,0.017620385361890145,291.3974925306274,7.404815865367619,193.4075521972485,True,14.074994639523206,-7.745890180537982,2,2,20160910_flight07
2016-09-10 08:36:16,54.658569420000006,7.87300317,92.726,0.302,3.012,1005.673,18.703999999999997,1.179272,7.0,1.776,-0.37,100,0.7,3.1,1005.673,0.01793395756371563,291.38219317538267,7.221784820942812,194.23636224945142,True,14.07600845320888,-7.680582498307709,2,2,20160910_flight07
2016-09-10 08:36:17,54.658663669999996,7.872006300000001,92.756,0.423,2.9,1005.673,18.468,1.1790820000000002,7.6579999999999995,1.876,-0.127,100,0.6,3.0,1005.673,0.01892191398946852,291.14657468946376,7.8844365683287725,193.76481846362105,True,14.077039112770718,-7.61522852527461,2,2,20160910_flight07
2016-09-10 08:36:18,54.65875882,7.87100903,92.7,0.37200000000000005,3.048,1005.69,18.43,1.179329,7.591,2.093,-0.065,100,0.5,3.1,1005.69,0.018858495044189016,291.1072287489067,7.874257425306847,195.41466323253255,True,14.078165150524596,-7.549834417911011,2,2,20160910_flight07
2016-09-10 08:36:19,54.65885413,7.87001178,92.65299999999999,0.376,3.165,1005.6890000000001,18.5,1.179778,7.6339999999999995,2.254,0.28600000000000003,100,0.4,3.2,1005.6890000000001,0.018225278390660016,291.17719805562575,7.959803515162921,196.44966009649752,True,14.079308999006633,-7.48443900974122,2,2,20160910_flight07
2016-09-10 08:36:20,54.658949140000004,7.86901484,92.495,0.274,3.2680000000000002,1005.696,18.778,1.1798279999999999,7.397,1.8119999999999998,0.273,100,0.4,3.3,1005.696,0.017219602914058774,291.45416719297987,7.6157043666360895,193.7643642618276,True,14.080422711861589,-7.419068292309703,2,2,20160910_flight07
2016-09-10 08:36:21,54.65904389,7.86801822,92.305,0.07600000000000001,3.2119999999999997,1005.71,18.764,1.179969,7.216,1.646,0.24,100,0.1,3.3,1005.71,0.01716098934389465,291.4390296096273,7.401349336438593,192.84955861969593,True,14.081510788669634,-7.353722260583653,2,2,20160910_flight07
2016-09-10 08:36:22,54.659138080000005,7.86702152,92.119,-0.042,3.2739999999999996,1005.725,18.757,1.179581,6.9510000000000005,1.5219999999999998,0.102,100,0.1,3.3,1005.725,0.01753514040353421,291.4307978660828,7.115678815123685,192.3506405316345,True,14.082536434128953,-7.288380141342322,2,2,20160910_flight07
2016-09-10 08:36:23,54.659231659999996,7.8660247000000005,91.96300000000001,-0.266,3.2190000000000003,1005.7389999999999,18.588,1.179325,7.122000000000001,1.565,0.201,100,0.4,3.3,1005.7389999999999,0.018359768547310917,291.26091399963195,7.291920803190337,192.3932985171989,True,14.083493765814795,-7.223040179949237,2,2,20160910_flight07
2016-09-10 08:36:24,54.65932480000001,7.8650279,91.818,-0.496,3.279,1005.765,18.493,1.179416,7.496,1.787,-0.005,100,0.6,3.3,1005.765,0.01863922359362702,291.1639166349221,7.7060615751497865,193.40868582334767,True,14.084402821484959,-7.157708598304152,2,2,20160910_flight07
2016-09-10 08:36:25,54.65941717,7.8640311899999995,91.825,-0.44299999999999995,3.3339999999999996,1005.77,18.612000000000002,1.179624,7.0889999999999995,1.482,-0.016,100,0.6,3.5,1005.77,0.018049274914693658,291.2823070076357,7.2422541380429335,191.80798219321866,True,14.085227910011858,-7.092395203075019,2,2,20160910_flight07
2016-09-10 08:36:26,54.6595074,7.863034320000001,92.005,-0.444,3.352,1005.729,18.593999999999998,1.179781,7.2860000000000005,1.48,-0.153,100,0.6,3.5,1005.729,0.017935103023853927,291.26773246289144,7.43479629848727,191.4822273612872,True,14.085815788370793,-7.027106089758586,2,2,20160910_flight07
2016-09-10 08:36:27,54.659596300000004,7.86203759,92.20200000000001,-0.159,3.2859999999999996,1005.7,18.489,1.179734,7.539,1.6640000000000001,0.05800000000000001,100,0.3,3.3,1005.7,0.018312799342582897,291.165305067219,7.7204544555356325,192.44670251646846,True,14.086258487615849,-6.961847399729432,2,2,20160910_flight07
2016-09-10 08:36:28,54.65968506,7.86104117,92.3,0.066,3.236,1005.701,18.617,1.179768,7.527,1.5730000000000002,0.036000000000000004,100,0.3,3.3,1005.701,0.017837737132021303,291.2930143254949,7.689607142110707,191.80384937263898,True,14.086688674365456,-6.896610818957415,2,2,20160910_flight07
2016-09-10 08:36:29,54.65977339,7.86004464,92.3,0.39799999999999996,3.2569999999999997,1005.7040000000001,18.604,1.1798279999999999,7.42,1.4509999999999998,0.054000000000000006,100,0.5,3.3,1005.7040000000001,0.017834361906156504,291.2797869433622,7.560542374724184,191.0647054787956,True,14.087070467165566,-6.831374132204365,2,2,20160910_flight07
2016-09-10 08:36:30,54.65986132,7.8590479,92.26100000000001,0.33799999999999997,3.2460000000000004,1005.7020000000001,18.623,1.179594,7.143,1.208,0.055,100,0.5,3.3,1005.7020000000001,0.017967955091126475,291.2989217390896,7.24442634029776,189.5988457287253,True,14.087406232371228,-6.766130452068062,2,2,20160910_flight07
2016-09-10 08:36:31,54.659948899999996,7.8580508899999995,92.2,0.359,3.2,1005.71,18.574,1.179482,7.499,1.453,-0.07,100,0.5,3.2,1005.71,0.018243719154225513,291.24933875675345,7.638469087454632,190.9657029604864,True,14.087700914421463,-6.700875129810872,2,2,20160910_flight07
2016-09-10 08:36:32,54.66003699,7.8570537,92.2,0.473,3.2119999999999997,1005.7080000000001,18.564,1.179383,7.346,1.482,0.022000000000000002,100,0.5,3.3,1005.7080000000001,0.01836207608307694,291.23952067095564,7.494000266880166,191.40589516793955,True,14.088050081838718,-6.635600053008023,2,2,20160910_flight07
2016-09-10 08:36:33,54.6601253,7.85605622,92.205,0.35600000000000004,3.3,1005.696,18.554000000000002,1.1793500000000001,7.016,1.5390000000000001,-0.159,100,0.6,3.3,1005.696,0.018413331432839408,291.2305307708099,7.182811218457576,192.37220551852835,True,14.088420760912586,-6.570302856882585,2,2,20160910_flight07
2016-09-10 08:36:34,54.660213160000005,7.855058840000001,92.3,0.29100000000000004,3.3,1005.697,18.529,1.179254,7.303999999999999,1.34,0.201,100,0.4,3.3,1005.697,0.018584546613176434,291.2054885356556,7.4259016960905155,190.39594105012984,True,14.088742812910189,-6.50501932454752,2,2,20160910_flight07
2016-09-10 08:36:35,54.66030129,7.854061349999999,92.245,0.504,3.2030000000000003,1005.6990000000001,18.545,1.179263,7.484,1.145,0.03,100,0.6,3.3,1005.6990000000001,0.01852292761113139,291.221296926426,7.571081890984933,188.69840716024387,True,14.089093572161614,-6.439724392250968,2,2,20160910_flight07
2016-09-10 08:36:36,54.66038996,7.853063550000001,92.131,0.52,3.141,1005.701,18.482,1.179464,7.454,1.2429999999999999,-0.035,100,0.7,3.2,1005.701,0.01857136981085339,291.1582336377065,7.556928278077012,189.46730802649265,True,14.089500901740346,-6.374400896994251,2,2,20160910_flight07
2016-09-10 08:36:37,54.66047895,7.852065250000001,92.01899999999999,0.71,3.156,1005.711,18.485,1.1796630000000001,7.497000000000001,1.565,0.009000000000000001,100,0.8,3.2,1005.711,0.01839919477691443,291.16040076871326,7.658605225496351,191.7911763598376,True,14.089938787670212,-6.309040221902632,2,2,20160910_flight07
2016-09-10 08:36:38,54.66056855,7.85106659,91.929,0.796,3.2969999999999997,1005.721,18.512999999999998,1.1796259999999998,7.542999999999999,1.69,0.149,100,0.8,3.4,1005.721,0.018343492645883197,291.18752713794356,7.730003169468948,192.6284985827694,True,14.090440485056392,-6.243646652765367,2,2,20160910_flight07
2016-09-10 08:36:39,54.66065883,7.85006831,91.94800000000001,0.595,3.327,1005.725,18.509,1.179576,7.434,1.5219999999999998,0.016,100,0.8,3.4,1005.725,0.01840467554696623,291.18320244058503,7.588204003583456,191.57055450558187,True,14.09102064508953,-6.178266445155777,2,2,20160910_flight07
2016-09-10 08:36:40,54.660749640000006,7.84907007,92.012,0.48700000000000004,3.3339999999999996,1005.716,18.617,1.179414,7.062,1.555,0.044000000000000004,100,0.5,3.4,1005.716,0.018158425744711604,291.29177177423253,7.231173417917732,192.41794273145814,True,14.091659556942316,-6.112880247739237,2,2,20160910_flight07
2016-09-10 08:36:41,54.66084056,7.848071999999999,92.127,0.498,3.3079999999999994,1005.703,18.573,1.179254,7.39,1.3659999999999999,-0.013000000000000001,100,0.7,3.4,1005.703,0.01843699150215028,291.2489201551365,7.515188354259658,190.47259683756,True,14.092312179267745,-6.047503161291134,2,2,20160910_flight07
2016-09-10 08:36:42,54.66093218,7.84707407,92.23700000000001,0.596,3.2430000000000003,1005.687,18.596,1.178903,7.42,1.368,-0.117,100,0.7,3.3,1005.687,0.018643696015935296,291.27320809326983,7.545052948787039,190.44612270266117,True,14.093043215975266,-5.982123745586565,2,2,20160910_flight07
2016-09-10 08:36:43,54.66102452,7.8460760700000005,92.3,0.5519999999999999,3.241,1005.69,18.487000000000002,1.1789209999999999,7.325,1.5919999999999999,0.015,100,0.6,3.3,1005.69,0.01901189751426835,291.16413632843444,7.496004869262026,192.2618510537338,True,14.093852900190063,-5.916728230854352,2,2,20160910_flight07
2016-09-10 08:36:44,54.661116629999995,7.84507798,92.336,0.5539999999999999,3.284,1005.683,18.507,1.178813,7.191,1.409,-0.08800000000000001,100,0.6,3.3,1005.683,0.019028280214654636,291.18468355514693,7.3277392147919675,191.08605009433813,True,14.094636406967785,-5.851330663964314,2,2,20160910_flight07
2016-09-10 08:36:45,54.66120887,7.844079880000001,92.4,0.28600000000000003,3.145,1005.6669999999999,18.442999999999998,1.179166,7.367999999999999,1.5,0.10800000000000001,100,0.4,3.2,1005.6669999999999,0.01893060213563902,291.12211185264437,7.519137184544514,191.5071941592915,True,14.095434138743611,-5.78593035928318,2,2,20160910_flight07
2016-09-10 08:36:46,54.66130134,7.8430817,92.35,0.14300000000000002,3.15,1005.681,18.497,1.179294,7.149,1.325,-0.013000000000000001,100,0.2,3.2,1005.681,0.018645548412709267,291.17486536036444,7.270751405460099,190.5000865319484,True,14.096256453385331,-5.720521221023207,2,2,20160910_flight07
2016-09-10 08:36:47,54.6613937,7.84208334,92.234,0.256,3.1,1005.691,18.477,1.179469,7.165,1.275,0.14,100,0.3,3.1,1005.691,0.018574387307078943,291.1540697436438,7.277557969538958,190.09007192318907,True,14.097064963754589,-5.655102331457634,2,2,20160910_flight07
2016-09-10 08:36:48,54.661486169999996,7.841084509999999,91.994,0.229,3.1,1005.707,18.511,1.179585,7.318,1.511,0.07400000000000001,100,0.3,3.1,1005.707,0.01837169522128268,291.1866896833999,7.472365422006608,191.66632534070024,True,14.09788118150954,-5.5896515712634764,2,2,20160910_flight07
2016-09-10 08:36:49,54.66157893,7.84008525,91.789,0.337,3.1,1005.727,18.666,1.179402,7.285,1.2830000000000001,-0.188,100,0.5,3.1,1005.727,0.018008954658393472,291.3397806212062,7.397115248527632,189.98823718081076,True,14.098725307867406,-5.524168597624304,2,2,20160910_flight07
2016-09-10 08:36:50,54.661671729999995,7.839086,91.678,0.234,3.1040000000000005,1005.7489999999999,18.48,1.179496,7.096,1.321,0.086,100,0.5,3.2,1005.7489999999999,0.01859933420166282,291.1522626736051,7.217912232772022,190.54553589107167,True,14.099573933806242,-5.458685618952316,2,2,20160910_flight07
2016-09-10 08:36:51,54.661764149999996,7.83808548,91.554,0.14400000000000002,3.2,1005.7589999999999,18.512,1.1792749999999999,7.224,1.3619999999999999,0.029000000000000005,100,0.2,3.2,1005.7589999999999,0.01868857398061996,291.1833822311823,7.351273359085486,190.67710903429906,True,14.100368792427028,-5.393127448442312,2,2,20160910_flight07
2016-09-10 08:36:52,54.66185659,7.837084999999999,91.5,0.1,3.221,1005.778,18.539,1.17943,7.167999999999999,1.415,0.018000000000000002,100,0.2,3.3,1005.778,0.018479656625555396,291.2087645673499,7.306329379380593,191.16690478843563,True,14.101166229132582,-5.327571516596846,2,2,20160910_flight07
2016-09-10 08:36:53,54.66194879,7.836085000000001,91.51899999999999,-0.11600000000000002,3.345,1005.747,18.6,1.1792749999999999,7.1370000000000005,1.3130000000000002,-0.022000000000000002,100,0.2,3.4,1005.747,0.018369158274787356,291.27223174958795,7.256771871844946,190.42419337733944,True,14.101941733455133,-5.262050193171053,2,2,20160910_flight07
2016-09-10 08:36:54,54.66204011,7.835085,91.65,-0.196,3.4,1005.7339999999999,18.588,1.1791420000000001,6.9239999999999995,1.294,0.04800000000000001,100,0.4,3.4,1005.7339999999999,0.018512752002538102,291.26132812739115,7.0438776252856625,190.5856773528809,True,14.102620310549392,-5.196543067892048,2,2,20160910_flight07
2016-09-10 08:36:55,54.6621302,7.834085,91.809,-0.5579999999999999,3.353,1005.702,18.590000000000003,1.178824,6.952000000000001,1.128,-0.126,100,0.7,3.4,1005.702,0.018748107056828056,291.26597535811067,7.042917577254473,189.21623540587518,True,14.103163409812128,-5.131055787750345,2,2,20160910_flight07
2016-09-10 08:36:56,54.66221909,7.833085,91.99,-0.397,3.3,1005.6990000000001,18.539,1.178658,6.941,1.2819999999999998,-0.10600000000000001,100,0.5,3.3,1005.6990000000001,0.01906669259975957,291.2153066702284,7.058399606143024,190.46457578306604,True,14.103574335580968,-5.065587868718167,2,2,20160910_flight07
2016-09-10 08:36:57,54.662307010000006,7.832084999999999,92.166,-0.27599999999999997,3.3,1005.685,18.435,1.178717,6.792000000000001,1.386,-0.063,100,0.3,3.3,1005.685,0.019364947012376232,291.11263457835537,6.931973744901232,191.53362899973652,True,14.103878421109448,-5.000135599916109,2,2,20160910_flight07
2016-09-10 08:36:58,54.6623938,7.831085000000001,92.3,-0.264,3.3109999999999995,1005.658,18.474,1.179043,6.949,1.4709999999999999,0.105,100,0.4,3.4,1005.658,0.018919455314218903,291.1538070005103,7.102988244394045,191.95222074614452,True,14.10405804326282,-4.934701562825884,2,2,20160910_flight07
2016-09-10 08:36:59,54.66247975,7.830085,92.4,-0.264,3.302,1005.6490000000001,18.529,1.179436,7.1370000000000005,1.271,0.11,100,0.4,3.4,1005.6490000000001,0.01837876017263329,291.20946368088937,7.24929031009243,190.09771756815456,True,14.104145143972167,-4.869281078511962,2,2,20160910_flight07
2016-09-10 08:37:00,54.662565279999995,7.82908546,92.38600000000001,-0.051000000000000004,3.2709999999999995,1005.6440000000001,18.563000000000002,1.179484,7.193,1.249,0.04100000000000001,100,0.2,3.3,1005.6440000000001,0.01821356379704775,291.2438230886141,7.300633534153046,189.85067912298769,True,14.104190298677027,-4.803896826109211,2,2,20160910_flight07
2016-09-10 08:37:01,54.66265036,7.828086,92.30199999999999,0.2,3.3,1005.6469999999999,18.519000000000002,1.17952,7.055,1.4329999999999998,0.0,100,0.2,3.3,1005.6469999999999,0.018339123747687758,291.1996454092646,7.1990634113056675,191.48162575291008,True,14.104186638709118,-4.738524956821944,2,2,20160910_flight07
2016-09-10 08:37:02,54.66273499,7.827086,92.4,0.26,3.3,1005.63,18.581000000000003,1.1794,6.843999999999999,1.315,0.05600000000000001,100,0.3,3.3,1005.63,0.018209079609796452,291.2629538157388,6.969186537896657,190.87621162714044,True,14.104128348574088,-4.673125769728715,2,2,20160910_flight07
2016-09-10 08:37:03,54.662819330000005,7.82608642,92.4,0.34,3.2680000000000002,1005.6290000000001,18.557000000000002,1.179374,6.8020000000000005,1.405,0.124,100,0.4,3.3,1005.6290000000001,0.018314288342848872,291.2390751488432,6.945590615635218,191.6707058742665,True,14.104042056039466,-4.607758155742886,2,2,20160910_flight07
2016-09-10 08:37:04,54.662904090000005,7.825087,92.373,0.393,3.1319999999999997,1005.6260000000001,18.612000000000002,1.179299,6.9879999999999995,1.249,0.091,100,0.4,3.2,1005.6260000000001,0.018184038274108527,291.2942354555209,7.098742494273193,190.13375230524042,True,14.104003524998971,-4.542394010768023,2,2,20160910_flight07
2016-09-10 08:37:05,54.662989589999995,7.824087,92.198,0.466,3.1,1005.675,18.575,1.179364,6.9879999999999995,1.329,0.069,100,0.5,3.1,1005.675,0.01830666805130443,291.2532360578984,7.113254177941345,190.76809601535962,True,14.104041060646347,-4.476980786870429,2,2,20160910_flight07
2016-09-10 08:37:06,54.66307543,7.823087,91.991,0.429,3.1,1005.688,18.595000000000002,1.1792340000000001,6.922999999999999,1.331,0.051000000000000004,100,0.5,3.1,1005.688,0.01836227539595403,291.27212688110086,7.049786521590565,190.88276437730974,True,14.104116045451876,-4.411562077324968,2,2,20160910_flight07
2016-09-10 08:37:07,54.663161099999996,7.8220862,91.825,0.321,3.2230000000000003,1005.706,18.583000000000002,1.179301,6.678,1.3980000000000001,0.01,100,0.4,3.3,1005.706,0.018364531846400967,291.25865542154503,6.822762490370011,191.82378219037435,True,14.10416480181769,-4.346094883607565,2,2,20160910_flight07
2016-09-10 08:37:08,54.66324675,7.8210853899999995,91.8,0.36700000000000005,3.2,1005.7230000000001,18.632,1.17923,6.832999999999999,1.209,-0.098,100,0.5,3.2,1005.7230000000001,0.018272030539468576,291.30616746341803,6.939133231175202,190.03380853123167,True,14.10421126149428,-4.280627372237731,2,2,20160910_flight07
2016-09-10 08:37:09,54.663332940000004,7.82008441,91.8,0.439,3.2260000000000004,1005.703,18.571,1.179291,6.707000000000001,1.339,-0.047,100,0.5,3.3,1005.703,0.018412020310045962,291.246923405342,6.839354501705553,191.29021723266501,True,14.104315604672978,-4.215140262632017,2,2,20160910_flight07
2016-09-10 08:37:10,54.66341932,7.819083409999999,91.911,0.131,3.3,1005.7,18.557000000000002,1.179229,6.546,1.436,-0.033,100,0.2,3.3,1005.7,0.018511406451160894,291.23319461815214,6.701657406940465,192.37301728354657,True,14.104440687724404,-4.149648806842443,2,2,20160910_flight07
2016-09-10 08:37:11,54.66350529,7.818082759999999,92.083,-0.134,3.2809999999999997,1005.666,18.589000000000002,1.179374,6.546,1.4280000000000002,-0.083,100,0.2,3.3,1005.666,0.01824005503749815,291.2679589131921,6.69994776099038,192.30619288176052,True,14.104523894437962,-4.084186377909325,2,2,20160910_flight07
2016-09-10 08:37:12,54.66359076,7.817082,92.259,-0.177,3.2030000000000003,1005.6410000000001,18.625,1.179441,6.519,1.412,0.01,100,0.2,3.3,1005.6410000000001,0.01803127817636474,291.30597190889006,6.670165290305781,192.22134489513567,True,14.104550997080905,-4.0187249723933824,2,2,20160910_flight07
2016-09-10 08:37:13,54.6636756,7.816082,92.3,-0.205,3.2190000000000003,1005.628,18.673,1.179451,6.455,1.454,0.055,100,0.3,3.3,1005.628,0.01784204119361088,291.354971935303,6.616731897243533,192.69411153380165,True,14.104515837307654,-3.953322397105879,2,2,20160910_flight07
2016-09-10 08:37:14,54.66375965,7.815081129999999,92.3,-0.20199999999999999,3.2,1005.6240000000001,18.744,1.179419,6.568,1.225,0.028000000000000004,100,0.3,3.2,1005.6240000000001,0.017618023997973298,291.4261895911392,6.681261033667222,190.56486863682682,True,14.104385502869762,-3.887876858524038,2,2,20160910_flight07
2016-09-10 08:37:15,54.6638431,7.814081,92.3,-0.137,3.262,1005.628,18.648,1.179362,6.526,1.2990000000000002,0.043,100,0.2,3.3,1005.628,0.018006063083199075,291.33001203050327,6.654027126485134,191.25758290077437,True,14.104196022755238,-3.822488385468313,2,2,20160910_flight07
2016-09-10 08:37:16,54.66392585,7.813080169999999,92.23700000000001,-0.043,3.1069999999999998,1005.632,18.63,1.179323,6.535,1.3679999999999999,0.09200000000000001,100,0.1,3.2,1005.632,0.01810658117105124,291.3117095040162,6.676649534010303,191.823246377187,True,14.103922875557744,-3.757066382771704,2,2,20160910_flight07
2016-09-10 08:37:17,54.664008009999996,7.812079499999999,92.07799999999999,0.098,3.1,1005.673,18.773999999999997,1.179332,6.5360000000000005,1.25,0.021,100,0.1,3.1,1005.673,0.017638092516851556,291.45208001442643,6.654456852365939,190.82699098071325,True,14.10358624383131,-3.691664144686489,2,2,20160910_flight07
2016-09-10 08:37:18,54.66408993,7.8110782400000005,91.895,0.154,3.045,1005.6970000000001,18.748,1.1793959999999999,6.459,1.1420000000000001,0.028000000000000004,100,0.2,3.1,1005.6970000000001,0.01769779506294089,291.42413301122394,6.559180207922328,190.02670242344215,True,14.103217643309835,-3.6262279989136434,2,2,20160910_flight07
2016-09-10 08:37:19,54.66417173,7.81007629,91.677,0.15,3.0980000000000003,1005.705,18.805,1.179133,6.43,1.045,0.036000000000000004,100,0.2,3.1,1005.705,0.017734148273389705,291.48037735009495,6.514362977298701,189.2309714218958,True,14.102829353358052,-3.560749605967839,2,2,20160910_flight07
2016-09-10 08:37:20,54.66425337,7.80907386,91.46300000000001,0.187,3.1,1005.727,18.742,1.178947,6.417000000000001,1.05,0.022000000000000002,100,0.3,3.1,1005.727,0.018136681045370695,291.4156565955435,6.502337195193741,189.292834276954,True,14.102418937957482,-3.4952430583058374,2,2,20160910_flight07
2016-09-10 08:37:21,54.66433486,7.8080708,91.324,0.25,3.168,1005.7610000000001,18.688,1.178793,6.502000000000001,0.94,-0.065,100,0.4,3.2,1005.7610000000001,0.01849253763837244,291.35892771201935,6.56959694349661,188.22630648301737,True,14.101986091580129,-3.4296985895232637,2,2,20160910_flight07
2016-09-10 08:37:22,54.6644166,7.80706743,91.23700000000001,0.419,3.158,1005.758,18.641,1.178909,6.581,1.222,0.028000000000000004,100,0.5,3.2,1005.758,0.018553320541878415,291.31225338026195,6.693492735485712,190.5192213388337,True,14.101577873602048,-3.3641302367151487,2,2,20160910_flight07
2016-09-10 08:37:23,54.664498540000004,7.80606381,91.2,0.285,3.29,1005.7689999999999,18.7,1.1790829999999999,6.358,0.987,-0.011000000000000001,100,0.5,3.3,1005.7689999999999,0.018208267353587715,291.3702451785508,6.434153635094518,188.82402077969255,True,14.101189339582648,-3.2985426486193523,2,2,20160910_flight07
2016-09-10 08:37:24,54.66458026,7.8050600999999995,91.2,0.14300000000000002,3.3,1005.7610000000001,18.541,1.179409,6.544,1.198,0.026000000000000002,100,0.2,3.3,1005.7610000000001,0.018473592915205783,291.21216902269975,6.6527543168224685,190.37417448220467,True,14.100775729571266,-3.2329528470232525,2,2,20160910_flight07
2016-09-10 08:37:25,54.66466197,7.804056480000001,91.29199999999999,0.308,3.3,1005.738,18.619,1.179446,6.575,1.269,-0.03,100,0.4,3.3,1005.738,0.018146094100446986,291.2919461387452,6.696341239811484,190.9239838455337,True,14.100361862298348,-3.1673689698069163,2,2,20160910_flight07
2016-09-10 08:37:26,54.66474386,7.80305306,91.375,0.345,3.2,1005.72,18.692999999999998,1.179683,6.439,1.151,-0.047,100,0.4,3.2,1005.72,0.017665223038057398,291.36731655663095,6.541064286490387,190.134834467505,True,14.099969697015512,-3.1017949951728605,2,2,20160910_flight07
2016-09-10 08:37:27,54.6648257,7.80204956,91.4,0.4,3.253,1005.71,18.726,1.17969,6.376,1.02,0.037000000000000005,100,0.4,3.3,1005.71,0.01753400859704657,291.40109143905255,6.457071782162561,189.0888750177271,True,14.099571274117258,-3.036216704552268,2,2,20160910_flight07
2016-09-10 08:37:28,54.66490756,7.80104603,91.4,0.297,3.2,1005.7180000000001,18.736,1.179692,6.355,1.108,0.044000000000000004,100,0.4,3.2,1005.7180000000001,0.017505516670875076,291.41041220852094,6.450867306029477,189.89015623070685,True,14.099174772715974,-2.9706361702341004,2,2,20160910_flight07
2016-09-10 08:37:29,54.664989489999996,7.80004242,91.32700000000001,0.271,3.2,1005.73,18.808,1.1795229999999999,6.129,1.05,0.07300000000000001,100,0.4,3.2,1005.73,0.01741247866312423,291.48130022247113,6.2182908423456675,189.72135117236078,True,14.09878523104817,-2.9050493838183984,2,2,20160910_flight07
2016-09-10 08:37:30,54.66507131,7.7990386,91.221,0.132,3.2,1005.773,18.793,1.179546,6.117999999999999,0.88,0.036000000000000004,100,0.2,3.2,1005.773,0.017488414505055783,291.46276078100954,6.180964649631965,188.18516165948722,True,14.098381603714701,-2.8394509250845377,2,2,20160910_flight07
2016-09-10 08:37:31,54.66515294,7.798034619999999,91.09100000000001,0.132,3.185,1005.7769999999999,18.81,1.17953,6.0,1.072,0.106,100,0.2,3.2,1005.7769999999999,0.01744701660880077,291.4794012784253,6.095013043464304,190.1299596830259,True,14.097955548138268,-2.773845286460542,2,2,20160910_flight07
2016-09-10 08:37:32,54.66523427,7.79703032,90.956,0.061000000000000006,3.261,1005.7919999999999,18.908,1.1793090000000002,5.722,0.691,-0.062,100,0.2,3.3,1005.7919999999999,0.01731138770373275,291.57599628981114,5.763572242975705,186.88580752019863,True,14.097493447644519,-2.708223997315644,2,2,20160910_flight07
2016-09-10 08:37:33,54.66531511,7.79602564,90.9,-0.21400000000000002,3.1140000000000003,1005.7909999999999,18.805999999999997,1.17926,5.983,0.9129999999999999,-0.13,100,0.3,3.2,1005.7909999999999,0.01770807717143663,291.47424750914723,6.052260569407103,188.6763464486978,True,14.096973811973838,-2.642586281133983,2,2,20160910_flight07
2016-09-10 08:37:34,54.66539558,7.79502047,90.9,-0.309,3.141,1005.7919999999999,18.778,1.179088,5.9879999999999995,0.7979999999999999,-0.153,100,0.4,3.2,1005.7919999999999,0.01795517464855556,291.4462108378883,6.040939330931903,187.5908828159903,True,14.09640882669432,-2.5769231580928404,2,2,20160910_flight07
2016-09-10 08:37:35,54.6654755,7.79401473,90.9,-0.254,3.2,1005.785,18.698,1.1793179999999999,6.521,0.922,-0.081,100,0.4,3.2,1005.785,0.01802854236239715,291.366922826381,6.585857954739079,188.04766952161322,True,14.095777915395741,-2.5112324096590446,2,2,20160910_flight07
2016-09-10 08:37:36,54.665554869999994,7.79300875,90.9,0.019000000000000003,3.2,1005.7869999999999,18.697,1.1795879999999999,6.611000000000001,1.222,-0.099,100,0.1,3.2,1005.7869999999999,0.01780103358680707,291.365758772257,6.722990777920197,190.47254467269607,True,14.095084173420615,-2.4455351669684364,2,2,20160910_flight07
2016-09-10 08:37:37,54.66563367,7.79200268,90.96600000000001,0.069,3.2939999999999996,1005.776,18.745,1.179557,6.553,1.3429999999999997,-0.062,100,0.1,3.3,1005.776,0.017649278271670843,291.414591141561,6.689204586496065,191.58206354255313,True,14.094326804852615,-2.37984135776764,2,2,20160910_flight07
2016-09-10 08:37:38,54.665711810000005,7.79099685,91.147,0.15600000000000003,3.3,1005.735,18.8,1.179451,6.545,1.364,-0.077,100,0.2,3.3,1005.735,0.01750752628192065,291.4728988538008,6.685620464848419,191.77213428634462,True,14.0934989920214,-2.314173565275773,2,2,20160910_flight07
2016-09-10 08:37:39,54.6657897,7.78999141,91.35600000000001,0.376,3.3,1005.706,18.801000000000002,1.179521,6.712000000000001,1.3219999999999998,-0.015,100,0.6,3.3,1005.706,0.01741431854605091,291.47630096346825,6.8409522728930074,191.14239182688618,True,14.09264730117618,-2.248534779509119,2,2,20160910_flight07
2016-09-10 08:37:40,54.66586798,7.78898635,91.508,0.587,3.2680000000000002,1005.706,18.852,1.179574,6.755,1.341,0.04,100,0.7,3.3,1005.706,0.01719091474491763,291.5272180397897,6.886821182519552,191.22835179741483,True,14.091842131051502,-2.1829140342047553,2,2,20160910_flight07
2016-09-10 08:37:41,54.665946649999995,7.78798161,91.6,0.703,3.255,1005.693,18.9,1.179618,6.752999999999999,1.2670000000000001,0.044000000000000004,100,0.8,3.3,1005.693,0.016972652901310115,291.5762179286603,6.870829498685001,190.6263146573773,True,14.091082918855447,-2.1173074873383,2,2,20160910_flight07
2016-09-10 08:37:42,54.66602578,7.78697704,91.64,0.8079999999999999,3.198,1005.6940000000001,18.9,1.179617,6.797000000000001,1.2830000000000001,-0.055,100,0.9,3.2,1005.6940000000001,0.016974526239023957,291.5761350099714,6.917029564777066,190.6893661838737,True,14.090375967736845,-2.0517044044496515,2,2,20160910_flight07
2016-09-10 08:37:43,54.66610568,7.7859725200000005,91.7,0.858,3.145,1005.685,18.9,1.179607,6.774,1.304,-0.052000000000000005,100,1.0,3.2,1005.685,0.016974046511463836,291.57688128198873,6.898368792692951,190.89619292093926,True,14.089754296934773,-1.9860920998696732,2,2,20160910_flight07
2016-09-10 08:37:44,54.66618645,7.78496798,91.7,0.812,3.1,1005.691,18.9,1.179587,6.8,1.337,-0.063,100,0.9,3.1,1005.691,0.016997356848978074,291.57638376635623,6.930192565867127,191.12347093561095,True,14.089228264318587,-1.9204644778104418,2,2,20160910_flight07
2016-09-10 08:37:45,54.66626805,7.7839634,91.671,1.013,3.1790000000000003,1005.6890000000001,18.923,1.179528,6.785,1.273,0.065,100,1.1,3.2,1005.6890000000001,0.016966114697656964,291.5995123185352,6.903387139658329,190.62628325051287,True,14.088793276509849,-1.8548209029672647,2,2,20160910_flight07
2016-09-10 08:37:46,54.6663507,7.78295889,91.59299999999999,0.9309999999999999,3.2,1005.701,18.924,1.1795470000000001,6.63,1.314,0.08,100,1.1,3.2,1005.701,0.01695838603150701,291.59951559328016,6.75895672422897,191.21018365503113,True,14.088474597096267,-1.7891648695153388,2,2,20160910_flight07
2016-09-10 08:37:47,54.6664341,7.78195445,91.5,0.475,3.1460000000000004,1005.702,18.903,1.1795099999999998,6.66,1.545,0.08200000000000002,100,0.6,3.2,1005.702,0.01706442469417957,291.5784667898207,6.836857830904487,193.06057145059762,True,14.088239182703203,-1.7235012177322706,2,2,20160910_flight07
2016-09-10 08:37:48,54.666517999999996,7.78095017,91.46600000000001,0.431,3.1210000000000004,1005.693,18.932000000000002,1.179316,6.5329999999999995,1.2229999999999999,0.154,100,0.5,3.2,1005.693,0.01712163361130581,291.60816601622656,6.646489148415124,190.60323920993977,True,14.08806034137204,-1.6578397442193085,2,2,20160910_flight07
2016-09-10 08:37:49,54.666602139999995,7.77994584,91.32600000000001,0.264,3.233,1005.722,18.945999999999998,1.179388,6.397,1.08,0.08700000000000001,100,0.5,3.3,1005.722,0.017040119003548515,291.61973832686357,6.487527186840916,189.58283162688502,True,14.087907465748208,-1.5921711967972412,2,2,20160910_flight07
2016-09-10 08:37:50,54.666686129999995,7.7789414,91.21600000000001,0.309,3.2,1005.717,18.9,1.179394,6.555,1.2990000000000002,0.075,100,0.4,3.2,1005.717,0.017190078320565627,291.57422790939006,6.682471548760982,191.20904196460896,True,14.087737036656995,-1.5264980258018896,2,2,20160910_flight07
2016-09-10 08:37:51,54.66677026,7.77793709,91.142,0.32,3.2,1005.7330000000001,18.96,1.179407,6.32,1.193,0.1,100,0.4,3.2,1005.7330000000001,0.016986114728851254,291.63280324660127,6.431613250188478,190.68970232649815,True,14.087583247184591,-1.4608309203971888,2,2,20160910_flight07
2016-09-10 08:37:52,54.666854130000004,7.77693281,91.1,0.257,3.2,1005.742,18.997,1.179476,6.202999999999999,1.1860000000000002,-0.023000000000000003,100,0.5,3.2,1005.742,0.016806927189988663,291.6689963285971,6.315362618250831,190.82419063167055,True,14.087401101516585,-1.3951699309118908,2,2,20160910_flight07
2016-09-10 08:37:53,54.666937749999995,7.77592853,91.1,0.743,3.1460000000000004,1005.7610000000001,18.886,1.179382,6.442,1.5190000000000001,0.01,100,0.9,3.2,1005.7610000000001,0.01729369645048373,291.5566026813071,6.618664895581284,193.26778237418364,True,14.087191419702522,-1.3295129749912964,2,2,20160910_flight07
2016-09-10 08:37:54,54.667022349999996,7.77492442,91.1,0.9359999999999999,3.255,1005.768,18.861,1.1791420000000001,6.371,1.374,-0.07600000000000001,100,1.0,3.3,1005.768,0.017594948021382173,291.53106341991156,6.517477809705224,192.17027871101652,True,14.087091274146642,-1.263851093234372,2,2,20160910_flight07
2016-09-10 08:37:55,54.66710761,7.773920540000001,91.16,1.038,3.323,1005.73,18.96,1.1793090000000002,6.28,1.3330000000000002,0.11100000000000002,100,1.1,3.4,1005.73,0.01706759195763574,291.6330520416842,6.4199134729371545,191.98380465145155,True,14.087065981372897,-1.198193290628525,2,2,20160910_flight07
2016-09-10 08:37:56,54.66719354,7.77291711,91.285,1.433,3.339,1005.7080000000001,18.919,1.1794200000000001,6.547999999999999,1.153,-0.114,100,1.7,3.4,1005.7080000000001,0.01709238282756198,291.5939432555357,6.648737699744214,189.98651416516344,True,14.087118706387242,-1.1325534932550583,2,2,20160910_flight07
2016-09-10 08:37:57,54.667281110000005,7.771913970000001,91.46300000000001,1.732,3.21,1005.7,18.892,1.179299,6.497000000000001,1.25,-0.028000000000000004,100,1.9,3.3,1005.7,0.01728269008906036,291.5676504940724,6.61615515235246,190.8904332993245,True,14.08735478866029,-1.0669058054845628,2,2,20160910_flight07
2016-09-10 08:37:58,54.667370760000004,7.77091104,91.53699999999999,1.774,3.1990000000000003,1005.691,18.918999999999997,1.179444,6.5520000000000005,1.17,-0.008,100,1.9,3.3,1005.691,0.017054494364733275,291.59535295413764,6.655644521757453,190.1246716553978,True,14.087821941418914,-1.0012380055439216,2,2,20160910_flight07
2016-09-10 08:37:59,54.66746252,7.769908279999999,91.54,1.776,3.1,1005.698,18.929,1.1795,6.667000000000001,1.265,-0.043,100,1.9,3.1,1005.698,0.016978465867543813,291.6047562494647,6.785949749298179,190.74361691118963,True,14.088523093807728,-0.9355470480557471,2,2,20160910_flight07
2016-09-10 08:38:00,54.66755648,7.76890553,91.5,1.579,3.1460000000000004,1005.6940000000001,18.984,1.179537,6.591,1.271,-0.044000000000000004,100,1.8,3.2,1005.6940000000001,0.016751060772404625,291.6599987159835,6.712430409322692,190.914864698944,True,14.08946665806747,-0.8698212355375365,2,2,20160910_flight07
2016-09-10 08:38:01,54.667652260000004,7.767902830000001,91.5,1.425,3.1260000000000003,1005.696,18.901999999999997,1.179594,6.837000000000001,1.473,-0.047,100,1.5,3.2,1005.696,0.01698941343083571,291.57796592668103,6.993875749539736,192.15826835577133,True,14.090611154451098,-0.8040692603571338,2,2,20160910_flight07
2016-09-10 08:38:02,54.66774988,7.76690026,91.49,1.238,3.158,1005.6990000000001,18.986,1.179571,6.587000000000001,1.5759999999999998,0.049,100,1.3,3.2,1005.6990000000001,0.0167198480868902,291.6615807569495,6.772912593559732,193.45559060685002,True,14.091959536235615,-0.7382959225289092,2,2,20160910_flight07
2016-09-10 08:38:03,54.667848510000006,7.7658980799999995,91.4,1.207,3.16,1005.696,19.017,1.17956,6.765,1.3969999999999998,-0.025,100,1.3,3.2,1005.696,0.016618418192816842,291.6927792684201,6.907737256149802,191.66780277023133,True,14.093422822176843,-0.6725312622605859,2,2,20160910_flight07
2016-09-10 08:38:04,54.667948870000004,7.76489606,91.35600000000001,1.3179999999999998,3.034,1005.6940000000001,19.03,1.1795959999999999,6.768,1.439,0.14800000000000002,100,1.4,3.1,1005.6940000000001,0.01654013937817722,291.7059240787996,6.919287896886499,192.00337909310443,True,14.095078159009924,-0.6067489351253537,2,2,20160910_flight07
2016-09-10 08:38:05,54.66805074,7.76389406,91.149,1.149,3.1,1005.717,19.079,1.179535,6.348,1.4240000000000002,-0.033,100,1.3,3.1,1005.717,0.016445496473210586,291.7529363045134,6.505757450135995,192.64343732515937,True,14.096900001752376,-0.540943525935567,2,2,20160910_flight07
2016-09-10 08:38:06,54.66815363,7.762891939999999,91.1,0.847,3.1,1005.7260000000001,18.983,1.1794660000000001,6.441,1.435,-0.083,100,0.9,3.1,1005.7260000000001,0.016848100393950682,291.6563462423938,6.598917032362204,192.55988580935866,True,14.098833066386232,-0.47511397575313374,2,2,20160910_flight07
2016-09-10 08:38:07,54.66825747,7.7618898000000005,91.025,0.7090000000000001,3.1,1005.7439999999999,19.017,1.179286,6.521,1.412,-0.10400000000000001,100,0.9,3.1,1005.7439999999999,0.01690315594017222,291.688797711779,6.6721199779380465,192.2177092048331,True,14.100870580772993,-0.4092678173508757,2,2,20160910_flight07
2016-09-10 08:38:08,54.66836215,7.7608875699999995,91.046,0.762,3.148,1005.729,19.06,1.179175,6.2860000000000005,1.12,-0.17300000000000001,100,0.9,3.2,1005.729,0.01683405917406411,291.73297172514776,6.384997729052063,190.10258725180714,True,14.102999772420981,-0.3434023431348012,2,2,20160910_flight07
2016-09-10 08:38:09,54.668467119999995,7.75988511,91.1,0.625,3.1060000000000003,1005.721,18.863,1.17913,6.55,1.392,-0.066,100,0.7,3.2,1005.721,0.01755078165397106,291.5369565633362,6.696279862729752,191.99794549280165,True,14.105158748636258,-0.2775174622227712,2,2,20160910_flight07
2016-09-10 08:38:10,54.66857277,7.75888281,91.13,0.564,3.108,1005.7020000000001,18.887999999999998,1.179373,6.728,1.413,-0.111,100,0.7,3.2,1005.7020000000001,0.017234816105331285,291.56349116210293,6.8747765781878325,191.8607578765074,True,14.1073941239376,-0.21163185541440654,2,2,20160910_flight07
2016-09-10 08:38:11,54.668679080000004,7.75788061,91.219,0.43,3.1310000000000002,1005.701,18.921999999999997,1.1795099999999998,6.643,1.4909999999999999,-0.105,100,0.6,3.2,1005.701,0.016997250926461316,291.59751884235004,6.808269236744387,192.65021042818546,True,14.109703132643707,-0.1457420033701693,2,2,20160910_flight07
2016-09-10 08:38:12,54.66878544,7.756878380000001,91.32799999999999,0.37300000000000005,3.161,1005.6990000000001,19.007,1.1796309999999999,6.516,1.335,-0.14200000000000002,100,0.4,3.2,1005.6990000000001,0.01659505704361175,291.6825466536411,6.651351817487931,191.57854406770855,True,14.112017367182856,-0.07984942360091996,2,2,20160910_flight07
2016-09-10 08:38:13,54.66889166,7.75587619,91.45700000000001,0.28099999999999997,3.1,1005.687,18.980999999999998,1.179674,6.6979999999999995,1.3459999999999999,-0.10100000000000002,100,0.3,3.1,1005.687,0.01663634559269833,291.65758417765795,6.831904566078188,191.36256378728012,True,14.114316556674352,-0.013961663977462013,2,2,20160910_flight07
2016-09-10 08:38:14,54.66899806000001,7.75487405,91.5,0.269,3.049,1005.678,18.992,1.179656,6.735,1.571,-0.008,100,0.4,3.1,1005.678,0.01660448043060847,291.6693128652836,6.91579829086997,193.1299882824895,True,14.116636041182081,0.05192579812532827,2,2,20160910_flight07
2016-09-10 08:38:15,54.669104589999996,7.7538719,91.46600000000001,0.322,3.008,1005.6790000000001,19.043,1.179568,6.721,1.466,0.07100000000000001,100,0.5,3.1,1005.6790000000001,0.016503879943029487,291.72014738616224,6.8790258758053815,192.3047607705252,True,14.118969750684792,0.11781599801875453,2,2,20160910_flight07
2016-09-10 08:38:16,54.66921115,7.75286963,91.31700000000001,-0.006000000000000001,3.028,1005.706,19.073,1.179601,6.557,1.455,0.027000000000000003,100,0.4,3.1,1005.706,0.01639837701826541,291.74785870384954,6.7164926859187455,192.5112274921629,True,14.121305638947595,0.18371436598957835,2,2,20160910_flight07
2016-09-10 08:38:17,54.669317060000004,7.751867069999999,91.155,-0.402,3.077,1005.7180000000001,19.009,1.179564,6.537000000000001,1.5959999999999999,0.07600000000000001,100,0.5,3.1,1005.7180000000001,0.01666504752763487,291.6829673928495,6.729010699946911,193.72027729863808,True,14.12356721308459,0.24962081647873902,2,2,20160910_flight07
2016-09-10 08:38:18,54.66942204,7.75086445,91.021,-0.375,3.096,1005.74,19.006,1.179529,6.585,1.56,-0.094,100,0.5,3.1,1005.74,0.016727895163572093,291.6781474905132,6.767261262874369,193.32778337787738,True,14.125725789973613,0.31551610413253117,2,2,20160910_flight07
2016-09-10 08:38:19,54.66952612,7.7498616600000005,91.0,-0.269,3.056,1005.745,19.076,1.179549,6.672000000000001,1.4669999999999999,-0.002,100,0.4,3.1,1005.745,0.01647216571738208,291.7476181806945,6.831374166300658,192.4005378635648,True,14.127783642172231,0.3814077566908516,2,2,20160910_flight07
2016-09-10 08:38:20,54.669629459999996,7.74885866,90.999,-0.34700000000000003,3.1,1005.743,19.086000000000002,1.179659,6.621,1.469,-0.002,100,0.5,3.1,1005.743,0.016340582037354334,291.7577677427063,6.782005750513634,192.5095646409644,True,14.129758017619013,0.44730091698473196,2,2,20160910_flight07
2016-09-10 08:38:21,54.66973153,7.747855520000001,91.0,-0.467,3.12,1005.758,19.096,1.179687,6.584,1.37,-0.068,100,0.5,3.2,1005.758,0.01629684019948141,291.76650685376876,6.725024609620399,191.75438775691146,True,14.131591196276757,0.5131825514953348,2,2,20160910_flight07
2016-09-10 08:38:22,54.669832500000005,7.746852219999999,91.0,-0.364,3.1,1005.7489999999999,19.065,1.179705,6.829,1.53,-0.015,100,0.5,3.1,1005.7489999999999,0.016380051855167554,291.73630434854954,6.998295578210454,192.62826557341316,True,14.133301715126409,0.579056683721566,2,2,20160910_flight07
2016-09-10 08:38:23,54.6699325,7.745848939999999,91.0,-0.075,3.165,1005.7510000000001,19.090000000000003,1.179613,6.877000000000001,1.5290000000000001,-0.021,100,0.3,3.2,1005.7510000000001,0.016374388010911067,291.76109746120846,7.044925123803659,192.53498267882156,True,14.134905581330665,0.6449138850424441,2,2,20160910_flight07
2016-09-10 08:38:24,54.67003184,7.74484584,91.0,0.05600000000000001,3.2,1005.7439999999999,19.1,1.179621,6.863,1.456,0.001,100,0.1,3.2,1005.7439999999999,0.016325644143834417,291.7716618621111,7.015746931011694,191.97782707707546,True,14.136438440482165,0.7107489116790027,2,2,20160910_flight07
2016-09-10 08:38:25,54.67013068,7.74384288,91.0,-0.017,3.2,1005.7339999999999,19.1,1.179619,6.734,1.544,0.05600000000000001,100,0.1,3.2,1005.7339999999999,0.016317262056806392,291.77249156856516,6.908740261436957,192.91380825156907,True,14.137917540520272,0.7765669064623877,2,2,20160910_flight07
2016-09-10 08:38:26,54.67022899,7.74284006,91.031,0.022000000000000002,3.1490000000000005,1005.7310000000001,19.1,1.179602,6.89,1.597,-0.063,100,0.1,3.2,1005.7310000000001,0.0163288772433976,291.77274048257016,7.072659259429935,193.0498717629249,True,14.139339577107377,0.8423673853647649,2,2,20160910_flight07
2016-09-10 08:38:27,54.67032691,7.74183747,91.1,0.11900000000000001,3.157,1005.715,19.1,1.1795529999999999,6.606,1.6540000000000001,-0.009000000000000001,100,0.2,3.2,1005.715,0.016354927452531642,291.7740680400566,6.809915711666335,194.05664940036132,True,14.14072081466926,0.9081468441452603,2,2,20160910_flight07
2016-09-10 08:38:28,54.6704242,7.74083494,91.1,0.10100000000000002,3.1719999999999997,1005.7080000000001,19.1,1.1795609999999999,6.666,1.571,-0.03900000000000001,100,0.2,3.2,1005.7080000000001,0.016340960337898558,291.7746488549977,6.848620079986917,193.26111853409358,True,14.142033223936108,0.9739122963185469,2,2,20160910_flight07
2016-09-10 08:38:29,54.67052111,7.73983255,91.1,0.28800000000000003,3.1,1005.7080000000001,19.1,1.179538,6.688,1.4340000000000002,0.052000000000000005,100,0.4,3.1,1005.7080000000001,0.01636077813273662,291.7746488549977,6.840007309937614,192.10177761483058,True,14.143305091439286,1.0396626527496036,2,2,20160910_flight07
2016-09-10 08:38:30,54.67061807,7.7388300800000005,91.094,0.489,3.138,1005.729,19.108,1.179525,6.711,1.248,-0.046000000000000006,100,0.5,3.2,1005.729,0.016365380702643595,291.7808933658952,6.826054863535745,190.5345779123005,True,14.14458171578499,1.105418938593064,2,2,20160910_flight07
2016-09-10 08:38:31,54.67071532,7.73782749,90.99799999999999,0.531,3.102,1005.7389999999999,19.117,1.1795879999999999,6.685,1.264,0.08,100,0.6,3.2,1005.7389999999999,0.016289907040808904,291.7890489135129,6.803449198752056,190.70708466092663,True,14.145889156478797,1.1711875874207043,2,2,20160910_flight07
2016-09-10 08:38:32,54.6708126,7.736824800000001,90.88300000000001,0.273,3.1,1005.77,19.107,1.179586,6.699,1.405,0.073,100,0.4,3.1,1005.77,0.016357730409396254,291.77649316611,6.844751712078386,191.84511530769396,True,14.147198963527659,1.2369631236505114,2,2,20160910_flight07
2016-09-10 08:38:33,54.6709101,7.7358220300000005,90.74799999999999,0.338,3.1,1005.7919999999999,19.118000000000002,1.179528,6.885,1.401,-0.037,100,0.4,3.1,1005.7919999999999,0.016391684595225664,291.785649712148,7.02609607107674,191.50184527000624,True,14.1485322519981,1.3027473321167995,2,2,20160910_flight07
2016-09-10 08:38:34,54.67100762,7.73481919,90.7,0.27699999999999997,3.1,1005.799,19.17,1.179512,6.479,1.1440000000000001,-0.025,100,0.3,3.1,1005.799,0.016231738916288485,291.8369830012533,6.579223130431131,190.013529029464,True,14.149867086771698,1.3685363456303277,2,2,20160910_flight07
2016-09-10 08:38:35,54.671104729999996,7.733815949999999,90.60600000000001,0.244,3.188,1005.797,19.072,1.179534,6.587000000000001,1.3840000000000001,0.044000000000000004,100,0.4,3.2,1005.797,0.016551561967511175,291.73931084511497,6.730826472284069,191.86586055569703,True,14.151153010338076,1.434344357596022,2,2,20160910_flight07
2016-09-10 08:38:36,54.67120197,7.7328127900000005,90.6,0.444,3.1920000000000006,1005.805,19.081000000000003,1.179401,6.551,1.3259999999999998,-0.064,100,0.5,3.2,1005.805,0.0166429729527362,291.74763230961605,6.6838519582647855,191.4427442599009,True,14.152454003086104,1.5001493443156377,2,2,20160910_flight07
2016-09-10 08:38:37,54.67129961,7.7318096800000005,90.6,0.517,3.252,1005.799,19.03,1.179485,6.707000000000001,1.3659999999999999,0.07800000000000001,100,0.6,3.3,1005.799,0.016741947206312613,291.6972143312335,6.8446917388586614,191.51185653646266,True,14.153799522656447,1.5659575830512233,2,2,20160910_flight07
2016-09-10 08:38:38,54.67139761000001,7.7308068400000005,90.605,0.48200000000000004,3.3,1005.798,19.05,1.179464,6.772,1.295,0.07400000000000001,100,0.5,3.3,1005.798,0.016689445728108154,291.71726423423286,6.894708768323722,190.8258920336702,True,14.155187226828867,1.6317543410086883,2,2,20160910_flight07
2016-09-10 08:38:39,54.671495779999994,7.72980414,90.7,0.48200000000000004,3.3,1005.79,19.090000000000003,1.179525,6.84,1.258,0.091,100,0.5,3.3,1005.79,0.016489630830283097,291.75786184708335,6.954722424367488,190.4212711910187,True,14.15659496875283,1.6975448770654316,2,2,20160910_flight07
2016-09-10 08:38:40,54.671594080000006,7.72880189,90.775,0.518,3.3,1005.7919999999999,19.103,1.179527,6.723,1.4269999999999998,-0.037000000000000005,100,0.6,3.3,1005.7919999999999,0.016444713036119607,291.77067446769536,6.87277658592217,191.9835462384815,True,14.15802125039633,1.763308695390879,2,2,20160910_flight07
2016-09-10 08:38:41,54.67169281,7.72779991,90.947,0.572,3.3,1005.758,19.077,1.179506,6.81,1.288,-0.08800000000000001,100,0.7,3.3,1005.758,0.01651888276449287,291.7475380274025,6.930731851687813,190.7100495210997,True,14.159497426759886,1.8290621623358954,2,2,20160910_flight07
2016-09-10 08:38:42,54.671791830000004,7.72679834,91.133,0.53,3.2310000000000003,1005.7410000000001,19.1,1.179335,6.815,1.371,-0.002,100,0.6,3.3,1005.7410000000001,0.016569080519506674,291.7719107729333,6.95153695235809,191.3745894228345,True,14.161009390780018,1.8947940543803599,2,2,20160910_flight07
2016-09-10 08:38:43,54.67189126,7.72579675,91.2,0.47,3.1910000000000003,1005.7330000000001,19.1,1.179351,6.807,1.5190000000000001,-0.021,100,0.5,3.2,1005.7330000000001,0.01654720292614087,291.77257453979405,6.974425424362928,192.57959787690635,True,14.162566326480531,1.9605338421454999,2,2,20160910_flight07
2016-09-10 08:38:44,54.6719905,7.72479553,91.26299999999999,0.47600000000000003,3.117,1005.7260000000001,19.126,1.17931,6.761,1.3319999999999999,-0.07200000000000001,100,0.6,3.2,1005.7260000000001,0.01648503726843864,291.79911291891665,6.89096110858275,191.14523833983645,True,14.164105805246558,2.0262468719159887,2,2,20160910_flight07
2016-09-10 08:38:45,54.6720905,7.72379431,91.2,0.632,3.119,1005.742,19.104,1.179321,6.8229999999999995,1.242,-0.07,100,0.7,3.2,1005.742,0.016568245551035643,291.7758212578524,6.935120258510302,190.31666963008513,True,14.165728993892733,2.091972163722609,2,2,20160910_flight07
2016-09-10 08:38:46,54.6721905,7.72279272,91.2,0.43200000000000005,3.1,1005.763,19.107,1.179248,6.691,1.12,-0.126,100,0.6,3.1,1005.763,0.016641966539922448,291.77707395411664,6.784090285366196,189.50258725267122,True,14.16734871200258,2.1577211480146756,2,2,20160910_flight07
2016-09-10 08:38:47,54.6722905,7.72179097,91.145,0.084,3.03,1005.7510000000001,19.082,1.179255,6.635,1.044,0.07200000000000001,100,0.2,3.1,1005.7510000000001,0.01671077268451948,291.75311057105074,6.716633159552485,188.94202676806924,True,14.16896692934108,2.2234803777060845,2,2,20160910_flight07
2016-09-10 08:38:48,54.6723905,7.72078859,90.98200000000001,0.183,3.028,1005.7739999999999,19.113000000000003,1.179221,6.763999999999999,1.204,-0.12,100,0.3,3.1,1005.7739999999999,0.016655491479958817,291.78215141802383,6.870321098755136,190.09300551638194,True,14.170579237388546,2.2892799486566124,2,2,20160910_flight07
2016-09-10 08:38:49,54.6724905,7.7197857,90.855,0.3,3.049,1005.797,19.029,1.179225,6.859,1.09,-0.05,100,0.3,3.1,1005.797,0.01696758074126925,291.6963818720522,6.945068826152841,189.02966890185849,True,14.172186761725646,2.355112176817097,2,2,20160910_flight07
2016-09-10 08:38:50,54.6725905,7.7187823700000004,90.734,0.3,3.1319999999999997,1005.8,19.019000000000002,1.1792690000000001,6.726,1.115,-0.005,100,0.3,3.2,1005.8,0.016967475931986886,291.6861495659276,6.817792971336106,189.41258510150868,True,14.173790158938617,2.4209725798251984,2,2,20160910_flight07
2016-09-10 08:38:51,54.67269006000001,7.717778640000001,90.7,0.313,3.2,1005.803,19.054000000000002,1.179369,6.665,1.297,0.001,100,0.5,3.2,1005.803,0.01676247746867099,291.72084287062665,6.7900245949480915,191.01205403277737,True,14.1753413406083,2.486851497257974,2,2,20160910_flight07
2016-09-10 08:38:52,54.6727895,7.716775119999999,90.70200000000001,0.43700000000000006,3.264,1005.814,19.1,1.179448,6.586,1.403,-0.065,100,0.5,3.3,1005.814,0.016545464415080646,291.7658542139716,6.7337808844660225,192.02582127772692,True,14.17688127469012,2.552715031493186,2,2,20160910_flight07
2016-09-10 08:38:53,54.67288904,7.71577188,90.8,0.511,3.263,1005.797,19.097,1.1793900000000002,6.607,1.35,0.11599999999999999,100,0.6,3.3,1005.797,0.016588709297003623,291.764269550384,6.743511622292943,191.5482122249303,True,14.178434849581917,2.6185622497056507,2,2,20160910_flight07
2016-09-10 08:38:54,54.67298917,7.71476907,90.834,0.47100000000000003,3.3,1005.812,19.075,1.179364,6.547000000000001,1.555,0.046000000000000006,100,0.6,3.3,1005.812,0.016702818221609128,291.74106154074786,6.729133227987094,193.3609433080073,True,14.180057443099871,2.6843914526200554,2,2,20160910_flight07
2016-09-10 08:38:55,54.673089499999996,7.713766799999999,90.93700000000001,0.508,3.2510000000000003,1005.789,19.158,1.179247,6.452999999999999,1.297,-0.046000000000000006,100,0.6,3.3,1005.789,0.016491728087218327,291.8258326422969,6.582052719327002,191.36456164954097,True,14.181707130638872,2.7501893041637953,2,2,20160910_flight07
2016-09-10 08:38:56,54.6731895,7.71276527,91.02600000000001,0.584,3.2,1005.793,19.110000000000003,1.179343,6.401,1.442,0.014000000000000002,100,0.6,3.2,1005.793,0.016579959575013792,291.77757994729785,6.561414862664911,192.6955051574741,True,14.183327411539056,2.815934446431253,2,2,20160910_flight07
2016-09-10 08:38:57,54.67328997,7.71176504,91.1,0.72,3.2,1005.784,19.16,1.17922,6.372000000000001,1.355,0.025,100,0.8,3.2,1005.784,0.016502993846324365,291.828244256458,6.514476878460772,192.0050722059678,True,14.185011654164137,2.8816039279316357,2,2,20160910_flight07
2016-09-10 08:38:58,54.67339123,7.710764289999999,91.1,0.402,3.2,1005.784,19.215999999999998,1.1791179999999999,5.922999999999999,1.176,-0.038000000000000006,100,0.6,3.2,1005.784,0.01639620820198462,291.88415196292834,6.038617805425343,191.2299182842425,True,14.186778033496774,2.9473194530432147,2,2,20160910_flight07
2016-09-10 08:38:59,54.67349227,7.70976273,91.1,-0.05,3.142,1005.775,19.112000000000002,1.178998,6.19,1.278,-0.006000000000000001,100,0.2,3.2,1005.775,0.016852275670613537,291.7810700929977,6.320552507494895,191.6654931294117,True,14.188512583362877,3.013083295951218,2,2,20160910_flight07
2016-09-10 08:39:00,54.6735933,7.70876128,91.066,-0.053000000000000005,3.1,1005.779,19.032,1.178814,6.735,1.45,-0.22400000000000003,100,0.1,3.1,1005.779,0.01729350059537893,291.700869947259,6.889319632590725,192.14993851832205,True,14.190247063564728,3.0788399338047974,2,2,20160910_flight07
2016-09-10 08:39:01,54.67369486,7.7077593,91.1,-0.11900000000000001,3.0869999999999997,1005.78,19.043,1.1789120000000002,6.957999999999999,1.3019999999999998,-0.187,100,0.3,3.1,1005.78,0.017171652658577452,291.71176888361936,7.0787688195052665,190.59877235416172,True,14.192034949084734,3.144639060699777,2,2,20160910_flight07
2016-09-10 08:39:02,54.6737955,7.70675709,91.133,0.077,3.1060000000000003,1005.7439999999999,19.022000000000002,1.179149,7.13,1.845,-0.217,100,0.3,3.2,1005.7439999999999,0.01700390083146286,291.69378952806403,7.364843854420812,194.50795831205667,True,14.193719344233026,3.2104380718388237,2,2,20160910_flight07
2016-09-10 08:39:03,54.6738955,7.7057549100000005,91.266,0.41,3.2190000000000003,1005.732,19.104,1.179139,6.811,1.734,-0.012,100,0.5,3.3,1005.732,0.016715043565039167,291.77665097778447,7.02826272986433,194.28339399653402,True,14.195333528246445,3.2762248360404618,2,2,20160910_flight07
2016-09-10 08:39:04,54.673994979999996,7.704753030000001,91.415,0.364,3.205,1005.7230000000001,19.049,1.179161,7.19,1.775,-0.07200000000000001,100,0.5,3.3,1005.7230000000001,0.016878345099193837,291.7224874277484,7.405857479049945,193.86736823544777,True,14.196893251026077,3.3419840003044,2,2,20160910_flight07
2016-09-10 08:39:05,54.67409462,7.7037515800000005,91.5,0.639,3.099,1005.707,19.106,1.179171,7.42,1.82,0.0030000000000000005,100,0.7,3.1,1005.707,0.016655222582244722,291.7807220715547,7.639947643799661,193.78159723565363,True,14.198474630263986,3.4077182115394775,2,2,20160910_flight07
2016-09-10 08:39:06,54.674195600000004,7.70275044,91.447,0.742,3.1,1005.7080000000001,19.148,1.179263,7.481,1.723,0.045,100,0.8,3.1,1005.7080000000001,0.016430848311768553,291.8225707819268,7.6768541734228615,192.97000280133352,True,14.200206510983238,3.473454192219369,2,2,20160910_flight07
2016-09-10 08:39:07,54.67429683,7.70174939,91.339,0.759,3.145,1005.722,19.122,1.1793909999999999,7.2829999999999995,1.931,0.131,100,0.8,3.2,1005.722,0.016425093540374025,291.79545135937866,7.534643322679581,194.84961440409268,True,14.201966772030525,3.5391884434265632,2,2,20160910_flight07
2016-09-10 08:39:08,54.6743983,7.700748999999999,91.3,0.773,3.147,1005.7339999999999,19.173,1.179337,7.516,1.9969999999999999,-0.14400000000000002,100,0.8,3.2,1005.7339999999999,0.01630642194030063,291.84537229357625,7.7767772888260085,194.87968735349045,True,14.203759658461456,3.604884304584072,2,2,20160910_flight07
2016-09-10 08:39:09,54.67450087,7.69974821,91.338,1.182,3.1,1005.74,19.126,1.1793559999999998,7.732,1.883,-0.204,100,1.3,3.1,1005.74,0.01645953915955567,291.7979512176277,7.9579842296903305,193.68700040971748,True,14.205669951998805,3.670623526923245,2,2,20160910_flight07
2016-09-10 08:39:10,54.67460481,7.69874812,91.4,1.248,3.1,1005.717,19.184,1.1792749999999999,7.361000000000001,1.954,0.012,100,1.4,3.1,1005.717,0.016304431172916356,291.8577652513735,7.615933101071727,194.86647963073162,True,14.207737709485604,3.7363400295743303,2,2,20160910_flight07
2016-09-10 08:39:11,54.67470945,7.697749,91.4,0.877,3.175,1005.719,19.187,1.1792150000000001,7.282,1.462,0.15,100,1.3,3.2,1005.719,0.01634773322907579,291.86059436899376,7.427312299883451,191.3522930975431,True,14.209891666609101,3.8020057134736427,2,2,20160910_flight07
2016-09-10 08:39:12,54.674814839999996,7.696749,91.334,0.726,3.0840000000000005,1005.732,19.11,1.179152,7.683,1.59,0.095,100,0.8,3.2,1005.732,0.016682961822212627,291.78264117776763,7.845800723954184,191.69232832427065,True,14.212119977918613,3.8677398477617264,2,2,20160910_flight07
2016-09-10 08:39:13,54.674921430000005,7.695748999999999,91.148,0.643,2.938,1005.7719999999999,19.146,1.179298,7.707000000000001,1.8980000000000001,-0.068,100,0.7,3.0,1005.7719999999999,0.016472317481605936,291.81526308464333,7.9372698706797165,193.83490546380142,True,14.21448046272358,3.9334933431595633,2,2,20160910_flight07
2016-09-10 08:39:14,54.67502856,7.69474912,91.005,0.813,3.095,1005.786,19.069000000000003,1.179459,7.971,1.899,-0.07300000000000001,100,0.9,3.1,1005.786,0.01661552135176869,291.73722831951363,8.194085794034622,193.4002716798949,True,14.216901551178571,3.999247867007043,2,2,20160910_flight07
2016-09-10 08:39:15,54.67513612,7.69375,91.0,0.657,3.1660000000000004,1005.779,19.221,1.179319,7.56,1.59,0.003999999999999999,100,0.9,3.2,1005.779,0.016200545524320153,291.8895587248703,7.72539319387693,191.87719888387815,True,14.219377130469814,4.064960662939425,2,2,20160910_flight07
2016-09-10 08:39:16,54.675243689999995,7.69275,91.01700000000001,0.6859999999999999,3.158,1005.763,19.1,1.179505,7.981,1.9409999999999998,-0.10300000000000001,100,0.7,3.2,1005.763,0.016444797842625647,291.77008544907596,8.213637562006252,193.6691088454453,True,14.221845556960245,4.130729969909805,2,2,20160910_flight07
2016-09-10 08:39:17,54.675352270000005,7.691751,91.11,0.696,3.1,1005.747,19.183999999999997,1.179338,7.857,1.636,-0.20600000000000002,100,0.8,3.1,1005.747,0.01628045459148586,291.8552753942897,8.02551836332084,191.76217343724966,True,14.224434609301886,4.196451538736108,2,2,20160910_flight07
2016-09-10 08:39:18,54.675461580000004,7.69075194,91.18299999999999,0.698,3.1,1005.7310000000001,19.128,1.179575,8.029,1.645,0.10800000000000001,100,0.8,3.1,1005.7310000000001,0.016254774878000866,291.80069475710735,8.195783428080563,191.5786544276694,True,14.227103504394941,4.262188727595204,2,2,20160910_flight07
2016-09-10 08:39:19,54.67557122,7.689752909999999,91.08,0.765,3.1060000000000003,1005.7539999999999,19.257,1.179388,7.355,1.587,0.03,100,0.8,3.2,1005.7539999999999,0.015990735043416082,291.9275747518951,7.524267007489833,192.176128719081,True,14.229809028593463,4.327929319747125,2,2,20160910_flight07
2016-09-10 08:39:20,54.67568077,7.68875398,90.988,0.575,3.13,1005.7660000000001,19.184,1.179478,7.617000000000001,1.389,-0.0009999999999999987,100,0.8,3.2,1005.7660000000001,0.016179022294503298,291.8536985342027,7.742610025049694,190.334631137464,True,14.232505577762504,4.393662056441209,2,2,20160910_flight07
2016-09-10 08:39:21,54.675791159999996,7.687754780000001,90.779,0.6859999999999999,3.071,1005.7959999999999,19.1,1.179344,7.852,1.615,0.20199999999999999,100,0.7,3.1,1005.7959999999999,0.0166169144343864,291.76734755956187,8.016366321470096,191.62251552156437,True,14.235292115824139,4.459425635023111,2,2,20160910_flight07
2016-09-10 08:39:22,54.675902820000005,7.686755789999999,90.48200000000001,0.585,3.144,1005.827,19.182000000000002,1.179324,6.984,1.611,0.09,100,0.8,3.2,1005.827,0.016380311443795037,291.846639562921,7.167396807767796,192.98922424797826,True,14.238220507264975,4.525196257026467,2,2,20160910_flight07
2016-09-10 08:39:23,54.67601354000001,7.6857564400000005,90.335,-0.152,3.25,1005.8309999999999,19.149,1.179339,7.041,1.3419999999999999,0.20199999999999999,100,0.3,3.3,1005.8309999999999,0.016486172427749857,291.81336245297234,7.167750344424672,190.79102847356074,True,14.241041986064237,4.590974764975254,2,2,20160910_flight07
2016-09-10 08:39:24,54.676123520000004,7.684756999999999,90.21799999999999,-0.05600000000000001,3.162,1005.8480000000001,19.108,1.17923,7.457000000000001,1.185,0.051,100,0.1,3.2,1005.8480000000001,0.01673992656496215,291.7710202137126,7.550567793219263,189.0294339900074,True,14.243781113690757,4.656747096610267,2,2,20160910_flight07
2016-09-10 08:39:25,54.67623384,7.68375797,90.07799999999999,-0.32,3.193,1005.8609999999999,19.085,1.17926,7.584,1.204,0.109,100,0.4,3.3,1005.8609999999999,0.016807221738494027,291.7469801340856,7.678975973396453,189.02072607457774,True,14.246561536202455,4.722498660057463,2,2,20160910_flight07
2016-09-10 08:39:26,54.67634355,7.682758,89.94200000000001,0.12300000000000001,3.333,1005.875,18.929,1.179432,8.532,1.495,0.042,100,0.5,3.4,1005.875,0.0172160952793885,291.5900799294569,8.66198874393173,189.93862515433747,True,14.249265953485066,4.788300573327548,2,2,20160910_flight07
2016-09-10 08:39:27,54.676453259999995,7.681758630000001,90.015,0.684,3.385,1005.873,19.045,1.179605,8.459,1.547,-0.047,100,0.8,3.4,1005.873,0.016661119027815197,291.70605163489626,8.599295901409603,190.36384483751874,True,14.251975998663172,4.854064066350617,2,2,20160910_flight07
2016-09-10 08:39:28,54.67656255,7.68075945,90.225,0.8220000000000001,3.4,1005.828,19.091,1.179973,8.562999999999999,1.7819999999999998,-0.132,100,0.9,3.4,1005.828,0.016138613108284794,291.7557076920221,8.746456025156702,191.75573004536727,True,14.254641565286159,4.91980861657409,2,2,20160910_flight07
2016-09-10 08:39:29,54.67667206,7.67976104,90.557,1.1840000000000002,3.34,1005.8,19.067,1.1800359999999999,8.82,1.959,0.02,100,1.5,3.4,1005.8,0.016139527223778538,291.73407023916525,9.034936690425672,192.52261714018692,True,14.257338586181886,4.985507410350688,2,2,20160910_flight07
2016-09-10 08:39:30,54.67678321,7.67876354,90.77600000000001,1.515,3.2060000000000004,1005.7769999999999,19.000999999999998,1.1799469999999999,8.869,2.113,-0.011000000000000001,100,1.7,3.3,1005.7769999999999,0.016422502236517644,291.6700868711235,9.117232584507208,193.40064901237875,True,14.260224779827515,5.051174393602466,2,2,20160910_flight07
2016-09-10 08:39:31,54.67689626000001,7.677766719999999,90.902,1.484,3.2140000000000004,1005.76,19.049,1.179902,8.745,2.137,0.136,100,1.7,3.3,1005.76,0.016277113835784895,291.7194180594045,9.002321589456798,193.73214662339572,True,14.263326626453471,5.116828488997944,2,2,20160910_flight07
2016-09-10 08:39:32,54.67701049,7.67677043,90.936,1.305,3.2909999999999995,1005.752,19.083000000000002,1.179948,8.397,1.858,0.077,100,1.5,3.3,1005.752,0.016111177429448675,291.7540259678275,8.60010308077758,192.47677911765652,True,14.26656341498848,5.182467684932744,2,2,20160910_flight07
2016-09-10 08:39:33,54.67712558,7.6757741799999994,90.9,1.297,3.15,1005.7389999999999,19.016,1.179846,8.472000000000001,1.554,0.11200000000000002,100,1.4,3.2,1005.7389999999999,0.016418920660379532,291.688214081184,8.613344298238637,190.394092159071,True,14.269895303054602,5.248118194979825,2,2,20160910_flight07
2016-09-10 08:39:34,54.67724235,7.674778229999999,90.76899999999999,1.09,3.063,1005.775,19.014,1.179814,8.334,1.651,0.10400000000000001,100,1.3,3.1,1005.775,0.016489830482195655,291.68323135628503,8.495961216954795,191.20544823856713,True,14.273415047959611,5.313776600456687,2,2,20160910_flight07
2016-09-10 08:39:35,54.67736048,7.6737822200000005,90.554,0.794,3.063,1005.8009999999999,19.056,1.1798609999999998,8.352,1.465,-0.062,100,0.9,3.1,1005.8009999999999,0.01632951202041233,291.7230054665844,8.479512309089479,189.94887528755862,True,14.277084026701393,5.379460790548938,2,2,20160910_flight07
2016-09-10 08:39:36,54.677479489999996,7.672785790000001,90.355,0.911,3.0,1005.8159999999999,19.036,1.179986,8.615,1.7309999999999999,-0.193,100,1.0,3.0,1005.8159999999999,0.01630656509453665,291.70179434851275,8.787183052605652,191.36108255596628,True,14.2808459931454,5.4451860729611035,2,2,20160910_flight07
2016-09-10 08:39:37,54.67759954,7.67178903,90.26899999999999,0.797,3.0210000000000004,1005.8059999999999,18.864,1.179946,8.972999999999999,1.633,-0.05,100,0.8,3.1,1005.8059999999999,0.016929545072911,291.5309083441018,9.120384750656081,190.31439866838258,True,14.284719414609148,5.5109492661374935,2,2,20160910_flight07
2016-09-10 08:39:38,54.67772057,7.67079195,90.141,0.45199999999999996,3.138,1005.819,18.896,1.179959,8.609,1.5390000000000001,-0.004999999999999999,100,0.7,3.2,1005.819,0.01682005785635754,291.5617776409002,8.745478946289905,190.13549752105678,True,14.288697776214098,5.576748761684822,2,2,20160910_flight07
2016-09-10 08:39:39,54.677841289999996,7.669794560000001,90.1,0.24,3.2090000000000005,1005.823,18.909,1.180097,8.437999999999999,1.469,0.068,100,0.3,3.3,1005.823,0.016659939535246693,291.57442445554324,8.564917104093885,189.8758362117139,True,14.29263908525411,5.642563106073072,2,2,20160910_flight07
2016-09-10 08:39:40,54.677961509999996,7.66879707,90.02,0.297,3.235,1005.81,18.897,1.180084,8.83,1.493,0.165,100,0.4,3.3,1005.81,0.01669977276132628,291.5635221279507,8.955330758827392,189.5969548935715,True,14.296524384022542,5.708375786706932,2,2,20160910_flight07
2016-09-10 08:39:41,54.6780825,7.66779994,89.902,0.483,3.2,1005.8380000000001,18.868,1.1801849999999998,8.894,1.6840000000000002,0.14700000000000002,100,0.6,3.2,1005.8380000000001,0.01674202607833708,291.53224905529606,9.052021431702425,190.72152746604763,True,14.300497870854278,5.774177838571341,2,2,20160910_flight07
2016-09-10 08:39:42,54.67820398,7.66680285,89.8,0.731,3.275,1005.85,18.9,1.1801709999999999,8.962,1.7690000000000001,-0.004000000000000001,100,0.8,3.3,1005.85,0.016654810246005125,291.5632009927871,9.134922276626112,191.16601371010518,True,14.304525703721376,5.839985234872214,2,2,20160910_flight07
2016-09-10 08:39:43,54.67832568,7.66580601,89.858,0.743,3.2859999999999996,1005.845,18.886999999999997,1.1802659999999998,8.982999999999999,1.81,0.10300000000000001,100,0.8,3.3,1005.845,0.016613178488661395,291.55063715500006,9.163535835036603,191.39209008977926,True,14.308580113352585,5.905780172273671,2,2,20160910_flight07
2016-09-10 08:39:44,54.67844803,7.66480975,89.9,0.992,3.316,1005.8209999999999,18.958,1.180175,8.927,2.09,0.201,100,1.3,3.4,1005.8209999999999,0.016420195933584347,291.62350899927236,9.168392934424222,193.176825759265,True,14.312711557258288,5.971548457370728,2,2,20160910_flight07
2016-09-10 08:39:45,54.678571579999996,7.66381432,89.9,1.204,3.4,1005.829,18.865,1.180169,8.515,1.9580000000000002,0.264,100,1.4,3.4,1005.829,0.016757158238000613,291.53000009078573,8.737218607772157,192.94988864912952,True,14.316982959913295,6.037282955569071,2,2,20160910_flight07
2016-09-10 08:39:46,54.67869606,7.66281964,90.016,0.63,3.377,1005.823,18.793,1.179929,8.529,1.9069999999999998,0.111,100,0.9,3.4,1005.823,0.01720870802681751,291.4586169192686,8.739593239962602,192.60347172954832,True,14.321363831896084,6.102984433318768,2,2,20160910_flight07
2016-09-10 08:39:47,54.678821,7.661825690000001,90.1,0.228,3.292,1005.809,18.8,1.179977,8.705,1.92,0.198,100,0.3,3.3,1005.809,0.01712878335286061,291.4667655874823,8.914225989955606,192.43817748314314,True,14.3258022176572,6.168646588193307,2,2,20160910_flight07
2016-09-10 08:39:48,54.67894596,7.6608321,90.1,-0.19200000000000003,3.2,1005.808,18.839000000000002,1.179999,8.581,1.67,0.004999999999999998,100,0.2,3.2,1005.808,0.016972956841088793,291.50578392402684,8.741994108897579,191.01301252815773,True,14.330246183047338,6.234286013604914,2,2,20160910_flight07
2016-09-10 08:39:49,54.6790702,7.65983833,90.1,-0.188,3.164,1005.8059999999999,18.817999999999998,1.179906,8.591999999999999,1.676,-0.031,100,0.3,3.2,1005.8059999999999,0.017124244226692564,291.48498444393323,8.75393854216489,191.03780652360442,True,14.33460915597219,6.299925348424818,2,2,20160910_flight07
2016-09-10 08:39:50,54.679193649999995,7.6588442699999995,90.1,-0.09700000000000002,3.3,1005.8,18.806,1.1797499999999999,8.472000000000001,1.36,0.055,100,0.2,3.3,1005.8,0.017294482879382844,291.4735015784356,8.580465255450896,189.11981626319437,True,14.33888239453057,6.365570506966991,2,2,20160910_flight07
2016-09-10 08:39:51,54.67931641999999,7.65785001,90.1,-0.47800000000000004,3.3209999999999997,1005.803,18.82,1.1798009999999999,7.914,1.026,-0.109,100,0.9,3.4,1005.803,0.017204764362791503,291.4872297878772,7.980230071871361,187.38683427811247,True,14.343078858810648,6.4312175009626635,2,2,20160910_flight07
2016-09-10 08:39:52,54.67943756,7.65685512,90.146,-0.8310000000000001,3.112,1005.7919999999999,18.746,1.179814,8.222999999999999,1.246,-0.11800000000000001,100,0.9,3.2,1005.7919999999999,0.01744030248348971,291.41426364972267,8.316865094493236,188.61626739940152,True,14.347089878138705,6.496878537377247,2,2,20160910_flight07
2016-09-10 08:39:53,54.6795574,7.6558597399999995,90.1,-0.47,3.157,1005.7959999999999,18.753,1.179717,8.355,1.5,-0.012999999999999998,100,0.7,3.3,1005.7959999999999,0.017503605345978945,291.4209206319205,8.488582037066026,190.1780660666741,True,14.350953113400264,6.56254997579156,2,2,20160910_flight07
2016-09-10 08:39:54,54.67967657,7.65486393,90.145,-0.024,3.239,1005.797,18.767,1.179661,7.945,1.463,-0.292,100,0.3,3.3,1005.797,0.017504118562263082,291.4348146408327,8.07857623594653,190.43362076994447,True,14.35473851846868,6.628238138763133,2,2,20160910_flight07
2016-09-10 08:39:55,54.6797944,7.653867699999999,90.368,-0.24100000000000002,3.359,1005.779,18.718,1.17961,7.994,1.675,-0.023000000000000003,100,0.4,3.5,1005.779,0.017700726777488907,291.3873870045608,8.167598239384697,191.8341030341931,True,14.358372390275685,6.693931576002068,2,2,20160910_flight07
2016-09-10 08:39:56,54.67991101,7.65287166,90.666,-0.618,3.487,1005.7180000000001,18.775,1.179297,7.796,1.248,-0.287,100,0.9,3.6,1005.7180000000001,0.01771034521743431,291.449348663425,7.895259337095901,189.09486305968858,True,14.361873667863962,6.759593163034676,2,2,20160910_flight07
2016-09-10 08:39:57,54.680026500000004,7.65187583,91.01,-0.158,3.489,1005.687,18.573,1.179392,8.595,1.5090000000000001,0.066,100,0.3,3.6,1005.687,0.018301624065260258,291.25024536615047,8.72646010705372,189.9577744074605,True,14.365253553288747,6.82522323261211,2,2,20160910_flight07
2016-09-10 08:39:58,54.680142020000005,7.65088067,91.33,-0.062,3.6260000000000003,1005.653,18.609,1.1794289999999998,8.587,1.526,0.03900000000000001,100,0.1,3.7,1005.653,0.01810961386962684,291.289003536949,8.721539141688236,190.07686089694488,True,14.368643027533656,6.890810883608137,2,2,20160910_flight07
2016-09-10 08:39:59,54.68025668999999,7.649886410000001,91.70700000000001,0.172,3.6719999999999997,1005.599,18.634,1.179765,9.061,1.819,0.086,100,0.4,3.7,1005.599,0.017677798498690445,291.3184371814265,9.241779157716332,191.35127141310466,True,14.371947320728767,6.956327190114347,2,2,20160910_flight07
2016-09-10 08:40:00,54.68037101,7.64889333,92.13600000000001,0.6890000000000001,3.7,1005.549,18.69,1.179657,9.032,2.108,0.032,100,1.0,3.7,1005.549,0.017525077509131348,291.3784914157609,9.274733850628815,193.13723085079442,True,14.375224131518204,7.02176228981176,2,2,20160910_flight07
2016-09-10 08:40:01,54.680485600000004,7.647901490000001,92.677,0.9670000000000001,3.793,1005.4839999999999,18.767,1.179375,8.836,1.672,-0.07400000000000001,100,1.0,3.8,1005.4839999999999,0.017434144664230766,291.4607581297187,8.992801565696867,190.71515337205653,True,14.378542312327093,7.087122343915026,2,2,20160910_flight07
2016-09-10 08:40:02,54.68060071,7.64691082,93.32600000000001,0.773,3.737,1005.401,18.78,1.179268,8.695,1.649,-0.309,100,1.0,3.8,1005.401,0.01739715876003478,291.4806194437931,8.849984519760472,190.73856809780938,True,14.381928742712118,7.152415868350902,2,2,20160910_flight07
2016-09-10 08:40:03,54.68071628,7.645921100000001,94.02600000000001,0.82,3.608,1005.307,18.857,1.179016,8.386000000000001,1.004,0.0030000000000000014,100,1.0,3.7,1005.307,0.017251160772372875,291.5652975080404,8.445887283169247,186.82714694843253,True,14.385374750437924,7.217655982487841,2,2,20160910_flight07
2016-09-10 08:40:04,54.68083221,7.64493179,94.478,0.921,3.529,1005.2439999999999,18.665,1.179368,8.642,1.7690000000000001,0.16400000000000003,100,1.0,3.6,1005.2439999999999,0.017552877307487558,291.3788104008362,8.821197481067976,191.5685190204243,True,14.388864255940623,7.282875651122319,2,2,20160910_flight07
2016-09-10 08:40:05,54.68094942,7.643943279999999,94.65899999999999,0.695,3.4,1005.232,18.639,1.1793090000000002,8.662,1.857,0.162,100,0.8,3.4,1005.232,0.017682310213816832,291.3538439786302,8.858820068158062,192.10017772328104,True,14.392502250364059,7.3480647446111025,2,2,20160910_flight07
2016-09-10 08:40:06,54.68106744,7.64295511,94.7,0.5,3.3079999999999994,1005.211,18.698999999999998,1.179464,8.467,1.808,0.029000000000000005,100,0.5,3.4,1005.211,0.017318124422672332,291.4154956432011,8.657883863854956,192.0536208941457,True,14.396232651037005,7.413245135375524,2,2,20160910_flight07
2016-09-10 08:40:07,54.68118512,7.64196685,94.738,0.428,3.3,1005.214,18.729,1.179492,8.445,1.624,0.036000000000000004,100,0.5,3.3,1005.214,0.01719245019059734,291.4452023186276,8.59973261212231,190.88527541523888,True,14.399924758369052,7.478425803529307,2,2,20160910_flight07
2016-09-10 08:40:08,54.68130267000001,7.64097841,94.76700000000001,0.259,3.19,1005.2130000000001,18.634,1.1795470000000001,8.61,1.662,-0.022000000000000002,100,0.3,3.3,1005.2130000000001,0.01747517371200069,291.3504264039843,8.768942011440148,190.9255060130717,True,14.403600858537652,7.543615900303731,2,2,20160910_flight07
2016-09-10 08:40:09,54.68142032,7.63998966,94.65,0.29,3.1240000000000006,1005.2339999999999,18.656000000000002,1.1794580000000001,8.222000000000001,1.78,0.06,100,0.4,3.2,1005.2339999999999,0.017496491078727194,291.3706528294363,8.412471931602507,192.21558188459494,True,14.407285065416664,7.608827460964575,2,2,20160910_flight07
2016-09-10 08:40:10,54.68153759,7.63900027,94.479,0.4,3.0869999999999997,1005.2610000000001,18.689,1.179518,8.596,1.483,-0.037000000000000005,100,0.6,3.2,1005.2610000000001,0.017357009083363018,291.4013651328865,8.722987160371154,189.7884334909721,True,14.410921414267866,7.674073872204204,2,2,20160910_flight07
2016-09-10 08:40:11,54.681655410000005,7.63801018,94.289,1.1079999999999999,3.0,1005.2819999999999,18.64,1.17965,8.896,1.755,0.03900000000000001,100,1.2,3.0,1005.2819999999999,0.01743524777426786,291.3506979306119,9.067460559605431,191.15998603747815,True,14.41461177676016,7.7393739809072635,2,2,20160910_flight07
2016-09-10 08:40:12,54.68177506,7.63701963,94.046,1.224,3.1010000000000004,1005.309,18.642,1.179697,8.886000000000001,1.9880000000000002,-0.011000000000000001,100,1.3,3.2,1005.309,0.01741506411562077,291.3504569538061,9.1056652694902,192.61070751687987,True,14.418499389109483,7.804733070824779,2,2,20160910_flight07
2016-09-10 08:40:13,54.68189568,7.6360287200000005,93.91,0.938,3.276,1005.322,18.701,1.179545,8.758,1.857,-0.027000000000000003,100,1.1,3.3,1005.322,0.017353622060004126,291.40828994496513,8.95270981323532,191.9713896202701,True,14.422490464962673,7.870130863120647,2,2,20160910_flight07
2016-09-10 08:40:14,54.68201655,7.635037700000001,94.012,0.7090000000000001,3.2569999999999997,1005.304,18.672,1.179674,8.512,2.003,-0.098,100,0.8,3.3,1005.304,0.01732524603559682,291.38082603233136,8.744492723994915,193.2416454510742,True,14.4265080451803,7.93553973269305,2,2,20160910_flight07
2016-09-10 08:40:15,54.6821378,7.63404678,94.17299999999999,0.99,3.2539999999999996,1005.2909999999999,18.701999999999998,1.179532,8.658999999999999,1.889,-0.054000000000000006,100,1.0,3.3,1005.2909999999999,0.017329977503133254,291.4118584364555,8.86265208614216,192.30652288151828,True,14.4305684183198,8.000948329908962,2,2,20160910_flight07
2016-09-10 08:40:16,54.68226013,7.63305611,94.311,1.02,3.3,1005.2660000000001,18.698999999999998,1.179518,8.634,1.868,-0.036000000000000004,100,1.1,3.3,1005.2660000000001,0.017327210053632358,291.41093560109886,8.833763637317901,192.2080076006053,True,14.434750092560714,8.066358343687284,2,2,20160910_flight07
2016-09-10 08:40:17,54.68238341,7.6320656499999995,94.4,0.6990000000000001,3.248,1005.2710000000001,18.662,1.179575,8.529,1.9069999999999998,0.023,100,1.0,3.3,1005.2710000000001,0.01741209537356636,291.3735766571596,8.739593239962602,192.60347172954832,True,14.439038373913663,8.13177023792415,2,2,20160910_flight07
2016-09-10 08:40:18,54.68250688,7.631075399999999,94.524,0.326,3.238,1005.2439999999999,18.704,1.179423,8.305,1.85,-0.083,100,0.4,3.3,1005.2439999999999,0.01736945811130175,291.41775210570273,8.50855598794531,192.5580234779308,True,14.443349552500072,8.1971717505836,2,2,20160910_flight07
2016-09-10 08:40:19,54.68262981,7.63008505,94.6,0.263,3.1719999999999997,1005.229,18.714000000000002,1.179432,8.466000000000001,1.8780000000000001,0.0009999999999999987,100,0.4,3.2,1005.229,0.01731165709085114,291.42898087317946,8.671795661799234,192.50730835574663,True,14.447600315032199,8.262570954118289,2,2,20160910_flight07
2016-09-10 08:40:20,54.68275291,7.62909466,94.6,0.33399999999999996,3.1,1005.2410000000001,18.643,1.17949,8.821,1.931,-0.031,100,0.4,3.1,1005.2410000000001,0.017521301943716594,291.3570919658408,9.029883830924959,192.3478039988878,True,14.451869426948791,8.327975461826545,2,2,20160910_flight07
2016-09-10 08:40:21,54.68287634,7.62810416,94.515,0.387,3.1,1005.247,18.695999999999998,1.179402,8.621,2.175,0.03900000000000001,100,0.4,3.1,1005.247,0.017418497683486356,291.4095153388938,8.89113412338381,194.15971545501628,True,14.456173854796047,8.393392337551909,2,2,20160910_flight07
2016-09-10 08:40:22,54.682999360000004,7.62711337,94.42800000000001,0.033,3.083,1005.2719999999999,18.76,1.179172,8.162,1.632,-0.007999999999999998,100,0.3,3.1,1005.2719999999999,0.017419141308550712,291.47134649659773,8.323561016776415,191.30723251739843,True,14.460430403216899,8.458821168017607,2,2,20160910_flight07
2016-09-10 08:40:23,54.683121140000004,7.62612186,94.318,0.23800000000000002,3.0180000000000002,1005.279,18.787,1.179233,8.391,1.581,0.0010000000000000007,100,0.4,3.1,1005.279,0.017279503403762275,291.49772540715315,8.538644037550693,190.67035620954772,True,14.46454361888579,8.5242760962997,2,2,20160910_flight07
2016-09-10 08:40:24,54.68324309,7.62512967,94.089,0.366,2.944,1005.302,18.76,1.179422,8.711,1.715,-0.05600000000000001,100,0.5,3.0,1005.302,0.017233836835855998,291.46885883538147,8.878217501278058,191.13780518063004,True,14.468669180850648,8.58977731035198,2,2,20160910_flight07
2016-09-10 08:40:25,54.683365800000004,7.62413689,93.82799999999999,0.188,2.9410000000000003,1005.329,18.557000000000002,1.179705,8.599,2.291,0.024,100,0.3,3.1,1005.329,0.017724872076493314,291.2639283571356,8.8989596021108,194.91856026903872,True,14.47287291859922,8.655328566349967,2,2,20160910_flight07
2016-09-10 08:40:26,54.683488,7.6231437500000006,93.64,0.105,3.1460000000000004,1005.355,18.657,1.179535,8.722999999999999,2.589,0.094,100,0.2,3.2,1005.355,0.017549049913278658,291.361621407167,9.09910160400465,196.5309707461689,True,14.477017105874081,8.720894646024298,2,2,20160910_flight07
2016-09-10 08:40:27,54.68360966,7.62215072,93.6,0.322,3.2,1005.3539999999999,18.734,1.179481,8.961,2.35,0.105,100,0.5,3.2,1005.3539999999999,0.017326179080987547,291.4385867912598,9.264017541002392,194.69476940495014,True,14.48110284685884,8.786444969487704,2,2,20160910_flight07
2016-09-10 08:40:28,54.68373161,7.62115822,93.6,0.376,3.2809999999999997,1005.3509999999999,18.796000000000003,1.1796280000000001,8.99,2.197,0.126,100,0.5,3.3,1005.3509999999999,0.016980349065929934,291.5007409555926,9.254561523918895,193.73292718668816,True,14.485225501078494,8.851966034000995,2,2,20160910_flight07
2016-09-10 08:40:29,54.68385374,7.62016612,93.685,-0.057,3.237,1005.347,18.8,1.1796769999999999,8.764,2.097,0.066,100,0.2,3.3,1005.347,0.01692012787203412,291.50506656232955,9.011387518024069,193.4564120235883,True,14.489371733252623,8.917464389182776,2,2,20160910_flight07
2016-09-10 08:40:30,54.68397489,7.61917419,93.7,0.046,3.27,1005.337,18.831,1.17963,9.116,2.063,0.038000000000000006,100,0.3,3.3,1005.337,0.01684255855197936,291.5368486818958,9.346519405639727,192.7515533217591,True,14.49341161831011,8.98293604705517,2,2,20160910_flight07
2016-09-10 08:40:31,54.684095479999996,7.6181825100000005,93.75200000000001,0.166,3.2,1005.327,18.8,1.179521,8.344,2.1830000000000003,0.025,100,0.3,3.2,1005.327,0.017034389848829212,291.5067251243085,8.624837679632005,194.66139828814906,True,14.497392167359822,9.048382661306775,2,2,20160910_flight07
2016-09-10 08:40:32,54.68421488,7.617190869999999,93.8,0.2,3.272,1005.3259999999999,18.792,1.1793120000000001,8.09,2.075,0.129,100,0.4,3.3,1005.3259999999999,0.017241493268830732,291.49882019784593,8.351869551184334,194.38565437365526,True,14.501242019555308,9.113807514441898,2,2,20160910_flight07
2016-09-10 08:40:33,54.68433384,7.61619941,93.8,0.298,3.1069999999999998,1005.329,18.709,1.17946,8.583,2.005,0.028000000000000004,100,0.4,3.3,1005.329,0.017406135474030915,291.41569748544,8.81407476709836,193.14858232371074,True,14.505045096504924,9.179213742429281,2,2,20160910_flight07
2016-09-10 08:40:34,54.68445391,7.615208089999999,93.74700000000001,0.282,3.0469999999999997,1005.345,18.649,1.179536,8.785,1.91,-0.024,100,0.4,3.1,1005.345,0.017565962920226275,291.3544624556832,8.990234980243843,192.26612756592795,True,14.508971747111952,9.244628914718806,2,2,20160910_flight07
2016-09-10 08:40:35,54.684574149999996,7.6142164,93.59199999999998,0.221,3.1,1005.367,18.7,1.179536,8.805,1.788,0.036,100,0.3,3.1,1005.367,0.017410409554495798,291.40356101142567,8.98470750776006,191.47876900177152,True,14.512913651760952,9.310070522317567,2,2,20160910_flight07
2016-09-10 08:40:36,54.684693530000004,7.613224249999999,93.444,0.243,3.15,1005.3839999999999,18.662,1.179614,9.189,2.258,0.153,100,0.5,3.2,1005.3839999999999,0.017492819007291383,291.3642100976004,9.462361491720763,193.80567524046495,True,14.516756517354322,9.375527709977462,2,2,20160910_flight07
2016-09-10 08:40:37,54.68481277,7.61223216,93.37,0.643,3.155,1005.404,18.747,1.179502,8.671,1.989,-0.109,100,0.7,3.2,1005.404,0.017313351652242348,291.44742152383577,8.896199300825044,192.9193102247488,True,14.52058452549502,9.440978796816276,2,2,20160910_flight07
2016-09-10 08:40:38,54.6849321,7.61123988,93.4,0.731,3.1180000000000003,1005.39,18.695999999999998,1.179613,8.782,2.2119999999999997,0.035,100,0.8,3.2,1005.39,0.017381215325602994,291.3976605645527,9.05629438567453,194.13751603112388,True,14.524420664480902,9.506443502149814,2,2,20160910_flight07
2016-09-10 08:40:39,54.68505213,7.61024776,93.34100000000001,0.435,3.2,1005.393,18.724,1.179627,8.347000000000001,2.1959999999999997,0.147,100,0.6,3.2,1005.393,0.017274578278549724,291.4253688482191,8.631038465908956,194.73984612700778,True,14.528335405444588,9.571909256064929,2,2,20160910_flight07
2016-09-10 08:40:40,54.6851722,7.609255849999999,93.30699999999999,0.253,3.2,1005.39,18.685,1.179741,8.641,2.326,-0.066,100,0.3,3.2,1005.39,0.017309174614050793,291.38667746296414,8.948584077942163,195.06587243504458,True,14.532256521953611,9.637362208263792,2,2,20160910_flight07
2016-09-10 08:40:41,54.68529239,7.60826417,93.43800000000002,0.10200000000000001,3.2,1005.391,18.577,1.179868,8.892999999999999,2.4219999999999997,-0.172,100,0.2,3.2,1005.391,0.01757726103999424,291.2787605155548,9.216915590369696,195.23494586142462,True,14.53619301317307,9.702802368812375,2,2,20160910_flight07
2016-09-10 08:40:42,54.6854124,7.607272910000001,93.648,0.15600000000000003,3.1830000000000003,1005.345,18.658,1.179502,9.135,2.423,0.028000000000000004,100,0.3,3.2,1005.345,0.01756391012141867,291.36344874474554,9.450881122942981,194.8552660134716,True,14.540113617894411,9.76821273102156,2,2,20160910_flight07
2016-09-10 08:40:43,54.68553215,7.6062819,93.743,0.45299999999999996,3.2,1005.3480000000001,18.794,1.179644,9.099,2.285,0.113,100,0.6,3.2,1005.3480000000001,0.01697048751885699,291.4989927810823,9.381525782088968,194.09697421636344,True,14.544007929982607,9.833602889887679,2,2,20160910_flight07
2016-09-10 08:40:44,54.685651529999994,7.60529116,93.7,0.55,3.082,1005.35,18.808,1.17982,9.081,2.138,0.063,100,0.6,3.2,1005.35,0.016772044767326078,291.5128055828304,9.329287486191,193.24825645774024,True,14.54786402112879,9.898969789967039,2,2,20160910_flight07
2016-09-10 08:40:45,54.6857712,7.60430028,93.60699999999999,0.618,2.958,1005.372,18.866,1.1797959999999998,9.124,1.8929999999999998,-0.18899999999999997,100,0.7,3.0,1005.372,0.016613019820627795,291.5688923664863,9.318305908264657,191.72113625751535,True,14.551750741028139,9.964350333705635,2,2,20160910_flight07
2016-09-10 08:40:46,54.68589134,7.60330877,93.507,0.284,2.93,1005.3739999999999,18.903,1.179608,8.209,1.742,-0.39399999999999996,100,0.6,3.0,1005.3739999999999,0.01664825037434503,291.60566980846914,8.391796291617188,191.98078749479097,True,14.555683319588598,10.029778801804698,2,2,20160910_flight07
2016-09-10 08:40:47,54.686010519999996,7.60231611,93.57799999999999,-0.318,3.051,1005.378,18.785,1.1793909999999999,8.766,1.633,-0.08,100,0.5,3.1,1005.378,0.017250358428657186,291.48751886727786,8.916806883632727,190.55255267504663,True,14.559499372554134,10.095265419822638,2,2,20160910_flight07
2016-09-10 08:40:48,54.68612927,7.60132298,93.46799999999999,-0.069,3.053,1005.3789999999999,18.744,1.1793900000000002,8.544,1.7790000000000001,0.061000000000000006,100,0.3,3.1,1005.3789999999999,0.017395117991565456,291.4464988047314,8.727243379212018,191.761861765508,True,14.563263654833664,10.160775195969897,2,2,20160910_flight07
2016-09-10 08:40:49,54.68624785,7.6003294200000004,93.24,0.9640000000000001,2.972,1005.408,18.726,1.179649,8.841999999999999,1.9040000000000001,-0.009999999999999998,100,1.3,3.0,1005.408,0.017263812915453203,291.42612226889435,9.044676887539984,192.15227405643043,True,14.567005179209039,10.226309763803425,2,2,20160910_flight07
2016-09-10 08:40:50,54.686367280000006,7.59933539,93.03,1.167,3.0180000000000002,1005.432,18.669,1.1796630000000001,8.667,1.624,-0.09699999999999999,100,1.3,3.1,1005.432,0.017474723977920492,291.3672209546718,8.8178378869199,190.6128697034585,True,14.570835917958513,10.291888141616425,2,2,20160910_flight07
2016-09-10 08:40:51,54.68648765,7.59834076,92.87700000000001,0.9990000000000001,3.0060000000000002,1005.459,18.66,1.179658,8.792,1.541,0.016,100,1.1,3.1,1005.459,0.017537741991221267,291.3559972136108,8.92602627152755,189.94142039072293,True,14.574764564714473,10.357520105878555,2,2,20160910_flight07
2016-09-10 08:40:52,54.686609049999994,7.59734583,92.725,1.105,3.0589999999999997,1005.4860000000001,18.622,1.179926,9.289,2.247,-0.011,100,1.3,3.1,1005.4860000000001,0.017466440083832913,291.31581902889707,9.55691006549711,193.5985688191944,True,14.578803846439081,10.423187898549925,2,2,20160910_flight07
2016-09-10 08:40:53,54.68673215,7.59635113,92.626,1.092,3.193,1005.47,18.765,1.179601,8.81,1.946,-0.023000000000000003,100,1.4,3.3,1005.47,0.01723201989385026,291.4599219018952,9.022361996727907,192.45579492584585,True,14.583032531307294,10.488868391698547,2,2,20160910_flight07
2016-09-10 08:40:54,54.68685601,7.59535656,92.699,0.6259999999999999,3.262,1005.4689999999999,18.621,1.179751,9.251,2.197,0.099,100,0.8,3.3,1005.4689999999999,0.01760364993790353,291.31622925252776,9.508302161795237,193.3595588811349,True,14.587346145432216,10.554552822496404,2,2,20160910_flight07
2016-09-10 08:40:55,54.68698052,7.59436271,92.743,0.46,3.2,1005.4789999999999,18.718,1.1796419999999999,9.173,2.325,0.011000000000000001,100,0.6,3.2,1005.4789999999999,0.017369572004447775,291.4122491600493,9.463062612072267,194.22274007965984,True,14.591738107007254,10.620201636265527,2,2,20160910_flight07
2016-09-10 08:40:56,54.68710535,7.5933694,92.859,0.499,3.236,1005.451,18.75,1.1796719999999998,8.961,2.256,0.034,100,0.6,3.3,1005.451,0.017203844274128466,291.4465204011976,9.240619946735176,194.1309844343176,True,14.596170379953824,10.685821034775097,2,2,20160910_flight07
2016-09-10 08:40:57,54.68723016,7.59237654,92.962,0.342,3.182,1005.4309999999999,18.767,1.179719,8.494,1.913,-0.052000000000000005,100,0.6,3.3,1005.4309999999999,0.01708385182929062,291.465152144856,8.706756284633215,192.69226069293705,True,14.600604670929469,10.75141129541419,2,2,20160910_flight07
2016-09-10 08:40:58,54.68735445,7.59138369,93.0,-0.336,3.063,1005.419,18.750999999999998,1.179506,8.769,1.702,0.085,100,0.7,3.1,1005.419,0.017311138630263567,291.4501717688589,8.9326460245551,190.9841273288264,True,14.604981780523415,10.81699252590182,2,2,20160910_flight07
2016-09-10 08:40:59,54.68747853,7.590390640000001,92.848,-0.8640000000000001,3.0,1005.445,18.707,1.179662,8.765,1.548,0.013000000000000001,100,1.0,3.0,1005.445,0.017356264416112266,291.4040845430819,8.900647673062899,190.01581071060627,True,14.609333883790436,10.882583174944122,2,2,20160910_flight07
2016-09-10 08:41:00,54.687601539999996,7.58939696,92.613,-0.9,2.955,1005.4889999999999,18.707,1.1799069999999998,8.526,1.709,-0.03900000000000001,100,1.0,3.0,1005.4889999999999,0.017189529029976613,291.4004374755471,8.695594114262693,191.33448466834383,True,14.613562223068081,10.948196901589723,2,2,20160910_flight07
2016-09-10 08:41:01,54.68772251,7.58840235,92.44800000000001,-1.03,3.0410000000000004,1005.502,18.655,1.179895,8.951,1.896,-0.07300000000000001,100,1.1,3.1,1005.502,0.01739429423885941,291.34744150961376,9.149602013202543,191.95961133087184,True,14.617557144169071,11.013837265731953,2,2,20160910_flight07
2016-09-10 08:41:02,54.6878416,7.5874072,92.4,-1.0270000000000001,3.1460000000000004,1005.498,18.668,1.180007,9.04,2.075,0.02,100,1.2,3.2,1005.498,0.017248362930147643,291.3607526185445,9.275086252968217,192.92747966130867,True,14.621339928356301,11.079481875691332,2,2,20160910_flight07
2016-09-10 08:41:03,54.687958849999994,7.5864119400000005,92.44,-1.238,3.176,1005.493,18.765,1.179789,8.794,1.87,-0.242,100,1.5,3.2,1005.493,0.01709318878124133,291.4580151367334,8.990624894855753,192.00484720673205,True,14.624919014738351,11.145103842327998,2,2,20160910_flight07
2016-09-10 08:41:04,54.688073610000004,7.58541635,92.682,-1.4479999999999997,3.1,1005.482,18.637999999999998,1.179936,9.11,2.056,-0.222,100,1.5,3.1,1005.482,0.0173979779956428,291.332125479149,9.339123941783832,192.7177921969859,True,14.628220745779585,11.210706765798466,2,2,20160910_flight07
2016-09-10 08:41:05,54.68818611,7.584420720000001,92.853,-1.5730000000000002,3.083,1005.4580000000001,18.662,1.1797849999999999,9.036,1.932,-0.017,100,1.6,3.1,1005.4580000000001,0.017420222305144062,291.3580769779973,9.240233763276771,192.06877259828875,True,14.631273174879103,11.276275787195448,2,2,20160910_flight07
2016-09-10 08:41:06,54.688295870000005,7.583424969999999,92.9,-1.274,3.0690000000000004,1005.446,18.562,1.1799279999999999,9.376,2.492,-0.051000000000000004,100,1.5,3.1,1005.446,0.017633505099496904,291.2592267109302,9.701517407086378,194.88424388684976,True,14.634022682256708,11.34180828477542,2,2,20160910_flight07
2016-09-10 08:41:07,54.68840371,7.58242937,92.9,-0.988,3.049,1005.456,18.795,1.179603,9.02,2.366,0.053000000000000005,100,1.1,3.2,1005.456,0.017111603247908613,291.49103592008987,9.325146433166612,194.6979038547659,True,14.63656211901687,11.407300199518152,2,2,20160910_flight07
2016-09-10 08:41:08,54.68850888,7.581433919999999,92.87800000000001,-0.7829999999999999,3.196,1005.447,18.774,1.179918,9.152000000000001,2.2569999999999997,0.064,100,0.9,3.2,1005.447,0.016904112689994477,291.47081475147434,9.426195043600574,193.85344010880024,True,14.638808876726861,11.472739430730506,2,2,20160910_flight07
2016-09-10 08:41:09,54.68861195,7.58043864,92.839,-0.9129999999999999,3.1290000000000004,1005.441,18.806,1.179787,8.84,2.24,0.146,100,1.0,3.2,1005.441,0.01689948756753168,291.5032625851312,9.119385944239886,194.219101717874,True,14.640825925393314,11.538133894264579,2,2,20160910_flight07
2016-09-10 08:41:10,54.688713299999996,7.57944348,92.757,-0.505,3.076,1005.462,18.8,1.179699,8.985,2.042,-0.18600000000000003,100,0.7,3.2,1005.462,0.017017485168583146,291.49553065431354,9.214119002921548,192.80399044579707,True,14.642654650963452,11.603492922825488,2,2,20160910_flight07
2016-09-10 08:41:11,54.68881311,7.5784480599999995,92.728,-0.17800000000000002,3.042,1005.47,18.768,1.1795959999999999,8.794,2.012,-2.7755575615628914e-19,100,0.3,3.1,1005.47,0.017225877681343427,291.4629172250739,9.021229406239485,192.8870308321023,True,14.644311315129178,11.668843753403017,2,2,20160910_flight07
2016-09-10 08:41:12,54.688912,7.577452429999999,92.633,-0.225,3.165,1005.4839999999999,18.688,1.179777,9.016,1.952,0.004000000000000001,100,0.5,3.2,1005.4839999999999,0.01736278542292502,291.38188160011526,9.22488807520178,192.2162197831833,True,14.64586467651972,11.734193187549671,2,2,20160910_flight07
2016-09-10 08:41:13,54.68901011,7.57645682,92.6,-0.34600000000000003,3.1319999999999997,1005.4789999999999,18.679,1.179819,8.901,2.01,0.032,100,0.5,3.2,1005.4789999999999,0.01735288393315293,291.37331005841,9.12512471147655,192.724948398339,True,14.647332312734887,11.799528756300061,2,2,20160910_flight07
2016-09-10 08:41:14,54.68910699,7.57546112,92.544,-0.14400000000000002,3.136,1005.49,18.552,1.179923,9.333,2.0540000000000003,0.163,100,0.3,3.2,1005.49,0.017717238661523416,291.24559710619263,9.556348936701715,192.41175162875294,True,14.648663626934995,11.864850242950318,2,2,20160910_flight07
2016-09-10 08:41:15,54.6892033,7.57446564,92.42300000000002,0.491,3.06,1005.4989999999999,18.705,1.179749,9.134,2.128,-0.18400000000000002,100,0.6,3.2,1005.4989999999999,0.017342847198606348,291.39761175953765,9.37861077132429,193.11458763965257,True,14.649934222287454,11.930148445649758,2,2,20160910_flight07
2016-09-10 08:41:16,54.689299520000006,7.573470019999999,92.38,0.413,3.105,1005.5,18.703,1.179822,9.08,2.211,0.129,100,0.5,3.2,1005.5,0.017287883294926143,291.39553201057305,9.345315457489917,193.68531473834975,True,14.651193591452214,11.995454160990256,2,2,20160910_flight07
2016-09-10 08:41:17,54.68939529,7.57247438,92.311,0.16899999999999998,3.205,1005.5060000000001,18.807000000000002,1.179667,8.865,1.754,-0.19,100,0.3,3.3,1005.5060000000001,0.017065194100257974,291.49887151981636,9.03685459659499,191.19180726857348,True,14.652403207959283,12.060753896589372,2,2,20160910_flight07
2016-09-10 08:41:18,54.68949048,7.57147871,92.382,0.192,3.0660000000000003,1005.497,18.7,1.179768,8.97,1.8659999999999999,0.137,100,0.4,3.1,1005.497,0.017341868399834537,291.39278536066763,9.162033398760343,191.75145298821127,True,14.653548659217153,12.126046195331416,2,2,20160910_flight07
2016-09-10 08:41:19,54.689585699999995,7.57048302,92.28,0.546,3.108,1005.5039999999999,18.697,1.179844,9.311,2.241,0.16,100,0.8,3.2,1005.5039999999999,0.017293875048405738,291.3892098899418,9.57688895205536,193.5327326743336,True,14.65469722721456,12.191340258775897,2,2,20160910_flight07
2016-09-10 08:41:20,54.689681639999996,7.5694875999999995,92.146,0.774,3.2,1005.5060000000001,18.702,1.179739,9.227,1.9980000000000002,0.126,100,0.9,3.2,1005.5060000000001,0.01736901078344011,291.39403628206014,9.44084387118016,192.2181039689771,True,14.655927631862363,12.256628649775195,2,2,20160910_flight07
2016-09-10 08:41:21,54.68977784,7.56849226,92.046,0.708,3.2,1005.5160000000001,18.711,1.1798339999999998,9.158,2.073,0.105,100,0.9,3.2,1005.5160000000001,0.017265839614050815,291.4021933158816,9.389690782981088,192.75450034109144,True,14.65718742448661,12.321916112981892,2,2,20160910_flight07
2016-09-10 08:41:22,54.68987416,7.5674969899999995,92.0,0.7,3.1910000000000003,1005.5319999999999,18.689,1.179961,9.042,2.043,-0.002,100,0.7,3.2,1005.5319999999999,0.017249214393243673,291.37890187206074,9.269930582264356,192.73194058913333,True,14.65846109104835,12.387201029937529,2,2,20160910_flight07
2016-09-10 08:41:23,54.68997123,7.56650189,91.98899999999999,0.699,3.1,1005.534,18.668999999999997,1.179927,9.152999999999999,2.037,0.033,100,0.8,3.1,1005.534,0.017350270107864496,291.3587676627945,9.376927961758051,192.5467020770195,True,14.659818960613189,12.452487161849806,2,2,20160910_flight07
2016-09-10 08:41:24,54.690069030000004,7.56550679,91.9,0.709,3.181,1005.5419999999999,18.682000000000002,1.179835,9.0,1.909,0.021,100,0.8,3.2,1005.5419999999999,0.017392371716393296,291.3710841741083,9.200232660101591,191.97557861743104,True,14.661257235721338,12.51778507177055,2,2,20160910_flight07
2016-09-10 08:41:25,54.6901674,7.5645117100000006,91.851,0.723,3.1690000000000005,1005.55,18.703,1.1797499999999999,9.152999999999999,2.184,0.169,100,0.8,3.2,1005.55,0.01740055750906344,291.391387979864,9.409955632201461,193.42042173322608,True,14.662758480834553,12.583090897543219,2,2,20160910_flight07
2016-09-10 08:41:26,54.69026647,7.56351685,91.8,0.7140000000000001,3.2739999999999996,1005.549,18.778,1.179709,8.963,1.9469999999999998,0.026000000000000002,100,0.8,3.3,1005.549,0.017173512855795714,291.4663522547295,9.172032381102891,192.255750101837,True,14.664338890714328,12.648393929872682,2,2,20160910_flight07
2016-09-10 08:41:27,54.6903655,7.56252221,91.8,0.632,3.2,1005.541,18.771,1.179645,8.946,1.7069999999999999,0.034,100,0.8,3.2,1005.541,0.017244997293783593,291.46002650679236,9.107401660188266,190.8028379046636,True,14.665916958373069,12.713682229407995,2,2,20160910_flight07
2016-09-10 08:41:28,54.690465780000004,7.561527559999999,91.8,0.682,3.239,1005.548,18.749000000000002,1.179606,9.051,1.6,0.016000000000000004,100,0.7,3.3,1005.548,0.01736238237706833,291.4374810058008,9.191332928362458,190.02495183443088,True,14.66763261295681,12.778991337103298,2,2,20160910_flight07
2016-09-10 08:41:29,54.6905665,7.5605329800000005,91.779,0.47100000000000003,3.142,1005.553,18.718999999999998,1.17983,8.915,1.835,0.121,100,0.6,3.2,1005.553,0.01727883702919586,291.40711402626835,9.10189266032071,191.6309138752138,True,14.669397387742128,12.844303061509711,2,2,20160910_flight07
2016-09-10 08:41:30,54.69066728,7.559538280000001,91.64,0.509,3.2,1005.559,18.744,1.179827,8.889,1.699,0.013999999999999999,100,0.6,3.2,1005.559,0.017200365531779838,291.431577129661,9.049912817259623,190.8207250245707,True,14.6711676456228,12.909623438021015,2,2,20160910_flight07
2016-09-10 08:41:31,54.69076792,7.55854331,91.556,0.682,3.1040000000000005,1005.5830000000001,18.692999999999998,1.1798689999999998,8.88,1.83,0.153,100,0.9,3.2,1005.5830000000001,0.01736618825660785,291.378668975057,9.066603553701905,191.64455684305807,True,14.672919950709831,12.974958844847423,2,2,20160910_flight07
2016-09-10 08:41:32,54.69086976,7.55754824,91.367,0.689,3.235,1005.5980000000001,18.748,1.1797019999999998,8.667,1.815,0.018000000000000002,100,0.8,3.3,1005.5980000000001,0.017333661572393577,291.4323381716491,8.855005025407946,191.82767426285773,True,14.674803491308184,13.040320016157802,2,2,20160910_flight07
2016-09-10 08:41:33,54.69097202,7.55655303,91.355,0.03899999999999999,3.213,1005.605,18.672,1.17967,8.674,1.413,-0.008,100,0.6,3.3,1005.605,0.017633295897625745,291.3558793677309,8.788335735507603,189.2522482707924,True,14.676731979453711,13.10569692858078,2,2,20160910_flight07
2016-09-10 08:41:34,54.69107381,7.55555766,91.333,-0.221,3.2,1005.59,18.567,1.179592,9.176,1.713,0.044000000000000004,100,0.4,3.2,1005.59,0.018051709559968154,291.25228959652003,9.33452435853054,190.57440837995364,True,14.67860719887574,13.171076503301762,2,2,20160910_flight07
2016-09-10 08:41:35,54.69117554,7.5545621800000005,91.3,-0.28,3.168,1005.597,18.67,1.17976,9.06,1.5819999999999999,-0.113,100,0.4,3.2,1005.597,0.01755454273963508,291.35454546779323,9.197082363445485,189.90476768287786,True,14.680474777842479,13.236462153679188,2,2,20160910_flight07
2016-09-10 08:41:36,54.69127599,7.55356629,91.316,0.09600000000000002,3.237,1005.5980000000001,18.75,1.179807,8.421999999999999,1.255,-0.21,100,0.2,3.3,1005.5980000000001,0.01723615150519442,291.43433498107004,8.514993188488173,188.47553436548273,True,14.68219752601975,13.301853406041804,2,2,20160910_flight07
2016-09-10 08:41:37,54.6913749,7.55256981,91.40100000000001,0.258,3.2,1005.572,18.613000000000003,1.1798279999999999,8.914,1.594,-0.07600000000000001,100,0.4,3.2,1005.572,0.01766937681048364,291.2997076018956,9.05539794818538,190.13846382295824,True,14.683745117449321,13.367257591556655,2,2,20160910_flight07
2016-09-10 08:41:38,54.691474500000005,7.5515734199999995,91.5,0.408,3.2,1005.5740000000001,18.674,1.179695,9.107000000000001,1.607,-0.049,100,0.6,3.2,1005.5740000000001,0.0175733862300127,291.36044500500884,9.24769690247253,190.00726198911974,True,14.685369552823042,13.432667146672545,2,2,20160910_flight07
2016-09-10 08:41:39,54.6915748,7.550576889999999,91.484,0.177,3.23,1005.573,18.668,1.179821,8.869,1.4609999999999999,0.067,100,0.5,3.3,1005.573,0.01748462160634734,291.3545374013909,8.988530580690037,189.3543851561998,True,14.687069776224481,13.498096960493061,2,2,20160910_flight07
2016-09-10 08:41:40,54.6916745,7.54958028,91.44800000000001,0.16,3.248,1005.578,18.649,1.179808,8.889,1.635,0.11200000000000002,100,0.3,3.3,1005.578,0.0175671451460937,291.33515327737416,9.038116286041024,190.42221734595603,True,14.688703162493697,13.563522216458487,2,2,20160910_flight07
2016-09-10 08:41:41,54.691773569999995,7.54858368,91.419,0.27,3.3,1005.571,18.659000000000002,1.17986,9.073,1.704,0.12300000000000001,100,0.3,3.3,1005.571,0.01748034551719302,291.3457174213823,9.231627429657244,190.63681198364134,True,14.6902672514766,13.628936667503927,2,2,20160910_flight07
2016-09-10 08:41:42,54.69187255,7.5475873799999995,91.46300000000001,0.41,3.3,1005.578,18.69,1.1799069999999998,9.071,1.7690000000000001,0.031,100,0.5,3.3,1005.578,0.01733882234239137,291.3760881033481,9.241883033235164,191.03515217320205,True,14.691824241395937,13.694330456342868,2,2,20160910_flight07
2016-09-10 08:41:43,54.69197161,7.54659112,91.50399999999999,0.48,3.282,1005.56,18.687,1.1798819999999999,9.009,1.6869999999999998,-0.004,100,0.6,3.3,1005.56,0.017352625363623364,291.37458455750544,9.165590542894659,190.60621502786466,True,14.693390418074527,13.759722974572544,2,2,20160910_flight07
2016-09-10 08:41:44,54.692070949999994,7.54559499,91.6,0.567,3.207,1005.547,18.72,1.1798389999999999,8.96,1.652,0.007000000000000001,100,0.6,3.3,1005.547,0.017261521807879543,291.40860974050776,9.111021018524763,190.4465894494288,True,14.694988654611004,13.825111686007524,2,2,20160910_flight07
2016-09-10 08:41:45,54.6921705,7.54459881,91.6,0.632,3.187,1005.5419999999999,18.741,1.179757,9.077,1.456,0.03,100,0.7,3.2,1005.5419999999999,0.017253977560651945,291.4299909902432,9.193033503691804,189.1129245431136,True,14.696609552519556,13.890506987324116,2,2,20160910_flight07
2016-09-10 08:41:46,54.69227050000001,7.54360242,91.51299999999999,0.688,3.1040000000000005,1005.549,18.742,1.179768,8.448,1.449,0.198,100,0.8,3.2,1005.549,0.017248089258507848,291.43040918424236,8.571365410481578,189.73266106844574,True,14.698278045724306,13.955922996143142,2,2,20160910_flight07
2016-09-10 08:41:47,54.692370499999996,7.542605549999999,91.27,0.596,3.1920000000000006,1005.587,18.703999999999997,1.179692,8.493,1.3119999999999998,0.20199999999999999,100,0.6,3.2,1005.587,0.017484529989332254,291.3893199755704,8.59374150181398,188.78164485660466,True,14.6999420366111,14.021369741159505,2,2,20160910_flight07
2016-09-10 08:41:48,54.69247103,7.54160846,90.99,0.531,3.1,1005.594,18.675,1.179811,9.021999999999998,1.781,0.109,100,0.8,3.1,1005.594,0.017490087578226232,291.3597860883385,9.196110319042502,191.16697130255042,True,14.70166234056442,14.086839124756604,2,2,20160910_flight07
2016-09-10 08:41:49,54.6925731,7.5406111,90.795,0.435,3.1,1005.6240000000001,18.695999999999998,1.1796849999999999,9.047,1.3230000000000002,-0.135,100,0.7,3.1,1005.6240000000001,0.01755589770106969,291.3782665194064,9.143223610959103,188.31975235781624,True,14.703549734614453,14.152350644221983,2,2,20160910_flight07
2016-09-10 08:41:50,54.69267508,7.53961312,90.65899999999999,0.218,3.222,1005.6340000000001,18.745,1.1795390000000001,8.613999999999999,1.0759999999999998,0.08199999999999999,100,0.4,3.3,1005.6340000000001,0.01752112928668148,291.4263591732951,8.680943036329635,187.12010444005688,True,14.705421400161208,14.217900412525989,2,2,20160910_flight07
2016-09-10 08:41:51,54.692775499999996,7.53861444,90.556,0.033,3.2,1005.66,18.688,1.179679,8.664,0.98,0.10200000000000001,100,0.3,3.3,1005.66,0.017625395312809156,291.36729623840847,8.719248591478511,186.45339568194254,True,14.70711467428689,14.283469835008933,2,2,20160910_flight07
2016-09-10 08:41:52,54.69287576,7.53761536,90.425,0.63,3.1069999999999998,1005.688,18.62,1.179717,9.092,1.485,-0.006999999999999999,100,0.8,3.2,1005.688,0.017858115727534374,291.297086360002,9.21247464039929,189.2762345301445,True,14.708786573350631,14.349062289508637,2,2,20160910_flight07
2016-09-10 08:41:53,54.6929773,7.536616,90.27,0.523,3.252,1005.698,18.665,1.179886,9.107999999999999,1.6030000000000002,0.059000000000000004,100,0.6,3.3,1005.698,0.017565503002542115,291.3411849018161,9.247987510804714,189.98178047410295,True,14.710596831123253,14.41469332530705,2,2,20160910_flight07
2016-09-10 08:41:54,54.693079159999996,7.53561691,90.296,0.506,3.3169999999999997,1005.692,18.712,1.179868,8.985,1.337,0.009,100,0.7,3.4,1005.692,0.01741109083763792,291.38860577962674,9.083930536942695,188.46371144894903,True,14.71244486771288,14.4803122349568,2,2,20160910_flight07
2016-09-10 08:41:55,54.6931805,7.5346173499999995,90.37700000000001,-0.001,3.449,1005.6740000000001,18.814,1.179729,8.55,1.315,-0.055999999999999994,100,0.1,3.5,1005.6740000000001,0.017157277687420924,291.49193245463107,8.650533220559296,188.7436444307976,True,14.714231220604427,14.545952850652593,2,2,20160910_flight07
2016-09-10 08:41:56,54.6932805,7.53361813,90.63,-0.030000000000000006,3.341,1005.6290000000001,18.7,1.179497,8.798,1.005,0.037000000000000005,100,0.3,3.5,1005.6290000000001,0.017709197466378557,291.381845763694,8.855214791296708,186.51667936585554,True,14.71587316890219,14.611550074969507,2,2,20160910_flight07
2016-09-10 08:41:57,54.69338146,7.5326181,90.728,0.24599999999999997,3.275,1005.618,18.582,1.1794200000000001,9.161999999999999,1.364,-0.08,100,0.3,3.3,1005.618,0.018176173324224942,291.2649462405326,9.262976843326339,188.46776021939982,True,14.717613258335538,14.677214655507298,2,2,20160910_flight07
2016-09-10 08:41:58,54.6934825,7.53161682,90.84200000000001,-0.504,3.177,1005.5980000000001,18.625,1.179445,9.087,0.909,-0.134,100,0.6,3.2,1005.5980000000001,0.01798429595322859,291.30953439226346,9.132351832907007,185.7124659770215,True,14.719350434553649,14.742960568966858,2,2,20160910_flight07
2016-09-10 08:41:59,54.69358194,7.5306169999999995,90.9,-0.884,3.123,1005.591,18.627,1.179851,9.501,1.3659999999999999,0.0020000000000000005,100,1.0,3.2,1005.591,0.01761993694937458,291.3121111633548,9.598695588464091,188.18159619720524,True,14.720925073991689,14.80858717834622,2,2,20160910_flight07
2016-09-10 08:42:00,54.69367964,7.5296167800000005,90.825,-1.9040000000000001,3.12,1005.6,18.67,1.1797399999999998,8.889,1.202,0.030999999999999996,100,2.4,3.2,1005.6,0.017574828952185095,291.354296877433,8.969901058540167,187.70101309173174,True,14.72230430993305,14.874211327614582,2,2,20160910_flight07
2016-09-10 08:42:01,54.69377403000001,7.5286158499999996,90.665,-2.445,3.13,1005.6190000000001,18.694000000000003,1.179886,9.04,1.129,-0.069,100,2.5,3.2,1005.6190000000001,0.01738446511709202,291.37668406390526,9.110227274881785,187.11877574338922,True,14.72331230764516,14.939827536448288,2,2,20160910_flight07
2016-09-10 08:42:02,54.69386424,7.527614549999999,90.53399999999999,-2.189,3.0940000000000003,1005.65,18.683999999999997,1.179936,9.001,1.338,-0.061000000000000006,100,2.4,3.2,1005.65,0.01740757597980558,291.3641313044006,9.099903570917661,188.45511183765453,True,14.723856430483286,15.005399996569178,2,2,20160910_flight07
2016-09-10 08:42:03,54.69395074,7.52661272,90.40700000000001,-1.851,3.1319999999999997,1005.678,18.698999999999998,1.1799629999999999,8.902000000000001,1.464,-0.043,100,2.0,3.2,1005.678,0.017360330911162958,291.37678694066636,9.02157968429033,189.33911913997733,True,14.723986945628242,15.070946536477761,2,2,20160910_flight07
2016-09-10 08:42:04,54.69403365,7.52561064,90.41300000000001,-1.367,3.313,1005.668,18.746,1.1799419999999998,8.875,1.65,0.005000000000000001,100,1.7,3.4,1005.668,0.01720450818825392,291.4245396658228,9.027077323253634,190.53192788373406,True,14.723719696781709,15.136451162836764,2,2,20160910_flight07
2016-09-10 08:42:05,54.69411369,7.524608789999999,90.598,-0.638,3.342,1005.63,18.715,1.1799039999999998,9.195,1.749,-0.07100000000000001,100,1.1,3.4,1005.63,0.017306871369369592,291.39673882936876,9.359862498990037,190.76969408882246,True,14.723138490355163,15.201894756114152,2,2,20160910_flight07
2016-09-10 08:42:06,54.69419232999999,7.5236075300000005,90.883,-0.518,3.47,1005.599,18.849,1.179629,8.31,1.218,-0.085,100,0.6,3.5,1005.599,0.017045720553299448,291.53309413312365,8.39878705528364,188.3384918234737,True,14.722408615615263,15.267277981520703,2,2,20160910_flight07
2016-09-10 08:42:07,54.69426893,7.52260671,91.24,-0.252,3.398,1005.548,18.688,1.179518,8.612,1.088,-0.133,100,0.6,3.5,1005.548,0.017650949498338342,291.3765774523753,8.680454365987993,187.20033654607184,True,14.72145817306079,15.332600118193698,2,2,20160910_flight07
2016-09-10 08:42:08,54.694345219999995,7.521606,91.471,0.12200000000000001,3.221,1005.5219999999999,18.708,1.179378,8.89,0.925,0.076,100,0.2,3.3,1005.5219999999999,0.017675692852177294,291.39870073587343,8.937993343027282,185.94022152813494,True,14.720474617466648,15.397910209534542,2,2,20160910_flight07
2016-09-10 08:42:09,54.69442224,7.52060516,91.39800000000001,0.205,3.2,1005.533,18.643,1.179586,9.232999999999999,0.898,0.064,100,0.4,3.2,1005.533,0.017734034593964276,291.33289153047815,9.27656687573587,185.55510555188476,True,14.71957024803845,15.46324040327075,2,2,20160910_flight07
2016-09-10 08:42:10,54.694499130000004,7.5196039599999995,91.272,0.0069999999999999975,3.162,1005.552,18.581,1.179832,9.269,1.36,0.006999999999999998,100,0.4,3.2,1005.552,0.017757311702438994,291.2694152558746,9.36824215101211,188.34719958456458,True,14.718648183077393,15.528591551701481,2,2,20160910_flight07
2016-09-10 08:42:11,54.69457485,7.518602459999999,91.18299999999999,-0.337,3.2,1005.573,18.652,1.1798279999999999,9.545,1.46,0.021,100,0.4,3.2,1005.573,0.017534374882167914,291.33856281244016,9.656014964777135,188.6965379629567,True,14.717594435011543,15.593943033173804,2,2,20160910_flight07
2016-09-10 08:42:12,54.69464953,7.51760087,91.18,-0.34,3.141,1005.585,18.81,1.179854,9.14,1.167,-0.235,100,0.5,3.2,1005.585,0.016973440794444405,291.4953170150357,9.214200399383552,187.27618609228222,True,14.716425292399895,15.659283498054858,2,2,20160910_flight07
2016-09-10 08:42:13,54.6947228,7.51659901,91.2,-0.129,3.076,1005.573,18.742,1.1799089999999999,9.31,1.413,-0.005,100,0.5,3.2,1005.573,0.017150803685215488,291.428419875288,9.416616642934978,188.63004983384423,True,14.71509831338039,15.7246185027434,2,2,20160910_flight07
2016-09-10 08:42:14,54.69479558,7.51559692,91.2,0.272,3.272,1005.5740000000001,18.742,1.179832,9.21,1.5119999999999998,-0.09200000000000001,100,0.4,3.3,1005.5740000000001,0.017218198115887873,291.42833698873994,9.333286880836782,189.3230492918005,True,14.713715206157042,15.789960329406808,2,2,20160910_flight07
2016-09-10 08:42:15,54.69486834,7.514594970000001,91.319,0.37,3.242,1005.559,18.695,1.1799199999999999,9.343,1.6740000000000002,-0.057,100,0.4,3.3,1005.559,0.017290962692191547,291.3826547561988,9.491781971790124,190.1579912949539,True,14.71233120921835,15.85529286866081,2,2,20160910_flight07
2016-09-10 08:42:16,54.69494095,7.51359338,91.494,0.24400000000000002,3.3,1005.5239999999999,18.613,1.179924,9.392000000000001,1.62,0.052000000000000005,100,0.4,3.3,1005.5239999999999,0.017538004532675178,291.3036845275961,9.530690636045218,189.78649275847954,True,14.710934067330383,15.920599935628141,2,2,20160910_flight07
2016-09-10 08:42:17,54.6950134,7.512592150000001,91.625,0.588,3.3,1005.505,18.702,1.179708,9.668000000000001,1.54,-0.003000000000000001,100,0.8,3.3,1005.505,0.017394733065321466,291.3941191644573,9.789883758247592,189.05051708666446,True,14.709522679046527,15.98588136896582,2,2,20160910_flight07
2016-09-10 08:42:18,54.695086270000004,7.511591220000001,91.78299999999999,0.867,3.222,1005.4989999999999,18.773,1.1798009999999999,9.316,1.643,-0.10300000000000001,100,1.0,3.3,1005.4989999999999,0.017061040075527334,291.46550519154897,9.459772988819553,190.0020151824359,True,14.708160365433967,16.051150368568543,2,2,20160910_flight07
2016-09-10 08:42:19,54.69515918,7.510590509999999,91.98899999999999,0.49700000000000005,3.2060000000000004,1005.477,18.774,1.179565,9.126,1.03,-0.21900000000000003,100,0.8,3.3,1005.477,0.0172387852585274,291.46832752776965,9.183941201902373,186.4394003458375,True,14.706804521165,16.116405926117622,2,2,20160910_flight07
2016-09-10 08:42:20,54.69523201,7.50958949,92.1,0.574,3.04,1005.455,18.748,1.179638,9.212,1.263,-0.043,100,0.8,3.1,1005.455,0.01724417921763499,291.4441919041783,9.298177939790138,187.80679469621003,True,14.705436957584626,16.181680043386972,2,2,20160910_flight07
2016-09-10 08:42:21,54.695305680000004,7.5085881,92.005,0.87,3.032,1005.471,18.687,1.179851,9.262,1.703,0.063,100,1.0,3.1,1005.471,0.01728930969308884,291.381960617402,9.417263562203196,190.4185802483985,True,14.704158444915054,16.246991405918703,2,2,20160910_flight07
2016-09-10 08:42:22,54.69538007999999,7.5075864,91.818,-0.325,3.016,1005.495,18.692,1.1799119999999998,8.881,1.5590000000000002,-0.171,100,0.5,3.1,1005.495,0.01724356964392837,291.3849636546629,9.01679776860943,189.95644622717538,True,14.70295743003967,16.312334396919333,2,2,20160910_flight07
2016-09-10 08:42:23,54.69545335,7.5065842599999995,91.8,-0.308,3.097,1005.4960000000001,18.668,1.1799149999999998,9.169,1.601,-0.14,100,0.6,3.1,1005.4960000000001,0.017325656002953993,291.36091836582955,9.30772593064493,189.9045682277373,True,14.701627824669712,16.37768733105661,2,2,20160910_flight07
2016-09-10 08:42:24,54.69552588,7.50558204,91.8,0.19899999999999998,3.1180000000000003,1005.4939999999999,18.703999999999997,1.179843,9.077,1.6469999999999998,-0.033,100,0.3,3.2,1005.4939999999999,0.0172602208549677,291.39702774631,9.22521208428294,190.28429262741247,True,14.700215961924526,16.44303344854232,2,2,20160910_flight07
2016-09-10 08:42:25,54.69559787,7.5045798,91.816,0.466,3.1430000000000002,1005.4839999999999,18.594,1.18004,9.204,2.0580000000000003,-0.11900000000000001,100,0.7,3.2,1005.4839999999999,0.017463763434828028,291.28802851425803,9.43127668982307,192.60392633922373,True,14.698744433511107,16.508372134203775,2,2,20160910_flight07
2016-09-10 08:42:26,54.69567007,7.5035777900000005,91.932,0.883,3.1,1005.4780000000001,18.695999999999998,1.179779,9.381,1.98,-0.059000000000000004,100,1.1,3.1,1005.4780000000001,0.017327102435306108,291.39036639652613,9.58767756028539,191.9182047945293,True,14.69729819281863,16.573699480297993,2,2,20160910_flight07
2016-09-10 08:42:27,54.69574324,7.50257602,92.0,1.05,3.133,1005.48,18.715,1.179775,9.009,2.04,0.121,100,1.2,3.2,1005.48,0.01726634831908802,291.40917095569324,9.237081844392199,192.75890189843193,True,14.695961043525484,16.63902710852372,2,2,20160910_flight07
2016-09-10 08:42:28,54.695817180000006,7.50157454,91.941,1.1179999999999999,3.162,1005.4810000000001,18.768,1.1796689999999999,9.341000000000001,1.91,0.029000000000000005,100,1.5,3.2,1005.4810000000001,0.017174057870980475,291.46200527753956,9.534274015361632,191.55625036244305,True,14.694711425707839,16.704348590342168,2,2,20160910_flight07
2016-09-10 08:42:29,54.69589268,7.500573409999999,91.96799999999999,1.5519999999999998,3.0410000000000004,1005.4760000000001,18.699,1.179746,9.048,1.905,-0.177,100,1.7,3.1,1005.4760000000001,0.017343077938002383,291.3935274820216,9.246368422250976,191.8896154585757,True,14.693636916369867,16.769672829792114,2,2,20160910_flight07
2016-09-10 08:42:30,54.69596986,7.49957222,92.05799999999999,1.351,3.1,1005.47,18.678,1.179762,8.97,1.972,-0.065,100,1.4,3.1,1005.47,0.01739641671770764,291.3730575297134,9.184208403558797,192.39888859806064,True,14.692746887134286,16.83502801682008,2,2,20160910_flight07
2016-09-10 08:42:31,54.69604833,7.498571009999999,92.13699999999999,1.048,3.1,1005.465,18.652,1.179689,9.014,2.148,0.086,100,1.2,3.1,1005.465,0.017544971035577728,291.34751242329173,9.266396279028864,193.40338210138853,True,14.69199875680893,16.900405297715903,2,2,20160910_flight07
2016-09-10 08:42:32,54.696128390000005,7.49757049,92.069,1.0090000000000001,3.0180000000000002,1005.44,18.684,1.179681,9.833,2.189,0.223,100,1.2,3.1,1005.44,0.01741499779182587,291.3815346552275,10.073708850269597,192.55039965734022,True,14.69143222844245,16.965764048797723,2,2,20160910_flight07
2016-09-10 08:42:33,54.696210380000004,7.49657,91.875,0.853,3.0239999999999996,1005.498,18.835,1.179798,9.251,1.6680000000000001,-0.042,100,1.1,3.1,1005.498,0.0168466520202184,291.5274909475279,9.400171540987962,190.2208902784858,True,14.691078560506371,17.031152017985033,2,2,20160910_flight07
2016-09-10 08:42:34,54.696292240000005,7.4955696,91.74600000000001,0.445,3.073,1005.4939999999999,18.88,1.180161,8.789,1.854,0.044000000000000004,100,0.7,3.1,1005.4939999999999,0.016373200283690492,291.5727521731925,8.98241821560319,191.9116542745873,True,14.690711417959813,17.09653212668186,2,2,20160910_flight07
2016-09-10 08:42:35,54.696373789999996,7.494569,91.647,0.354,3.05,1005.5,18.832,1.180132,9.464,2.094,-0.0009999999999999996,100,0.5,3.1,1005.5,0.016571331670090172,291.52432980819503,9.692890796867568,192.47623337718943,True,14.690308254627586,17.161920040507436,2,2,20160910_flight07
2016-09-10 08:42:36,54.696456639999994,7.49356818,91.55,0.319,3.077,1005.5169999999999,18.858999999999998,1.179878,9.009,2.0869999999999997,0.0010000000000000009,100,0.4,3.1,1005.5169999999999,0.016713349504655417,291.54987773346045,9.247575357897874,193.0429135681492,True,14.690046215686307,17.227343016292416,2,2,20160910_flight07
2016-09-10 08:42:37,54.69653896,7.492568,91.5,0.14700000000000002,3.1790000000000003,1005.52,18.777,1.17967,8.568,1.876,0.185,100,0.2,3.3,1005.52,0.017181288843133524,291.4677579541284,8.770974860299168,192.35025495765325,True,14.689731803207716,17.292716459323987,2,2,20160910_flight07
2016-09-10 08:42:38,54.696620300000006,7.491568,91.5,0.239,3.193,1005.513,18.758,1.179656,9.218,1.962,-0.013000000000000003,100,0.4,3.3,1005.513,0.017252486988391214,291.4493681237285,9.424487678383372,192.01578000428285,True,14.689311137411517,17.358062564708845,2,2,20160910_flight07
2016-09-10 08:42:39,54.69670273,7.490568,91.581,0.517,3.0589999999999997,1005.5110000000001,18.705,1.179623,9.455,1.9569999999999999,-0.198,100,0.6,3.1,1005.5110000000001,0.017463656086663892,291.3966171599117,9.655406464774023,191.69397789318458,True,14.689010529203825,17.423426256434595,2,2,20160910_flight07
2016-09-10 08:42:40,54.69678561,7.489568,91.713,0.18,3.1740000000000004,1005.505,18.793,1.179504,9.375,1.754,-0.342,100,0.5,3.2,1005.505,0.017253514060041608,291.4849763963556,9.537669579095304,190.59714466589332,True,14.68875948605733,17.4887972085765,2,2,20160910_flight07
2016-09-10 08:42:41,54.69686732,7.488568,91.941,0.038000000000000006,3.122,1005.4830000000001,18.767,1.179557,8.617,1.5619999999999998,0.111,100,0.2,3.2,1005.4830000000001,0.01727614771608632,291.46084103290775,8.757427304865283,190.2744169945031,True,14.68837957375455,17.554149283636715,2,2,20160910_flight07
2016-09-10 08:42:42,54.69694748,7.487568,91.947,0.14,3.065,1005.488,18.722,1.179729,8.692,1.66,-0.11,100,0.4,3.2,1005.488,0.01728970930477769,291.41549690038045,8.849093964920929,190.8121625161344,True,14.687828937354636,17.619476350597004,2,2,20160910_flight07
2016-09-10 08:42:43,54.69702816,7.486568,91.85,0.5539999999999999,2.8,1005.492,18.692999999999998,1.1798,8.891,1.985,-0.18400000000000002,100,0.6,2.8,1005.492,0.01733361669681277,291.3862107319625,9.109890559166997,192.5854287922876,True,14.687335576136261,17.68481180737149,2,2,20160910_flight07
2016-09-10 08:42:44,54.69711013,7.485567929999999,91.649,0.61,2.895,1005.508,18.619,1.179926,9.165,2.061,0.049,100,0.7,3.0,1005.508,0.017499164142898538,291.3110008053565,9.393878112898847,192.67368917334474,True,14.68698364483526,17.750172559700825,2,2,20160910_flight07
2016-09-10 08:42:45,54.6971923,7.484566979999999,91.433,0.561,3.075,1005.551,18.726,1.179822,8.711,2.024,0.1,100,0.7,3.2,1005.551,0.01725931424072047,291.41426871725685,8.94304741125753,193.0805736023639,True,14.68664548820348,17.815592888577193,2,2,20160910_flight07
2016-09-10 08:42:46,54.69727401,7.483566,91.303,0.5429999999999999,3.164,1005.558,18.730999999999998,1.179989,8.818999999999999,2.244,0.023000000000000003,100,0.6,3.2,1005.558,0.017105001766089867,291.41868060947115,9.100016318666686,194.27599253195226,True,14.686256383671429,17.881007716707312,2,2,20160910_flight07
2016-09-10 08:42:47,54.697356369999994,7.482566,91.3,0.551,3.1,1005.572,18.727,1.179718,9.043,1.885,0.022000000000000002,100,0.6,3.1,1005.572,0.017366753202627372,291.41352658054126,9.237373760977738,191.77461417028667,True,14.685948065343412,17.946370279034973,2,2,20160910_flight07
2016-09-10 08:42:48,54.69743981,7.48156532,91.3,0.36800000000000005,3.1,1005.577,18.872,1.179732,9.101,1.459,-0.217,100,0.5,3.1,1005.577,0.016854580893752136,291.5578817172959,9.21720575879697,189.10770914051585,True,14.685752324879596,18.011793809307953,2,2,20160910_flight07
2016-09-10 08:42:49,54.69752316,7.48056473,91.24,0.115,3.065,1005.58,18.758,1.179704,9.003,1.099,0.135,100,0.3,3.1,1005.58,0.01727887631883762,291.44381422882464,9.069829656614285,186.9596870281176,True,14.685547515588036,18.0772101244606,2,2,20160910_flight07
2016-09-10 08:42:50,54.697605489999994,7.47956347,91.014,0.27099999999999996,3.063,1005.5930000000001,18.755,1.179616,8.46,1.3880000000000001,0.10300000000000001,100,0.3,3.1,1005.5930000000001,0.017378373914845868,291.4397414441598,8.573105854939621,189.3172921638631,True,14.68522407434189,18.142652885279006,2,2,20160910_flight07
2016-09-10 08:42:51,54.69768722,7.478561620000001,90.818,0.099,2.99,1005.618,18.83,1.179632,8.307,1.189,-0.17,100,0.3,3.1,1005.618,0.017128533512755784,291.5125492003301,8.39166074147424,188.14555168594995,True,14.684829012253145,18.20812374545233,2,2,20160910_flight07
2016-09-10 08:42:52,54.6977693,7.477559149999999,90.682,0.187,3.009,1005.63,18.721,1.179923,8.777999999999999,1.729,-0.026000000000000002,100,0.3,3.2,1005.63,0.017269577467560637,291.40272920311344,8.946659991304015,191.14288985833932,True,14.684466685274066,18.273639953537728,2,2,20160910_flight07
2016-09-10 08:42:53,54.69785244,7.47655672,90.6,0.047,3.2119999999999997,1005.6510000000001,18.709,1.179905,8.962,1.617,0.057,100,0.1,3.3,1005.6510000000001,0.01734816708252951,291.389008184017,9.106708131921215,190.227751345642,True,14.68422148674126,18.339170702586696,2,2,20160910_flight07
2016-09-10 08:42:54,54.69793505,7.475554140000001,90.6,0.29600000000000004,3.3289999999999997,1005.6569999999999,18.578999999999997,1.180004,9.055,1.53,-0.016,100,0.5,3.4,1005.6569999999999,0.017722197258090988,291.25872053762896,9.183350423456572,189.5905348912466,True,14.683916504607977,18.404702505540598,2,2,20160910_flight07
2016-09-10 08:42:55,54.69801711,7.4745519,90.67200000000001,0.625,3.316,1005.627,18.618,1.179935,9.128,1.629,0.153,100,0.9,3.4,1005.627,0.017615309085067032,291.30014299035884,9.272217911589438,190.1185885859578,True,14.683554132097862,18.470203663179593,2,2,20160910_flight07
2016-09-10 08:42:56,54.69809986999999,7.47355026,90.805,0.8690000000000001,3.3,1005.6060000000001,18.691,1.1799879999999998,9.356,2.0,0.132,100,1.0,3.3,1005.6060000000001,0.0172938270959484,291.37476615078907,9.567378742372437,192.0663149765707,True,14.683274488686573,18.53567769455197,2,2,20160910_flight07
2016-09-10 08:42:57,54.698184039999994,7.47254912,90.9,0.653,3.3,1005.6010000000001,18.759,1.1799799999999998,9.225,1.577,0.062,100,0.9,3.3,1005.6010000000001,0.017058687649512905,291.44307195760615,9.358822254963496,189.70085614257985,True,14.683154839044649,18.601142458355756,2,2,20160910_flight07
2016-09-10 08:42:58,54.6982686,7.47154846,90.98700000000001,0.5,3.3,1005.597,18.784,1.179906,9.229,1.35,0.204,100,0.5,3.3,1005.597,0.01703132680351449,291.46836363715556,9.327215072035168,188.32209240586354,True,14.683082648105044,18.666582778322688,2,2,20160910_flight07
2016-09-10 08:42:59,54.69835344,7.470548,90.9,0.462,3.201,1005.607,18.69,1.179927,9.292,1.272,-0.217,100,0.6,3.3,1005.607,0.01735091691934998,291.3736848800656,9.37865917922173,187.79488146037983,True,14.683043173611933,18.732014809132814,2,2,20160910_flight07
2016-09-10 08:43:00,54.698438290000006,7.46954702,90.93700000000001,0.086,3.052,1005.607,18.73,1.1799,8.684,1.383,-0.062,100,0.8,3.1,1005.607,0.01723477363492587,291.4136209662608,8.79343760994527,189.04884254079815,True,14.682999923056068,18.797480298832934,2,2,20160910_flight07
2016-09-10 08:43:01,54.69852281000001,7.46854569,90.836,1.101,3.125,1005.615,18.703999999999997,1.180068,9.185,1.536,0.162,100,1.2,3.2,1005.615,0.0171886555152041,291.38699953596915,9.31254642941446,189.49367780219978,True,14.68291704184969,18.862962876038562,2,2,20160910_flight07
2016-09-10 08:43:02,54.698609319999996,7.46754445,90.7,1.022,3.1,1005.6340000000001,18.738,1.1801549999999998,9.002,1.755,-0.06,100,1.1,3.1,1005.6340000000001,0.01701440778198715,291.41937041187674,9.171479106447336,191.03181764880435,True,14.683054192536945,18.928471797380226,2,2,20160910_flight07
2016-09-10 08:43:03,54.69869697,7.4665428899999995,90.7,0.40700000000000003,3.237,1005.633,18.606,1.1801469999999998,9.076,1.6340000000000001,0.047,100,0.8,3.3,1005.633,0.017480424006091733,291.2876651809886,9.221915853010154,190.20593043620676,True,14.68331390650094,18.994019602574596,2,2,20160910_flight07
2016-09-10 08:43:04,54.69878456000001,7.465541490000001,90.75,-0.004,3.3,1005.614,18.726,1.179887,8.674,1.271,0.005000000000000002,100,0.3,3.3,1005.614,0.01726700344416643,291.4090472110604,8.76662517734162,188.33621801523617,True,14.683568512562617,19.059556194314244,2,2,20160910_flight07
2016-09-10 08:43:05,54.69887131,7.464540080000001,90.8,-0.019,3.217,1005.612,18.595,1.180118,8.927,1.453,0.08900000000000001,100,0.3,3.3,1005.612,0.017522542841908795,291.2784224703945,9.044475551407057,189.24465865606035,True,14.683730503378898,19.12507987361452,2,2,20160910_flight07
2016-09-10 08:43:06,54.69895832,7.4635387,90.8,0.201,3.2,1005.6110000000001,18.645,1.179989,9.12,1.4080000000000001,-0.11599999999999999,100,0.3,3.2,1005.6110000000001,0.017458394951011647,291.32842536212803,9.228047680847775,188.77637358562563,True,14.683921413181091,19.1906058268097,2,2,20160910_flight07
2016-09-10 08:43:07,54.69904594,7.46253746,90.8,0.162,3.1240000000000006,1005.6110000000001,18.671000000000003,1.1801069999999998,9.305,1.1540000000000001,-0.105,100,0.3,3.2,1005.6110000000001,0.017266016220157,291.3543837886241,9.376286098450707,187.069686685115,True,14.68418082435094,19.256132657177783,2,2,20160910_flight07
2016-09-10 08:43:08,54.69913288,7.461535619999999,90.854,-0.126,3.128,1005.6060000000001,18.618000000000002,1.180292,8.847999999999999,1.547,-0.153,100,0.2,3.2,1005.6060000000001,0.017286269582885483,291.3018827727545,8.98222205247677,189.91744887217834,True,14.684359709312938,19.32168693649755,2,2,20160910_flight07
2016-09-10 08:43:09,54.69921832,7.46053358,90.96300000000001,-0.141,3.173,1005.587,18.687,1.180067,8.998,1.163,-0.105,100,0.3,3.2,1005.587,0.017220446577650872,291.3723470423929,9.072848119526745,187.36470363964975,True,14.684371501442028,19.38722982117924,2,2,20160910_flight07
2016-09-10 08:43:10,54.699303719999996,7.45953126,90.964,0.35,3.1,1005.599,18.651,1.1800089999999999,9.124,1.126,0.096,100,0.5,3.1,1005.599,0.01740808852242748,291.33541005667695,9.193217717426256,187.03534440690493,True,14.6843762614364,19.452789989939124,2,2,20160910_flight07
2016-09-10 08:43:11,54.69938981999999,7.45852863,90.839,1.0590000000000002,3.125,1005.604,18.663,1.1800009999999999,9.01,1.12,0.1,100,1.3,3.2,1005.604,0.017378206372970162,291.3469766040558,9.079344690009297,187.0858798935724,True,14.684455214889669,19.518381303140536,2,2,20160910_flight07
2016-09-10 08:43:12,54.699476860000004,7.457525540000001,90.66,1.232,3.177,1005.628,18.599,1.180095,9.36,1.421,0.05600000000000001,100,1.3,3.2,1005.628,0.017544612981866825,291.2810906170957,9.467250973751566,188.63251134963355,True,14.684633389528175,19.584017238067194,2,2,20160910_flight07
2016-09-10 08:43:13,54.69956566,7.45652234,90.6,0.934,3.2,1005.6340000000001,18.592,1.180068,9.071,1.37,-0.07800000000000001,100,1.3,3.2,1005.6340000000001,0.017598381148136166,291.2736048165794,9.173872737290397,188.58851533851328,True,14.685004386841614,19.649688612999544,2,2,20160910_flight07
2016-09-10 08:43:14,54.699655320000005,7.455519010000001,90.611,0.322,3.227,1005.6260000000001,18.631,1.1800959999999998,8.919,1.493,-0.007000000000000001,100,0.7,3.3,1005.6260000000001,0.017430131909466073,291.31320499395855,9.043097367605858,189.50294494743315,True,14.685468889116594,19.71538218778073,2,2,20160910_flight07
2016-09-10 08:43:15,54.69974475,7.454515689999999,90.73100000000001,-0.267,3.27,1005.61,18.66,1.1799579999999998,8.758,1.226,-0.08,100,0.4,3.3,1005.61,0.01743181188205578,291.3434842367565,8.84339527557148,187.96884043119394,True,14.685908151935495,19.78107141134507,2,2,20160910_flight07
2016-09-10 08:43:16,54.69983349,7.45351245,90.867,0.014000000000000002,3.138,1005.6030000000001,18.622,1.179771,9.077,0.9329999999999999,-0.094,100,0.2,3.2,1005.6030000000001,0.017718525897238324,291.30612493007357,9.124824272280536,185.86866643322958,True,14.68627216538224,19.846744379571813,2,2,20160910_flight07
2016-09-10 08:43:17,54.6999221,7.4525087800000005,90.9,0.028000000000000004,3.113,1005.6010000000001,18.574,1.17987,8.961,1.197,-0.1,100,0.2,3.2,1005.6010000000001,0.017798547795029762,291.2583672437667,9.040593453971924,187.608463809405,True,14.686617826708313,19.91244278485525,2,2,20160910_flight07
2016-09-10 08:43:18,54.70001018,7.45150482,90.88,-0.134,3.1,1005.599,18.559,1.179936,8.872,1.56,0.11599999999999999,100,0.2,3.1,1005.599,0.017791926143422065,291.24355684943913,9.008106571305648,189.97260840177,True,14.686902391258284,19.978151208768026,2,2,20160910_flight07
2016-09-10 08:43:19,54.70009744,7.45050071,90.8,-0.321,3.1,1005.604,18.597,1.1799979999999999,8.582,1.3880000000000001,-0.055999999999999994,100,0.6,3.1,1005.604,0.017610948280186722,291.28108200561127,8.69351873524179,189.18711388588497,True,14.687095230280564,20.043856007651065,2,2,20160910_flight07
2016-09-10 08:43:20,54.700183800000005,7.44949638,90.73,-0.627,3.1,1005.6060000000001,18.528,1.1800279999999999,9.242,1.45,0.084,100,0.7,3.1,1005.6060000000001,0.017827823938348475,291.2120265532597,9.355055531636358,188.91658790383082,True,14.68718687562115,20.109560373125856,2,2,20160910_flight07
2016-09-10 08:43:21,54.700269559999995,7.44849205,90.569,-0.45,3.116,1005.628,18.598000000000003,1.180169,8.963,1.382,0.12300000000000001,100,0.7,3.2,1005.628,0.017484297533064908,291.2800922209037,9.068919064585371,188.76537565503037,True,14.687212434213206,20.175255058045714,2,2,20160910_flight07
2016-09-10 08:43:22,54.70035358,7.447487489999999,90.426,-0.892,3.195,1005.6469999999999,18.599,1.1801929999999998,8.644,1.268,-0.025,100,1.0,3.2,1005.6469999999999,0.01747934241134108,291.2795166730353,8.736507311277201,188.34527585770707,True,14.687044183880522,20.240936397118233,2,2,20160910_flight07
2016-09-10 08:43:23,54.70043489,7.44648282,90.4,-0.836,3.178,1005.6469999999999,18.602999999999998,1.180088,8.381,1.4869999999999999,-0.061000000000000006,100,0.9,3.2,1005.6469999999999,0.01755592296143149,291.28351023622383,8.51189344388192,190.0610104932207,True,14.686576409959477,20.306581056063568,2,2,20160910_flight07
2016-09-10 08:43:24,54.700514590000004,7.44547818,90.4,-0.455,3.1,1005.64,18.554000000000002,1.179935,9.121,1.422,0.07,100,0.7,3.1,1005.64,0.017851732242822216,291.2351688674022,9.231182210313044,188.8613038933118,True,14.685931584663178,20.372197817841425,2,2,20160910_flight07
2016-09-10 08:43:25,54.70059424,7.44447357,90.37800000000001,0.615,3.182,1005.6460000000001,18.574,1.179883,8.329,0.927,0.09300000000000001,100,0.8,3.3,1005.6460000000001,0.017832878978887523,291.2546397342162,8.380427793376661,186.35076180842418,True,14.685281533531503,20.43781185189387,2,2,20160910_flight07
2016-09-10 08:43:26,54.70067344,7.443468739999999,90.3,0.35200000000000004,3.2709999999999995,1005.663,18.512,1.1802359999999998,9.096,1.834,0.26,100,0.5,3.3,1005.663,0.01776195803236913,291.1913316720038,9.279050166908249,191.39954409482655,True,14.684579853778517,20.503432712954282,2,2,20160910_flight07
2016-09-10 08:43:27,54.70075301,7.44246433,90.215,0.44,3.252,1005.672,18.559,1.180146,8.953,1.534,0.23900000000000002,100,0.5,3.3,1005.672,0.01768468807087853,291.2375104043171,9.083466573946314,189.72260494402332,True,14.683922867045796,20.569032649517094,2,2,20160910_flight07
2016-09-10 08:43:28,54.700833089999996,7.44146037,90.20800000000001,0.315,3.316,1005.681,18.615,1.1801719999999998,8.804,1.449,-0.162,100,0.4,3.4,1005.681,0.017476048030885094,291.2926743352982,8.922444564131515,189.3461958262807,True,14.68332627496954,20.63461199936633,2,2,20160910_flight07
2016-09-10 08:43:29,54.70091285,7.44045659,90.35700000000001,0.163,3.296,1005.648,18.622,1.1800709999999999,8.749,1.399,0.028000000000000004,100,0.3,3.3,1005.648,0.017505330049685464,291.3023968167371,8.860146838512328,189.08491312801533,True,14.682696124997884,20.700174660179062,2,2,20160910_flight07
2016-09-10 08:43:30,54.7009924,7.43945313,90.491,-0.113,3.2290000000000005,1005.6340000000001,18.593000000000004,1.180014,8.918,1.391,-0.13,100,0.2,3.3,1005.6340000000001,0.01764146050165505,291.2746032110678,9.025829878742453,188.86537144344857,True,14.682045846207922,20.765713441999118,2,2,20160910_flight07
2016-09-10 08:43:31,54.7010718,7.438449739999999,90.6,0.055,3.1710000000000003,1005.6110000000001,18.504,1.17993,9.095,1.34,0.029000000000000005,100,0.2,3.2,1005.6110000000001,0.01800118530520467,291.18765081843793,9.19318361613647,188.3813013778581,True,14.681379702319989,20.83124532131857,2,2,20160910_flight07
2016-09-10 08:43:32,54.70115106,7.43744647,90.6,-0.209,3.2,1005.6110000000001,18.496,1.180118,8.996,1.561,0.18,100,0.4,3.2,1005.6110000000001,0.017866931351581794,291.1796636102853,9.130429179397868,189.8440339458,True,14.68069926376972,20.896767257792337,2,2,20160910_flight07
2016-09-10 08:43:33,54.701229139999995,7.436443349999999,90.6,-0.33899999999999997,3.253,1005.615,18.581000000000003,1.180175,8.923,1.415,-0.09,100,0.4,3.3,1005.615,0.01752526210194505,291.2641963503252,9.034497993801315,189.01087171183627,True,14.679890261590367,20.962260550780034,2,2,20160910_flight07
2016-09-10 08:43:34,54.701306089999996,7.435440310000001,90.705,0.027999999999999997,3.119,1005.6010000000001,18.500999999999998,1.1803009999999998,9.347000000000001,1.7469999999999999,-0.025,100,0.3,3.2,1005.6010000000001,0.017681548461825125,291.1854837620895,9.508859973729765,190.58671241817865,True,14.678957546424323,21.02773048935663,2,2,20160910_flight07
2016-09-10 08:43:35,54.70138322,7.43443741,90.8,0.113,3.1740000000000004,1005.5980000000001,18.505,1.18024,9.336,1.77,0.043,100,0.3,3.2,1005.5980000000001,0.017717152515023482,291.18972582700917,9.502304773053746,190.73522009111213,True,14.678045970458038,21.093194367375506,2,2,20160910_flight07
2016-09-10 08:43:36,54.70146008,7.43343473,90.8,0.397,3.105,1005.5980000000001,18.578000000000003,1.180159,9.375,1.348,0.0019999999999999996,100,0.6,3.2,1005.5980000000001,0.01753231935741595,291.26260937087216,9.471416419944802,188.18228818402505,True,14.677106719017187,21.15863980172082,2,2,20160910_flight07
2016-09-10 08:43:37,54.70153651,7.432431790000001,90.8,0.258,3.073,1005.5980000000001,18.590000000000003,1.180192,8.588,1.4169999999999998,-0.17,100,0.4,3.1,1005.5980000000001,0.017462015081184168,291.27459022739765,8.704115865497196,189.36925520066796,True,14.67611766665298,21.224094947108835,2,2,20160910_flight07
2016-09-10 08:43:38,54.70161219,7.431428550000001,90.8,0.657,3.0639999999999996,1005.594,18.498,1.180123,9.18,1.335,-0.188,100,0.9,3.2,1005.594,0.017838431732130955,291.18306825354836,9.276563210586128,188.27422589528487,True,14.675043191907536,21.289557201926936,2,2,20160910_flight07
2016-09-10 08:43:39,54.70168938,7.430425199999999,90.79699999999998,0.8490000000000001,3.1180000000000003,1005.592,18.451999999999998,1.180129,9.432,1.604,0.043,100,0.9,3.2,1005.592,0.017991794630593194,291.1373071888876,9.567415533988267,189.65135151851717,True,14.674134003694098,21.35505086318648,2,2,20160910_flight07
2016-09-10 08:43:40,54.70176783,7.42942182,90.7,0.723,3.2,1005.599,18.527,1.1801719999999998,8.954,1.5930000000000002,0.14800000000000002,100,0.8,3.2,1005.599,0.017700037454019713,291.2116079077911,9.094600870846396,190.08790341510752,True,14.67336331625504,21.420566774623328,2,2,20160910_flight07
2016-09-10 08:43:41,54.70184570000001,7.42841855,90.7,0.298,3.2,1005.605,18.582,1.1802489999999999,8.755,1.591,0.040999999999999995,100,0.5,3.2,1005.605,0.01744785923144776,291.26602312268045,8.898387831511954,190.29966325875657,True,14.672529776741614,21.486066284478703,2,2,20160910_flight07
2016-09-10 08:43:42,54.701923210000004,7.42741537,90.7,0.40299999999999997,3.076,1005.599,18.591,1.1800609999999998,8.913,1.528,-0.213,100,0.5,3.2,1005.599,0.017572488738350822,291.2755057910871,9.043027866815406,189.727935397716,True,14.671657429363405,21.55155422296403,2,2,20160910_flight07
2016-09-10 08:43:43,54.70200152,7.42641201,90.76100000000001,0.556,3.029,1005.5980000000001,18.590000000000003,1.179756,8.738999999999999,1.163,-0.134,100,0.6,3.1,1005.5980000000001,0.017838036426763404,291.27459022739765,8.816047300236086,187.58047091890313,True,14.670871509279403,21.61706659492986,2,2,20160910_flight07
2016-09-10 08:43:44,54.702080480000006,7.425408149999999,90.72399999999999,0.815,3.0840000000000005,1005.604,18.457,1.179849,9.156,1.3719999999999999,0.15200000000000002,100,1.1,3.1,1005.604,0.01822807456434994,291.14130558466854,9.258224451805,188.52219737619816,True,14.670152493258813,21.682621471035873,2,2,20160910_flight07
2016-09-10 08:46:24,54.787568060000005,7.45537309,94.12100000000001,3.2969999999999997,3.5439999999999996,1005.128,18.605000000000004,1.179349,9.05,1.536,-0.10099999999999999,100,3.7,3.6,1005.128,0.017661089414726883,291.32851517712675,9.179422421917407,189.6326616194708,True,24.367211856182642,21.14313281517043,3,3,20160910_flight07
2016-09-10 08:46:25,54.787563490000004,7.4564011500000005,94.419,2.718,3.4539999999999997,1005.091,18.641000000000002,1.179302,9.308,1.268,-0.063,100,2.9,3.5,1005.091,0.017538629198929456,291.36753011392125,9.39397083240096,187.75747457237713,True,24.376351519164594,21.07722854988739,3,3,20160910_flight07
2016-09-10 08:46:26,54.78755554,7.457428190000001,94.745,1.9669999999999999,3.5,1005.059,18.683,1.179376,9.318,0.835,-0.11,100,2.6,3.5,1005.059,0.017295961220019862,291.4121226852066,9.355337994963088,185.12068349758295,True,24.385109326049424,21.011335065232217,3,3,20160910_flight07
2016-09-10 08:46:27,54.78754492,7.4584541,95.10600000000001,0.9359999999999999,3.5980000000000003,1005.008,18.621000000000002,1.179365,9.164,0.982,0.048,100,1.6,3.7,1005.008,0.017469989943665665,291.3544404821802,9.21646461502457,186.11638660891515,True,24.39356244770785,20.945470860240192,3,3,20160910_flight07
2016-09-10 08:46:28,54.78753287000001,7.45947877,95.551,0.596,3.5060000000000002,1004.961,18.744,1.179138,8.482000000000001,0.6459999999999999,-0.187,100,0.8,3.7,1004.961,0.017189464774575614,291.4811635067699,8.506564523942671,184.35531199306087,True,24.401846431635654,20.879662985102932,3,3,20160910_flight07
2016-09-10 08:46:29,54.787519599999996,7.46050256,96.04,0.309,3.5840000000000005,1004.9069999999999,18.618,1.178889,8.517999999999999,0.958,-0.11200000000000002,100,0.4,3.6,1004.9069999999999,0.017788985059331353,291.35981934706507,8.571702747995872,186.41696007241836,True,24.409987784929562,20.81389177586614,3,3,20160910_flight07
2016-09-10 08:46:30,54.78750626,7.46152582,96.463,-0.15,3.428,1004.863,18.539,1.178752,8.302999999999999,1.057,0.168,100,0.3,3.5,1004.863,0.01813838225162412,291.2845775505532,8.370009438465406,187.25492312627722,True,24.418116456797016,20.748153375116328,3,3,20160910_flight07
2016-09-10 08:46:31,54.78749331,7.462548890000001,96.624,-0.276,3.2689999999999997,1004.8259999999999,18.578,1.178757,8.577,1.3090000000000002,-0.023000000000000003,100,0.6,3.4,1004.8259999999999,0.017960469468362605,291.3265914167618,8.676313157096164,188.67737864175257,True,24.426286302882744,20.682433433138566,3,3,20160910_flight07
2016-09-10 08:46:32,54.78748125,7.46357232,96.6,-0.7879999999999999,3.1290000000000004,1004.8389999999999,18.547,1.179035,8.707,0.6809999999999999,0.004999999999999999,100,1.0,3.2,1004.8389999999999,0.01784177471337145,291.2945562452232,8.733590899509778,184.4721666029328,True,24.434557554379907,20.616704798502237,3,3,20160910_flight07
2016-09-10 08:46:33,54.787470809999995,7.4645964000000005,96.52,-1.285,3.158,1004.8489999999999,18.51,1.179088,8.555,0.645,0.145,100,1.5,3.2,1004.8489999999999,0.017935270608362863,291.25677831278676,8.579280272843404,184.3116297692784,True,24.44301333698052,20.550960679429515,3,3,20160910_flight07
2016-09-10 08:46:34,54.78746223,7.4656211,96.34800000000001,-1.6,3.082,1004.882,18.474,1.1790310000000002,9.04,1.125,0.10099999999999999,100,1.9,3.2,1004.882,0.018143584729802376,291.21809286195105,9.10973243295323,187.09381162490527,True,24.45167980398999,20.485206869155018,3,3,20160910_flight07
2016-09-10 08:46:35,54.787456709999994,7.4666472299999995,96.139,-1.777,3.008,1004.911,18.458,1.179239,8.879000000000001,0.963,0.008,100,2.0,3.1,1004.911,0.018049232512821867,291.19971168024085,8.931069924706671,186.18999913227992,True,24.46069672655797,20.419410861454413,3,3,20160910_flight07
2016-09-10 08:46:36,54.78745433,7.46767466,95.881,-0.6970000000000001,3.022,1004.927,18.485,1.179447,9.076,0.7490000000000001,0.095,100,1.2,3.2,1004.927,0.017791664570165455,291.2253477497972,9.10685329847802,184.71766338016127,True,24.47007169687725,20.353582271455668,3,3,20160910_flight07
2016-09-10 08:46:37,54.787454,7.4687030100000005,95.64,0.332,3.2,1004.9760000000001,18.506,1.179507,9.195,0.73,0.0030000000000000005,100,0.9,3.2,1004.9760000000001,0.01771623204901629,291.24225686414604,9.223932187521763,184.53924683470552,True,24.47968109302002,20.287727845640216,3,3,20160910_flight07
2016-09-10 08:46:38,54.787454,7.4697317199999995,95.6,1.162,3.241,1004.966,18.511,1.1794660000000001,9.217,0.6559999999999999,-0.114,100,1.8,3.3,1004.966,0.017724034926123844,291.2480786192628,9.240315200251558,184.0710381511784,True,24.48933021361156,20.22185569198192,3,3,20160910_flight07
2016-09-10 08:46:39,54.78745369999999,7.47076026,95.615,2.36,3.279,1004.9680000000001,18.523,1.179329,9.243,1.167,0.07300000000000001,100,2.6,3.4,1004.9680000000001,0.01780241115292802,291.25989585287533,9.316380091001012,187.19595808542172,True,24.498944696258853,20.15598958378274,3,3,20160910_flight07
2016-09-10 08:46:40,54.78745116,7.47178842,95.57799999999999,2.897,3.3,1004.9839999999999,18.453999999999997,1.179486,9.524,1.339,0.15200000000000002,100,3.1,3.3,1004.9839999999999,0.017923941336607463,291.1896676900638,9.617665881075304,188.00288532518897,True,24.508308890718546,20.090111667669003,3,3,20160910_flight07
2016-09-10 08:46:41,54.787445840000004,7.47281609,95.45100000000001,3.162,3.282,1004.992,18.543,1.1794769999999999,9.529,1.1059999999999999,0.030999999999999996,100,3.4,3.3,1004.992,0.01762922265308653,291.2778780955313,9.592970186548063,186.62051122283714,True,24.517362287134944,20.024220274853047,3,3,20160910_flight07
2016-09-10 08:46:42,54.787436559999996,7.47384285,95.352,3.429,3.1240000000000006,1005.0,18.606,1.179344,9.491,1.254,0.046000000000000006,100,3.5,3.2,1005.0,0.017532319710244826,291.3401251640428,9.573484057541434,187.52661917190935,True,24.52597097537908,19.958323261083375,3,3,20160910_flight07
2016-09-10 08:46:43,54.78742279,7.47486882,95.155,3.2539999999999996,3.1290000000000004,1005.0210000000001,18.592,1.179413,9.13,1.123,0.175,100,3.4,3.2,1005.0210000000001,0.017542878054233046,291.32440414348565,9.198805846412892,187.01222192307722,True,24.53407770440579,19.8924043911541,3,3,20160910_flight07
2016-09-10 08:46:44,54.787404450000004,7.47589385,94.94,2.714,3.015,1005.035,18.655,1.179324,8.882,0.9940000000000001,-0.182,100,2.9,3.2,1005.035,0.01741413971696848,291.3861530904736,8.937447062780288,186.3855005128312,True,24.541672255673404,19.826471979386195,3,3,20160910_flight07
2016-09-10 08:46:45,54.787382550000004,7.476918510000001,94.75200000000001,2.9989999999999997,3.053,1005.0790000000001,18.569000000000003,1.179445,8.881,1.331,0.008,100,3.2,3.1,1005.0790000000001,0.01765422031593311,291.29662927636963,8.980184964687533,188.52350950536447,True,24.548871221706527,19.76050582214554,3,3,20160910_flight07
2016-09-10 08:46:46,54.78735703,7.4779429,94.516,3.64,2.957,1005.099,18.591,1.1794280000000001,8.948,0.973,0.019,100,3.8,3.0,1005.099,0.017612395792425684,291.31693952268506,9.000746246839759,186.20592423036283,True,24.555668931813237,19.694498548002297,3,3,20160910_flight07
2016-09-10 08:46:47,54.78732662,7.478966349999999,94.274,4.04,3.033,1005.1340000000001,18.724,1.179402,8.562000000000001,0.505,-0.142,100,4.2,3.1,1005.1340000000001,0.017206537660608978,291.4468436538239,8.576879910550224,183.37548306477385,True,24.561919217896033,19.628472569057923,3,3,20160910_flight07
2016-09-10 08:46:48,54.78729021,7.47998819,94.2,4.29,2.9789999999999996,1005.155,18.656000000000002,1.179489,8.398,0.594,-0.0029999999999999966,100,4.4,3.2,1005.155,0.017389787066703688,291.37720211170995,8.41898093595656,184.04585700841687,True,24.567493534989843,19.56245287889501,3,3,20160910_flight07
2016-09-10 08:46:49,54.78724821,7.4810083899999995,94.12799999999999,3.7439999999999998,3.3569999999999998,1005.153,18.555,1.179379,8.705,0.518,-0.063,100,4.1,3.4,1005.153,0.01783494729938817,291.2765162832071,8.720398442731845,183.40542871686006,True,24.572436760976778,19.496448013571847,3,3,20160910_flight07
2016-09-10 08:46:50,54.78720174,7.48202667,94.27,4.466,3.343,1005.1390000000001,18.607,1.179264,8.837,0.731,0.0019999999999999987,100,4.7,3.4,1005.1390000000001,0.017738602559133287,291.3296004101357,8.867182754404016,184.7287625035728,True,24.576869631433325,19.430493972905722,3,3,20160910_flight07
2016-09-10 08:46:51,54.78714952999999,7.48304222,94.45800000000001,4.331,3.4,1005.109,18.604,1.179271,8.962,0.997,0.07100000000000001,100,4.5,3.4,1005.109,0.017712650179805056,291.32909165520164,9.01728634346276,186.34791023921503,True,24.580644665085565,19.36462213372237,3,3,20160910_flight07
2016-09-10 08:46:52,54.78709194,7.484055130000001,94.633,3.778,3.3930000000000002,1005.092,18.567,1.1793420000000001,9.005,0.917,0.068,100,4.0,3.4,1005.092,0.017763240513953837,291.29355462055565,9.051569698124188,185.81451866271104,True,24.583802358168505,19.2988325413179,3,3,20160910_flight07
2016-09-10 08:46:53,54.78702936,7.485065489999999,94.814,3.483,3.3,1005.067,18.554000000000002,1.179352,8.931000000000001,0.9690000000000001,0.026999999999999996,100,3.7,3.3,1005.067,0.017774651544219422,291.28264562894765,8.983413716399797,186.19228292246112,True,24.58638651124847,19.23312572501557,3,3,20160910_flight07
2016-09-10 08:46:54,54.78696204,7.4860734,94.96799999999999,3.3709999999999996,3.3,1005.054,18.536,1.179413,9.053,1.078,0.028000000000000004,100,3.4,3.3,1005.054,0.017771650909625514,291.2657491007113,9.116956345184505,186.79060898165858,True,24.588425598454926,19.167499315005404,3,3,20160910_flight07
2016-09-10 08:46:55,54.78689038,7.487079220000001,95.0,2.7760000000000002,3.2430000000000003,1005.051,18.573,1.179485,9.111,1.016,0.125,100,3.2,3.3,1005.051,0.017577406291183317,291.3029444737736,9.167473861429878,186.36296787822744,True,24.589967054356173,19.1019367128426,3,3,20160910_flight07
2016-09-10 08:46:56,54.78681509,7.48808327,95.068,1.838,3.153,1005.044,18.635,1.1793909999999999,8.991,0.715,-0.335,100,2.1,3.2,1005.044,0.017435185704115508,291.3654355827482,9.019385012294352,184.54681908289038,True,24.59109208314566,19.03642888305181,3,3,20160910_flight07
2016-09-10 08:46:57,54.786737009999996,7.48908598,95.294,1.3730000000000002,3.0189999999999997,1005.015,18.608,1.179388,8.772,0.396,-0.155,100,1.5,3.1,1005.015,0.017502569597423134,291.34087868563074,8.780933891107484,182.58478504529393,True,24.59189723959564,18.97096184389945,3,3,20160910_flight07
2016-09-10 08:46:58,54.78665708,7.4900879499999995,95.4,1.092,3.258,1005.0089999999999,18.496,1.179267,9.232999999999999,1.054,0.145,100,1.3,3.3,1005.0089999999999,0.017991682837819045,291.22953606727776,9.29296535019904,186.51245100059367,True,24.592491687505103,18.905512341341133,3,3,20160910_flight07
2016-09-10 08:46:59,54.78657706,7.49108971,95.4,0.7829999999999999,3.233,1005.002,18.642,1.179101,8.988,0.97,0.079,100,0.9,3.3,1005.002,0.0176184827680419,291.3759080112106,9.040190484718782,186.15961636085848,True,24.593074252639077,18.840074833785987,3,3,20160910_flight07
2016-09-10 08:47:00,54.78649617,7.49209103,95.389,0.621,3.1,1005.0139999999999,18.62,1.179251,9.068999999999999,0.809,0.05,100,0.7,3.1,1005.0139999999999,0.017577912903248505,291.3529444406126,9.10501191652158,185.09757629815928,True,24.593556864866507,18.774651464274154,3,3,20160910_flight07
2016-09-10 08:47:01,54.786414269999995,7.493092000000001,95.3,0.677,3.013,1005.0110000000001,18.632,1.179229,9.006,0.765,-0.03,100,0.8,3.1,1005.0110000000001,0.017552009368522636,291.3651760322154,9.038432441524359,184.85524157993302,True,24.593924948130272,18.709234210972387,3,3,20160910_flight07
2016-09-10 08:47:02,54.78633167,7.49409276,95.223,0.7120000000000001,3.079,1005.033,18.647000000000002,1.179331,8.75,0.632,0.05600000000000001,100,0.8,3.1,1005.033,0.01743396969417277,291.3783304069513,8.772794537660163,184.13121812817587,True,24.594213960427275,18.64381911077678,3,3,20160910_flight07
2016-09-10 08:47:03,54.7862485,7.49509343,95.1,0.512,3.04,1005.055,18.727,1.179263,8.561,0.43,-0.006999999999999999,100,0.7,3.1,1005.055,0.017236022178968913,291.456390977316,8.571792169669072,182.87542320084265,True,24.594439346129064,18.578400577090957,3,3,20160910_flight07
2016-09-10 08:47:04,54.78616473,7.496094,95.00200000000001,0.7929999999999999,3.1,1005.059,18.669,1.179098,8.506,0.433,-0.11599999999999999,100,0.9,3.1,1005.059,0.017584628818567927,291.3981428758033,8.517013854632385,182.91414015687837,True,24.59459770710211,18.512978766224936,3,3,20160910_flight07
2016-09-10 08:47:05,54.7860803,7.497094,95.07799999999999,0.705,3.1860000000000004,1005.064,18.546000000000003,1.178888,8.877,0.7759999999999999,-0.015,100,0.8,3.3,1005.064,0.0182001238142826,291.27490583882167,8.910853213918408,184.99592060541818,True,24.59467802615226,18.44758280598322,3,3,20160910_flight07
2016-09-10 08:47:06,54.78599577,7.498094,95.13,0.948,3.182,1005.055,18.637,1.1787590000000001,8.28,0.779,-0.137,100,1.0,3.3,1005.055,0.01798485474941791,291.36652067171485,8.316564254546465,185.37468806195,True,24.59474733074446,18.38218523231563,3,3,20160910_flight07
2016-09-10 08:47:07,54.785909849999996,7.499094,95.2,0.431,3.0940000000000003,1005.0369999999999,18.601,1.1788610000000002,8.221,0.515,-0.1,100,0.8,3.1,1005.0369999999999,0.01800414341774803,291.33206479324093,8.237115150342381,183.5845783095623,True,24.594663534372742,18.316765232029486,3,3,20160910_flight07
2016-09-10 08:47:08,54.78582313,7.50009305,95.29899999999999,0.272,3.012,1005.025,18.617,1.178819,7.841,0.46399999999999997,-0.049,100,0.5,3.1,1005.025,0.01797243158853923,291.34903672112614,7.854716863133897,183.3865928508857,True,24.594482711504433,18.251393156394702,3,3,20160910_flight07
2016-09-10 08:47:09,54.78573635,7.50109248,95.149,-0.066,3.1140000000000003,1005.049,18.498,1.178886,8.468,1.15,0.17600000000000002,100,0.9,3.2,1005.049,0.01835423029033323,291.22821821267235,8.545731332074512,187.73376213917274,True,24.59429884429546,18.185995779881463,3,3,20160910_flight07
2016-09-10 08:47:10,54.785651539999996,7.50209334,94.96799999999999,-0.7440000000000001,3.164,1005.085,18.51,1.1790690000000001,8.905,0.998,0.04100000000000001,100,0.9,3.2,1005.085,0.018190751342757716,291.2372174640699,8.960749354825186,186.3945621006941,True,24.59434537505573,18.120538619601053,3,3,20160910_flight07
2016-09-10 08:47:11,54.785568409999996,7.50309504,94.881,1.001,3.029,1005.0980000000001,18.571,1.179216,8.402999999999999,1.0190000000000001,-0.032,100,1.9,3.1,1005.0980000000001,0.017864108601935547,291.2970514820475,8.464559645959143,186.91428153641033,True,24.59458482776158,18.055054776528415,3,3,20160910_flight07
2016-09-10 08:47:12,54.78548378000001,7.5040964,94.755,1.857,3.072,1005.109,18.519000000000002,1.179344,8.777000000000001,0.728,-0.039,100,2.1,3.1,1005.109,0.01794622478196728,291.2442154485663,8.807139887613914,184.74149098312046,True,24.59465587446047,17.989568503542273,3,3,20160910_flight07
2016-09-10 08:47:13,54.785397689999996,7.5050973899999995,94.7,2.171,3.17,1005.1110000000001,18.495,1.179232,8.751,0.909,0.075,100,2.3,3.2,1005.1110000000001,0.018128708845786656,291.2200846709367,8.798083995961848,185.9302650867838,True,24.5945626395372,17.924082367024813,3,3,20160910_flight07
2016-09-10 08:47:14,54.78530974,7.50609766,94.7,2.699,3.122,1005.1190000000001,18.528,1.179366,8.717,0.636,0.07600000000000001,100,3.2,3.2,1005.1190000000001,0.01790595403369033,291.2523735962607,8.740170764922158,184.17295641567637,True,24.594257782225633,17.858612325084092,3,3,20160910_flight07
2016-09-10 08:47:15,54.78521836,7.507095870000001,94.611,3.818,3.1,1005.1210000000001,18.625999999999998,1.179254,8.521,1.004,0.16,100,4.1,3.1,1005.1210000000001,0.01766273419837905,291.3500647879746,8.579945046444063,186.71998007028904,True,24.59355580656875,17.7932188521529,3,3,20160910_flight07
2016-09-10 08:47:16,54.785122220000005,7.508091970000001,94.48299999999999,3.7509999999999994,3.1719999999999997,1005.1569999999999,18.499000000000002,1.1792799999999999,8.972000000000001,1.291,0.134,100,4.1,3.2,1005.1569999999999,0.018119898203397655,291.22026709370675,9.064406489119959,188.18820711102686,True,24.59230975128736,17.727883691355636,3,3,20160910_flight07
2016-09-10 08:47:17,54.785021740000005,7.50908591,94.32799999999999,3.2319999999999998,3.048,1005.1669999999999,18.603,1.179219,8.36,0.7090000000000001,0.026999999999999996,100,3.4,3.1,1005.1669999999999,0.017819746745830756,291.32328530357796,8.39001078664384,184.84757570276287,True,24.590565408112155,17.662616820767784,3,3,20160910_flight07
2016-09-10 08:47:18,54.78491604,7.51007719,94.21700000000001,3.1660000000000004,3.049,1005.192,18.6,1.179432,8.477,0.525,-0.05600000000000001,100,3.3,3.1,1005.192,0.017671707680098958,291.3182175224875,8.493241666171993,183.54393226161216,True,24.58822115990121,17.59743605911461,3,3,20160910_flight07
2016-09-10 08:47:19,54.78480606,7.51106639,94.12100000000001,3.0580000000000003,3.22,1005.205,18.561,1.179214,8.713,1.1179999999999999,0.064,100,3.2,3.3,1005.205,0.018009090842328268,291.2781978678661,8.784434700081729,187.31189723524187,True,24.58538598285856,17.532319433026853,3,3,20160910_flight07
2016-09-10 08:47:20,54.784693,7.512053979999999,94.1,2.602,3.26,1005.215,18.576,1.179218,8.965,0.919,-0.037000000000000005,100,3.0,3.3,1005.215,0.017963420571022626,291.2923468334969,9.01198013757243,185.85293239121282,True,24.582196458994652,17.467256207753795,3,3,20160910_flight07
2016-09-10 08:47:21,54.784576740000006,7.51303948,94.19200000000001,1.9780000000000002,3.117,1005.201,18.533,1.17925,8.789,0.698,0.098,100,2.1,3.2,1005.201,0.018071682385682797,291.250570876403,8.816673125391459,184.5407545368917,True,24.578634868645757,17.40227518338218,3,3,20160910_flight07
2016-09-10 08:47:22,54.78445713,7.5140226,94.2,1.8090000000000002,3.2,1005.203,18.524,1.179249,8.619,0.696,0.109,100,1.9,3.2,1005.203,0.018105985400289182,291.2414184911615,8.647055972988726,184.61672129196958,True,24.574681969972715,17.337392509559006,3,3,20160910_flight07
2016-09-10 08:47:23,54.78433502,7.515003920000001,94.19200000000001,1.463,3.2739999999999996,1005.203,18.54,1.179202,8.763,0.988,0.163,100,1.6,3.3,1005.203,0.01809071637817139,291.25739476157247,8.818521021123667,186.4327488697952,True,24.570436826168297,17.272584760831727,3,3,20160910_flight07
2016-09-10 08:47:24,54.78421159,7.51598416,94.179,1.5730000000000002,3.247,1005.1990000000001,18.557000000000002,1.179288,8.692,0.778,-0.036000000000000004,100,1.7,3.3,1005.1990000000001,0.017953093382284457,291.2747010428524,8.726748993754777,185.11477718547332,True,24.56603616130841,17.20782487132845,3,3,20160910_flight07
2016-09-10 08:47:25,54.78408623,7.51696301,94.242,1.348,3.1660000000000004,1005.19,18.579,1.179174,8.575,0.86,-0.10400000000000001,100,1.4,3.2,1005.19,0.017965618742571632,291.2974143635511,8.6180174634309,185.72713157934288,True,24.561409879455034,17.143122849612773,3,3,20160910_flight07
2016-09-10 08:47:26,54.78395931,7.51794099,94.29799999999999,1.037,3.142,1005.19,18.479,1.1792360000000002,8.994,1.109,0.036000000000000004,100,1.4,3.2,1005.19,0.0182611412708773,291.1975623041523,9.06211437800252,187.02934179471208,True,24.556603611611003,17.078451367812647,3,3,20160910_flight07
2016-09-10 08:47:27,54.783831469999996,7.51891852,94.281,0.862,3.0740000000000003,1005.19,18.476,1.179319,8.781,1.087,0.040999999999999995,100,0.9,3.2,1005.19,0.01819995072507652,291.19456674237034,8.848024073204142,187.0567449680409,True,24.55169178983281,17.013793857680312,3,3,20160910_flight07
2016-09-10 08:47:28,54.783702569999996,7.51989563,94.2,0.531,3.153,1005.21,18.496,1.1795579999999999,8.948,0.612,0.032,100,0.7,3.2,1005.21,0.017944087950379828,291.2128800288888,8.968904503895669,183.91266128059914,True,24.546659275275324,16.94914613940748,3,3,20160910_flight07
2016-09-10 08:47:29,54.78357307,7.5208721800000005,94.171,0.7,3.1,1005.203,18.558,1.179554,8.672,0.612,-0.17,100,1.0,3.1,1005.203,0.017724096816974733,291.27536806578485,8.693568197236392,184.03678249357552,True,24.54155542126925,16.88452459947706,3,3,20160910_flight07
2016-09-10 08:47:30,54.783442629999996,7.521848189999999,94.259,1.087,3.135,1005.2,18.508,1.1794580000000001,8.431000000000001,1.016,0.067,100,1.1,3.2,1005.2,0.01797838099434923,291.22569079930514,8.49199723268914,186.8714450143584,True,24.536342966252143,16.819922471566304,3,3,20160910_flight07
2016-09-10 08:47:31,54.783310869999994,7.5228234899999995,94.228,1.331,3.137,1005.211,18.609,1.1794,8.439,0.9790000000000001,-0.091,100,1.4,3.2,1005.211,0.017687162060054495,291.32562932668844,8.495596624134176,186.61724704104532,True,24.530978460715907,16.755344510393872,3,3,20160910_flight07
2016-09-10 08:47:32,54.78317773,7.52379821,94.2,1.479,3.1,1005.195,18.563000000000002,1.179341,8.87,1.561,0.111,100,1.7,3.1,1005.195,0.017882359242150647,291.2810236535579,9.00631006572614,189.98107743513282,True,24.525456515363445,16.690781423517603,3,3,20160910_flight07
2016-09-10 08:47:33,54.78304312,7.52477263,94.07600000000001,0.743,3.111,1005.2090000000001,18.588,1.179265,8.399,1.6059999999999999,-0.1,100,1.0,3.2,1005.2090000000001,0.017874903683508858,291.30482628219187,8.551165826950147,190.82504364351303,True,24.519769843533112,16.626213829405597,3,3,20160910_flight07
2016-09-10 08:47:34,54.782906940000004,7.52574662,93.91300000000001,0.337,2.9130000000000003,1005.2539999999999,18.52,1.179475,8.11,1.2590000000000001,-0.091,100,0.4,3.0,1005.2539999999999,0.01797651064423955,291.23319856023085,8.207142072609685,188.8241857033062,True,24.513906211389568,16.56164843901894,3,3,20160910_flight07
2016-09-10 08:47:35,54.782770039999996,7.52672108,93.68299999999999,-0.35100000000000003,3.028,1005.288,18.537,1.179641,8.642000000000001,1.093,-0.012,100,1.1,3.1,1005.288,0.0178083626470924,291.24735584799373,8.710844562957144,187.2082321913747,True,24.507967683666735,16.49704133610628,3,3,20160910_flight07
2016-09-10 08:47:36,54.78263477,7.52769723,93.505,-1.545,3.1390000000000002,1005.297,18.53,1.179743,8.93,1.162,0.08900000000000001,100,1.7,3.2,1005.297,0.01775389912980785,291.2396206936187,9.00528422649724,187.41385243691252,True,24.50222454351362,16.432352315005485,3,3,20160910_flight07
2016-09-10 08:47:37,54.78250217,7.528675150000001,93.462,-1.102,3.137,1005.302,18.554000000000002,1.179743,8.649,0.9560000000000001,-0.151,100,1.4,3.2,1005.302,0.017675224781284582,291.2631701473609,8.701674379106587,186.3074708327052,True,24.496792091675403,16.367593032644912,3,3,20160910_flight07
2016-09-10 08:47:38,54.78237094,7.529653990000001,93.50200000000001,-1.0590000000000002,3.162,1005.3,18.526,1.1797399999999998,9.157,1.261,-0.132,100,1.4,3.2,1005.3,0.017773481789756573,291.2353781697805,9.243417657987765,187.840820735772,True,24.491519167349097,16.302796943172478,3,3,20160910_flight07
2016-09-10 08:47:39,54.78224236,7.53063462,93.63600000000001,-1.5590000000000002,3.2880000000000003,1005.284,18.592,1.179605,9.181000000000001,1.588,-0.053000000000000005,100,1.7,3.3,1005.284,0.017643489774462395,291.3026044471402,9.317322845109533,189.81312481691705,True,24.486554916043232,16.23792898908036,3,3,20160910_flight07
2016-09-10 08:47:40,54.78211662,7.53161697,93.779,-1.6119999999999999,3.225,1005.2410000000001,18.572,1.179641,8.949,1.528,0.008000000000000002,100,1.8,3.3,1005.2410000000001,0.017638669157822306,291.2861980323689,9.078512267987525,189.68954523384184,True,24.481919608640062,16.1729967182396,3,3,20160910_flight07
2016-09-10 08:47:41,54.78199281,7.53260047,93.8,-1.632,3.1540000000000004,1005.2739999999999,18.5,1.179731,8.903,1.38,-0.065,100,1.8,3.2,1005.2739999999999,0.01784565420369355,291.2115714995725,9.009317898709092,188.81095294587072,True,24.477507667072977,16.108021947710142,3,3,20160910_flight07
2016-09-10 08:47:42,54.78187141,7.53358566,93.8,-1.572,3.237,1005.271,18.531000000000002,1.179667,8.982000000000001,1.531,0.02,100,1.7,3.3,1005.271,0.01778965461101567,291.24277347380155,9.111546795138574,189.67321454939906,True,24.47337702584514,16.042977843713572,3,3,20160910_flight07
2016-09-10 08:47:43,54.78175311,7.53457289,93.8,-1.5390000000000001,3.272,1005.257,18.591,1.179504,8.92,1.4140000000000001,0.066,100,1.6,3.3,1005.257,0.0177067838730538,291.3038435993772,9.0313784108518,189.00758679193018,True,24.46960696765383,15.977853127077026,3,3,20160910_flight07
2016-09-10 08:47:44,54.781637499999995,7.5355617299999995,93.8,-1.406,3.2260000000000004,1005.2669999999999,18.566000000000003,1.1795010000000001,9.341000000000001,1.58,0.154,100,1.5,3.3,1005.2669999999999,0.017806714577646376,291.27805236456123,9.47368360248536,189.60052541329108,True,24.46614829989783,15.912668717265175,3,3,20160910_flight07
2016-09-10 08:47:45,54.781524440000005,7.53655205,93.8,-1.345,3.255,1005.2660000000001,18.627,1.1794419999999999,8.987,1.324,0.077,100,1.5,3.3,1005.2660000000001,0.01764381952230476,291.3390436728645,9.084004898721709,188.38075250807123,True,24.46298438295991,15.847430679868852,3,3,20160910_flight07
2016-09-10 08:47:46,54.78141347,7.537543520000001,93.8,-0.965,3.155,1005.26,18.608,1.179474,9.087,1.493,-0.08200000000000002,100,1.2,3.2,1005.26,0.017676405661424033,291.3205694802441,9.208833693796407,189.33037286426674,True,24.460061454988136,15.782152724264733,3,3,20160910_flight07
2016-09-10 08:47:47,54.7813042,7.53853625,93.8,-0.888,3.198,1005.262,18.645,1.179422,9.093,1.36,0.121,100,1.0,3.2,1005.262,0.017594250499969766,291.3573482221698,9.194142102447623,188.50642245457985,True,24.457337591381297,15.71682151438091,3,3,20160910_flight07
2016-09-10 08:47:48,54.78119684,7.539530119999999,93.803,-0.6759999999999999,3.28,1005.2739999999999,18.689,1.179386,8.927,1.305,-0.085,100,0.9,3.3,1005.2739999999999,0.017484032267881977,291.400287381669,9.021881954448306,188.3169142785996,True,24.454834796919762,15.651448122460533,3,3,20160910_flight07
2016-09-10 08:47:49,54.781090739999996,7.54052457,93.92300000000002,-0.059000000000000004,3.2060000000000004,1005.271,18.665,1.179288,8.942,1.6380000000000001,-0.09699999999999999,100,0.3,3.3,1005.271,0.017649238054233907,291.3765721499083,9.090786984634498,190.38038544047308,True,24.45247622492554,15.586057920133054,3,3,20160910_flight07
2016-09-10 08:47:50,54.78098513,7.5415195200000005,94.0,0.052000000000000005,3.2,1005.258,18.612000000000002,1.179394,8.86,1.641,0.063,100,0.2,3.2,1005.258,0.017729458219733818,291.32472924900964,9.010687043727575,190.4930979902299,True,24.450176313688125,15.520643606719585,3,3,20160910_flight07
2016-09-10 08:47:51,54.78088006,7.5425149,94.0,0.337,3.272,1005.2560000000001,18.613000000000003,1.179516,8.662,1.253,0.048,100,0.9,3.3,1005.2560000000001,0.017618679725294406,291.3258935172124,8.752157048408124,188.23101584986875,True,24.447939913848273,15.455210471295269,3,3,20160910_flight07
2016-09-10 08:47:52,54.780774810000004,7.543510159999999,93.973,1.219,3.207,1005.255,18.608,1.1793850000000001,8.61,1.547,0.281,100,1.4,3.3,1005.255,0.017748140497044984,291.32098389019444,8.747874541853008,190.18592468091583,True,24.445682562405167,15.38978211575385,3,3,20160910_flight07
2016-09-10 08:47:53,54.780668150000004,7.544504849999999,93.865,1.329,3.1710000000000003,1005.2660000000001,18.689,1.17932,8.463,1.442,-0.034,100,1.5,3.3,1005.2660000000001,0.017532877585346718,291.4009506110663,8.584971345322009,189.66969208631878,True,24.443264560605684,15.32436751014325,3,3,20160910_flight07
2016-09-10 08:47:54,54.780559919999995,7.54549916,93.744,1.3769999999999998,3.075,1005.279,18.623,1.179403,8.591000000000001,1.7,0.14200000000000002,100,1.5,3.2,1005.279,0.01770458285563592,291.3339721762616,8.757584198853015,191.1931726773965,True,24.440670067483545,15.258951906570488,3,3,20160910_flight07
2016-09-10 08:47:55,54.780450300000005,7.54649325,93.54,1.344,3.1090000000000004,1005.307,18.616,1.1795090000000001,9.24,1.6019999999999999,0.016,100,1.5,3.2,1005.307,0.017665882501296304,291.3246620551251,9.377846447879172,189.83597193671636,True,24.43792040983812,15.193527963803465,3,3,20160910_flight07
2016-09-10 08:47:56,54.78033955,7.547487180000001,93.399,1.222,3.103,1005.3330000000001,18.601000000000003,1.179489,9.093,1.713,0.025,100,1.3,3.2,1005.3330000000001,0.01776178284366825,291.3075300370183,9.252946449645108,190.66872452502923,True,24.435044788045452,15.128096034723836,3,3,20160910_flight07
2016-09-10 08:47:57,54.780227169999996,7.548480570000001,93.28,0.9890000000000001,3.1890000000000005,1005.334,18.583000000000002,1.179476,9.158999999999999,1.88,0.11800000000000001,100,1.1,3.2,1005.334,0.017836809743276616,291.28947453070793,9.349956203105979,191.59956362760562,True,24.4319845654843,15.062672385026055,3,3,20160910_flight07
2016-09-10 08:47:58,54.7801135,7.5494733599999995,93.13799999999999,0.899,3.2140000000000004,1005.3639999999999,18.709,1.179618,8.945,1.575,0.159,100,1.0,3.3,1005.3639999999999,0.017305278116227507,291.4127959419325,9.082601499570483,189.98605399875638,True,24.428776628522463,14.997266342382602,3,3,20160910_flight07
2016-09-10 08:47:59,54.77999844,7.55046535,93.03699999999999,0.778,3.1830000000000003,1005.378,18.703999999999997,1.179756,8.892999999999999,1.449,-0.07100000000000001,100,0.9,3.2,1005.378,0.017217871677756902,291.4066430249559,9.010274690596285,189.25428655532363,True,24.425408086736077,14.931889100116384,3,3,20160910_flight07
2016-09-10 08:48:00,54.77988255,7.55145704,93.086,0.354,3.1519999999999997,1005.38,18.697,1.1795520000000002,9.061,1.319,-0.175,100,0.8,3.2,1005.38,0.01742022278954658,291.3994879658551,9.156499440288302,188.2823102263615,True,24.421945311002254,14.866517676539566,3,3,20160910_flight07
2016-09-10 08:48:01,54.77976687,7.55244905,93.185,-1.091,3.1690000000000005,1005.3459999999999,18.665,1.179468,8.783999999999999,1.386,-0.01,100,1.4,3.2,1005.3459999999999,0.017569845319304722,291.37035519183183,8.892674063519925,188.96659738420067,True,24.41850866717369,14.80112915035851,3,3,20160910_flight07
2016-09-10 08:48:02,54.77965251,7.5534417099999995,93.314,-0.914,3.2979999999999996,1005.3359999999999,18.677,1.179392,8.81,1.5119999999999998,-0.09700000000000002,100,1.1,3.3,1005.3359999999999,0.017583450252442123,291.38316583454093,8.938805513042556,189.73840876080686,True,24.415223511074693,14.73572029946374,3,3,20160910_flight07
2016-09-10 08:48:03,54.77953969,7.55443525,93.485,-0.595,3.2859999999999996,1005.312,18.683,1.179526,8.839,1.754,-0.069,100,0.8,3.3,1005.312,0.017422639771782267,291.3911462191037,9.011350453733336,191.22389347829093,True,24.412116231873675,14.670279945630783,3,3,20160910_flight07
2016-09-10 08:48:04,54.779428319999994,7.55542967,93.624,-0.419,3.319,1005.297,18.838,1.179581,8.349,1.5719999999999998,-0.026000000000000002,100,0.6,3.4,1005.297,0.01681996150180942,291.5471556743292,8.495703914332232,190.66315531731897,True,24.40917691655693,14.60480663677631,3,3,20160910_flight07
2016-09-10 08:48:05,54.77931714,7.55642554,93.71799999999999,-0.01,3.252,1005.297,18.874,1.179576,8.048,1.046,-0.115,100,0.3,3.3,1005.297,0.016698920016056107,291.58310132142526,8.115689742714416,187.40523189625137,True,24.406272129459218,14.539243544501012,3,3,20160910_flight07
2016-09-10 08:48:06,54.77920561,7.55742184,93.874,0.33899999999999997,3.2140000000000004,1005.286,18.759,1.179128,8.171,1.092,0.257,100,0.6,3.4,1005.286,0.017474762301258773,291.4691870828277,8.243646341273987,187.61209633057234,True,24.403332825082558,14.473647270724967,3,3,20160910_flight07
2016-09-10 08:48:07,54.77909511,7.5584164099999995,93.9,-0.133,3.44,1005.289,18.73,1.1790610000000001,8.256,1.298,0.203,100,0.3,3.5,1005.289,0.017636714895886474,291.4399820360981,8.357412278929406,188.9348471467007,True,24.400490742523665,14.408178393613305,3,3,20160910_flight07
2016-09-10 08:48:08,54.778985750000004,7.55941108,93.964,0.237,3.32,1005.2719999999999,18.686,1.179187,8.138,1.12,-0.022000000000000002,100,0.5,3.4,1005.2719999999999,0.01766417980827306,291.3974576964855,8.214709002758406,187.8361590201539,True,24.397775162766806,14.342721506181167,3,3,20160910_flight07
2016-09-10 08:48:09,54.7788761,7.56040522,94.14,0.609,3.267,1005.2330000000001,18.602,1.179305,8.475,1.12,-0.159,100,0.7,3.3,1005.2330000000001,0.017815837482713093,291.3168162751995,8.548685571478225,187.5282083739997,True,24.39502266977349,14.277293877698913,3,3,20160910_flight07
2016-09-10 08:48:10,54.77876636,7.56139915,94.35600000000001,1.199,3.3109999999999995,1005.215,18.606,1.1792310000000001,8.715,1.663,0.036000000000000004,100,1.4,3.4,1005.215,0.01784752681107271,291.3223022382431,8.87224853123491,190.80332929620636,True,24.392258294005458,14.211878244219946,3,3,20160910_flight07
2016-09-10 08:48:11,54.778656,7.56239268,94.484,1.084,3.307,1005.2080000000001,18.616,1.179302,8.78,1.621,0.084,100,1.2,3.4,1005.2080000000001,0.01774427624710251,291.33286759714133,8.928384008318638,190.46039452532207,True,24.389421876668422,14.146478220998926,3,3,20160910_flight07
2016-09-10 08:48:12,54.77854444,7.5633854199999995,94.5,0.983,3.1460000000000004,1005.207,18.69,1.179206,8.616,1.53,-0.044000000000000004,100,1.1,3.2,1005.207,0.017568035328135778,291.40684065326417,8.750791735608841,190.06942419329948,True,24.386445875775102,14.0811094233269,3,3,20160910_flight07
2016-09-10 08:48:13,54.77843132,7.564377510000001,94.47,0.981,3.1,1005.2230000000001,18.594,1.179278,8.856,1.75,-0.011000000000000001,100,1.0,3.1,1005.2230000000001,0.017856925538100255,291.30965701958405,9.027249636517205,191.17798935230488,True,24.383291952453597,14.015757078146592,3,3,20160910_flight07
2016-09-10 08:48:14,54.778317390000005,7.56536967,94.337,0.7810000000000001,3.0660000000000003,1005.224,18.627,1.179213,9.009,1.7630000000000001,0.059000000000000004,100,0.9,3.1,1005.224,0.017798917819202398,291.34252499881177,9.179882896856583,191.07246628061554,True,24.380049468611148,13.950387181855307,3,3,20160910_flight07
2016-09-10 08:48:15,54.7782028,7.56636208,94.163,0.71,2.9539999999999997,1005.2560000000001,18.729,1.179297,8.686,1.499,-0.084,100,0.9,3.0,1005.2560000000001,0.01740315327072528,291.4417197311189,8.814397143310483,189.79146341793188,True,24.376736634302965,13.884990628517418,3,3,20160910_flight07
2016-09-10 08:48:16,54.778086800000004,7.5673542199999995,93.96300000000001,0.632,3.073,1005.28,18.69,1.179343,8.708,1.014,0.10700000000000001,100,0.8,3.1,1005.28,0.01752371723611046,291.4007884591015,8.766838654840182,186.6418748450594,True,24.373265963586917,13.819588614987072,3,3,20160910_flight07
2016-09-10 08:48:17,54.77797007,7.56834599,93.821,0.558,3.272,1005.298,18.785,1.179079,8.369,1.067,0.09200000000000001,100,0.8,3.3,1005.298,0.017438570288656363,291.494152765854,8.436744040208877,187.26568845452954,True,24.36971141679281,13.754198515933883,3,3,20160910_flight07
2016-09-10 08:48:18,54.77785265000001,7.56933728,93.84700000000001,0.893,3.2,1005.2909999999999,18.679000000000002,1.1791500000000001,8.506,1.476,-0.08900000000000001,100,1.1,3.2,1005.2909999999999,0.017739759021467405,291.38889312272096,8.633111374238144,189.84420112873005,True,24.366076367924066,13.688828020440386,3,3,20160910_flight07
2016-09-10 08:48:19,54.77773452,7.57032828,93.949,0.6459999999999999,3.2909999999999995,1005.273,18.635,1.17916,8.626,1.7819999999999998,-0.117,100,1.0,3.3,1005.273,0.017866372217724136,291.3464514461764,8.80814395885989,191.67223619019575,True,24.36236039625429,13.623464639409619,3,3,20160910_flight07
2016-09-10 08:48:20,54.77761617,7.57131923,94.083,0.161,3.2119999999999997,1005.2719999999999,18.629,1.1791850000000001,8.833,1.6580000000000001,0.02,100,0.4,3.3,1005.2719999999999,0.01786471028102543,291.3405433504532,8.987260594864265,190.63101245229842,True,24.358619723786354,13.558100910529372,3,3,20160910_flight07
2016-09-10 08:48:21,54.777497569999994,7.57231002,94.1,0.09300000000000001,3.1710000000000003,1005.27,18.742,1.179119,8.602,1.308,-0.011000000000000001,100,0.2,3.2,1005.27,0.017525592353010655,291.453539382468,8.700877427018495,188.64603167905722,True,24.354850014400995,13.492743393483764,3,3,20160910_flight07
2016-09-10 08:48:22,54.77737861,7.57330062,94.08,-0.10200000000000001,3.184,1005.266,18.604,1.179207,9.064,1.662,0.184,100,0.4,3.3,1005.266,0.01792686261665133,291.31607819578954,9.215114757831287,190.3904886580126,True,24.351038870801993,13.427392234516951,3,3,20160910_flight07
2016-09-10 08:48:23,54.77726056,7.57429194,94.0,-0.462,3.1790000000000003,1005.286,18.644000000000002,1.179157,9.072000000000001,1.7930000000000001,-0.049,100,0.5,3.3,1005.286,0.017850729524363063,291.354360350817,9.247487929162169,191.179916613204,True,24.34733471224346,13.362009653428583,3,3,20160910_flight07
2016-09-10 08:48:24,54.77714348000001,7.5752840500000005,94.0,-0.141,3.153,1005.2689999999999,18.773999999999997,1.179422,8.631,1.4569999999999999,-0.012,100,0.7,3.2,1005.2689999999999,0.017151662580702443,291.4855742420847,8.75311430292099,189.5817711930948,True,24.34374480398845,13.29659213591199,3,3,20160910_flight07
2016-09-10 08:48:25,54.77702614,7.576276289999999,93.93800000000002,0.88,3.2,1005.28,18.745,1.179427,8.77,1.8330000000000002,0.19399999999999998,100,1.0,3.2,1005.28,0.01725953600174157,291.4557056855449,8.959508301240643,191.8053305198435,True,24.340127477518855,13.231162099101379,3,3,20160910_flight07
2016-09-10 08:48:26,54.77690815,7.577268320000001,93.819,0.08899999999999998,3.31,1005.2869999999999,18.766,1.179362,8.91,1.395,0.157,100,0.7,3.4,1005.2869999999999,0.017249500933985695,291.47609361228257,9.018543396801947,188.8983130644626,True,24.3364365873111,13.165735022109489,3,3,20160910_flight07
2016-09-10 08:48:27,54.776790549999994,7.57826046,93.8,-0.38799999999999996,3.2119999999999997,1005.303,18.778,1.179126,8.504,1.806,-0.099,100,0.5,3.4,1005.303,0.01742747115115928,291.4867487078544,8.69365584780074,191.98980806662388,True,24.332789685269333,13.100307193766369,3,3,20160910_flight07
2016-09-10 08:48:28,54.776673380000005,7.57925305,93.721,-0.7020000000000001,3.13,1005.303,18.636000000000003,1.179161,8.985,1.874,0.247,100,0.8,3.3,1005.303,0.01789239629760231,291.3449633418857,9.178349579308907,191.78127539797828,True,24.329194366319413,13.034857487969163,3,3,20160910_flight07
2016-09-10 08:48:29,54.77655775,7.58024691,93.52799999999999,-0.825,3.196,1005.325,18.69,1.179138,8.713,1.7519999999999998,-0.10099999999999999,100,0.9,3.3,1005.325,0.017746175645234397,291.39705793605776,8.887399675945714,191.36935610470118,True,24.325780582397137,12.969351306073031,3,3,20160910_flight07
2016-09-10 08:48:30,54.776443300000004,7.581241840000001,93.478,-0.652,3.0069999999999997,1005.3389999999999,18.72,1.179358,8.581,1.916,-0.052000000000000005,100,0.8,3.1,1005.3389999999999,0.01746590191867803,291.4258517206881,8.792304419206603,192.58676717569517,True,24.322506805491415,12.903795646494277,3,3,20160910_flight07
2016-09-10 08:48:31,54.776329669999996,7.58223802,93.294,-0.6739999999999999,3.135,1005.365,18.707,1.179601,8.73,1.858,0.092,100,0.8,3.2,1005.365,0.017327922424569264,291.41071610083486,8.925528779853886,192.0149517484525,True,24.319335071920953,12.8381731748259,3,3,20160910_flight07
2016-09-10 08:48:32,54.77621761,7.58323551,93.115,-0.6809999999999999,3.103,1005.3759999999999,18.81,1.17967,8.479,1.776,0.10200000000000001,100,0.7,3.2,1005.3759999999999,0.01692066413183646,291.51264640039943,8.66300277040242,191.83006958719557,True,24.316348552911947,12.772492149737001,3,3,20160910_flight07
2016-09-10 08:48:33,54.776106680000005,7.58423408,92.9,-0.602,3.1,1005.404,18.806,1.179698,8.559,2.0669999999999997,0.079,100,0.7,3.1,1005.404,0.016938781060376273,291.50633065229516,8.805053662528127,193.57697798717885,True,24.313496627487574,12.706760199915013,3,3,20160910_flight07
2016-09-10 08:48:34,54.77599719,7.5852341,92.66,-0.324,3.142,1005.445,18.823,1.179821,8.731,1.545,0.098,100,0.6,3.3,1005.445,0.0168150210413458,291.51990452960615,8.866644573907314,190.0349315975806,True,24.31081691100234,12.640958634494288,3,3,20160910_flight07
2016-09-10 08:48:35,54.775888699999996,7.586235,92.588,0.035,3.215,1005.455,18.823,1.1797829999999998,8.484,1.476,-0.128,100,0.1,3.3,1005.455,0.016857885364892633,291.5190753031492,8.611436117164198,189.86922697409045,True,24.308255593342572,12.575116853636114,3,3,20160910_flight07
2016-09-10 08:48:36,54.77578061,7.5872361,92.605,0.37,3.3810000000000002,1005.444,18.756,1.179572,8.812999999999999,1.8869999999999998,0.111,100,0.6,3.6,1005.444,0.017262087037423157,291.4530914071072,9.012754185042438,192.08543296521097,True,24.305740209479772,12.509268719732246,3,3,20160910_flight07
2016-09-10 08:48:37,54.77567325,7.588237360000001,92.75200000000001,0.11599999999999999,3.4560000000000004,1005.43,18.756,1.179476,8.949,2.079,0.027000000000000003,100,0.3,3.6,1005.43,0.017330718400072165,291.4542520770464,9.187319630882557,193.07875562151236,True,24.30330673193086,12.44342211843739,3,3,20160910_flight07
2016-09-10 08:48:38,54.77556635,7.58923853,92.936,0.042,3.378,1005.4019999999999,18.785999999999998,1.179525,8.869,2.316,0.08,100,0.1,3.4,1005.4019999999999,0.017155590116441743,291.486527290451,9.166406984200515,194.63507414206427,True,24.30092307670388,12.37758870193834,3,3,20160910_flight07
2016-09-10 08:48:39,54.775459440000006,7.59023955,93.0,-0.054000000000000006,3.373,1005.404,18.812,1.179746,9.197,2.242,0.14400000000000002,100,0.2,3.4,1005.404,0.01687650728102663,291.51232141112155,9.466328380105983,193.70007685375228,True,24.29853691305796,12.311764729158538,3,3,20160910_flight07
2016-09-10 08:48:40,54.775353210000006,7.59124082,93.098,-0.079,3.3059999999999996,1005.3889999999999,18.826,1.179689,9.171999999999999,2.217,0.0029999999999999988,100,0.2,3.4,1005.3889999999999,0.016861708651686902,291.52754378596853,9.436136550516846,193.58854876315834,True,24.296227992680855,12.245935719237725,3,3,20160910_flight07
2016-09-10 08:48:41,54.775247639999996,7.59224252,93.164,-0.07,3.264,1005.3789999999999,18.834,1.179668,9.14,2.253,-0.017,100,0.1,3.3,1005.3789999999999,0.016841835173614372,291.53636082619266,9.413586404766251,193.8472904575849,True,24.293995801049462,12.180089823416775,3,3,20160910_flight07
2016-09-10 08:48:42,54.77514228,7.59324458,93.2,-0.231,3.2,1005.3939999999999,18.848,1.179759,9.195,2.097,-0.017,100,0.3,3.2,1005.3939999999999,0.016729821551958013,291.5490953156374,9.431088696433726,192.84708137369643,True,24.291790116517937,12.114224263641983,3,3,20160910_flight07
2016-09-10 08:48:43,54.77503744,7.59424708,93.163,-0.14200000000000002,3.111,1005.387,18.871,1.17979,9.058,2.334,0.023000000000000003,100,0.2,3.2,1005.387,0.01661595089737755,291.5726405545955,9.353871925571784,194.44924846790576,True,24.289645834290468,12.04833891883365,3,3,20160910_flight07
2016-09-10 08:48:44,54.77493298,7.59525039,93.03699999999999,-0.229,3.1,1005.406,18.88,1.1797549999999999,9.31,2.328,0.015,100,0.3,3.1,1005.406,0.016633991443297136,291.5800507906044,9.596649623696804,194.0391395344178,True,24.287551004661992,11.982407837709978,3,3,20160910_flight07
2016-09-10 08:48:45,54.77482921,7.59625466,92.905,-0.223,3.1510000000000002,1005.404,19.031000000000002,1.179879,8.974,1.905,-0.073,100,0.3,3.2,1005.404,0.015999782465899504,291.7309841082843,9.173968661380963,191.98483390381557,True,24.285541179424506,11.916426416829212,3,3,20160910_flight07
2016-09-10 08:48:46,54.774725769999996,7.597259380000001,92.89200000000001,-0.127,3.2,1005.408,18.965,1.179932,9.084,2.036,-0.17900000000000002,100,0.2,3.2,1005.408,0.016187731903567038,291.66475389061816,9.309369044140425,192.63294775390722,True,24.283571922819355,11.85042150506826,3,3,20160910_flight07
2016-09-10 08:48:47,54.77462251,7.59826451,92.971,-0.126,3.22,1005.403,18.923,1.179682,9.089,2.108,-0.043,100,0.3,3.3,1005.403,0.01654418696806559,291.6232334053897,9.330251068433261,193.05767475758228,True,24.281626337967708,11.78439324363858,3,3,20160910_flight07
2016-09-10 08:48:48,54.77451983,7.599270010000001,93.073,0.09300000000000001,3.3109999999999995,1005.378,18.847,1.17966,9.078,1.75,0.006999999999999999,100,0.2,3.4,1005.378,0.01680244851236634,291.5494238330057,9.245138398098753,190.91127501943572,True,24.279748107506805,11.7183506475928,3,3,20160910_flight07
2016-09-10 08:48:49,54.774417480000004,7.60027543,93.28299999999999,0.09700000000000002,3.4730000000000003,1005.352,18.839000000000002,1.179496,9.077,2.144,-0.025,100,0.2,3.5,1005.352,0.016945389905095976,291.54359243685724,9.326771413517113,193.28976574602845,True,24.27790547437054,11.652318498551791,3,3,20160910_flight07
2016-09-10 08:48:50,54.77431546,7.60128058,93.55199999999999,0.23600000000000002,3.4389999999999996,1005.329,18.857,1.179542,9.05,2.115,0.09700000000000002,100,0.3,3.5,1005.329,0.01681978352407487,291.5634726893153,9.293854152072756,193.1540344532967,True,24.276096656391232,11.586308962926832,3,3,20160910_flight07
2016-09-10 08:48:51,54.77421335,7.6022850900000005,93.795,0.213,3.404,1005.297,18.869,1.17956,9.094,1.849,-0.055,100,0.3,3.5,1005.297,0.016730119237983843,291.5781088704397,9.280066648467564,191.49276882600466,True,24.274271922312124,11.520338956815444,3,3,20160910_flight07
2016-09-10 08:48:52,54.77411129,7.6032892400000005,94.059,0.08200000000000002,3.35,1005.279,18.784000000000002,1.1795090000000001,9.282,2.229,-0.012000000000000002,100,0.3,3.4,1005.279,0.017051915822135166,291.4947299212222,9.545887334344565,193.50343733872225,True,24.272449318725094,11.454392809565194,3,3,20160910_flight07
2016-09-10 08:48:53,54.77400969,7.60429349,94.25200000000001,0.331,3.275,1005.253,18.878,1.179507,8.948,1.989,-0.141,100,0.6,3.3,1005.253,0.016699968007014565,291.5907453829065,9.16639651117057,192.53219759078956,True,24.270678319626143,11.388447680699077,3,3,20160910_flight07
2016-09-10 08:48:54,54.77390749,7.60529735,94.39900000000002,0.45899999999999996,3.2430000000000003,1005.2230000000001,18.86,1.1795,9.327,2.285,0.07100000000000001,100,0.6,3.3,1005.2230000000001,0.016738329681152075,291.5752610037867,9.602820106614516,193.76563424152255,True,24.268837575648185,11.32251784443865,3,3,20160910_flight07
2016-09-10 08:48:55,54.773805190000004,7.60630118,94.40700000000001,0.207,3.282,1005.2280000000001,18.875999999999998,1.179572,8.98,1.876,-0.01,100,0.3,3.3,1005.2280000000001,0.01662562226291242,291.590822375692,9.173863744355483,191.79987930969827,True,24.26698553581828,11.256588315764859,3,3,20160910_flight07
2016-09-10 08:48:56,54.77370261,7.60730486,94.5,0.117,3.2319999999999998,1005.219,18.845,1.179555,9.081,2.0269999999999997,0.061000000000000006,100,0.3,3.3,1005.219,0.016739103783262266,291.5606151482641,9.304476879438198,192.5829088336316,True,24.265101248531607,11.190663874560421,3,3,20160910_flight07
2016-09-10 08:48:57,54.77360022,7.60830868,94.5,-0.018,3.235,1005.222,18.896,1.179543,9.222000000000001,2.12,0.043,100,0.3,3.3,1005.222,0.01657492641035363,291.61129037518305,9.462541096344049,192.94650951563693,True,24.263239201890592,11.124733534140741,3,3,20160910_flight07
2016-09-10 08:48:58,54.773498339999996,7.60931294,94.5,-0.27699999999999997,3.157,1005.217,18.866,1.179652,9.32,2.155,-0.07,100,0.3,3.2,1005.217,0.016580365488327864,291.58174982667106,9.565899069089115,193.01930840937496,True,24.261437456107764,11.058783247344927,3,3,20160910_flight07
2016-09-10 08:48:59,54.77339724,7.61031777,94.5,-0.19399999999999998,3.138,1005.207,18.925,1.1795959999999999,9.107999999999999,1.774,-0.03900000000000001,100,0.4,3.2,1005.207,0.016413153081304976,291.6414918578746,9.279156211639073,191.02172432186072,True,24.25972696959756,10.992809046035806,3,3,20160910_flight07
2016-09-10 08:49:00,54.77329612,7.61132279,94.5,0.322,3.187,1005.215,18.983999999999998,1.17965,8.798,2.013,0.018,100,0.6,3.2,1005.215,0.01616944508785001,291.69974033804584,9.025351682898567,192.8875557986131,True,24.258016062361712,10.926822355629882,3,3,20160910_flight07
2016-09-10 08:49:01,54.77319477,7.61232772,94.5,0.33399999999999996,3.145,1005.2130000000001,18.88,1.179625,9.134,1.767,-0.049,100,0.5,3.2,1005.2130000000001,0.016550852240864833,291.59606086267763,9.30334590349085,190.94879641550003,True,24.256278977689576,10.860837717381841,3,3,20160910_flight07
2016-09-10 08:49:02,54.77309345,7.613332890000001,94.63799999999999,0.517,3.148,1005.21,18.925,1.179441,8.852,1.692,-0.136,100,0.9,3.2,1005.21,0.01654976209990555,291.64124292614235,9.012256543174967,190.82117462287553,True,24.254547448511694,10.79483819506251,3,3,20160910_flight07
2016-09-10 08:49:03,54.77299199,7.61433796,94.781,0.531,3.2230000000000003,1005.192,18.872,1.179404,9.144,1.865,0.028999999999999998,100,0.8,3.3,1005.192,0.01674794877232566,291.58981496950076,9.332253800663588,191.5278685059144,True,24.25279956111134,10.728842817321784,3,3,20160910_flight07
2016-09-10 08:49:04,54.77289025,7.615342849999999,94.8,0.17300000000000001,3.122,1005.1790000000001,18.837,1.179456,9.099,1.733,-0.114,100,0.3,3.2,1005.1790000000001,0.016811842342968397,291.555945179498,9.262563899914538,190.78342979791734,True,24.251019144860223,10.66285444806292,3,3,20160910_flight07
2016-09-10 08:49:05,54.77278842,7.61634767,94.81700000000001,0.046000000000000006,3.015,1005.186,18.823,1.179499,9.009,1.479,-0.015000000000000003,100,0.2,3.1,1005.186,0.01683060836665229,291.5413851902515,9.1295959384849,189.32303718835647,True,24.249228159008446,10.596869109082775,3,3,20160910_flight07
2016-09-10 08:49:06,54.77268676,7.61735273,94.8,-0.07100000000000001,3.1660000000000004,1005.185,18.78,1.179424,9.135,1.784,-0.018000000000000002,100,0.2,3.2,1005.185,0.0170440413791082,291.49853169433493,9.307571165454497,191.0503714144726,True,24.247458148893934,10.530871144827811,3,3,20160910_flight07
2016-09-10 08:49:07,54.77258567,7.618358359999999,94.8,-0.055,3.1069999999999998,1005.183,18.906,1.179402,9.06,1.7730000000000001,-0.016,100,0.2,3.2,1005.183,0.016622204565495124,291.62451141705657,9.231854039140783,191.07258594635482,True,24.24575626768943,10.464845877865375,3,3,20160910_flight07
2016-09-10 08:49:08,54.7724855,7.61936411,94.8,-0.125,3.1,1005.192,18.838,1.1796419999999999,9.287,1.544,0.051,100,0.2,3.1,1005.192,0.01666118308374065,291.5558652886241,9.414473166354027,189.43931024878378,True,24.244156845076603,10.398827770370826,3,3,20160910_flight07
2016-09-10 08:49:09,54.77238526,7.62037002,94.786,-0.065,3.049,1005.202,18.851,1.179425,8.958,1.5959999999999999,-0.007000000000000001,100,0.2,3.1,1005.202,0.016813081525368645,291.5680164745441,9.099064787108619,190.1020902068586,True,24.242551213114773,10.332798288079008,3,3,20160910_flight07
2016-09-10 08:49:10,54.77228539,7.62137636,94.70100000000001,-0.21100000000000002,3.1090000000000004,1005.2040000000001,18.832,1.179406,9.413,1.734,-0.077,100,0.4,3.2,1005.2040000000001,0.01689765309120239,291.54887874521944,9.571380516936937,190.4376302749201,True,24.240990367972238,10.266747240952382,3,3,20160910_flight07
2016-09-10 08:49:11,54.772186760000004,7.62238337,94.8,0.045,3.0639999999999996,1005.195,18.926,1.179324,9.161,1.6219999999999999,-0.184,100,0.1,3.1,1005.195,0.016631961927040972,291.64348611353137,9.303483487382561,190.04044442151513,True,24.239572386590375,10.200673297696639,3,3,20160910_flight07
2016-09-10 08:49:12,54.77208786999999,7.623390369999999,94.8,-0.09300000000000001,3.011,1005.188,18.901,1.179517,9.052,1.618,-0.025,100,0.2,3.1,1005.188,0.016545546078788886,291.61910393980673,9.19546779669202,190.13431054979802,True,24.23812567381831,10.134595799871041,3,3,20160910_flight07
2016-09-10 08:49:13,54.771989379999994,7.624397709999999,94.8,-0.083,3.1,1005.191,18.844,1.179425,9.312999999999999,1.537,-0.055,100,0.2,3.1,1005.191,0.016826330354636543,291.5619393648153,9.438979711812076,189.37151124277634,True,24.236726208019626,10.068502984275526,3,3,20160910_flight07
2016-09-10 08:49:14,54.77189185,7.625405600000001,94.803,0.259,3.095,1005.178,18.938,1.179327,8.967,1.121,-0.195,100,0.6,3.1,1005.178,0.01657041641893131,291.656879059253,9.036798658817181,187.1258027631037,True,24.2354376399212,10.002390439008032,3,3,20160910_flight07
2016-09-10 08:49:15,54.77179415,7.62641323,94.9,0.506,3.0469999999999997,1005.176,18.85,1.1793850000000001,9.183,1.038,0.01,100,0.6,3.1,1005.176,0.016824748785952304,291.5691748655279,9.241478940083129,186.44905256900137,True,24.23412790848819,9.936291799690249,3,3,20160910_flight07
2016-09-10 08:49:16,54.77169601,7.62742011,95.00399999999999,0.8360000000000001,3.1,1005.16,18.809,1.17929,8.866,0.8370000000000001,-0.069,100,1.3,3.1,1005.16,0.017033276975164435,291.529562535487,8.9054211017784,185.39305829626005,True,24.232762678572087,9.87023408660764,3,3,20160910_flight07
2016-09-10 08:49:17,54.7715966,7.628426020000001,95.1,1.5670000000000002,3.015,1005.1610000000001,18.808,1.179229,9.177999999999999,1.2830000000000001,0.03,100,1.6,3.1,1005.1610000000001,0.017090382339004506,291.5284810572711,9.267241930585387,187.9578544248418,True,24.23124846661075,9.804217995749934,3,3,20160910_flight07
2016-09-10 08:49:18,54.7714964,7.629431090000001,95.1,1.483,2.9739999999999998,1005.168,18.796000000000003,1.179251,9.265,1.429,-0.095,100,1.5,3.0,1005.168,0.017120296014932812,291.5159180944203,9.374554176066187,188.7680019704836,True,24.22963936137797,9.738242947174058,3,3,20160910_flight07
2016-09-10 08:49:19,54.77139451,7.6304353,94.977,0.995,2.9,1005.1619999999999,18.840999999999998,1.179276,9.277999999999999,1.37,0.182,100,1.3,2.9,1005.1619999999999,0.01693591384644666,291.56134955039556,9.378602454523808,188.39966251029898,True,24.227836045158774,9.67229570072299,3,3,20160910_flight07
2016-09-10 08:49:20,54.77129103,7.6314388399999995,94.744,0.539,2.9,1005.192,18.840999999999998,1.179382,9.312000000000001,1.486,0.07200000000000001,100,0.8,2.9,1005.192,0.016874862783103017,291.55886084870144,9.42982184349206,189.06675806348176,True,24.22585131457646,9.606365703410807,3,3,20160910_flight07
2016-09-10 08:49:21,54.771186799999995,7.6324423999999995,94.48,0.395,2.923,1005.2260000000001,18.891,1.1793550000000002,9.117,1.456,-0.061,100,0.4,3.0,1005.2260000000001,0.016758431099628046,291.60596595390996,9.232530801465003,189.07360898685477,True,24.223784163156388,9.540422324730137,3,3,20160910_flight07
2016-09-10 08:49:22,54.771082150000005,7.63344603,94.301,0.29100000000000004,2.964,1005.2389999999999,18.927,1.179443,8.991,1.204,-0.042,100,0.4,3.0,1005.2389999999999,0.016570404396395677,291.6408336486655,9.07125663841565,187.62719944532216,True,24.221671407602905,9.474467687299208,3,3,20160910_flight07
2016-09-10 08:49:23,54.770977110000004,7.63444958,94.17200000000001,0.301,3.017,1005.26,18.923,1.179411,9.12,0.9179999999999999,0.16,100,0.5,3.2,1005.26,0.016633146280425892,291.63509720317296,9.166085533094266,185.74791207934206,True,24.219514945276636,9.408511880207119,3,3,20160910_flight07
2016-09-10 08:49:24,54.770872,7.6354528,94.1,0.424,3.144,1005.271,18.878,1.179217,8.783999999999999,1.192,0.06,100,0.6,3.2,1005.271,0.01696821030573159,291.589252135063,8.864509010655919,187.72790502005225,True,24.21734767748673,9.342576074852664,3,3,20160910_flight07
2016-09-10 08:49:25,54.77076678,7.63645565,94.116,-0.052000000000000005,3.1340000000000003,1005.26,18.817,1.179066,9.046,1.48,-0.07600000000000001,100,0.2,3.2,1005.26,0.017299819168481,291.5292561281556,9.16627056113881,189.29173839109137,True,24.215164823259016,9.276662187215651,3,3,20160910_flight07
2016-09-10 08:49:26,54.77066247,7.6374588900000004,94.2,-0.262,3.0869999999999997,1005.2660000000001,18.863999999999997,1.1791420000000001,8.776,1.344,-0.157,100,0.3,3.2,1005.2660000000001,0.01707659591898114,291.575687936636,8.878316957622092,188.7069105186697,True,24.21308585872849,9.210738008592696,3,3,20160910_flight07
2016-09-10 08:49:27,54.77055851,7.6384623,94.226,-0.172,3.034,1005.268,18.8,1.179409,8.923,1.068,-0.08199999999999999,100,0.3,3.1,1005.268,0.017071277554582265,291.5116181293775,8.986687543249737,186.82530202260418,True,24.211047039371564,9.144808591223583,3,3,20160910_flight07
2016-09-10 08:49:28,54.770455119999994,7.639465840000001,94.361,-0.501,3.071,1005.25,19.008,1.179067,9.072000000000001,1.25,-0.384,100,0.6,3.1,1005.25,0.01662377808574811,291.7207997221949,9.157711722914192,187.84519194030997,True,24.20907222180056,9.078880045994392,3,3,20160910_flight07
2016-09-10 08:49:29,54.7703535,7.64047035,94.57,-0.574,3.092,1005.224,18.72,1.1793,9.274,1.4980000000000002,0.016,100,0.7,3.2,1005.224,0.01739954972806035,291.43538651574045,9.394204596452006,189.1755549245825,True,24.20730145856534,9.012917945669532,3,3,20160910_flight07
2016-09-10 08:49:30,54.770253499999995,7.6414757,94.6,-0.5539999999999999,3.0380000000000003,1005.2130000000001,18.91,1.1789580000000002,9.273,1.665,-0.18899999999999997,100,0.7,3.1,1005.2130000000001,0.01702149200010461,291.62601628446953,9.421292586476657,190.17919445230973,True,24.2057170085997,8.946928194496722,3,3,20160910_flight07
2016-09-10 08:49:31,54.77015421,7.642481729999999,94.6,-0.615,2.924,1005.2040000000001,18.941,1.179257,8.976,1.63,-0.124,100,0.7,3.0,1005.2040000000001,0.016646613824510492,291.6577170564277,9.122799789538298,190.29248807108632,True,24.20421713956714,8.880906355700738,3,3,20160910_flight07
2016-09-10 08:49:32,54.77005569,7.643488250000001,94.554,-0.032,2.923,1005.23,18.908,1.179297,8.826,1.102,-0.374,100,0.4,3.0,1005.23,0.016753297011257162,291.62260874876273,8.894530903875708,187.11702642014126,True,24.202806677973697,8.814865563748125,3,3,20160910_flight07
2016-09-10 08:49:33,54.7699574,7.644495419999999,94.6,0.201,2.9610000000000003,1005.211,18.845,1.1791500000000001,9.101999999999999,1.486,-0.171,100,0.3,3.1,1005.211,0.017080226416234412,291.5612787788771,9.22250508267683,189.2723515149974,True,24.20142764652053,8.748786860740962,3,3,20160910_flight07
2016-09-10 08:49:34,54.769860259999994,7.6455034799999995,94.67200000000001,0.45899999999999996,3.028,1005.212,18.852999999999998,1.179175,8.789,1.078,-0.21600000000000003,100,0.9,3.1,1005.212,0.01703181045415425,291.56918393942965,8.854863352982925,186.9925918246539,True,24.20018362937607,8.682669722097225,3,3,20160910_flight07
2016-09-10 08:49:35,54.76976254,7.64651116,94.749,0.935,2.9,1005.205,18.73,1.179101,9.014,1.514,-0.002000000000000002,100,1.0,2.9,1005.205,0.017517163568135485,291.44694712805745,9.140262140660955,189.53445973899244,True,24.198872164044175,8.61656755840715,3,3,20160910_flight07
2016-09-10 08:49:36,54.76966364,7.64751848,94.62100000000001,0.863,2.9,1005.21,18.765,1.1790990000000001,9.058,1.626,-0.06,100,0.9,2.9,1005.21,0.01740195174132597,291.4814805402203,9.202784361268062,190.17676786697896,True,24.19742735137128,8.550469408440735,3,3,20160910_flight07
2016-09-10 08:49:37,54.769564499999994,7.64852591,94.40299999999999,0.691,2.9,1005.247,18.840999999999998,1.179288,9.042,1.706,-0.016,100,0.7,2.9,1005.247,0.017011560649539126,291.5542984770014,9.20153248105988,190.68468150177262,True,24.195957135780603,8.484360342540436,3,3,20160910_flight07
2016-09-10 08:49:38,54.76946347,7.64953338,94.17399999999999,0.8320000000000001,2.8489999999999998,1005.28,18.913,1.179563,9.024,1.624,-0.07100000000000001,100,1.0,2.9,1005.28,0.016557170197041282,291.62345284995394,9.168966790211424,190.20200570759766,True,24.194279122130816,8.418218221542967,3,3,20160910_flight07
2016-09-10 08:49:39,54.76936192,7.65054082,93.971,0.925,2.9419999999999997,1005.3,18.898,1.17961,9.306000000000001,1.675,0.025,100,1.1,3.0,1005.3,0.016589101152539865,291.6068162060919,9.455541285405083,190.20349662963062,True,24.19254355190551,8.352069631743749,3,3,20160910_flight07
2016-09-10 08:49:40,54.76925973,7.65154839,93.801,0.385,3.0,1005.319,18.862000000000002,1.179508,9.295,1.7719999999999998,-0.09700000000000002,100,0.6,3.0,1005.319,0.016821568441051316,291.56929456574494,9.462399748478184,190.7933617282386,True,24.19073870852712,8.285902391632511,3,3,20160910_flight07
2016-09-10 08:49:41,54.769157109999995,7.65255595,93.756,0.713,2.955,1005.312,18.935,1.179567,8.868,1.599,-0.138,100,0.8,3.0,1005.312,0.01650951202701001,291.6427646750261,9.011005770722823,190.22124539665168,True,24.18888640918103,8.219728854127741,3,3,20160910_flight07
2016-09-10 08:49:42,54.769053320000005,7.65356323,93.7,0.754,3.057,1005.324,18.905,1.179493,9.182,1.912,0.009,100,0.9,3.1,1005.324,0.01668984509528415,291.6118145776557,9.378958790825344,191.7628067500096,True,24.186902614329007,8.153554368990017,3,3,20160910_flight07
2016-09-10 08:49:43,54.76894925,7.6545705,93.7,0.42700000000000005,3.091,1005.3409999999999,18.904999999999998,1.179551,9.192,1.74,-0.035,100,0.5,3.1,1005.3409999999999,0.016657044532998988,291.6104042848281,9.35523724979757,190.71897809442441,True,24.184887885195046,8.087376006597198,3,3,20160910_flight07
2016-09-10 08:49:44,54.76884499,7.65557768,93.7,0.45699999999999996,3.0439999999999996,1005.3359999999999,18.973,1.179569,9.023,1.536,0.07600000000000001,100,0.6,3.1,1005.3359999999999,0.01639982306169374,291.6787156537387,9.152804215102604,189.66094348815534,True,24.182851384407506,8.021200341732518,3,3,20160910_flight07
2016-09-10 08:49:45,54.76873999,7.656584179999999,93.60699999999999,0.522,3.037,1005.345,18.953999999999997,1.179635,9.081,1.3730000000000002,0.085,100,0.6,3.1,1005.345,0.01641816347768299,291.6589978072402,9.184208730206429,188.59770458613244,True,24.180726998350806,7.955056280463578,3,3,20160910_flight07
2016-09-10 08:49:46,54.76863454,7.657590239999999,93.538,0.395,3.1690000000000005,1005.363,18.854,1.179555,9.011000000000001,1.304,0.10400000000000001,100,0.5,3.2,1005.363,0.016853412156415892,291.557657201581,9.104863370748625,188.23422622336062,True,24.17854892011036,7.888933133626209,3,3,20160910_flight07
2016-09-10 08:49:47,54.76852907000001,7.6585958100000004,93.54,0.313,3.165,1005.3689999999999,18.857,1.179392,8.984,1.4380000000000002,-0.008000000000000002,100,0.5,3.2,1005.3689999999999,0.01698956925110484,291.56015496865245,9.098356994534782,189.0937591606648,True,24.17636404286432,7.822841040638668,3,3,20160910_flight07
2016-09-10 08:49:48,54.768423600000006,7.659601069999999,93.6,0.485,3.091,1005.3639999999999,18.901,1.179504,8.734,0.993,0.07200000000000001,100,0.7,3.1,1005.3639999999999,0.016734740591744846,291.6045024057415,8.790267629600365,186.4863118984918,True,24.174176257871473,7.756768798112077,3,3,20160910_flight07
2016-09-10 08:49:49,54.76831734,7.6606054100000005,93.6,1.218,3.1180000000000003,1005.347,18.824,1.179512,8.934,1.1740000000000002,0.111,100,1.4,3.2,1005.347,0.016978781549135347,291.5290299861949,9.010806401205166,187.48623540225,True,24.171892829221953,7.69074272056676,3,3,20160910_flight07
2016-09-10 08:49:50,54.768210079999996,7.66160869,93.642,1.046,3.253,1005.3539999999999,18.925,1.1793090000000002,8.289,0.782,0.162,100,1.2,3.3,1005.3539999999999,0.016809185228219947,291.6292953264215,8.325805966992025,185.38944102957907,True,24.169489313378293,7.624768384533063,3,3,20160910_flight07
2016-09-10 08:49:51,54.76810138,7.6626102000000005,93.758,0.9129999999999999,3.105,1005.3309999999999,18.862000000000002,1.179329,8.42,0.845,-0.012,100,1.1,3.2,1005.3309999999999,0.016988042006792936,291.5682992019463,8.462294310646493,185.73080447636843,True,24.166910587051262,7.558884154896441,3,3,20160910_flight07
2016-09-10 08:49:52,54.767991620000004,7.6636109999999995,93.87200000000001,0.5429999999999999,3.1310000000000002,1005.323,18.799,1.178947,8.809,1.046,0.04,100,0.7,3.2,1005.323,0.01752899535566299,291.50605835898455,8.870884792398106,186.77171901781625,True,24.164208447795453,7.493028286905384,3,3,20160910_flight07
2016-09-10 08:49:53,54.76788227,7.664611,94.03699999999999,0.08,3.165,1005.3009999999999,18.808,1.178832,8.351,1.156,0.10800000000000001,100,0.2,3.2,1005.3009999999999,0.01757462120931841,291.51686923080524,8.430630877935531,187.8811715249324,True,24.161543963955154,7.4272302609557315,3,3,20160910_flight07
2016-09-10 08:49:54,54.76777273,7.66561032,94.1,-0.007000000000000001,2.995,1005.289,18.809,1.178992,8.482999999999999,1.115,-0.013000000000000003,100,0.2,3.1,1005.289,0.01742089734647867,291.518862941199,8.555963651161685,187.48799523639894,True,24.158852174363282,7.361472712443561,3,3,20160910_flight07
2016-09-10 08:49:55,54.76766322,7.6666099999999995,94.066,-0.188,2.966,1005.303,18.747,1.1789830000000001,8.636000000000001,1.357,0.113,100,0.3,3.0,1005.303,0.01765894170379534,291.4557955645796,8.741964596130552,188.9300351301357,True,24.156167065847086,7.295692595811165,3,3,20160910_flight07
2016-09-10 08:49:56,54.76755489,7.667610150000001,93.883,-0.33399999999999996,3.0780000000000003,1005.318,18.799,1.179141,8.516,1.31,0.14,100,0.5,3.1,1005.318,0.017356524946916974,291.5064730068107,8.616168289907062,188.7451511129804,True,24.153616336450398,7.229901421742816,3,3,20160910_flight07
2016-09-10 08:49:57,54.76744713,7.668610999999999,93.713,0.027000000000000003,2.9610000000000003,1005.35,18.834,1.1793609999999999,8.5,1.2409999999999999,-0.013999999999999999,100,0.1,3.0,1005.35,0.017077191456907448,291.5387659365291,8.590115307724338,188.30649518467993,True,24.15113495534184,7.164074620580331,3,3,20160910_flight07
2016-09-10 08:49:58,54.76733953,7.669612,93.56199999999998,-0.10200000000000001,2.984,1005.38,18.812,1.179417,8.859,1.328,-0.042,100,0.2,3.1,1005.38,0.017135885754780755,291.5143116272807,8.957983310991375,188.52538910993232,True,24.148672604339595,7.098240795837265,3,3,20160910_flight07
2016-09-10 08:49:59,54.76723308,7.67061395,93.49799999999999,0.040999999999999995,3.1,1005.3809999999999,18.831,1.17927,8.969,1.547,0.04,100,0.3,3.1,1005.3809999999999,0.017197490884804933,291.53319956079173,9.101437798501948,189.7862576121239,True,24.146345830436374,7.032364693433186,3,3,20160910_flight07
2016-09-10 08:50:00,54.76712687,7.671615890000001,93.4,0.033999999999999996,3.085,1005.377,18.908,1.179325,8.59,0.9470000000000001,-0.205,100,0.3,3.1,1005.377,0.016877838434234294,291.6104132860231,8.642043103340784,186.29113777898775,True,24.144045397434297,6.96649310358849,3,3,20160910_flight07
2016-09-10 08:50:01,54.7670202,7.67261743,93.49799999999999,-0.121,3.028,1005.3789999999999,18.791,1.179192,8.918,1.311,0.040999999999999995,100,0.4,3.2,1005.3789999999999,0.017402131019615297,291.49342674927226,9.01384740274651,188.3629266981693,True,24.141690545995623,6.900639705483169,3,3,20160910_flight07
2016-09-10 08:50:02,54.766914660000005,7.67361956,93.554,-0.32800000000000007,3.2319999999999998,1005.372,18.806,1.179022,9.061,1.381,0.057999999999999996,100,0.4,3.3,1005.372,0.017489463896333435,291.5089842328841,9.165635929928703,188.66584223937267,True,24.13946569202851,6.834766759179939,3,3,20160910_flight07
2016-09-10 08:50:03,54.76681053,7.67462205,93.65299999999999,0.07100000000000001,3.162,1005.355,18.769000000000002,1.179192,8.885,1.3769999999999998,0.044000000000000004,100,0.2,3.2,1005.355,0.017454517032561956,291.4734504640354,8.991070792736537,188.80963095454615,True,24.137399518652792,6.768893510032047,3,3,20160910_flight07
2016-09-10 08:50:04,54.76670633,7.6756241,93.7,0.354,3.0460000000000003,1005.3559999999999,18.839000000000002,1.179299,8.672,1.291,-0.109,100,0.5,3.1,1005.3559999999999,0.017119315798407975,291.543260687364,8.767568933290459,188.46743145954377,True,24.1353215080334,6.703047306333852,3,3,20160910_flight07
2016-09-10 08:50:05,54.766601609999995,7.6766258700000005,93.7,0.493,2.97,1005.363,18.869,1.179388,8.64,0.9390000000000001,-0.085,100,0.6,3.0,1005.363,0.01694515782571715,291.5726342733267,8.69087573262902,186.20259302788813,True,24.133183595882045,6.637210642270086,3,3,20160910_flight07
2016-09-10 08:50:06,54.76649666,7.6776275499999995,93.65700000000001,0.499,3.0580000000000003,1005.3539999999999,18.857,1.179294,8.362,0.9940000000000001,0.075,100,0.6,3.2,1005.3539999999999,0.01705890702230084,291.56139909400787,8.42087168884552,186.77900097082392,True,24.131019506294386,6.571376030364256,3,3,20160910_flight07
2016-09-10 08:50:07,54.76639113,7.67862884,93.575,0.539,3.053,1005.3789999999999,18.878999999999998,1.179095,8.017999999999999,0.85,0.168,100,0.8,3.2,1005.3789999999999,0.017179220001755757,291.5812918369233,8.062928996338737,186.05140814437894,True,24.128787874718704,6.50555703374913,3,3,20160910_flight07
2016-09-10 08:50:08,54.7662849,7.679629579999999,93.48,0.4,3.0439999999999996,1005.393,18.831,1.178978,7.965,0.895,-0.023000000000000003,100,0.6,3.1,1005.393,0.017461566406445472,291.5322043815889,8.015126324643923,186.41123910762377,True,24.126473983033925,6.439761961713164,3,3,20160910_flight07
2016-09-10 08:50:09,54.76617875,7.68063026,93.4,0.265,3.1719999999999997,1005.398,18.774,1.1788290000000001,8.353,1.127,0.16400000000000003,100,0.3,3.3,1005.398,0.017793922646372584,291.4748774221086,8.428685425379214,187.68403529539398,True,24.12416834012582,6.373972022442436,3,3,20160910_flight07
2016-09-10 08:50:10,54.766073299999995,7.681630999999999,93.4,0.42200000000000004,3.2569999999999997,1005.3939999999999,18.779,1.1788340000000002,8.16,1.112,0.109,100,0.5,3.3,1005.3939999999999,0.017768124320735712,291.48020139315577,8.235420086431535,187.7601526063969,True,24.121940361211365,6.308189535127557,3,3,20160910_flight07
2016-09-10 08:50:11,54.76596748,7.682631,93.45300000000002,0.439,3.1690000000000005,1005.386,18.8,1.179025,8.24,1.12,-0.057,100,0.6,3.2,1005.386,0.017521954757863112,291.5018324885103,8.315768154536297,187.7403411588379,True,24.1196646877332,6.242448463108559,3,3,20160910_flight07
2016-09-10 08:50:12,54.765861210000004,7.683631,93.51700000000001,0.442,3.2,1005.38,18.753,1.179057,8.507,1.042,0.022000000000000002,100,0.6,3.2,1005.38,0.01765209483072594,291.45540209663625,8.57057833521169,186.98322413645735,True,24.117339449194624,6.17670013067346,3,3,20160910_flight07
2016-09-10 08:50:13,54.76575538,7.684631,93.6,0.209,3.2,1005.357,18.767,1.17899,8.645,1.222,0.19399999999999998,100,0.3,3.2,1005.357,0.017637837132220557,291.4712876831711,8.730939754688496,188.0456487500017,True,24.115062674269808,6.110958897311754,3,3,20160910_flight07
2016-09-10 08:50:14,54.76565007,7.68563035,93.6,0.252,3.157,1005.378,18.775,1.179226,8.902000000000001,1.328,-0.014000000000000002,100,0.4,3.2,1005.378,0.01742754559334747,291.4775341953862,9.00051042997007,188.48480913159915,True,24.112837077638943,6.045267675698364,3,3,20160910_flight07
2016-09-10 08:50:15,54.76554487000001,7.68663,93.561,-0.034,3.1,1005.386,18.795,1.179316,8.856,1.368,0.044000000000000004,100,0.2,3.1,1005.386,0.017288300260186018,291.4968401639258,8.961035654431914,188.78116273438548,True,24.110626410860448,5.979559018730043,3,3,20160910_flight07
2016-09-10 08:50:16,54.76544014,7.68763,93.5,0.169,3.1390000000000002,1005.386,18.786,1.179436,9.047,1.2919999999999998,0.07200000000000001,100,0.3,3.2,1005.386,0.017216156201325772,291.48785397967373,9.13878947125931,188.1274424241268,True,24.108470794971566,5.913835533052049,3,3,20160910_flight07
2016-09-10 08:50:17,54.76533569,7.68863,93.5,0.296,3.182,1005.395,18.814,1.17944,8.955,1.1320000000000001,0.055,100,0.3,3.2,1005.395,0.017124258399101366,291.5150646597428,9.026264398963727,187.2045369064673,True,24.10634601956479,5.8481165649663645,3,3,20160910_flight07
2016-09-10 08:50:18,54.765231050000004,7.68962925,93.5,0.435,3.103,1005.39,18.831,1.179425,8.618,0.92,-0.042,100,0.6,3.2,1005.39,0.017072915401983968,291.53245317495754,8.666967405038513,186.09343639124967,True,24.104193281819434,5.782442556680331,3,3,20160910_flight07
2016-09-10 08:50:19,54.76512589,7.690628289999999,93.63199999999999,0.546,3.11,1005.3580000000001,18.8,1.179339,8.783999999999999,1.025,-0.042,100,0.9,3.2,1005.3580000000001,0.017222708240842266,291.5041543713273,8.843601133022677,186.65571207342822,True,24.101981299129115,5.716773605666555,3,3,20160910_flight07
2016-09-10 08:50:20,54.76502092,7.69162718,93.73700000000001,0.937,3.1920000000000006,1005.357,18.828,1.179249,9.101,1.3530000000000002,-0.03900000000000001,100,1.0,3.2,1005.357,0.01720177395350575,291.5321945455624,9.201022225818173,188.4559432683236,True,24.09978883693499,5.651117325223421,3,3,20160910_flight07
2016-09-10 08:50:21,54.76491559,7.69262564,93.86,0.662,3.0610000000000004,1005.332,18.852,1.179341,8.781,1.358,0.022,100,0.9,3.1,1005.332,0.017013533360656474,291.55823145310154,8.885388286394694,188.79126584542456,True,24.097552689368214,5.5854827709578645,3,3,20160910_flight07
2016-09-10 08:50:22,54.7648091,7.69362341,93.83200000000001,0.8859999999999999,3.0,1005.324,18.867,1.179413,8.876,0.921,-0.033,100,1.3,3.0,1005.324,0.01689111775027685,291.5738722416096,8.923654912646498,185.92397949446678,True,24.095182302010457,5.519873684237,3,3,20160910_flight07
2016-09-10 08:50:23,54.76470126,7.69462041,93.69200000000001,1.028,3.0210000000000004,1005.3559999999999,18.869,1.179386,8.695,1.0710000000000002,0.201,100,1.3,3.1,1005.3559999999999,0.0169398017042941,291.57321489050395,8.760711500785767,187.0219942175959,True,24.09265599700641,5.454292122251462,3,3,20160910_flight07
2016-09-10 08:50:24,54.76459224999999,7.6956168300000005,93.499,0.5379999999999999,3.0180000000000002,1005.3919999999999,18.896,1.179378,8.886000000000001,1.197,0.159,100,0.8,3.1,1005.3919999999999,0.016889093591428317,291.59718742143235,8.966259253445665,187.67191940182482,True,24.089995382545574,5.388728822755903,3,3,20160910_flight07
2016-09-10 08:50:25,54.76448321,7.69661343,93.324,0.062,3.1060000000000003,1005.404,18.991,1.179277,8.033999999999999,1.231,-0.293,100,0.2,3.2,1005.404,0.016657614233868134,291.6910457161084,8.127762115121232,188.71132516376179,True,24.08733315211809,5.323153513158908,3,3,20160910_flight07
2016-09-10 08:50:26,54.76437344,7.6976099,93.309,0.57,2.845,1005.4019999999999,18.909999999999997,1.179423,8.28,0.965,0.183,100,0.8,3.1,1005.4019999999999,0.016811665353710925,291.6103363766343,8.336043725892996,186.64759809213956,True,24.08458929676995,5.257574749940281,3,3,20160910_flight07
2016-09-10 08:50:27,54.76426308,7.698606569999999,93.148,0.725,3.1290000000000004,1005.4159999999999,18.951,1.179167,8.324,1.189,0.011000000000000001,100,0.9,3.2,1005.4159999999999,0.016903824462059847,291.6501117650144,8.408489578990984,188.1291387034587,True,24.081782332085893,5.191973660760537,3,3,20160910_flight07
2016-09-10 08:50:28,54.764152519999996,7.69960325,93.1,0.485,3.1140000000000003,1005.441,18.924,1.17923,8.27,0.763,0.052000000000000005,100,0.6,3.2,1005.441,0.01696878325598461,291.62107960202775,8.305123057486867,185.27125378707683,True,24.078953432284194,5.126368704391608,3,3,20160910_flight07
2016-09-10 08:50:29,54.7640412,7.70059922,93.1,0.473,3.164,1005.4259999999999,18.999000000000002,1.179229,8.238999999999999,0.825,0.038,100,0.6,3.2,1005.4259999999999,0.016693402821194026,291.69720791494046,8.28020205067485,185.71816693514398,True,24.0760341629276,5.060796949945681,3,3,20160910_flight07
2016-09-10 08:50:30,54.763929,7.7015943700000005,93.14,0.38,3.144,1005.442,18.965,1.179179,7.931,0.915,0.005000000000000002,100,0.4,3.2,1005.442,0.016871035440936488,291.661933059276,7.98360733002319,186.5811220348578,True,24.073010274884012,4.995263505023362,3,3,20160910_flight07
2016-09-10 08:50:31,54.763816420000005,7.70258906,93.2,0.051,3.2230000000000003,1005.42,19.04,1.1790010000000002,8.257,1.143,0.185,100,0.3,3.3,1005.42,0.016741257901621065,291.7386424335817,8.335736200240504,187.88125387045105,True,24.069940217182037,4.929753384605883,3,3,20160910_flight07
2016-09-10 08:50:32,54.7637047,7.70358391,93.26700000000001,-0.21600000000000003,3.196,1005.405,19.028,1.179043,8.344,1.475,-0.0009999999999999998,100,0.8,3.3,1005.405,0.016731627390472292,291.7279057431744,8.47336774842211,190.02482309068878,True,24.066966384587943,4.864246894250835,3,3,20160910_flight07
2016-09-10 08:50:33,54.76359387,7.704579089999999,93.3,-0.377,3.0840000000000005,1005.398,19.1,1.1790010000000002,7.706,0.441,0.078,100,0.8,3.2,1005.398,0.01651027402397154,291.8003758738961,7.718608488581346,183.27535799667288,True,24.064093676012092,4.798733632249726,3,3,20160910_flight07
2016-09-10 08:50:34,54.76348275,7.70557369,93.3,0.677,3.08,1005.418,19.12,1.17885,7.274,0.826,-0.025999999999999995,100,1.2,3.1,1005.418,0.016591133452521056,291.81868487496035,7.320748049209179,186.47847852140882,True,24.061183585209285,4.733252830885725,3,3,20160910_flight07
2016-09-10 08:50:35,54.76337075000001,7.70656799,93.19699999999999,1.045,3.2239999999999998,1005.428,18.996,1.178661,7.813,1.296,0.493,100,1.2,3.3,1005.428,0.017195818887374426,291.6940466058326,7.9197591503782485,189.41831624163018,True,24.058173753230456,4.667777041498273,3,3,20160910_flight07
2016-09-10 08:50:36,54.763258750000006,7.707562289999999,92.934,0.998,3.253,1005.465,19.065,1.178565,7.693,1.646,0.27899999999999997,100,1.0,3.4,1005.465,0.01707589435121548,291.7598691673539,7.867119231332394,192.07695387905028,True,24.055163921250852,4.602301252110765,3,3,20160910_flight07
2016-09-10 08:50:37,54.763145480000006,7.70855594,92.67,1.052,3.105,1005.505,19.101000000000003,1.1790370000000001,7.404,1.05,0.052000000000000005,100,1.3,3.2,1005.505,0.01658393736896624,291.7924931812419,7.478082374512867,188.07159085564712,True,24.052008108770252,4.536846594149763,3,3,20160910_flight07
2016-09-10 08:50:38,54.76303005,7.709548610000001,92.515,1.0410000000000001,3.1210000000000004,1005.5089999999999,19.064,1.1790390000000002,7.917000000000001,1.078,0.011,100,1.4,3.2,1005.5089999999999,0.016714976683589233,291.7552192896446,7.990054630601722,187.75386240045466,True,24.04860519177042,4.471419839261442,3,3,20160910_flight07
2016-09-10 08:50:39,54.76291402,7.71054114,92.5,0.584,3.1719999999999997,1005.5319999999999,19.12,1.178939,7.502000000000001,0.926,0.026000000000000006,100,0.7,3.2,1005.5319999999999,0.016629647525518543,291.80922237996697,7.558933787248041,187.03664053250228,True,24.045134874848813,4.405992368542813,3,3,20160910_flight07
2016-09-10 08:50:40,54.76279737,7.71153321,92.5,0.33399999999999996,3.2489999999999997,1005.512,19.109,1.1789990000000001,7.497000000000001,0.8170000000000001,0.002,100,0.6,3.3,1005.512,0.016595951945567622,291.7998996465677,7.541385681690071,186.21937493493647,True,24.04159195356943,4.34058435010697,3,3,20160910_flight07
2016-09-10 08:50:41,54.76268003,7.71252462,92.626,-0.157,3.2319999999999998,1005.5039999999999,19.106,1.178967,7.4879999999999995,0.7090000000000001,-0.096,100,0.5,3.3,1005.5039999999999,0.016625891930111658,291.79756833407515,7.521490876149488,185.40891551884744,True,24.03796684184521,4.275207461304596,3,3,20160910_flight07
2016-09-10 08:50:42,54.76256295,7.7135158100000005,92.87200000000001,-0.726,3.3369999999999997,1005.493,19.118000000000002,1.17885,7.851,1.032,-0.028000000000000004,100,0.9,3.4,1005.493,0.016673924008898,291.81046252499124,7.918536796656312,187.4884950363891,True,24.034368304150476,4.209848854833242,3,3,20160910_flight07
2016-09-10 08:50:43,54.762447970000004,7.714507650000001,93.21,-0.9520000000000001,3.457,1005.43,19.103,1.1788260000000002,7.974,0.9460000000000001,-0.149,100,1.0,3.5,1005.43,0.01668309985034999,291.80071506674426,8.029918555004153,186.76569444342374,True,24.031007166956428,4.144482508369376,3,3,20160910_flight07
2016-09-10 08:50:44,54.76233491,7.71549995,93.708,-0.9540000000000001,3.287,1005.372,19.189,1.178773,7.513999999999999,0.91,-0.344,100,1.0,3.4,1005.372,0.016371077141697166,291.891397819045,7.568903223056824,186.90530629859387,True,24.027861822071998,4.079117684158117,3,3,20160910_flight07
2016-09-10 08:50:45,54.762222789999996,7.71649224,94.178,-0.9810000000000001,3.119,1005.319,19.112000000000002,1.178868,8.031,0.892,-0.086,100,1.1,3.2,1005.319,0.016503336267422064,291.8189155526956,8.080385201214112,186.3378426275646,True,24.024819919292838,4.013768666486703,3,3,20160910_flight07
2016-09-10 08:50:46,54.762112699999996,7.7174854900000005,94.38600000000001,-0.922,3.1890000000000005,1005.295,19.17,1.1787130000000001,7.615,1.077,0.09699999999999999,100,1.2,3.2,1005.295,0.016411026730075884,291.87882049487445,7.6907837051889585,188.0500303375303,True,24.022010614640827,3.948390928963905,3,3,20160910_flight07
2016-09-10 08:50:47,54.762004180000005,7.718479589999999,94.4,-0.26799999999999996,3.0180000000000002,1005.294,19.277,1.178827,7.0329999999999995,0.91,0.006,100,0.7,3.1,1005.294,0.015939850620467766,291.9857420748614,7.091628092335355,187.37254091422284,True,24.019382209829587,3.8829840935432056,3,3,20160910_flight07
2016-09-10 08:50:48,54.76189556,7.71947406,94.23,0.061000000000000006,3.0239999999999996,1005.3309999999999,19.005,1.1787880000000002,8.193,1.541,0.171,100,0.4,3.1,1005.3309999999999,0.01695677483319158,291.7110819190465,8.336661801944468,190.65216387567241,True,24.016746261094404,3.8175519522107884,3,3,20160910_flight07
2016-09-10 08:50:49,54.76178827,7.720469990000001,93.961,-0.305,2.948,1005.367,19.209,1.178515,7.251,1.4809999999999999,-0.18100000000000002,100,0.4,3.1,1005.367,0.016518981005129385,291.91178240102585,7.400700102017376,191.54375431686998,True,24.014270499194346,3.7520477801739576,3,3,20160910_flight07
2016-09-10 08:50:50,54.76168086,7.721466789999999,93.677,-0.20600000000000002,2.818,1005.3989999999999,19.155,1.1790260000000001,7.367999999999999,0.975,0.14800000000000002,100,0.3,3.0,1005.3989999999999,0.01629846869988283,291.8552082344614,7.432230418925398,187.53809647198733,True,24.011789680393782,3.686485962668395,3,3,20160910_flight07
2016-09-10 08:50:51,54.76157352999999,7.72246441,93.309,0.01,3.0,1005.436,19.153,1.178901,7.455,0.9670000000000001,-0.091,100,0.4,3.0,1005.436,0.016450587604420752,291.8501395786977,7.517453957291657,187.3906622096024,True,24.00932536461582,3.6208729282324397,3,3,20160910_flight07
2016-09-10 08:50:52,54.76146708,7.7234630200000005,93.12,0.33299999999999996,3.031,1005.465,19.113,1.1787610000000002,7.3260000000000005,1.031,-0.011000000000000001,100,0.4,3.1,1005.465,0.01673976641726571,291.80779440637326,7.398191468190047,188.01072034721366,True,24.006967262096012,3.555210698536319,3,3,20160910_flight07
2016-09-10 08:50:53,54.76136051,7.724462109999999,93.0,0.233,3.051,1005.487,19.098000000000003,1.1787710000000002,7.501,1.034,-0.085,100,0.4,3.1,1005.487,0.01680557366264912,291.7909918134483,7.57193218405976,187.8486606773917,True,24.004600444542092,3.4895157965316903,3,3,20160910_flight07
2016-09-10 08:50:54,54.761253610000004,7.725461299999999,93.0,0.368,3.12,1005.48,19.115,1.1787990000000002,6.981,0.7509999999999999,-0.095,100,0.5,3.2,1005.48,0.016715200768195215,291.8085462435225,7.021279228174877,186.1401349456462,True,24.00219821726005,3.423809166847401,3,3,20160910_flight07
2016-09-10 08:50:55,54.76114575,7.72645982,93.0,0.48700000000000004,3.32,1005.48,19.098000000000003,1.178706,7.115,1.022,0.10200000000000001,100,0.6,3.4,1005.48,0.01685456644023775,291.7915727937898,7.188025389493279,188.17406589641644,True,23.999683966698683,3.3581299508843667,3,3,20160910_flight07
2016-09-10 08:50:56,54.76103781,7.72745809,93.101,0.07300000000000001,3.342,1005.456,19.171,1.1786510000000001,6.8260000000000005,0.897,-0.084,100,0.2,3.4,1005.456,0.016623803539802973,291.8664512534778,6.8846848148626245,187.48630374723155,True,23.997158559615436,3.292465452617047,3,3,20160910_flight07
2016-09-10 08:50:57,54.760930390000006,7.7284561499999995,93.316,0.08,3.312,1005.436,19.047,1.178736,7.3020000000000005,0.851,-0.025,100,0.4,3.4,1005.436,0.01696165915098491,291.74430380282354,7.351421971292357,186.6474578486997,True,23.994688457950296,3.2268227912504255,3,3,20160910_flight07
2016-09-10 08:50:58,54.76082382,7.72945417,93.571,0.48700000000000004,3.3859999999999997,1005.409,19.077,1.178566,7.414,0.941,-0.023,100,0.6,3.4,1005.409,0.01697662193602767,291.7764982622786,7.473478239748879,187.23342109340484,True,23.99231160398201,3.161196405352533,3,3,20160910_flight07
2016-09-10 08:50:59,54.76071722,7.73045159,93.789,0.32899999999999996,3.3,1005.3809999999999,19.071,1.17858,7.577999999999999,1.136,0.126,100,0.5,3.3,1005.3809999999999,0.016957099906441897,291.77283148168584,7.662674467834321,188.52558943866762,True,23.989925817781405,3.0956079556739353,3,3,20160910_flight07
2016-09-10 08:51:00,54.76061044,7.7314484000000006,93.9,-0.518,3.24,1005.3759999999999,19.11,1.1786880000000002,7.254,1.024,0.113,100,0.8,3.3,1005.3759999999999,0.016723169245963287,291.81218672756796,7.325919191473517,188.03498184700948,True,23.987514483863684,3.030055662413356,3,3,20160910_flight07
2016-09-10 08:51:01,54.76050411999999,7.73244525,93.9,-0.24100000000000002,3.167,1005.378,19.094,1.178701,6.857,1.123,0.05,100,0.5,3.2,1005.378,0.016769642106149396,291.7960452287281,6.94835073956403,189.30100244592404,True,23.98515419164371,2.96450822956152,3,3,20160910_flight07
2016-09-10 08:51:02,54.76039815,7.73344248,93.77,-0.358,3.173,1005.3739999999999,19.043,1.1786880000000002,7.3229999999999995,1.229,0.163,100,0.6,3.3,1005.3739999999999,0.016954281336802657,291.74545537401093,7.425413793183514,189.52701730651162,True,23.982836014361553,2.8989421108770794,3,3,20160910_flight07
2016-09-10 08:51:03,54.760293929999996,7.73444074,93.699,-0.419,3.1430000000000002,1005.395,19.090000000000003,1.178736,7.186,1.037,-0.03900000000000001,100,0.6,3.2,1005.395,0.016770560190910055,291.79064027127737,7.260438347648164,188.2115723688736,True,23.98072025131065,2.8333382723866616,3,3,20160910_flight07
2016-09-10 08:51:04,54.76019075,7.73544,93.57,-0.225,3.1430000000000002,1005.393,19.064,1.1787200000000002,7.322,1.56,0.04100000000000001,100,0.3,3.2,1005.393,0.0168728083362657,291.76484624397347,7.48633982664426,192.02740564874188,True,23.97872841844781,2.767687179779832,3,3,20160910_flight07
2016-09-10 08:51:05,54.760087940000005,7.73644,93.486,0.169,2.972,1005.4119999999999,19.104,1.1788750000000001,6.812,0.9179999999999999,-0.11900000000000001,100,0.4,3.1,1005.4119999999999,0.016619162101189522,291.8032076187175,6.873577525568472,187.67506540284853,True,23.976784280150248,2.7019946718772383,3,3,20160910_flight07
2016-09-10 08:51:06,54.75998431,7.73743937,93.4,0.46399999999999997,3.112,1005.4169999999999,19.081000000000003,1.178924,7.11,0.9129999999999999,0.021,100,0.6,3.3,1005.4169999999999,0.01666197349509213,291.7798280970348,7.168379802995932,187.31734655283407,True,23.97474391400705,2.6363292751422467,3,3,20160910_flight07
2016-09-10 08:51:07,54.759880540000005,7.738439909999999,93.4,0.5419999999999999,3.228,1005.418,19.092,1.178822,6.922000000000001,0.836,-0.099,100,0.7,3.3,1005.418,0.016712682992317207,291.7907281117739,6.9723009114638765,186.88650615601924,True,23.972699102020144,2.570586700129834,3,3,20160910_flight07
2016-09-10 08:51:08,54.75977643,7.739439,93.499,0.801,3.2,1005.414,19.045,1.178739,7.335,1.295,0.037000000000000005,100,0.9,3.2,1005.414,0.016943779424649863,291.7441326450714,7.4484394338680096,190.0124358427695,True,23.97060324012849,2.504931488399583,3,3,20160910_flight07
2016-09-10 08:51:09,54.75967165,7.740439,93.5,1.111,3.156,1005.4,19.081000000000003,1.178765,7.23,1.3419999999999999,-0.033,100,1.2,3.2,1005.4,0.016781915461093755,291.7812391025658,7.353493319504683,190.51531241844026,True,23.968442117011023,2.4392071960087396,3,3,20160910_flight07
2016-09-10 08:51:10,54.75956508,7.74143786,93.42200000000001,1.2819999999999998,3.0660000000000003,1005.411,19.097,1.178862,6.796,1.3259999999999998,0.061000000000000006,100,1.4,3.1,1005.411,0.016653712450482416,291.7963014205432,6.924152800162631,191.04054400422666,True,23.966073142097166,2.3735270217653928,3,3,20160910_flight07
2016-09-10 08:51:11,54.759455900000006,7.74243592,93.241,1.1260000000000001,3.1210000000000004,1005.427,19.083000000000002,1.178969,7.021,1.138,0.042,100,1.2,3.2,1005.427,0.016626322350787648,291.78099501465715,7.112628557713386,189.2067283634077,True,23.9634091859739,2.307855964104684,3,3,20160910_flight07
2016-09-10 08:51:12,54.75934530000001,7.74343355,93.11699999999999,0.9990000000000001,3.1,1005.438,19.095,1.178936,7.0489999999999995,1.103,-0.019,100,1.1,3.1,1005.438,0.01662415616004176,291.7920634346298,7.134774698615226,188.89330432436566,True,23.96058479122398,2.2421895303079826,3,3,20160910_flight07
2016-09-10 08:51:13,54.7592335,7.74442906,93.053,1.143,3.1310000000000002,1005.449,19.055,1.1789930000000002,6.9670000000000005,1.325,0.037000000000000005,100,1.3,3.2,1005.449,0.016725288619610534,291.7512125472387,7.091876620472187,190.76804717694148,True,23.957608337748717,2.176639486940683,3,3,20160910_flight07
2016-09-10 08:51:14,54.759119749999996,7.74542451,93.0,1.301,3.1390000000000002,1005.457,19.097,1.178933,7.082000000000001,1.247,-0.004000000000000002,100,1.4,3.2,1005.457,0.016638997130075328,291.7924833210691,7.190947990355653,189.9862864715309,True,23.95441653955652,2.1110618237951013,3,3,20160910_flight07
2016-09-10 08:51:15,54.759004000000004,7.74641979,92.916,0.877,3.178,1005.467,19.091,1.1789930000000002,7.212999999999999,1.383,0.19699999999999998,100,1.3,3.2,1005.467,0.01661824192857364,291.7856626777001,7.344389559384768,190.853999396103,True,23.951002857638734,2.045462777870508,3,3,20160910_flight07
2016-09-10 08:51:16,54.758886780000005,7.7474145199999995,92.8,0.768,3.158,1005.4810000000001,19.112000000000002,1.179109,6.897,0.981,-0.054000000000000006,100,0.8,3.2,1005.4810000000001,0.016459340298993208,291.8054679273778,6.966417300162258,188.09520846108077,True,23.94742210428585,1.9798752331462932,3,3,20160910_flight07
2016-09-10 08:51:17,54.758768069999995,7.7484086,92.835,0.46199999999999997,3.2030000000000003,1005.4889999999999,19.097,1.1791120000000002,6.881,0.9890000000000001,-0.065,100,0.8,3.3,1005.4889999999999,0.016517012989792912,291.7898273843568,6.951710724706546,188.17905715426087,True,23.943671138623543,1.9143052703116585,3,3,20160910_flight07
2016-09-10 08:51:18,54.758648949999994,7.74940253,92.97200000000001,0.188,3.275,1005.457,19.088,1.179076,7.058,0.9560000000000001,-0.016,100,0.3,3.4,1005.457,0.0165470031660524,291.78349731830474,7.122450421027864,187.7137192452041,True,23.939873606711224,1.8487382974931905,3,3,20160910_flight07
2016-09-10 08:51:19,54.75853011,7.750396459999999,93.194,-0.369,3.3169999999999997,1005.4309999999999,19.05,1.1789290000000001,7.077000000000001,1.139,0.021,100,0.5,3.4,1005.4309999999999,0.016779678673089382,291.74771409930537,7.1680715677230795,189.1430008559886,True,23.936106915281805,1.7831758422671489,3,3,20160910_flight07
2016-09-10 08:51:20,54.75841211,7.75139049,93.39399999999999,-0.40800000000000003,3.3,1005.4019999999999,19.061,1.1788750000000001,6.956,1.062,0.124,100,0.5,3.3,1005.4019999999999,0.016758648660210262,291.7611038928737,7.036602873546298,188.6805413146245,True,23.93243368327976,1.717620536443019,3,3,20160910_flight07
2016-09-10 08:51:21,54.75829468,7.75238439,93.50299999999999,-0.382,3.3,1005.401,19.067,1.1789500000000002,7.045,1.078,0.04,100,0.4,3.3,1005.401,0.01667207994493336,291.76717765220053,7.126998596884946,188.6997100347262,True,23.928822014309688,1.6520827515328254,3,3,20160910_flight07
2016-09-10 08:51:22,54.75817809,7.75337853,93.62199999999999,-0.465,3.24,1005.38,19.052,1.178971,7.022,1.149,0.024000000000000004,100,0.5,3.3,1005.38,0.016684923975168964,291.7539436163428,7.115383686070625,189.292875143578,True,23.925305117944156,1.586543151300548,3,3,20160910_flight07
2016-09-10 08:51:23,54.75806254,7.7543732,93.7,-0.24400000000000002,3.2,1005.363,19.07,1.179022,6.962000000000001,0.915,-0.026999999999999996,100,0.4,3.2,1005.363,0.016561134239789554,291.7733270347187,7.021870762126003,187.48734196831464,True,23.92190774324699,1.5209863928116958,3,3,20160910_flight07
2016-09-10 08:51:24,54.757947169999994,7.75536778,93.8,0.139,3.1940000000000004,1005.372,19.041,1.1790260000000001,7.032,1.038,-0.059000000000000004,100,0.2,3.2,1005.372,0.01666768004177155,291.74362442282614,7.10819723980701,188.39684692344798,True,23.918529350389676,1.4554383015262853,3,3,20160910_flight07
2016-09-10 08:51:25,54.757831450000005,7.75636216,93.85,-0.022000000000000002,3.1,1005.3309999999999,19.086000000000002,1.17906,6.803999999999999,0.635,-0.094,100,0.2,3.1,1005.3309999999999,0.01644036260848858,291.79195884271866,6.833567223639495,185.33182495449458,True,23.915110530966302,1.3898973699998192,3,3,20160910_flight07
2016-09-10 08:51:26,54.75771549,7.75735637,93.9,0.067,3.1390000000000002,1005.3330000000001,19.06,1.178978,6.643,0.8690000000000001,0.052000000000000005,100,0.4,3.2,1005.3330000000001,0.016603526462158902,291.76583234373527,6.699597749118972,187.45279304580407,True,23.911663682272362,1.3243634519878573,3,3,20160910_flight07
2016-09-10 08:51:27,54.75759966,7.75835062,93.9,0.039,3.1,1005.3389999999999,19.012,1.178866,6.781000000000001,0.9590000000000001,-0.03,100,0.4,3.1,1005.3389999999999,0.01687321541552178,291.71740737458344,6.848477349017079,188.0496474240333,True,23.908231527566244,1.258829070079594,3,3,20160910_flight07
2016-09-10 08:51:28,54.75748428,7.75934529,93.9,-0.37800000000000006,3.0780000000000003,1005.3530000000001,19.026,1.178924,6.694,0.643,-0.045,100,0.5,3.1,1005.3530000000001,0.016788624709960898,291.73022419157815,6.724811149764728,185.48677932552576,True,23.90485287744815,1.1932750544147033,3,3,20160910_flight07
2016-09-10 08:51:29,54.75736957,7.760340210000001,93.9,-0.305,3.023,1005.3459999999999,19.077,1.179048,6.505,0.193,0.0030000000000000005,100,0.4,3.1,1005.3459999999999,0.016497178638559706,291.7817274185475,6.507862475498388,181.69943772908093,True,23.901550369153796,1.1277158402663252,3,3,20160910_flight07
2016-09-10 08:51:30,54.757255109999996,7.76133491,93.925,-0.196,3.177,1005.347,19.02,1.178955,6.449,0.27699999999999997,-0.009000000000000001,100,0.3,3.2,1005.347,0.016776700787103804,291.72473128109544,6.454946165538486,182.45947923359503,True,23.898273333441466,1.0621747471062575,3,3,20160910_flight07
2016-09-10 08:51:31,54.75714144,7.762329660000001,94.01899999999999,-0.172,3.2,1005.3330000000001,18.982,1.178822,6.776,0.5,0.079,100,0.2,3.2,1005.3330000000001,0.017009530892179825,291.6879509059925,6.7944224184252775,184.220198288799,True,23.8950837809382,0.9966431983228219,3,3,20160910_flight07
2016-09-10 08:51:32,54.75702881,7.7633244999999995,94.12100000000001,-0.187,3.18,1005.3059999999999,19.01,1.178769,6.775,0.654,0.047,100,0.3,3.2,1005.3059999999999,0.01693047319579244,291.71814906457126,6.806492562252603,185.5137558880042,True,23.892009622980723,0.9311226661307099,3,3,20160910_flight07
2016-09-10 08:51:33,54.75691663,7.7643191300000005,94.2,-0.20600000000000002,3.1,1005.307,18.98,1.178941,7.034,0.569,0.078,100,0.3,3.1,1005.307,0.01688753844966695,291.68811145288936,7.056976477217421,184.62474637247402,True,23.888983060319468,0.8656228414408647,3,3,20160910_flight07
2016-09-10 08:51:34,54.756805039999996,7.76531374,94.2,-0.161,3.1,1005.314,18.975,1.178944,6.9079999999999995,0.643,-0.025,100,0.3,3.1,1005.314,0.01690943652845811,291.68253815176416,6.9378608374627975,185.31779659196053,True,23.886021295362767,0.8001338166381897,3,3,20160910_flight07
2016-09-10 08:51:35,54.75669387,7.76630856,94.19300000000001,-0.034,3.1,1005.309,18.96,1.178976,7.093,0.7859999999999999,0.029000000000000005,100,0.1,3.1,1005.309,0.016928994987700063,291.6679757525097,7.136416817983658,186.3233460442343,True,23.88310776089304,0.7346381211375022,3,3,20160910_flight07
2016-09-10 08:51:36,54.75658319,7.76730362,94.1,0.0030000000000000005,3.1,1005.323,19.058000000000003,1.179191,6.8020000000000005,0.20600000000000002,0.032,100,0.1,3.1,1005.323,0.016416741488407105,291.7646654071847,6.8051186617134025,181.73468451024468,True,23.88025044842464,0.6691349633243888,3,3,20160910_flight07
2016-09-10 08:51:37,54.75647232,7.76829825,94.1,0.133,3.1,1005.325,19.034000000000002,1.179057,6.7860000000000005,0.42100000000000004,-0.064,100,0.3,3.1,1005.325,0.016617777846565485,291.7405358278136,6.799046771423183,183.55005118578384,True,23.87736817516111,0.6036562745125309,3,3,20160910_flight07
2016-09-10 08:51:38,54.75636151,7.76929289,94.12,0.23399999999999999,3.1,1005.325,18.933999999999997,1.1789100000000001,7.077999999999999,0.531,-0.079,100,0.3,3.1,1005.325,0.017092641440731304,291.6406876034659,7.097890179482914,184.2903607716721,True,23.874492604370282,0.538177913418667,3,3,20160910_flight07
2016-09-10 08:51:39,54.7562511,7.7702876100000005,94.2,0.067,3.0610000000000004,1005.312,19.011,1.1789020000000001,6.73,0.517,0.03,100,0.3,3.1,1005.312,0.016818334658305067,291.71864960617734,6.749828812644066,184.39284602546695,True,23.871661841797355,0.47270088332844296,3,3,20160910_flight07
2016-09-10 08:51:40,54.756140290000005,7.7712821,94.13,0.18,3.036,1005.312,18.979,1.178994,6.79,0.506,-0.065,100,0.3,3.1,1005.312,0.016850363899553633,291.6866980562189,6.808827799261779,184.26188141421,True,23.868784864033437,0.40723212729647695,3,3,20160910_flight07
2016-09-10 08:51:41,54.756029209999994,7.77227655,94.1,-0.01,3.0,1005.3209999999999,18.972,1.179028,6.9639999999999995,0.501,-0.024000000000000004,100,0.2,3.0,1005.3209999999999,0.0168545095857513,291.67896184248355,6.981998066456335,184.11485021290713,True,23.865877772038694,0.3417615763643429,3,3,20160910_flight07
2016-09-10 08:51:42,54.75591863,7.77327139,94.06299999999999,-0.15200000000000002,3.075,1005.327,18.995,1.179025,6.999,0.652,0.068,100,0.2,3.1,1005.327,0.01678311016447842,291.7014290510057,7.029303308294499,185.32209539131335,True,23.863029410466574,0.27627411940093793,3,3,20160910_flight07
2016-09-10 08:51:43,54.755808710000004,7.77426659,93.95800000000001,-0.06,3.0410000000000004,1005.329,19.019000000000002,1.1790990000000001,6.558,0.479,0.084,100,0.2,3.1,1005.329,0.016637801940213803,291.7252266286923,6.5754699451826255,184.1774975494872,True,23.860257121053912,0.21077425889967571,3,3,20160910_flight07
2016-09-10 08:51:44,54.75569872,7.775261799999999,93.82700000000001,-0.09600000000000002,3.02,1005.3489999999999,19.07,1.1791880000000001,6.779,0.5169999999999999,0.065,100,0.2,3.1,1005.3489999999999,0.016403874065730406,291.7744890735665,6.798685902437323,184.36121658263045,True,23.857477215317616,0.14527262866276303,3,3,20160910_flight07
2016-09-10 08:51:45,54.75558913,7.77625737,93.7,-0.298,3.076,1005.365,19.069000000000003,1.1791930000000002,6.685,0.528,0.028999999999999998,100,0.4,3.1,1005.365,0.016419218457659257,291.77216255998616,6.705819040206796,184.51600580452924,True,23.85474474415043,0.0797543999808683,3,3,20160910_flight07
2016-09-10 08:51:46,54.75548011,7.77725326,93.6,-0.442,3.055,1005.395,19.06,1.179214,6.5760000000000005,0.341,-0.049,100,0.5,3.1,1005.395,0.016462752752811838,291.7606864004584,6.584835381389576,182.96842712981874,True,23.852078056937614,0.01422487702773445,3,3,20160910_flight07
2016-09-10 08:51:47,54.75537166,7.77824945,93.6,-0.541,3.133,1005.387,19.018,1.179054,6.691,0.508,0.047,100,0.6,3.2,1005.387,0.016738737772720613,291.7194148556271,6.710256701498087,184.34173113850858,True,23.849476966081845,-0.05131465952180925,3,3,20160910_flight07
2016-09-10 08:51:48,54.75526433,7.7792461600000005,93.619,-0.531,3.1540000000000004,1005.3739999999999,19.058,1.178986,6.481,0.467,0.013000000000000003,100,0.6,3.2,1005.3739999999999,0.016645045984086337,291.76043239889043,6.497803475021386,184.1214262448603,True,23.847004114663193,-0.11686942324985594,3,3,20160910_flight07
2016-09-10 08:51:49,54.75515777,7.78024302,93.7,-0.456,3.1,1005.387,18.938,1.1788990000000001,6.718,0.735,-0.031,100,0.6,3.1,1005.387,0.01715092841498933,291.63953768499766,6.758087673299304,186.2437579384141,True,23.844617481542855,-0.18242136866107472,3,3,20160910_flight07
2016-09-10 08:51:50,54.755052230000004,7.78124047,93.7,-0.546,3.1,1005.38,19.064,1.178926,6.684,0.262,-0.046000000000000006,100,0.6,3.1,1005.38,0.016681978611445603,291.7659252157959,6.689132978196801,182.24473563378731,True,23.842348729991024,-0.24799463703843738,3,3,20160910_flight07
2016-09-10 08:51:51,54.754947460000004,7.78223813,93.755,-0.257,3.1,1005.3739999999999,19.035,1.1789990000000001,6.468,0.229,-0.052000000000000005,100,0.5,3.1,1005.3739999999999,0.01671386276886011,291.7374676274086,6.472052611034616,182.0277141720738,True,23.840166759527065,-0.31356892912369627,3,3,20160910_flight07
2016-09-10 08:51:52,54.7548428,7.78323578,93.8,-0.077,3.142,1005.363,18.953,1.1787400000000001,6.655,0.46399999999999997,0.016,100,0.2,3.2,1005.363,0.017211609323116273,291.6565058751024,6.671155896844264,183.98832284629486,True,23.837996811167912,-0.37914080610327705,3,3,20160910_flight07
2016-09-10 08:51:53,54.75473878,7.784233410000001,93.84,-0.213,3.1390000000000002,1005.34,18.926,1.1787230000000002,6.775,0.353,0.005,100,0.5,3.2,1005.34,0.017297040511810913,291.63145528001786,6.784190003235464,182.9826033314625,True,23.835897167742672,-0.4447010764828354,3,3,20160910_flight07
2016-09-10 08:51:54,54.7546354,7.785231230000001,93.9,-0.259,3.036,1005.3359999999999,18.97,1.178769,6.72,0.27699999999999997,-0.114,100,0.5,3.1,1005.3359999999999,0.017100072563708713,291.675720216382,6.72570657998102,182.36040941504052,True,23.83386979901477,-0.5102631873487651,3,3,20160910_flight07
2016-09-10 08:51:55,54.75453249,7.78622919,93.97200000000001,-0.191,3.0,1005.328,18.957,1.178828,6.691,0.315,-0.08200000000000002,100,0.3,3.0,1005.328,0.017086336431581417,291.66340377363866,6.698410707025958,182.69539000758093,True,23.831895511414643,-0.5758266798376299,3,3,20160910_flight07
2016-09-10 08:51:56,54.754429810000005,7.78722736,93.962,-0.11200000000000002,3.0,1005.3389999999999,18.897,1.178741,6.755,0.35700000000000004,0.038000000000000006,100,0.2,3.0,1005.3389999999999,0.0173815089912559,291.6025823739055,6.764427100649396,183.02525259253514,True,23.829948526830684,-0.6413999085336552,3,3,20160910_flight07
2016-09-10 08:51:57,54.75432785,7.788225700000001,93.9,-0.297,3.015,1005.3439999999999,18.909999999999997,1.178719,6.6739999999999995,0.285,-0.03900000000000001,100,0.4,3.1,1005.3439999999999,0.017360271574813346,291.6151477970394,6.680082409671305,182.44521759845924,True,23.828082440912972,-0.7069724063007072,3,3,20160910_flight07
2016-09-10 08:51:58,54.7542265,7.78922459,93.874,0.03900000000000001,3.0210000000000004,1005.342,18.9,1.1787910000000001,6.752000000000001,0.614,0.14100000000000001,100,0.3,3.1,1005.342,0.017330940849882293,291.6053289403084,6.779859880558005,185.19595912111245,True,23.826288702092256,-0.772570280729969,3,3,20160910_flight07
2016-09-10 08:51:59,54.7541255,7.7902238399999995,93.728,-0.099,3.017,1005.388,18.903,1.178964,6.821000000000001,0.5539999999999999,0.063,100,0.1,3.1,1005.388,0.017217751375863566,291.60450847084996,6.8434608934368875,184.6433573025291,True,23.824536890611277,-0.8381855603171164,3,3,20160910_flight07
2016-09-10 08:52:00,54.7540255,7.791223,93.59899999999999,-0.11599999999999999,3.0239999999999996,1005.3789999999999,18.921999999999997,1.179046,6.922999999999999,0.582,-0.044000000000000004,100,0.3,3.1,1005.3789999999999,0.017071733587725957,291.6242259138437,6.947420600481879,184.8054194278331,True,23.82289437952398,-0.9037789426093612,3,3,20160910_flight07
2016-09-10 08:52:01,54.753925499999994,7.792223,93.5,-0.309,3.028,1005.3919999999999,18.945999999999998,1.179164,6.881,0.42200000000000004,-0.016,100,0.4,3.1,1005.3919999999999,0.016899544001997224,291.64711058206825,6.893928125531916,183.5094570138385,True,23.821259747490338,-0.9694261132472928,3,3,20160910_flight07
2016-09-10 08:52:02,54.75382586,7.793223,93.5,-0.574,3.1,1005.3839999999999,18.939,1.17917,7.0120000000000005,0.46299999999999997,-0.038000000000000006,100,0.6,3.1,1005.3839999999999,0.01691064814427734,291.6407850369348,7.02726924203136,183.7777371998736,True,23.819664767505813,-1.0350674755522267,3,3,20160910_flight07
2016-09-10 08:52:03,54.753727669999996,7.79422374,93.5,-0.47200000000000003,3.1,1005.398,18.973,1.179171,6.896,0.539,0.024000000000000004,100,0.6,3.1,1005.398,0.01680558715070668,291.6735712623102,6.9170323839056875,184.46922359281965,True,23.818236438229974,-1.1007328281544018,3,3,20160910_flight07
2016-09-10 08:52:04,54.753630460000004,7.7952247,93.5,-0.23,3.088,1005.385,19.007,1.179208,6.85,0.583,-0.04100000000000001,100,0.4,3.1,1005.385,0.016642209455285606,291.70859770805714,6.874764650517135,184.86469112280474,True,23.816918114203624,-1.1663964566075844,3,3,20160910_flight07
2016-09-10 08:52:05,54.7535336,7.796225799999999,93.51,-0.01,3.06,1005.403,19.055,1.179273,6.829,0.613,-0.081,100,0.1,3.1,1005.403,0.016437378187405427,291.75503013706134,6.8564575401587655,185.12936480114752,True,23.815639653953745,-1.2320634027948758,3,3,20160910_flight07
2016-09-10 08:52:06,54.75343698,7.797227339999999,93.53399999999999,0.024000000000000004,3.0660000000000003,1005.395,18.988,1.179212,6.897,0.545,0.06,100,0.1,3.1,1005.395,0.01671499340387994,291.6887971104928,6.9184994037724685,184.51811638034673,True,23.814391755526636,-1.2977546516079572,3,3,20160910_flight07
2016-09-10 08:52:07,54.75334073,7.7982288,93.5,0.11800000000000001,3.073,1005.39,19.109,1.179085,6.803999999999999,0.435,-0.115,100,0.2,3.1,1005.39,0.01639846772481257,291.8100261060134,6.8178912428990825,183.6581112945912,True,23.81318386020768,-1.3634348080460663,3,3,20160910_flight07
2016-09-10 08:52:08,54.75324428,7.79923039,93.524,0.07400000000000001,3.0,1005.395,19.023,1.179143,6.73,0.099,-0.062,100,0.1,3.0,1005.395,0.01665268710070622,291.723743293115,6.730728118116197,180.84277460331342,True,23.811955155350148,-1.4291265157225244,3,3,20160910_flight07
2016-09-10 08:52:09,54.75314798,7.80023172,93.6,0.10300000000000001,3.032,1005.395,19.043,1.178727,6.327000000000001,0.147,-0.125,100,0.4,3.1,1005.395,0.016941875019791386,291.74371254032764,6.328707450972908,181.3309569421366,True,23.810740533425232,-1.4947991544865902,3,3,20160910_flight07
2016-09-10 08:52:10,54.75305159,7.80123323,93.67200000000001,0.5489999999999999,3.1,1005.395,18.941,1.1785290000000002,6.499,0.402,0.018,100,0.6,3.1,1005.395,0.017467909517204117,291.64186937954304,6.5114211198478005,183.53955916854994,True,23.809517686856104,-1.5604847714080492,3,3,20160910_flight07
2016-09-10 08:52:11,54.75295496,7.80223437,93.7,0.545,3.148,1005.375,18.903,1.178417,6.547999999999999,0.47200000000000003,-0.046,100,0.6,3.2,1005.375,0.017676766512778164,291.6055868550923,6.564989565871373,184.1229251916448,True,23.808264935052797,-1.6261505680657713,3,3,20160910_flight07
2016-09-10 08:52:12,54.752857999999996,7.803235180000001,93.738,0.502,3.0180000000000002,1005.372,18.992,1.178636,6.305,0.085,-0.125,100,0.6,3.1,1005.372,0.017174664880500012,291.694699447051,6.3055729319388565,180.77237846883054,True,23.806972740196287,-1.6918005578928685,3,3,20160910_flight07
2016-09-10 08:52:13,54.75276022,7.8042359999999995,93.78699999999999,0.3,3.033,1005.3409999999999,18.972,1.178589,6.33,0.172,0.031,100,0.5,3.1,1005.3409999999999,0.017253503821101912,291.677302290639,6.332336377672936,181.5564691584321,True,23.8055903205842,-1.7574644181487562,3,3,20160910_flight07
2016-09-10 08:52:14,54.752662369999996,7.80523622,93.79,-0.18600000000000003,3.013,1005.363,18.855,1.17852,6.553,0.506,-0.151,100,0.3,3.1,1005.363,0.017742947929613173,291.5586556730307,6.572506751613116,184.4154203844277,True,23.80419456295553,-1.8230909875560055,3,3,20160910_flight07
2016-09-10 08:52:15,54.75256555,7.80623749,93.79,-0.046000000000000006,3.037,1005.3530000000001,18.901,1.17845,6.206,0.5489999999999999,0.02,100,0.2,3.1,1005.3530000000001,0.017632968882753897,291.60541490531256,6.230235709826716,185.05538398446367,True,23.802922103060332,-1.8887681741094822,3,3,20160910_flight07
2016-09-10 08:52:16,54.75246876,7.80723879,93.695,0.366,2.9610000000000003,1005.378,18.923,1.178577,6.189,0.294,0.004,100,0.5,3.0,1005.378,0.017471968916902947,291.62530733938183,6.195979099383729,182.71971329011546,True,23.801653228896754,-1.9544467976476847,3,3,20160910_flight07
2016-09-10 08:52:17,54.75237147,7.80824029,93.569,0.35600000000000004,2.991,1005.3839999999999,18.951,1.178554,6.2410000000000005,0.382,0.005,100,0.4,3.0,1005.3839999999999,0.017400363069040914,291.6527666227543,6.252679825482831,183.50259835196454,True,23.80033115840932,-2.0201462950637303,3,3,20160910_flight07
2016-09-10 08:52:18,54.75227424,7.809241859999999,93.454,0.256,3.0,1005.403,18.82,1.1788010000000002,6.452000000000001,0.506,0.036000000000000004,100,0.5,3.0,1005.403,0.017662801540705875,291.52039201628236,6.471811183895897,184.48425989095244,True,23.799016353184165,-2.0858493067865,3,3,20160910_flight07
2016-09-10 08:52:19,54.75217718,7.810243809999999,93.33200000000001,0.59,3.0,1005.411,18.855,1.178746,6.236000000000001,0.5379999999999999,0.09200000000000001,100,0.8,3.0,1005.411,0.01759639866349616,291.5546746290149,6.259164480983066,184.93088377237586,True,23.7977238368711,-2.151573908508487,3,3,20160910_flight07
2016-09-10 08:52:20,54.75207913,7.81124551,93.162,0.843,3.0,1005.442,18.863999999999997,1.178719,6.184,0.513,0.09200000000000001,100,1.0,3.0,1005.442,0.017619719932058464,291.5610897090921,6.205241735823029,184.74217139788647,True,23.796319932469487,-2.217298474709609,3,3,20160910_flight07
2016-09-10 08:52:21,54.751980169999996,7.81224686,92.97,0.77,3.05,1005.457,18.877,1.178729,6.398,0.768,0.14400000000000002,100,1.0,3.1,1005.457,0.01758096719519897,291.57282547571697,6.44392954648016,186.84489215655665,True,23.794812513562142,-2.283015311274795,3,3,20160910_flight07
2016-09-10 08:52:22,54.7518805,7.81324841,92.759,0.6439999999999999,3.0,1005.49,18.898,1.1787660000000002,6.337000000000001,0.6809999999999999,0.01,100,0.7,3.0,1005.49,0.017509253194652352,291.5910557475415,6.3734864870022285,186.13369989745757,True,23.79322876796997,-2.3487564099119824,3,3,20160910_flight07
2016-09-10 08:52:23,54.75178026,7.81424974,92.626,0.627,3.062,1005.503,18.89,1.178816,6.369,0.6990000000000001,-0.015,100,0.7,3.1,1005.503,0.017507122256262386,291.5819900868644,6.40724293280659,186.26316540827315,True,23.791580176406008,-2.4144926176524324,3,3,20160910_flight07
2016-09-10 08:52:24,54.751679059999994,7.8152512100000004,92.50299999999999,0.45,3.13,1005.5239999999999,18.866,1.178813,6.428999999999999,0.722,0.031,100,0.6,3.2,1005.5239999999999,0.017614590604122293,291.5562862357821,6.469414579388153,186.4076756057034,True,23.78982715922239,-2.4802532790048044,3,3,20160910_flight07
2016-09-10 08:52:25,54.751577639999994,7.81625237,92.515,0.465,3.2489999999999997,1005.513,18.862000000000002,1.178803,6.377999999999999,0.6629999999999999,-0.023000000000000003,100,0.6,3.3,1005.513,0.017626030172072094,291.5532047239069,6.412367191607167,185.93464327238522,True,23.788047002485904,-2.54599763943292,3,3,20160910_flight07
2016-09-10 08:52:26,54.75147579,7.817252999999999,92.64399999999999,0.763,3.3,1005.5110000000001,18.855,1.178927,6.447,0.865,0.075,100,0.8,3.3,1005.5110000000001,0.017541364102899637,291.54638157228777,6.5047700958604215,187.64179079677302,True,23.786214512273865,-2.611714999707049,3,3,20160910_flight07
2016-09-10 08:52:27,54.751373359999995,7.8182529999999995,92.75200000000001,0.862,3.299,1005.4939999999999,18.936,1.178977,6.362,0.7979999999999999,-0.012000000000000002,100,0.9,3.3,1005.4939999999999,0.017198844524702217,291.62866449083685,6.411852150510023,187.14940036006726,True,23.784312228914814,-2.6774013765918045,3,3,20160910_flight07
2016-09-10 08:52:28,54.751269920000006,7.8192529,92.881,0.7339999999999999,3.176,1005.4860000000001,18.891,1.179049,6.478,0.8029999999999999,-0.005,100,0.9,3.2,1005.4860000000001,0.01728536272978176,291.5843984515928,6.5275794135345455,187.06622578497326,True,23.782297761550893,-2.743097645702381,3,3,20160910_flight07
2016-09-10 08:52:29,54.75116559,7.82025177,92.939,0.594,3.1,1005.4810000000001,18.971,1.1790820000000002,6.348,0.682,-0.057,100,0.7,3.1,1005.4810000000001,0.016973248848849654,291.66468817846146,6.3845303664404325,186.13207501326025,True,23.780175604289894,-2.808742319545492,3,3,20160910_flight07
2016-09-10 08:52:30,54.75106038,7.8212505199999995,93.0,0.715,3.17,1005.472,18.906,1.17917,6.392,0.699,0.014000000000000002,100,0.8,3.2,1005.472,0.017114569911994337,291.60053620331234,6.430106142203254,186.24080713177943,True,23.77795539422152,-2.874393507486169,3,3,20160910_flight07
2016-09-10 08:52:31,54.75095453,7.8222488299999995,93.04199999999999,0.623,3.19,1005.459,18.91,1.178973,6.392,0.617,-0.029000000000000005,100,0.7,3.2,1005.459,0.017257439156815435,291.6056082595085,6.421709507599982,185.51350289651515,True,23.775660564500143,-2.9400268465041366,3,3,20160910_flight07
2016-09-10 08:52:32,54.750848180000006,7.82324686,93.135,0.332,3.135,1005.451,18.968,1.1790370000000001,6.331,0.544,-0.066,100,0.4,3.2,1005.451,0.0169921635791348,291.664181728527,6.354328996833576,184.91115650624488,True,23.773308036138552,-3.0056503232025458,3,3,20160910_flight07
2016-09-10 08:52:33,54.750741420000004,7.824244619999999,93.23899999999999,0.229,3.167,1005.436,18.933999999999997,1.178803,6.362,0.516,-0.129,100,0.3,3.2,1005.436,0.01729727246728907,291.6314788719388,6.382891194435325,184.6369143080339,True,23.770907815946295,-3.0712631258355696,3,3,20160910_flight07
2016-09-10 08:52:34,54.75063451,7.82524224,93.374,0.10300000000000001,3.1,1005.418,18.963,1.178646,6.438,0.469,-0.07,100,0.2,3.1,1005.418,0.017313559936877887,291.6619273099507,6.45506041799765,184.16656351233206,True,23.768489760891107,-3.136869383883206,3,3,20160910_flight07
2016-09-10 08:52:35,54.75052783,7.82624003,93.479,0.16699999999999998,3.1,1005.406,18.92,1.1788040000000002,6.51,0.38300000000000006,-0.009000000000000001,100,0.3,3.1,1005.406,0.017314816928417187,291.6199891600583,6.521256704041024,183.36697659527778,True,23.766098633660626,-3.202482816787934,3,3,20160910_flight07
2016-09-10 08:52:36,54.75042131,7.82723777,93.5,-0.032,3.1,1005.401,18.934,1.178769,6.555,0.07200000000000001,-0.035,100,0.3,3.1,1005.401,0.017291201111909738,291.6343823848898,6.555395411414936,180.62931048577306,True,23.763724660570475,-3.268090466524245,3,3,20160910_flight07
2016-09-10 08:52:37,54.75031503,7.82823518,93.595,-0.262,3.1,1005.385,18.8,1.178454,6.4479999999999995,0.201,-0.11600000000000002,100,0.3,3.1,1005.385,0.018013965289649825,291.50191541146467,6.451132071194946,181.78547202111457,True,23.76137402683723,-3.3336731129027743,3,3,20160910_flight07
2016-09-10 08:52:38,54.75020948,7.8292328399999995,93.75299999999999,-0.17300000000000001,3.1,1005.377,18.843,1.1783439999999998,6.6129999999999995,0.17600000000000002,-0.04100000000000001,100,0.3,3.1,1005.377,0.017950967606897628,291.5455129002655,6.61534163894806,181.52452401318334,True,23.759106143602153,-3.399259989709237,3,3,20160910_flight07
2016-09-10 08:52:39,54.75010458,7.83023044,93.851,-0.128,3.07,1005.367,18.797,1.178465,6.531000000000001,0.08,-0.001,100,0.2,3.1,1005.367,0.01799669769559542,291.5004126318407,6.5314899525299746,180.70179652890775,True,23.756909291553093,-3.464832537223475,3,3,20160910_flight07
2016-09-10 08:52:40,54.75000013,7.83122796,93.9,-0.14,3.0,1005.36,18.775,1.178391,6.678,0.034,-0.036000000000000004,100,0.2,3.0,1005.36,0.018130259324392606,291.47902671225097,6.678086552299244,180.29171004362615,True,23.754761254178348,-3.5303927016219463,3,3,20160910_flight07
2016-09-10 08:52:41,54.74989627,7.83222552,93.96799999999999,-0.137,3.005,1005.3509999999999,18.709,1.1782519999999999,6.707000000000001,0.046000000000000006,0.036000000000000004,100,0.2,3.1,1005.3509999999999,0.018471515757254586,291.41387364292814,6.707157743783876,180.3929572883934,True,23.752678577298504,-3.595945908157968,3,3,20160910_flight07
2016-09-10 08:52:42,54.74979324,7.83322305,94.0,-0.18,3.0,1005.3509999999999,18.609,1.178337,6.86,-0.022000000000000002,0.03900000000000001,100,0.4,3.0,1005.3509999999999,0.01874710228781651,291.3140261571069,6.860035276877226,179.81625323207766,True,23.750687039023582,-3.6614838022476013,3,3,20160910_flight07
2016-09-10 08:52:43,54.74969078,7.834220729999999,93.93,-0.062,3.0,1005.357,18.605000000000004,1.178469,6.723,0.149,0.022000000000000002,100,0.4,3.0,1005.357,0.01865303764066084,291.3095350322304,6.724650920308058,181.26962275693734,True,23.74875969013185,-3.7270221048719216,3,3,20160910_flight07
2016-09-10 08:52:44,54.74958855,7.83521826,93.85700000000001,0.314,2.9330000000000003,1005.385,18.637999999999998,1.1787070000000002,6.587,0.26899999999999996,-0.012000000000000002,100,0.4,3.0,1005.385,0.0183605343644746,291.340164048914,6.592490424718112,182.338546407271,True,23.746856267519,-3.792547091555341,3,3,20160910_flight07
2016-09-10 08:52:45,54.749485969999995,7.8362159799999995,93.712,0.09699999999999999,2.966,1005.4019999999999,18.643,1.178879,6.678,0.327,0.057,100,0.3,3.0,1005.4019999999999,0.018211723310631145,291.3437474571912,6.686001271313071,182.80334934486277,True,23.744916076470595,-3.8580898916404376,3,3,20160910_flight07
2016-09-10 08:52:46,54.74938379,7.8372141399999995,93.53399999999999,-0.033,3.012,1005.3969999999999,18.641000000000002,1.1788640000000001,6.756,0.393,0.10800000000000001,100,0.1,3.1,1005.3969999999999,0.018226594486093317,291.3421649179927,6.767420852880365,183.32917329428727,True,23.743024070378148,-3.9236544128699533,3,3,20160910_flight07
2016-09-10 08:52:47,54.749282050000005,7.83821258,93.354,0.0,3.1,1005.429,18.63,1.178898,6.667999999999999,0.41600000000000004,0.125,100,0.0,3.1,1005.429,0.018268022624585267,291.32852994214676,6.680964002297872,183.56991491959624,True,23.741183154250677,-3.989229764474696,3,3,20160910_flight07
2016-09-10 08:52:48,54.749180560000006,7.839211219999999,93.21600000000001,0.10400000000000001,3.1,1005.436,18.633,1.178897,6.626,0.573,0.12100000000000001,100,0.2,3.1,1005.436,0.01826550624494816,291.33094520648484,6.650729659217852,184.94250038274146,True,23.739371650232847,-4.054813889263799,3,3,20160910_flight07
2016-09-10 08:52:49,54.74907904,7.84020984,93.055,0.042,3.1,1005.4730000000001,18.606,1.179057,6.601999999999999,0.714,0.105,100,0.1,3.1,1005.4730000000001,0.018259017068771977,291.30092119721263,6.640496969354025,186.17249354197986,True,23.737556654280112,-4.120397217406017,3,3,20160910_flight07
2016-09-10 08:52:50,54.74897786,7.841209,92.89399999999999,-0.069,3.1,1005.477,18.695999999999998,1.179172,6.536999999999999,0.6689999999999999,0.084,100,0.1,3.1,1005.477,0.017849777557355617,291.39044928018757,6.571143736062998,185.8433364949234,True,23.735784172590662,-4.186009638122604,3,3,20160910_flight07
2016-09-10 08:52:51,54.748876929999994,7.842208439999999,92.73899999999999,-0.044000000000000004,3.133,1005.512,18.701,1.179412,6.586,0.757,0.091,100,0.1,3.2,1005.512,0.01766064264037026,291.39254056077124,6.629362337359454,186.5568478062641,True,23.734041853396924,-4.251635954723219,3,3,20160910_flight07
2016-09-10 08:52:52,54.748776500000005,7.843208,92.616,-0.05600000000000001,3.2,1005.5189999999999,18.7,1.179452,6.69,0.875,0.085,100,0.2,3.2,1005.5189999999999,0.017636700811857198,291.39096196625496,6.7469789535761855,187.45154451063686,True,23.73235573207284,-4.317261888244103,3,3,20160910_flight07
2016-09-10 08:52:53,54.7486765,7.8442088000000005,92.568,-0.166,3.133,1005.533,18.71,1.179379,6.726,1.037,0.079,100,0.2,3.2,1005.533,0.017678989112629884,291.3997858827503,6.8054716956284524,188.76472488597716,True,23.73072860389984,-4.382960285877938,3,3,20160910_flight07
2016-09-10 08:52:54,54.74857724,7.84520944,92.47,-0.26,3.1860000000000004,1005.554,18.797,1.179211,6.672999999999999,1.137,0.052000000000000005,100,0.3,3.2,1005.554,0.017541915476292802,291.484907686105,6.7691726230020155,189.669657578601,True,23.7291814819431,-4.448636498761544,3,3,20160910_flight07
2016-09-10 08:52:55,54.74847853,7.84621079,92.37200000000001,-0.213,3.141,1005.56,18.808,1.1792799999999999,6.5489999999999995,1.0330000000000001,-0.035,100,0.3,3.2,1005.56,0.017450114433093633,291.49539283312316,6.629969079867567,188.96364115593875,True,23.727701599180264,-4.514349301762255,3,3,20160910_flight07
2016-09-10 08:52:56,54.74838043,7.84721285,92.28699999999999,0.04800000000000001,3.076,1005.555,18.866,1.179339,6.584,0.937,0.046000000000000006,100,0.2,3.1,1005.555,0.017192080477682392,291.5537155494609,6.650340216861089,188.09964208083585,True,23.726295564286552,-4.580097726824461,3,3,20160910_flight07
2016-09-10 08:52:57,54.74828266,7.84821539,92.2,0.213,3.1,1005.581,18.833,1.1793550000000002,6.68,0.8320000000000001,0.004,100,0.3,3.1,1005.581,0.017319545780420276,291.5186120538046,6.73161377382868,187.09967918390552,True,23.724930379420712,-4.645871563778954,3,3,20160910_flight07
2016-09-10 08:52:58,54.74818529,7.84921827,92.119,0.14200000000000002,3.156,1005.592,18.821,1.179207,6.68,0.763,-0.04800000000000001,100,0.3,3.2,1005.592,0.017500174912085775,291.5057191557215,6.723434315883512,186.5161731705534,True,23.723612441526676,-4.711660718503543,3,3,20160910_flight07
2016-09-10 08:52:59,54.74808797,7.85022122,92.212,0.117,3.201,1005.585,18.898,1.179183,6.557,0.665,-0.095,100,0.2,3.3,1005.585,0.01724552823573422,291.58317695440184,6.59063532597579,185.79104160119783,True,23.722300667449034,-4.777453548877449,3,3,20160910_flight07
2016-09-10 08:53:00,54.74799078,7.85122409,92.396,0.18600000000000003,3.2880000000000003,1005.556,18.838,1.179359,6.778,0.8370000000000001,-0.07,100,0.3,3.4,1005.556,0.01727338353714991,291.52567695996083,6.82948409471755,187.0396882501263,True,23.7210024617809,-4.843239159098154,3,3,20160910_flight07
2016-09-10 08:53:01,54.74789409,7.85222696,92.669,0.345,3.4,1005.525,18.813,1.179432,6.854,0.731,-0.019000000000000003,100,0.4,3.4,1005.525,0.01726615920896224,291.5032867605021,6.892871462605407,186.08775671353456,True,23.71975932840177,-4.909016702189963,3,3,20160910_flight07
2016-09-10 08:53:02,54.747797659999996,7.853229250000001,93.001,0.544,3.4,1005.49,18.828,1.179364,6.818,0.807,0.024000000000000004,100,0.7,3.4,1005.49,0.01723714026099521,291.52116527096797,6.865593419362961,186.75030267662083,True,23.718539392313275,-4.974752910802811,3,3,20160910_flight07
2016-09-10 08:53:03,54.74770069,7.8542307000000005,93.302,0.675,3.336,1005.446,18.76,1.179227,6.892,0.648,-0.043,100,0.7,3.4,1005.446,0.01754778244864985,291.4569193903152,6.922396116952569,185.37127642309792,True,23.717252099100165,-5.040444043569005,3,3,20160910_flight07
2016-09-10 08:53:04,54.74760338,7.855231,93.559,0.593,3.266,1005.4209999999999,18.739,1.179206,7.002000000000001,0.67,0.07200000000000001,100,0.7,3.3,1005.4209999999999,0.017613809305424777,291.43802449839,7.033982086983163,185.46581707095967,True,23.715916569930037,-5.106067023176435,3,3,20160910_flight07
2016-09-10 08:53:05,54.74750571,7.856231,93.745,0.575,3.248,1005.3939999999999,18.733,1.17933,6.962999999999999,0.24400000000000002,-0.016,100,0.7,3.3,1005.3939999999999,0.017500403800548403,291.4342721115014,6.9672738571122625,182.00695849713748,True,23.714538574763864,-5.171676600993351,3,3,20160910_flight07
2016-09-10 08:53:06,54.74740734,7.85723067,93.917,0.99,3.108,1005.383,18.741,1.179138,6.8420000000000005,0.444,-0.10400000000000001,100,1.2,3.2,1005.383,0.01762705858151703,291.44317177732097,6.856391179038723,183.71290653739496,True,23.713080383051036,-5.237276341654886,3,3,20160910_flight07
2016-09-10 08:53:07,54.7473075,7.85822906,94.0,0.8810000000000001,3.103,1005.37,18.754,1.179121,6.814,0.28400000000000003,0.153,100,1.0,3.2,1005.37,0.017583251447799597,291.4572296732822,6.819915835257793,182.38664352714756,True,23.711448272630292,-5.3028178364823635,3,3,20160910_flight07
2016-09-10 08:53:08,54.74720719,7.85922658,94.0,0.506,3.1970000000000005,1005.3639999999999,18.698,1.1790990000000001,7.004,0.409,0.114,100,0.7,3.2,1005.3639999999999,0.017791421904291393,291.40181275911004,7.015931655881491,183.34200336555915,True,23.709756233809728,-5.3683112050529385,3,3,20160910_flight07
2016-09-10 08:53:09,54.7471065,7.86022386,94.0,-0.069,3.1140000000000003,1005.398,18.715999999999998,1.179042,6.966,0.599,-0.046,100,0.3,3.2,1005.398,0.01781227376487471,291.4169666546127,6.991706301039826,184.9147223712256,True,23.708020088891686,-5.43379533654274,3,3,20160910_flight07
2016-09-10 08:53:10,54.74700623,7.861221349999999,94.0,-0.07800000000000001,3.0,1005.37,18.768,1.1789580000000002,6.892,0.6759999999999999,-0.09300000000000001,100,0.2,3.0,1005.37,0.017675131459184756,291.47120824574245,6.925073284810782,185.60192261294583,True,23.706332174459057,-5.499286138730724,3,3,20160910_flight07
2016-09-10 08:53:11,54.74690579,7.86221945,93.95,-0.046000000000000006,3.0269999999999997,1005.387,18.618000000000002,1.1789530000000001,6.986000000000001,0.785,0.014000000000000002,100,0.1,3.1,1005.387,0.018219860689438372,291.32002900248006,7.029965931638646,186.41129503465032,True,23.704631257142672,-5.564818744326901,3,3,20160910_flight07
2016-09-10 08:53:12,54.746806649999996,7.8632181800000005,93.802,-0.16699999999999998,3.049,1005.396,18.658,1.178989,6.989,0.69,0.14700000000000002,100,0.2,3.1,1005.396,0.01805831338027275,291.3592216499223,7.022978072014749,185.63834431809042,True,23.703079437067593,-5.630370716647033,3,3,20160910_flight07
2016-09-10 08:53:13,54.74670796,7.864217999999999,93.62299999999999,-0.23,3.0740000000000003,1005.429,18.722,1.1791980000000002,6.965,0.45899999999999996,0.069,100,0.3,3.1,1005.429,0.0176880816407452,291.42038759090497,6.980107878822504,183.77039345863523,True,23.7015874060638,-5.695985225332746,3,3,20160910_flight07
2016-09-10 08:53:14,54.74660986,7.86521723,93.50299999999999,-0.27099999999999996,3.1,1005.439,18.688,1.17916,7.093999999999999,0.46799999999999997,0.024000000000000004,100,0.3,3.1,1005.439,0.017849568954332318,291.38561133896417,7.109420510843341,183.77440449047356,True,23.70015482626311,-5.7615524348970615,3,3,20160910_flight07
2016-09-10 08:53:15,54.74651257000001,7.866218,93.499,-0.28800000000000003,3.1,1005.45,18.641000000000002,1.179003,6.8229999999999995,0.6609999999999999,0.136,100,0.4,3.1,1005.45,0.018160219407150402,291.3377726084361,6.854943471685233,185.53344427700196,True,23.69882590850365,-5.827205187679311,3,3,20160910_flight07
2016-09-10 08:53:16,54.74641581,7.86721825,93.35700000000001,0.431,3.162,1005.45,18.563000000000002,1.17905,6.66,1.026,0.242,100,0.8,3.2,1005.45,0.018391863925442786,291.2598937627436,6.738566316361367,188.75779828585442,True,23.697550489859807,-5.892816091757719,3,3,20160910_flight07
2016-09-10 08:53:17,54.74631864,7.868219,93.184,1.058,3.054,1005.4760000000001,18.73,1.179232,6.5520000000000005,0.973,0.026000000000000002,100,1.2,3.2,1005.4760000000001,0.01767841719358265,291.4244791020441,6.623853334728963,188.44693425280894,True,23.696234601851963,-5.958465627754311,3,3,20160910_flight07
2016-09-10 08:53:18,54.746220279999996,7.86921977,93.02799999999999,1.385,3.0060000000000002,1005.513,18.801,1.179482,6.63,0.711,-0.043,100,1.6,3.1,1005.513,0.017252706378735327,291.4923005641869,6.668014772029228,186.1209959641705,True,23.694787829392617,-6.024135644192724,3,3,20160910_flight07
2016-09-10 08:53:19,54.746120250000004,7.870220000000001,92.9,1.4140000000000001,3.1240000000000006,1005.5110000000001,18.767,1.179401,6.77,0.509,0.062,100,1.5,3.2,1005.5110000000001,0.017439035529801306,291.4585197836938,6.7891075260302065,184.29967299430743,True,23.693152050382864,-6.089798026619539,3,3,20160910_flight07
2016-09-10 08:53:20,54.746018459999995,7.8712193500000005,92.9,1.196,3.2,1005.52,18.67,1.179087,6.75,0.619,0.01,100,1.3,3.2,1005.52,0.018057383065887445,291.3609262801103,6.778322875166098,185.23958044296975,True,23.6913141626667,-6.155432455645099,3,3,20160910_flight07
2016-09-10 08:53:21,54.74591508,7.87221771,93.016,1.18,3.261,1005.5189999999999,18.63,1.179062,6.926,0.825,-0.062,100,1.3,3.3,1005.5189999999999,0.018217524635082194,291.3210720661774,6.974962437174841,186.79285881022352,True,23.689291859045518,-6.22102914473309,3,3,20160910_flight07
2016-09-10 08:53:22,54.745810629999994,7.87321538,93.184,0.821,3.227,1005.503,18.683999999999997,1.1792749999999999,7.045,0.6639999999999999,-0.042,100,1.0,3.3,1005.503,0.017829045030577362,291.37631315919043,7.0762222265839,185.3842925520545,True,23.68714522864387,-6.286598914193456,3,3,20160910_flight07
2016-09-10 08:53:23,54.7457054,7.874212310000001,93.396,0.451,3.222,1005.4780000000001,18.750999999999998,1.179311,6.959,0.42700000000000005,0.016,100,0.5,3.3,1005.4780000000001,0.017539059551555214,291.4452805298423,6.972087922566668,183.5112319703785,True,23.68490574440159,-6.3521338834036145,3,3,20160910_flight07
2016-09-10 08:53:24,54.74559945,7.875208249999999,93.60600000000001,0.449,3.148,1005.44,18.804000000000002,1.179011,6.66,0.233,-0.21600000000000003,100,0.7,3.2,1005.44,0.017574747891303533,291.50134860479676,6.664074504385437,182.00367478723967,True,23.68257767003511,-6.417617075872011,3,3,20160910_flight07
2016-09-10 08:53:25,54.74549263,7.87620358,93.8,0.27,3.123,1005.4119999999999,18.646,1.1786830000000001,6.881,0.496,0.09300000000000001,100,0.7,3.2,1005.4119999999999,0.018380697832403925,291.345914068965,6.898853310514727,184.12289483016582,True,23.680148048191732,-6.483075244560656,3,3,20160910_flight07
2016-09-10 08:53:26,54.74538587,7.87719875,93.89900000000002,-0.223,3.168,1005.425,18.6,1.178547,6.98,0.47,0.095,100,0.5,3.2,1005.425,0.018671972347031884,291.29890780802805,6.9958058863865,183.85221027190238,True,23.677723534250674,-6.548522199794577,3,3,20160910_flight07
2016-09-10 08:53:27,54.74527988,7.8781940399999995,93.9,-0.389,3.076,1005.4209999999999,18.554000000000002,1.178772,6.9910000000000005,0.392,0.07,100,0.5,3.1,1005.4209999999999,0.01863408702835656,291.2533103278245,7.00198150525978,183.20933360825197,True,23.675384957213943,-6.613964415699278,3,3,20160910_flight07
2016-09-10 08:53:28,54.74517451,7.87918952,93.815,-0.413,3.0380000000000003,1005.434,18.504,1.1790180000000001,7.125,0.319,0.08800000000000001,100,0.5,3.1,1005.434,0.018609315332701826,291.20231073142025,7.13213754774822,182.56353064656233,True,23.673116451982814,-6.679408794775592,3,3,20160910_flight07
2016-09-10 08:53:29,54.745070150000004,7.88018543,93.8,-0.532,3.1,1005.436,18.624000000000002,1.179114,7.135,0.244,0.115,100,0.6,3.1,1005.436,0.018109511662070643,291.32195915004274,7.1391708902364845,181.9586158644347,True,23.67096322610142,-6.7448644127615855,3,3,20160910_flight07
2016-09-10 08:53:30,54.74496687,7.8811816199999996,93.704,-0.602,3.1,1005.452,18.749000000000002,1.178906,6.777,0.368,0.185,100,0.7,3.1,1005.452,0.01786927689362483,291.44543905327185,6.786984087206924,183.10818350678812,True,23.66893158271465,-6.810320535197674,3,3,20160910_flight07
2016-09-10 08:53:31,54.744864369999995,7.88217807,93.625,-0.102,3.073,1005.466,18.667,1.17834,6.565,0.505,0.032,100,0.4,3.1,1005.466,0.018658537240064055,291.3624061837879,6.584394429254676,184.3987053549955,True,23.66698829085371,-6.875780721686285,3,3,20160910_flight07
2016-09-10 08:53:32,54.74476197,7.8831747,93.53399999999999,-0.10600000000000001,3.099,1005.477,18.691,1.177926,6.67,0.706,0.07300000000000001,100,0.2,3.1,1005.477,0.01894390718126293,291.3854570848297,6.707259947251187,186.04209336999511,True,23.665057701820132,-6.9412508208229715,3,3,20160910_flight07
2016-09-10 08:53:33,54.744660190000005,7.88417194,93.436,-0.419,3.1,1005.4830000000001,18.603,1.177959,6.8870000000000005,0.486,-0.024,100,0.7,3.1,1005.4830000000001,0.01922877429444947,291.29709730462406,6.904126664539115,184.0365419374848,True,23.66320112411899,-7.006749977304113,3,3,20160910_flight07
2016-09-10 08:53:34,54.744559499999994,7.88516982,93.4,-0.522,3.128,1005.5039999999999,18.557000000000002,1.177959,6.752000000000001,0.8009999999999999,0.149,100,0.7,3.2,1005.5039999999999,0.0194107894506097,291.249429493417,6.7993459244253796,186.76546567248795,True,23.661470607094863,-7.072272529041045,3,3,20160910_flight07
2016-09-10 08:53:35,54.74445961000001,7.8861681599999995,93.33200000000001,-0.387,3.1910000000000003,1005.5010000000001,18.578000000000003,1.1780499999999998,6.609,0.75,0.149,100,0.4,3.2,1005.5010000000001,0.01925562622690724,291.27064509539736,6.651419472563732,186.47432018730547,True,23.6598325204558,-7.137811628893861,3,3,20160910_flight07
2016-09-10 08:53:36,54.74436068,7.88716671,93.238,-0.365,3.053,1005.5239999999999,18.589000000000002,1.1781389999999998,6.61,0.7240000000000001,-0.22,100,0.5,3.1,1005.5239999999999,0.019163512654325254,291.27972231021874,6.649532013608176,186.25074744891725,True,23.65830214237308,-7.20334868694583,3,3,20160910_flight07
2016-09-10 08:53:37,54.74426224,7.888166,93.256,-0.249,2.9960000000000004,1005.5169999999999,18.549,1.1782599999999999,6.968999999999999,0.731,0.04,100,0.3,3.1,1005.5169999999999,0.019191496832432264,291.2403651427616,7.007233548269959,185.9880346408678,True,23.656832676205354,-7.2689252241825075,3,3,20160910_flight07
2016-09-10 08:53:38,54.744164870000006,7.88916647,93.195,-0.2,3.1630000000000003,1005.529,18.479,1.1783649999999999,7.147,0.9179999999999999,0.117,100,0.2,3.2,1005.529,0.019357461011494603,291.16948139635457,7.205715301064843,187.31930879389262,True,23.65549213293194,-7.334560057581938,3,3,20160910_flight07
2016-09-10 08:53:39,54.74406839,7.890167279999999,93.1,-0.321,3.2539999999999996,1005.5360000000001,18.494,1.178585,7.146,0.7959999999999999,0.043,100,0.4,3.3,1005.5360000000001,0.019121859334685576,291.1838780176425,7.190196937497609,186.35603146338744,True,23.65425280747266,-7.400202302965156,3,3,20160910_flight07
2016-09-10 08:53:40,54.74397263,7.89116834,93.1,-0.161,3.1180000000000003,1005.546,18.5,1.178971,7.2379999999999995,0.887,0.035,100,0.3,3.2,1005.546,0.018777367064634065,291.1890403388272,7.292147351775058,186.98662807740584,True,23.6530951310665,-7.465848940118957,3,3,20160910_flight07
2016-09-10 08:53:41,54.743877510000004,7.8921696,93.1,-0.03,3.1910000000000003,1005.539,18.5,1.1791,7.189,0.902,0.05800000000000001,100,0.1,3.2,1005.539,0.018658815906226645,291.18962008661424,7.24536576026359,187.15149948542188,True,23.65200982315593,-7.531498058096513,3,3,20160910_flight07
2016-09-10 08:53:42,54.74378275,7.89317121,93.1,0.057,3.2,1005.558,18.526,1.179339,7.04,1.035,0.09,100,0.1,3.2,1005.558,0.01838083613013608,291.21400531534465,7.115674599080539,188.36354307377468,True,23.65096745023193,-7.597163779552036,3,3,20160910_flight07
2016-09-10 08:53:43,54.74368807,7.89417286,93.1,0.052000000000000005,3.2,1005.551,18.54,1.179459,6.809,0.94,0.007000000000000001,100,0.2,3.2,1005.551,0.018221262874866806,291.2285629587107,6.873578471218613,187.86014707530103,True,23.649934264067163,-7.662830771616708,3,3,20160910_flight07
2016-09-10 08:53:44,54.743593360000006,7.89517456,93.16,0.38299999999999995,3.2,1005.535,18.757,1.179264,6.641,0.858,-0.135,100,0.5,3.2,1005.535,0.01761638296112844,291.4465459816677,6.696196308352975,187.36168671089217,True,23.648898242557642,-7.728501449396152,3,3,20160910_flight07
2016-09-10 08:53:45,54.74349822999999,7.896176329999999,93.303,0.32300000000000006,3.2,1005.5169999999999,18.666,1.179141,6.872000000000001,0.6609999999999999,-0.19,100,0.5,3.2,1005.5169999999999,0.0180216768969359,291.35718118505764,6.903716752590594,185.49423097958777,True,23.647816616910774,-7.794183385926376,3,3,20160910_flight07
2016-09-10 08:53:46,54.74340319,7.89717808,93.49799999999999,0.265,3.236,1005.5,18.606,1.178725,6.957000000000001,0.789,-0.035,100,0.3,3.3,1005.5,0.018573171221808904,291.29868405422167,7.001597674816799,186.4703229415059,True,23.646744716681837,-7.859862589698203,3,3,20160910_flight07
2016-09-10 08:53:47,54.74330833,7.898179669999999,93.67299999999999,0.336,3.3,1005.48,18.566,1.1786120000000002,7.176,0.6729999999999999,0.044000000000000004,100,0.4,3.3,1005.48,0.018790242469013174,291.26040366097686,7.207489507449872,185.35780373595782,True,23.64569114170336,-7.925528643904592,3,3,20160910_flight07
2016-09-10 08:53:48,54.743213420000004,7.8991808500000005,93.819,0.401,3.225,1005.475,18.614,1.178679,7.037999999999999,0.693,0.085,100,0.7,3.3,1005.475,0.018559667700877247,291.3087429973842,7.072035986899388,185.62352857817882,True,23.644628213768527,-7.991169250988433,3,3,20160910_flight07
2016-09-10 08:53:49,54.743117940000005,7.900181,93.9,1.17,3.1660000000000004,1005.4680000000001,18.594,1.178399,6.757000000000001,0.993,0.09,100,1.3,3.3,1005.4680000000001,0.018864437097851017,291.2893541918989,6.829575243014752,188.3602713559019,True,23.643492842202996,-8.05675309984207,3,3,20160910_flight07
2016-09-10 08:53:50,54.743020800000004,7.901181,93.9,1.195,3.1430000000000002,1005.4680000000001,18.463,1.178457,7.084,1.088,-0.047,100,1.3,3.2,1005.4680000000001,0.019271969123547228,291.15855833868807,7.167063554901686,188.7315751420201,True,23.642173223663427,-8.122354126502259,3,3,20160910_flight07
2016-09-10 08:53:51,54.74292278,7.902181000000001,93.9,1.1079999999999999,3.1290000000000004,1005.4680000000001,18.512999999999998,1.178769,7.091,1.31,-0.005,100,1.2,3.2,1005.4680000000001,0.018827496975596825,291.2084804200662,7.210990292601981,190.46688121036775,True,23.6407566778948,-8.187969351309459,3,3,20160910_flight07
2016-09-10 08:53:52,54.74282350000001,7.903181,93.79699999999998,0.765,3.005,1005.4739999999999,18.579,1.179119,7.0760000000000005,1.158,0.01,100,1.0,3.1,1005.4739999999999,0.018300724701633575,291.273880460751,7.17012831126473,189.29416889208096,True,23.639201349958583,-8.25360490528146,3,3,20160910_flight07
2016-09-10 08:53:53,54.74272278,7.9041805599999995,93.65,0.322,3.0,1005.4830000000001,18.617,1.17929,7.029,1.077,0.066,100,0.5,3.0,1005.4830000000001,0.01802957566908403,291.3110754277702,7.111031570735712,188.71124486588528,True,23.637483286704942,-8.319235517737363,3,3,20160910_flight07
2016-09-10 08:53:54,54.74262158,7.905180189999999,93.43,0.11100000000000002,3.054,1005.5,18.522000000000002,1.17931,7.195,1.239,0.098,100,0.2,3.1,1005.5,0.01836110336738095,291.2148157208864,7.300900355435623,189.77067319767497,True,23.635713010641858,-8.384878356999199,3,3,20160910_flight07
2016-09-10 08:53:55,54.74252055,7.90618111,93.20299999999999,0.0,3.093,1005.546,18.621000000000002,1.179195,7.108,1.33,0.11800000000000001,100,0.0,3.1,1005.546,0.018161424336705867,291.309849095491,7.231359761483313,190.59823956928642,True,23.63397355913314,-8.450601056967987,3,3,20160910_flight07
2016-09-10 08:53:56,54.74242007,7.907182420000001,92.935,0.026000000000000002,3.0069999999999997,1005.582,18.568,1.1793770000000001,7.124,1.398,0.137,100,0.1,3.1,1005.582,0.01822570894476594,291.25395069001627,7.2598746545653245,191.10253064462185,True,23.632298345274044,-8.516339856255431,3,3,20160910_flight07
2016-09-10 08:53:57,54.7423195,7.90818445,92.625,0.026000000000000002,3.0,1005.615,18.61,1.179447,7.178999999999999,1.433,0.095,100,0.1,3.0,1005.615,0.01805211663914319,291.29314994694045,7.320623607316524,191.2884434878551,True,23.630619971877437,-8.582126211922326,3,3,20160910_flight07
2016-09-10 08:53:58,54.742219500000004,7.90918738,92.31,-0.027000000000000003,3.049,1005.66,18.591,1.179704,7.188,1.579,0.223,100,0.1,3.1,1005.66,0.01794216977432561,291.2704526891273,7.359387542452156,192.38947410585467,True,23.629012822734147,-8.647961001432476,3,3,20160910_flight07
2016-09-10 08:53:59,54.7421195,7.91019106,91.954,-0.26,3.185,1005.706,18.83,1.179635,7.1579999999999995,1.712,0.292,100,0.7,3.2,1005.706,0.017214953834383095,291.5052538107883,7.359885053450223,193.45091939214257,True,23.62741270845943,-8.713843816251421,3,3,20160910_flight07
2016-09-10 08:54:00,54.7420195,7.9111953900000005,91.63799999999999,-1.078,3.03,1005.73,18.715999999999998,1.179706,6.182,1.685,-0.08,100,1.2,3.2,1005.73,0.017575306224748344,291.38945043715796,6.407522844282337,195.24649182856416,True,23.62581869107148,-8.779768253004544,3,3,20160910_flight07
2016-09-10 08:54:01,54.741920300000004,7.91220103,91.389,-1.19,3.085,1005.773,18.788,1.179446,6.894,1.3869999999999998,0.162,100,1.3,3.3,1005.773,0.01759211076351641,291.45776900588936,7.032140854675765,191.3754462073571,True,23.624325076918957,-8.845763666556858,3,3,20160910_flight07
2016-09-10 08:54:02,54.74182476,7.91320886,91.229,-1.148,3.572,1005.79,18.627,1.179491,7.485,1.6369999999999998,0.045,100,1.3,3.7,1005.79,0.01813197315979087,291.2956257054354,7.6619184281745,192.33657609781213,True,23.623255133740273,-8.91184026262648,3,3,20160910_flight07
2016-09-10 08:54:03,54.741732250000005,7.914217740000001,91.477,-0.389,3.458,1005.75,18.792,1.179602,6.757000000000001,1.228,-0.063,100,0.9,3.7,1005.75,0.017420328820153763,291.4636686848183,6.867680321622434,190.3003692449485,True,23.622528777451826,-8.977935207326528,3,3,20160910_flight07
2016-09-10 08:54:04,54.741639379999995,7.91522567,91.814,0.10300000000000001,3.592,1005.703,18.750999999999998,1.179654,6.77,1.314,0.10600000000000001,100,0.2,3.7,1005.703,0.017470829361314832,291.4266308868498,6.896339318798053,190.98405850233894,True,23.621753858278964,-9.043975128302003,3,3,20160910_flight07
2016-09-10 08:54:05,54.7415467,7.9162329499999995,92.18700000000001,0.17800000000000002,3.74,1005.676,18.636000000000003,1.179487,7.207999999999999,1.663,0.14,100,0.2,3.8,1005.676,0.017988626336788105,291.3140545659279,7.397353107700077,192.99171406429326,True,23.620993769690955,-9.10997036183409,3,3,20160910_flight07
2016-09-10 08:54:06,54.74145542,7.91724006,92.637,0.165,3.719,1005.622,18.644000000000002,1.17936,7.2,1.692,0.055,100,0.2,3.8,1005.622,0.018015670664503824,291.32651556531187,7.396138451922058,193.22455119221354,True,23.62038628894159,-9.175932121668582,3,3,20160910_flight07
2016-09-10 08:54:07,54.7413645,7.9182464,93.086,0.298,3.5410000000000004,1005.566,18.695,1.179463,7.195,1.6740000000000002,0.024000000000000004,100,0.4,3.6,1005.566,0.017692211204189068,291.3820746356254,7.387171380169814,193.09751503426185,True,23.619811237774677,-9.241838767186625,3,3,20160910_flight07
2016-09-10 08:54:08,54.74127294,7.919251910000001,93.411,0.33399999999999996,3.429,1005.53,18.715999999999998,1.179579,7.277,1.693,0.01,100,0.4,3.5,1005.53,0.017482486660367114,291.4060250726104,7.471343788101308,193.09693057515233,True,23.619157908821926,-9.30770259062162,3,3,20160910_flight07
2016-09-10 08:54:09,54.741181100000006,7.92025709,93.62899999999999,0.316,3.418,1005.4989999999999,18.789,1.179485,6.984,1.485,-0.012000000000000002,100,0.5,3.5,1005.4989999999999,0.01727776854732177,291.48148011672805,7.140131721474051,192.00396359448877,True,23.61847064404531,-9.373549800512855,3,3,20160910_flight07
2016-09-10 08:54:10,54.74108898,7.9212620000000005,93.859,0.12,3.218,1005.4680000000001,18.714000000000002,1.179464,6.848,1.264,-0.23800000000000002,100,0.2,3.3,1005.4680000000001,0.0175259226121518,291.4091671872065,6.9636771895314045,190.45791744319712,True,23.617750006232846,-9.439384238885454,3,3,20160910_flight07
2016-09-10 08:54:11,54.74099679,7.92226711,94.06299999999999,0.025,3.2,1005.452,18.642,1.179288,7.237,1.361,-0.235,100,0.1,3.2,1005.452,0.017912695652511523,291.3386053129072,7.363863795589921,190.65072284907157,True,23.617023534265194,-9.50523261340498,3,3,20160910_flight07
2016-09-10 08:54:12,54.74090534,7.92327293,94.24700000000001,0.046000000000000006,3.1690000000000005,1005.432,18.692999999999998,1.179257,7.511,1.4169999999999998,-0.035,100,0.1,3.2,1005.432,0.017741322979664353,291.39118379911616,7.643494619609541,190.683661561281,True,23.61638522896226,-9.571114512532464,3,3,20160910_flight07
2016-09-10 08:54:13,54.74081452,7.9242792699999995,94.348,0.276,3.2,1005.428,18.765,1.179362,7.149,1.516,0.024,100,0.4,3.2,1005.428,0.017395664010195322,291.46340396562556,7.307972153750998,191.9726462957517,True,23.6158211922533,-9.637019544624634,3,3,20160910_flight07
2016-09-10 08:54:14,54.74072298,7.9252854500000005,94.35700000000001,0.35800000000000004,3.12,1005.428,18.756,1.1792610000000001,6.968999999999999,1.235,-0.006000000000000001,100,0.5,3.2,1005.428,0.017514171622765584,291.4544178887343,7.077583344617002,190.0492476870284,True,23.615176350675576,-9.702925947983513,3,3,20160910_flight07
2016-09-10 08:54:15,54.74063076,7.926291539999999,94.3,0.455,3.1590000000000003,1005.434,18.645,1.179111,6.76,0.9540000000000001,0.07400000000000001,100,0.6,3.2,1005.434,0.018036805126515176,291.3430923624389,6.82698440015795,188.03277771974925,True,23.614455766600358,-9.768837559600609,3,3,20160910_flight07
2016-09-10 08:54:16,54.74053824,7.92729754,94.291,0.7609999999999999,3.2,1005.424,18.683,1.179024,6.711,1.109,0.23399999999999999,100,0.9,3.2,1005.424,0.017969231293778032,291.3818623623325,6.802014554527211,189.38338909947805,True,23.613701294966965,-9.8347482484582,3,3,20160910_flight07
2016-09-10 08:54:17,54.74044531,7.92830337,94.1,0.51,3.233,1005.454,18.509,1.179187,7.282,1.5319999999999998,0.431,100,0.8,3.3,1005.454,0.01846612817988169,291.20564630578144,7.441407662532674,191.88072705958186,True,23.61290006948628,-9.900654666624902,3,3,20160910_flight07
2016-09-10 08:54:18,54.74035255,7.92930946,93.81299999999999,0.35600000000000004,3.1630000000000003,1005.49,18.805,1.178977,7.475,1.7830000000000001,-0.0010000000000000009,100,0.5,3.3,1005.49,0.01765121254055857,291.4982012572367,7.684706500576323,193.41598387581195,True,23.612120007338582,-9.966574990741377,3,3,20160910_flight07
2016-09-10 08:54:19,54.74025942,7.93031605,93.61399999999999,0.631,2.843,1005.5169999999999,19.02,1.179503,7.067,1.649,-0.183,100,0.8,2.9,1005.5169999999999,0.01647615666120661,291.71062459508147,7.25683746545284,193.13427860257445,True,23.611303881610375,-10.032533301405664,3,3,20160910_flight07
2016-09-10 08:54:20,54.74016444,7.93132296,93.35,0.644,2.842,1005.567,19.029,1.179711,6.5889999999999995,1.0490000000000002,-0.067,100,0.8,2.9,1005.567,0.01631616676214409,291.71546187509256,6.671980365678543,189.04584345422245,True,23.6102869899562,-10.098541951245537,3,3,20160910_flight07
2016-09-10 08:54:21,54.740067790000005,7.932330080000001,93.119,0.8,3.032,1005.578,18.918999999999997,1.179285,6.593,1.28,-0.063,100,0.8,3.1,1005.578,0.017077329021686793,291.60472408256845,6.716103706763319,190.9870249438912,True,23.609088126620186,-10.16459099238256,3,3,20160910_flight07
2016-09-10 08:54:22,54.739970590000006,7.933337679999999,93.0,0.8410000000000001,3.235,1005.5930000000001,18.802,1.178868,6.875,1.61,0.005000000000000001,100,0.9,3.3,1005.5930000000001,0.017860020663555742,291.48666653228054,7.061000283245994,193.1801181102373,True,23.607833186082168,-10.23067964355889,3,3,20160910_flight07
2016-09-10 08:54:23,54.73987294,7.93434849,93.02,0.556,3.2430000000000003,1005.5880000000001,18.762999999999998,1.178855,6.818,1.361,-0.002999999999999999,100,0.7,3.3,1005.5880000000001,0.018002172615403378,291.4481431467474,6.952513574240613,191.2889219214185,True,23.606558789723778,-10.2969811034725,3,3,20160910_flight07
2016-09-10 08:54:24,54.73977484,7.935356410000001,93.116,0.449,3.293,1005.582,18.69,1.1789450000000001,6.931,1.402,0.038000000000000006,100,0.5,3.4,1005.582,0.018173004406779603,291.3757566189757,7.071376457239425,191.43546591659182,True,23.60520772061001,-10.363104766279424,3,3,20160910_flight07
2016-09-10 08:54:25,54.7396761,7.9363634,93.26700000000001,0.504,3.364,1005.562,18.741,1.179009,6.662000000000001,1.22,0.032,100,0.7,3.4,1005.562,0.017919600925611956,291.42833321937974,6.7727870186504475,190.37748575307336,True,23.60377743572701,-10.4291792036288,3,3,20160910_flight07
2016-09-10 08:54:26,54.73957675,7.93736975,93.505,0.43300000000000005,3.497,1005.5210000000001,18.674,1.1790100000000001,6.877000000000001,1.338,0.02,100,0.6,3.5,1005.5210000000001,0.01811092861355701,291.36483711469447,7.005952683254434,191.01000769432952,True,23.602273959563476,-10.495222501278736,3,3,20160910_flight07
2016-09-10 08:54:27,54.73947787,7.938375529999999,93.848,0.247,3.5890000000000004,1005.4889999999999,18.621000000000002,1.179102,7.106,1.188,0.168,100,0.3,3.6,1005.4889999999999,0.01818401071141218,291.31457200847626,7.204622127495654,189.49108514713203,True,23.600816904851385,-10.561221716592765,3,3,20160910_flight07
2016-09-10 08:54:28,54.739379150000005,7.93938036,94.25299999999999,0.335,3.5660000000000003,1005.449,18.612000000000002,1.179149,7.483,1.235,-0.022000000000000002,100,0.4,3.6,1005.449,0.01813432872428611,291.3089005157594,7.584227976531296,189.37165850929614,True,23.59936856243722,-10.627157518368076,3,3,20160910_flight07
2016-09-10 08:54:29,54.73928084999999,7.9403842099999995,94.726,-0.133,3.451,1005.3919999999999,18.733,1.17902,7.21,1.016,0.048,100,0.4,3.5,1005.3919999999999,0.017765910800842333,291.43443791775934,7.281233137319529,188.0210439769043,True,23.597957288514976,-10.69302379068522,3,3,20160910_flight07
2016-09-10 08:54:30,54.739182559999996,7.94138718,95.11399999999999,-0.21400000000000002,3.312,1005.3389999999999,18.692,1.1788090000000002,6.5729999999999995,1.163,-0.018000000000000002,100,0.4,3.4,1005.3389999999999,0.018037424024055282,291.3978943292187,6.675095355124149,190.03383574461964,True,23.596538861793498,-10.758833551964196,3,3,20160910_flight07
2016-09-10 08:54:31,54.73908442,7.942389960000001,95.3,-0.456,3.22,1005.315,18.677,1.178655,6.877999999999999,1.148,0.1,100,0.8,3.3,1005.315,0.01819846486265586,291.3849066165281,6.973147639337632,189.47583026594043,True,23.595135174591654,-10.824628726692946,3,3,20160910_flight07
2016-09-10 08:54:32,54.73898789,7.943393449999999,95.353,-0.752,3.0789999999999997,1005.308,18.649,1.178649,6.871,1.0510000000000002,-0.046000000000000006,100,0.8,3.3,1005.308,0.018294260874339274,291.3575292495541,6.950916630200653,188.6966532064439,True,23.59391547983691,-10.89044338922518,3,3,20160910_flight07
2016-09-10 08:54:33,54.73889328,7.94439815,95.345,-0.758,3.0740000000000003,1005.3159999999999,18.592,1.178552,7.06,1.2670000000000001,0.07400000000000001,100,0.8,3.1,1005.3159999999999,0.018585145331970754,291.2999525130898,7.17278809111213,190.17409966163618,True,23.592918612261933,-10.956304554813483,3,3,20160910_flight07
2016-09-10 08:54:34,54.738800659999995,7.9454040699999995,95.213,-0.737,3.1,1005.328,18.533,1.178692,7.484,1.466,0.199,100,0.8,3.1,1005.328,0.018682330756807364,291.24004766371996,7.626231834923457,191.08302551737427,True,23.592152375784522,-11.022211734397274,3,3,20160910_flight07
2016-09-10 08:54:35,54.73870983,7.946411299999999,95.02799999999999,-0.298,2.991,1005.3530000000001,18.659000000000002,1.17887,7.325,1.4180000000000001,-0.268,100,0.6,3.1,1005.3530000000001,0.018114045446803173,291.36378412710224,7.460988473386084,190.9560083111075,True,23.591595585674646,-11.088173917865,3,3,20160910_flight07
2016-09-10 08:54:36,54.738619209999996,7.9474193,94.94800000000001,0.07600000000000001,2.8909999999999996,1005.3659999999999,18.709,1.17909,7.12,1.075,-0.225,100,0.3,3.0,1005.3659999999999,0.017762855099179298,291.41263014336994,7.200696146901354,188.58584823079346,True,23.59106914839164,-11.1541820191222,3,3,20160910_flight07
2016-09-10 08:54:37,54.738528079999995,7.948427820000001,94.9,0.609,2.889,1005.383,18.688,1.178903,6.75,1.074,-0.237,100,0.7,3.0,1005.383,0.018014755832135076,291.3902530915643,6.834908631430269,189.04061171749822,True,23.59049141488319,-11.220231646398279,3,3,20160910_flight07
2016-09-10 08:54:38,54.738436300000004,7.9494367,94.9,0.778,3.073,1005.386,18.636000000000003,1.1787100000000001,6.909,1.261,-0.044000000000000004,100,0.8,3.1,1005.386,0.018365935559170987,291.33808424213896,7.0231333463063335,190.3435198918379,True,23.58984546413724,-11.286314813089863,3,3,20160910_flight07
2016-09-10 08:54:39,54.73834439,7.9504459899999995,94.9,0.714,3.1,1005.383,18.547,1.178828,6.981,1.291,0.002,100,0.8,3.1,1005.383,0.018571642039283187,291.24946941813624,7.0993691269013475,190.47736923996314,True,23.589189040323532,-11.352426331070603,3,3,20160910_flight07
2016-09-10 08:54:40,54.73825172,7.95145513,94.9,0.7090000000000001,3.0210000000000004,1005.385,18.717,1.1789070000000001,6.494,1.17,-0.054000000000000006,100,0.9,3.1,1005.385,0.017912176721510242,291.41904279978746,6.598555599523277,190.21320312264135,True,23.588447499656596,-11.418540506025693,3,3,20160910_flight07
2016-09-10 08:54:41,54.73815733000001,7.95246375,94.824,0.644,3.037,1005.3919999999999,18.637999999999998,1.1789530000000001,6.835,1.4669999999999999,0.115,100,0.9,3.1,1005.3919999999999,0.018155132405775598,291.33958391255106,6.990659053336817,192.1136474932875,True,23.587511632806375,-11.484649134356932,3,3,20160910_flight07
2016-09-10 08:54:42,54.738062680000006,7.953472799999999,94.664,0.292,3.057,1005.424,18.65,1.1789230000000002,6.8260000000000005,1.4340000000000002,0.01,100,0.3,3.1,1005.424,0.018171575339166468,291.3489133762413,6.975000501792097,191.86412023405614,True,23.586551161690103,-11.550789492105636,3,3,20160910_flight07
2016-09-10 08:54:43,54.737968359999996,7.9544826,94.589,0.496,3.062,1005.413,18.667,1.1789450000000001,6.728,1.455,-0.11800000000000001,100,0.8,3.1,1005.413,0.01808212370366391,291.3667987948256,6.883531724340347,192.2028874212523,True,23.58563407315311,-11.616972550858089,3,3,20160910_flight07
2016-09-10 08:54:44,54.7378732,7.95549256,94.5,1.047,2.972,1005.429,18.695,1.17889,6.381,1.484,-0.10400000000000001,100,1.6,3.0,1005.429,0.01804814146117306,291.39342936789984,6.551291246769602,193.09228926920963,True,23.58462596394422,-11.683179407786014,3,3,20160910_flight07
2016-09-10 08:54:45,54.73777594999999,7.95650212,94.37800000000001,1.806,3.01,1005.455,18.689,1.1789530000000001,6.362,1.265,0.061000000000000006,100,1.9,3.1,1005.455,0.018040994453272896,291.38528363032117,6.4865452283939256,191.245837448845,True,23.583383900634615,-11.749394371815407,3,3,20160910_flight07
2016-09-10 08:54:46,54.7376765,7.95751114,94.23,1.5090000000000001,3.1990000000000003,1005.4730000000001,18.573,1.1790019999999999,7.141,1.4869999999999999,0.086,100,1.8,3.3,1005.4730000000001,0.01842171032951878,291.2679726703631,7.29417918617304,191.7628419255572,True,23.58189445414878,-11.815610252989815,3,3,20160910_flight07
2016-09-10 08:54:47,54.737576170000004,7.95852007,94.227,1.151,3.2539999999999996,1005.477,18.558000000000003,1.1790720000000001,7.332000000000001,1.3719999999999999,0.055,100,1.3,3.3,1005.477,0.01841766485615448,291.2526646883114,7.459263234395205,190.59889388513955,True,23.580307236249546,-11.881834569274126,3,3,20160910_flight07
2016-09-10 08:54:48,54.737474490000004,7.959527980000001,94.333,1.1,3.2,1005.4630000000001,18.611,1.179335,7.277,1.374,0.036000000000000004,100,1.2,3.2,1005.4630000000001,0.017991416161606377,291.306742003534,7.4055793156241325,190.69237164855963,True,23.578561755746797,-11.948015352387113,3,3,20160910_flight07
2016-09-10 08:54:49,54.73737059,7.96053444,94.433,0.9810000000000001,3.205,1005.452,18.738,1.17932,6.894,1.083,0.04,100,1.1,3.3,1005.452,0.017550299768512412,291.4344561453839,6.978547484971354,188.92780927499328,True,23.576558153532226,-12.014139104622675,3,3,20160910_flight07
2016-09-10 08:54:50,54.737264839999995,7.96153951,94.564,0.815,3.2,1005.432,18.730999999999998,1.179166,6.862,0.9740000000000001,0.10800000000000001,100,1.0,3.2,1005.432,0.01768735531039578,291.4291249694864,6.93078061981477,188.07866149508794,True,23.574337745890382,-12.080203698330074,3,3,20160910_flight07
2016-09-10 08:54:51,54.73715833,7.96254381,94.69200000000001,0.585,3.2039999999999997,1005.42,18.758,1.178765,6.21,0.9710000000000001,-0.122,100,0.7,3.3,1005.42,0.01792724667630563,291.45707805024796,6.285454717043151,188.88685100681096,True,23.57202640590409,-12.146231248089858,3,3,20160910_flight07
2016-09-10 08:54:52,54.73705084,7.96354749,94.84899999999999,0.72,3.043,1005.4259999999999,18.759,1.178579,6.261,1.1420000000000001,0.016999999999999994,100,0.8,3.1,1005.4259999999999,0.01809048095908361,291.45757906151437,6.364297683169762,190.33705546235893,True,23.569601308738797,-12.212234908500681,3,3,20160910_flight07
2016-09-10 08:54:53,54.7369425,7.964550920000001,94.82700000000001,0.6639999999999999,3.1910000000000003,1005.406,18.660999999999998,1.1784139999999999,6.614,1.235,0.121,100,0.8,3.3,1005.406,0.01855472818637649,291.36138821784425,6.7283148707533,190.5767602160131,True,23.567080243724824,-12.278236274594686,3,3,20160910_flight07
2016-09-10 08:54:54,54.7368337,7.96555423,94.8,0.48100000000000004,3.0860000000000003,1005.4,18.619,1.178473,6.6770000000000005,1.62,0.026000000000000002,100,0.9,3.2,1005.4,0.01864426851933665,291.3199501480559,6.870715319382692,193.6378007041386,True,23.564507386626254,-12.344237378397825,3,3,20160910_flight07
2016-09-10 08:54:55,54.736724519999996,7.9665576399999996,94.711,-0.85,3.011,1005.43,18.66,1.178661,6.7170000000000005,1.3559999999999999,-0.142,100,0.9,3.1,1005.43,0.018369078631276015,291.35840064473814,6.85250501641553,191.4132389105203,True,23.561893612570188,-12.41025101659347,3,3,20160910_flight07
2016-09-10 08:54:56,54.73661653999999,7.96756218,94.59199999999998,-0.698,2.955,1005.439,18.565,1.1789800000000001,7.0889999999999995,1.48,-0.046,100,0.8,3.1,1005.439,0.01843420457878997,291.2628020057221,7.241845137808457,191.79249350578513,True,23.559422611211176,-12.476317651811335,3,3,20160910_flight07
2016-09-10 08:54:57,54.73650974,7.9685679,94.49600000000001,-0.299,3.1,1005.461,18.642,1.178964,6.897,1.7,0.10800000000000001,100,0.7,3.1,1005.461,0.01820154996952139,291.33785947794547,7.103422344194382,193.84648417086714,True,23.557092648650304,-12.54244080842355,3,3,20160910_flight07
2016-09-10 08:54:58,54.736403179999996,7.96957411,94.333,0.05800000000000001,3.0660000000000003,1005.4939999999999,18.752,1.179164,6.749,1.551,0.012999999999999998,100,0.2,3.1,1005.4939999999999,0.01767861820552441,291.44495259000524,6.924926136790196,192.94252409624642,True,23.55479371690113,-12.60859146934906,3,3,20160910_flight07
2016-09-10 08:54:59,54.736296249999995,7.9705804,94.165,-0.09600000000000002,3.116,1005.5060000000001,18.828,1.1791800000000001,6.394,0.981,0.012,100,0.2,3.2,1005.5060000000001,0.01741206004760354,291.5198385673675,6.468817279843357,188.72259317588973,True,23.552454782044606,-12.674753222649546,3,3,20160910_flight07
2016-09-10 08:55:00,54.73618926,7.9715868,94.19300000000001,0.626,3.2,1005.5039999999999,18.734,1.17867,6.15,1.3780000000000001,-0.106,100,0.8,3.2,1005.5039999999999,0.018178054962065815,291.4261518518805,6.30249030146021,192.62938533465424,True,23.550110270295235,-12.740922987717244,3,3,20160910_flight07
2016-09-10 08:55:01,54.73608170000001,7.97259307,94.28399999999999,0.631,3.158,1005.51,18.656000000000002,1.178347,6.282,1.617,0.11699999999999999,100,0.8,3.2,1005.51,0.018735464011950587,291.34777698733944,6.486772155702711,194.43470460764684,True,23.547701756758414,-12.807093624925265,3,3,20160910_flight07
2016-09-10 08:55:02,54.73597404,7.97359957,94.3,0.04,3.18,1005.5010000000001,18.688,1.178495,6.611000000000001,1.428,-0.007000000000000001,100,0.3,3.2,1005.5010000000001,0.01848672081842051,291.3804726435261,6.7634684149480595,192.18883193147047,True,23.545284386122773,-12.873280603320493,3,3,20160910_flight07
2016-09-10 08:55:03,54.73586701,7.97460638,94.34700000000001,0.003000000000000005,3.128,1005.4889999999999,18.583000000000002,1.178779,6.8389999999999995,1.546,-0.15,100,0.5,3.2,1005.4889999999999,0.018595666710800263,291.2766314532589,7.0115645187076465,192.73798339546687,True,23.542939314317707,-12.939477267594075,3,3,20160910_flight07
2016-09-10 08:55:04,54.73576023,7.97561349,94.4,0.371,3.2,1005.488,18.629,1.1788470000000002,6.81,1.868,0.09200000000000001,100,0.5,3.2,1005.488,0.01837532177212453,291.3226423572529,7.061552520515583,195.3390903991838,True,23.540624592604864,-13.005689108426637,3,3,20160910_flight07
2016-09-10 08:55:05,54.735652879999996,7.976620420000001,94.37899999999999,0.337,3.2,1005.488,18.674,1.179056,6.521,1.6280000000000001,0.151,100,0.5,3.2,1005.488,0.018037795883929952,291.3675719748952,6.721147595463144,194.0176355725206,True,23.538245400114064,-13.071898619712174,3,3,20160910_flight07
2016-09-10 08:55:06,54.735544600000004,7.97762694,94.3,-0.03900000000000001,3.0580000000000003,1005.5039999999999,18.717,1.1790390000000002,6.327000000000001,1.548,-0.006000000000000003,100,0.2,3.2,1005.5039999999999,0.01791868502984295,291.4091785180168,6.513619040134294,193.748230916377,True,23.535759927437816,-13.138096882022015,3,3,20160910_flight07
2016-09-10 08:55:07,54.73543642,7.9786338599999995,94.29199999999999,-0.384,3.2140000000000004,1005.5060000000001,18.613000000000003,1.178992,6.607,1.672,0.099,100,0.5,3.3,1005.5060000000001,0.01832414475158206,291.3051759376763,6.8152793779859095,194.20140166317418,True,23.533289221148266,-13.20431914440416,3,3,20160910_flight07
2016-09-10 08:55:08,54.735329650000004,7.97964172,94.28299999999999,-0.36300000000000004,3.188,1005.508,18.678,1.178976,6.507999999999999,1.5670000000000002,-0.12,100,0.4,3.3,1005.508,0.01811317117535105,291.3699081911566,6.693993800415413,193.53801380442337,True,23.530982635751435,-13.270578849202693,3,3,20160910_flight07
2016-09-10 08:55:09,54.735223500000004,7.980650020000001,94.376,-0.337,3.1,1005.487,18.629,1.179041,6.5329999999999995,1.578,-0.006000000000000001,100,0.4,3.1,1005.487,0.018206745133411584,291.3227252208266,6.720875910177185,193.5792929516206,True,23.528748467115868,-13.336856725609126,3,3,20160910_flight07
2016-09-10 08:55:10,54.73511773,7.981658650000001,94.346,-0.46299999999999997,3.0940000000000003,1005.507,18.619,1.179204,6.915,1.151,0.019000000000000003,100,0.7,3.2,1005.507,0.018121143375778415,291.3110836639708,7.01013737383227,189.45022910495675,True,23.526559248762105,-13.403149602133388,3,3,20160910_flight07
2016-09-10 08:55:11,54.73501317,7.982667760000001,94.436,-0.6859999999999999,3.17,1005.4810000000001,18.744,1.179014,6.803999999999999,0.883,-0.391,100,0.8,3.2,1005.4810000000001,0.017822828029676385,291.43804276708573,6.861057134290603,187.39432472759728,True,23.52450780766526,-13.469453692402926,3,3,20160910_flight07
2016-09-10 08:55:12,54.73490981,7.9836772,94.81299999999999,-0.665,3.168,1005.451,18.642,1.178768,6.662999999999999,1.208,-0.079,100,0.8,3.2,1005.451,0.018360723337918383,291.3386881839885,6.771619673313024,190.27608846854594,True,23.522591635404034,-13.535759552698789,3,3,20160910_flight07
2016-09-10 08:55:13,54.734807419999996,7.98468686,95.09299999999999,-0.6729999999999999,3.138,1005.414,18.609,1.178563,6.402,1.476,-0.19,100,0.8,3.2,1005.414,0.01861557563678784,291.30880540869407,6.569945205250954,192.98285093962522,True,23.52078436694564,-13.602063850188358,3,3,20160910_flight07
2016-09-10 08:55:14,54.73470617,7.98569704,95.2,-0.573,3.0,1005.401,18.601000000000003,1.1787670000000001,6.774,1.83,0.11200000000000002,100,0.7,3.0,1005.401,0.01845404927533245,291.30189498628465,7.016835184041307,195.1176159713546,True,23.519107540816876,-13.668383052171023,3,3,20160910_flight07
2016-09-10 08:55:15,54.73460643000001,7.98670844,95.10700000000001,-0.26,3.0389999999999997,1005.419,18.593000000000004,1.179012,6.752000000000001,2.067,0.121,100,0.4,3.1,1005.419,0.018288565426297865,291.2924157928963,7.061302500247388,197.02100063131667,True,23.517608476388432,-13.734756012592989,3,3,20160910_flight07
2016-09-10 08:55:16,54.734507119999996,7.98772079,94.80799999999999,-0.163,2.921,1005.445,18.639,1.179205,6.85,1.8840000000000001,0.168,100,0.2,3.0,1005.445,0.017987721849805016,291.33619006822295,7.104361758807049,195.3781952974782,True,23.516165684961585,-13.801182867341847,3,3,20160910_flight07
2016-09-10 08:55:17,54.734407499999996,7.98873381,94.419,0.019000000000000003,2.818,1005.502,18.612000000000002,1.179328,6.524,1.6680000000000001,0.025,100,0.2,2.9,1005.502,0.018033455450766622,291.3045089348296,6.733854765288601,194.34166397828292,True,23.514695033199843,-13.867657626319573,3,3,20160910_flight07
2016-09-10 08:55:18,54.73430807,7.989747670000001,94.024,0.156,2.918,1005.552,18.599,1.179435,6.894,1.838,0.175,100,0.3,3.0,1005.552,0.018037077117694977,291.28738677578366,7.1348076358091115,194.9283134541461,True,23.51325318796181,-13.93418310813395,3,3,20160910_flight07
2016-09-10 08:55:19,54.73420897,7.99076259,93.639,-0.07500000000000001,3.01,1005.596,18.522000000000002,1.179679,7.476,1.791,0.02,100,0.3,3.1,1005.596,0.018139760614171108,291.20686435026107,7.687539073071434,193.4722521181073,True,23.511857633049807,-14.000771141412692,3,3,20160910_flight07
2016-09-10 08:55:20,54.73411098,7.991778500000001,93.5,0.012999999999999998,3.1,1005.609,18.619,1.179889,7.069,1.587,-0.012000000000000002,100,0.4,3.1,1005.609,0.017633279457544893,291.3026326311387,7.244952035728049,192.65318640485066,True,23.510593624647164,-14.067404659072587,3,3,20160910_flight07
2016-09-10 08:55:21,54.73401245,7.992794280000001,93.45,0.38,3.15,1005.6030000000001,18.713,1.179888,6.814,1.923,-0.069,100,0.5,3.2,1005.6030000000001,0.017300323822725394,291.396979629526,7.080150069031023,195.75976107052176,True,23.509268918795463,-14.134038564844854,3,3,20160910_flight07
2016-09-10 08:55:22,54.73391304,7.99380982,93.5,0.361,3.1910000000000003,1005.6060000000001,18.705,1.179842,7.039,1.899,-0.003999999999999999,100,0.4,3.2,1005.6060000000001,0.017370907877707342,291.38874378493273,7.290659915261443,195.0979668496062,True,23.50784503455572,-14.200671300665416,3,3,20160910_flight07
2016-09-10 08:55:23,54.73381384,7.994825479999999,93.561,0.42200000000000004,3.2709999999999995,1005.604,18.65,1.1797469999999999,7.066,1.739,0.0020000000000000005,100,0.5,3.3,1005.604,0.017642583345370833,291.3339973649682,7.276845264261155,193.82618089059696,True,23.506445406257633,-14.267308332341027,3,3,20160910_flight07
2016-09-10 08:55:24,54.7337145,7.99584075,93.751,0.623,3.313,1005.581,18.712,1.1796719999999998,6.874,1.527,-0.095,100,0.7,3.4,1005.581,0.017467819417787744,291.3978044997398,7.041562681677981,192.52439491036841,True,23.505026699585265,-14.33392264965255,3,3,20160910_flight07
2016-09-10 08:55:25,54.73361388,7.99685477,94.07600000000001,0.667,3.318,1005.543,18.701,1.179599,6.791,1.476,-0.15100000000000002,100,0.7,3.4,1005.543,0.017530684046688894,291.38997128755375,6.949550848795914,192.26232179232636,True,23.503455283071332,-14.400477576632976,3,3,20160910_flight07
2016-09-10 08:55:26,54.73351219,7.99786771,94.459,0.6859999999999999,3.3,1005.4839999999999,18.715999999999998,1.179418,6.561,1.2670000000000001,0.005,100,0.8,3.3,1005.4839999999999,0.01757482802161703,291.40983783845576,6.682215949817844,190.92989442893514,True,23.501755881646446,-14.466980610825093,3,3,20160910_flight07
2016-09-10 08:55:27,54.7334095,7.99887938,94.773,0.614,3.3,1005.465,18.767,1.179208,6.433,1.405,0.005,100,0.8,3.3,1005.465,0.01755900563644386,291.4623333084422,6.5846422833742455,192.3202269633455,True,23.499934423264804,-14.53341845641908,3,3,20160910_flight07
2016-09-10 08:55:28,54.73330603,7.99989011,94.993,0.332,3.1690000000000005,1005.425,18.752,1.17909,6.196000000000001,1.3219999999999998,-0.051,100,0.6,3.3,1005.425,0.01767264745673569,291.4506727917018,6.335463676795883,192.04422614136385,True,23.49801823507582,-14.599808695014149,3,3,20160910_flight07
2016-09-10 08:55:29,54.733202039999995,8.000900360000001,95.15100000000001,0.6629999999999999,3.037,1005.4209999999999,18.799,1.178858,5.803,1.113,-0.231,100,0.7,3.1,1005.4209999999999,0.017705012875443904,291.49793179695183,5.908771276669964,190.85732653008267,True,23.496040269388935,-14.666176587226008,3,3,20160910_flight07
2016-09-10 08:55:30,54.733097029999996,8.00191029,95.2,0.7240000000000001,2.9330000000000003,1005.404,18.592,1.1789,6.421,1.351,0.066,100,0.9,3.0,1005.404,0.018373603933713678,291.2926602541543,6.561588374776339,191.88191222760844,True,23.493946954688823,-14.732540445582327,3,3,20160910_flight07
2016-09-10 08:55:31,54.73299203,8.00292056,95.112,0.379,3.0,1005.42,18.625,1.17894,6.938,1.54,0.011000000000000001,100,0.5,3.0,1005.42,0.018240080761162236,291.3242835006615,7.106858940488407,192.51481649316318,True,23.491857930575378,-14.7989259140694,3,3,20160910_flight07
2016-09-10 08:55:32,54.732887149999996,8.00393119,94.98,0.327,2.9939999999999998,1005.427,18.616,1.179289,6.98,1.71,0.105,100,0.4,3.0,1005.427,0.01797722910866284,291.3147173366678,7.186410787034095,193.76552630829775,True,23.489785500548123,-14.865332498593702,3,3,20160910_flight07
2016-09-10 08:55:33,54.732781290000005,8.004941559999999,94.774,0.405,2.972,1005.456,18.685,1.179484,6.832000000000001,1.4040000000000001,0.062,100,0.5,3.0,1005.456,0.01759763503404299,291.3812069661731,6.974771680850923,191.61280915310155,True,23.487602690080713,-14.931738245916932,3,3,20160910_flight07
2016-09-10 08:55:34,54.73267442,8.00595169,94.567,0.12300000000000001,3.0260000000000002,1005.493,18.626,1.179605,6.945,1.604,0.157,100,0.4,3.1,1005.493,0.01773645097313703,291.31923273739113,7.1278216167353685,193.00485926267106,True,23.485306382429698,-14.99814492074222,3,3,20160910_flight07
2016-09-10 08:55:35,54.73256790000001,8.006962210000001,94.405,-0.434,3.1,1005.5139999999999,18.669,1.179742,7.216,1.504,0.028999999999999998,100,0.5,3.1,1005.5139999999999,0.01748956662175649,291.36042508409054,7.371069935904828,191.7733620486634,True,23.483052283513985,-15.064570921737602,3,3,20160910_flight07
2016-09-10 08:55:36,54.732462729999995,8.007973419999999,94.4,-0.114,3.099,1005.502,18.711,1.179767,7.228,1.71,-0.309,100,0.5,3.1,1005.502,0.01730944663126932,291.4033537000305,7.427522063245588,193.31030875146098,True,23.480953351856904,-15.131019324768765,3,3,20160910_flight07
2016-09-10 08:55:37,54.73235737,8.00898479,94.499,0.705,2.9360000000000004,1005.4989999999999,18.952,1.179366,5.957000000000001,1.673,-0.182,100,1.0,3.0,1005.4989999999999,0.016812690629852245,291.64422466699034,6.187469434267939,195.68718823077182,True,23.478834993504286,-15.19748103870796,3,3,20160910_flight07
2016-09-10 08:55:38,54.732249339999996,8.00999511,94.5,0.493,3.062,1005.502,18.744,1.179545,6.547000000000001,1.344,-0.065,100,1.0,3.2,1005.502,0.01738587927531632,291.43630195509746,6.683527885780085,191.60078856459612,True,23.47641270030899,-15.26391859568401,3,3,20160910_flight07
2016-09-10 08:55:39,54.732141659999996,8.0110058,94.63,-0.333,3.296,1005.49,18.698,1.179162,7.114,1.595,0.025,100,0.5,3.3,1005.49,0.017864594260565525,291.3913686716172,7.290611839893823,192.63706400734227,True,23.47403242825245,-15.330374198155171,3,3,20160910_flight07
2016-09-10 08:55:40,54.73203613,8.01201725,94.781,-0.45399999999999996,3.167,1005.4689999999999,18.778,1.17922,6.905,1.507,0.212,100,0.5,3.3,1005.4689999999999,0.017514356887030624,291.4729845434671,7.067536628840348,192.31161607401617,True,23.471896095706825,-15.396843777617882,3,3,20160910_flight07
2016-09-10 08:55:41,54.731930469999995,8.01302809,94.70300000000002,-0.13699999999999998,3.0069999999999997,1005.48,18.854,1.1792360000000002,6.007000000000001,1.1,0.034,100,0.4,3.1,1005.48,0.017246854590690086,291.54795386821394,6.106885376360032,190.37701476017145,True,23.469739722671896,-15.463276393949892,3,3,20160910_flight07
2016-09-10 08:55:42,54.73182361,8.01403835,94.60199999999999,0.083,3.042,1005.4939999999999,18.851,1.178876,6.175,1.5319999999999998,0.06,100,0.2,3.1,1005.4939999999999,0.01758211961977607,291.54379758012664,6.3622047279225455,193.93358645528807,True,23.467445735844876,-15.529691231819193,3,3,20160910_flight07
2016-09-10 08:55:43,54.73171757,8.015049340000001,94.5,0.053000000000000005,3.1740000000000004,1005.5089999999999,18.688,1.178754,6.566,1.521,-0.15600000000000003,100,0.1,3.2,1005.5089999999999,0.018271036849049294,291.37980961573123,6.739866244963619,193.04240521138485,True,23.465248914844523,-15.596139584230883,3,3,20160910_flight07
2016-09-10 08:55:44,54.73161284,8.01606117,94.579,0.07100000000000001,3.088,1005.4989999999999,18.646,1.178898,6.7139999999999995,1.4709999999999999,0.12,100,0.2,3.2,1005.4989999999999,0.018283078100225003,291.33870422293967,6.873255196775396,192.3579190868553,True,23.46320426229476,-15.662620589110322,3,3,20160910_flight07
2016-09-10 08:55:45,54.73150828,8.01707289,94.6,0.017,3.05,1005.503,18.641000000000002,1.179114,6.704,1.584,0.023,100,0.1,3.1,1005.503,0.0181180362892166,291.33338059661776,6.888589986346989,193.29386083029834,True,23.46117730254324,-15.729091807453859,3,3,20160910_flight07
2016-09-10 08:55:46,54.73140319,8.01808454,94.639,0.633,2.904,1005.482,18.842,1.179029,6.147,1.5030000000000001,-0.486,100,0.9,3.0,1005.482,0.017469287784785292,291.5358067600713,6.328081699851859,193.73978640579702,True,23.459091309577303,-15.79556709459207,3,3,20160910_flight07
2016-09-10 08:55:47,54.731296490000005,8.01909606,94.7,0.311,2.901,1005.4760000000001,18.695,1.178987,6.6,1.974,-0.079,100,0.8,3.0,1005.4760000000001,0.0180119685297222,291.38953372459935,6.888880605729787,196.6514459807014,True,23.456826764463216,-15.862060033498693,3,3,20160910_flight07
2016-09-10 08:55:48,54.73119012,8.02010848,94.62,-0.24600000000000002,3.062,1005.498,18.588,1.179128,6.9670000000000005,1.643,-0.047,100,0.3,3.1,1005.498,0.018285843559427972,291.28087796992963,7.1581099460681665,193.26939444465853,True,23.454607008902236,-15.928605278470567,3,3,20160910_flight07
2016-09-10 08:55:49,54.73108507,8.02112168,94.595,-0.387,3.0,1005.485,18.641000000000002,1.179287,6.921,1.643,0.095,100,0.5,3.0,1005.485,0.017950456430248618,291.33487218988705,7.113345907517783,193.3544388784822,True,23.452539960448995,-15.995179172543043,3,3,20160910_flight07
2016-09-10 08:55:50,54.73098033,8.02213512,94.48299999999999,-0.52,3.0,1005.5060000000001,18.676,1.179692,7.079,1.7280000000000002,0.022000000000000002,100,0.6,3.0,1005.5060000000001,0.017500188963611052,291.36807708033,7.286852887220929,193.71776734506153,True,23.450509307973675,-16.061763433094168,3,3,20160910_flight07
2016-09-10 08:55:51,54.73087599,8.02314894,94.37899999999999,-0.479,3.0010000000000003,1005.528,18.697,1.1797879999999998,7.086,1.829,-0.027999999999999997,100,0.5,3.1,1005.528,0.017366444637770595,291.38722077319966,7.318240020660706,194.47298406572577,True,23.4485262776632,-16.128365572765265,3,3,20160910_flight07
2016-09-10 08:55:52,54.73077248,8.02416347,94.27,-0.11699999999999999,3.023,1005.547,18.8,1.1796769999999999,6.646,1.661,-0.010000000000000002,100,0.4,3.1,1005.547,0.017122430187129778,291.48848327591475,6.850418746324928,194.03218641149755,True,23.446641327028722,-16.194999784961052,3,3,20160910_flight07
2016-09-10 08:55:53,54.73066882,8.02517805,94.242,0.02,3.0,1005.5319999999999,18.809,1.179732,6.737,1.3419999999999999,-0.305,100,0.2,3.0,1005.5319999999999,0.01702848706529747,291.498712686327,6.869361906319975,191.26576695198136,True,23.444740323699,-16.261639618982777,3,3,20160910_flight07
2016-09-10 08:55:54,54.73056536,8.02619298,94.37800000000001,-0.647,3.123,1005.523,18.742,1.179521,7.053999999999999,1.743,0.017,100,0.8,3.2,1005.523,0.017434800163077302,291.4325643378477,7.266152007768623,193.87942107106122,True,23.442864632224214,-16.32829863796361,3,3,20160910_flight07
2016-09-10 08:55:55,54.730463719999996,8.02720866,94.464,-0.568,3.164,1005.5089999999999,18.7,1.1795309999999999,6.752000000000001,1.392,0.051000000000000004,100,0.7,3.2,1005.5089999999999,0.0175584239735469,291.39179077553695,6.893995068173462,191.64895679847166,True,23.44119643875058,-16.394976317903705,3,3,20160910_flight07
2016-09-10 08:55:56,54.73036253,8.0282241,94.51700000000001,-0.618,3.0580000000000003,1005.503,18.701,1.179609,6.599,1.5290000000000001,0.040999999999999995,100,0.7,3.1,1005.503,0.0174815815260565,291.393286497882,6.773820340103508,193.04533559559673,True,23.43957555917995,-16.461631369328803,3,3,20160910_flight07
2016-09-10 08:55:57,54.730262350000004,8.0292399,94.48700000000001,-0.757,3.091,1005.505,18.712,1.1797229999999999,6.971,1.791,0.18600000000000003,100,0.9,3.1,1005.505,0.017346938728250327,291.40410347565495,7.1973968905431365,194.40887799306762,True,23.438069302370472,-16.528293177301645,3,3,20160910_flight07
2016-09-10 08:55:58,54.73016354000001,8.03025653,94.351,-0.502,3.091,1005.525,18.761,1.179776,6.638999999999999,1.614,-0.004000000000000001,100,0.6,3.1,1005.525,0.0171507033359779,291.45136863761826,6.8323727210977,193.66403969943562,True,23.43672172888858,-16.594986029349297,3,3,20160910_flight07
2016-09-10 08:55:59,54.73006539,8.03127348,94.3,-0.149,3.0,1005.54,18.8,1.179666,6.042000000000001,1.6840000000000002,-0.117,100,0.3,3.0,1005.54,0.01712483387439878,291.4890636193056,6.2722898529962725,195.57398612505875,True,23.43544985237154,-16.661688723585083,3,3,20160910_flight07
2016-09-10 08:56:00,54.72996712,8.032290849999999,94.175,0.04800000000000001,3.005,1005.572,18.794,1.179595,6.075,2.066,0.07100000000000001,100,0.2,3.1,1005.572,0.01723933114903331,291.480420190798,6.416695489112756,198.78226017092527,True,23.43416869803243,-16.72842024810465,3,3,20160910_flight07
2016-09-10 08:56:01,54.729869390000005,8.03330902,93.99,0.218,3.0269999999999997,1005.594,18.785999999999998,1.179644,6.362,1.7790000000000001,0.07200000000000001,100,0.4,3.1,1005.594,0.017247206573885565,291.4706091372747,6.6060491218276605,195.62253571828336,True,23.432954525627245,-16.795194287120804,3,3,20160910_flight07
2016-09-10 08:56:02,54.729772059999995,8.03432773,93.87100000000001,0.583,3.0589999999999997,1005.604,18.78,1.179629,6.681,1.64,0.031,100,0.7,3.1,1005.604,0.017291165587460133,291.4637897558436,6.879343064566558,193.79182281970805,True,23.431789476157434,-16.86199645065605,3,3,20160910_flight07
2016-09-10 08:56:03,54.729674429999996,8.0353464,93.8,0.563,3.102,1005.6030000000001,18.689,1.1797279999999999,7.091,1.77,0.014000000000000002,100,0.7,3.2,1005.6030000000001,0.017521965852221877,291.3730179505495,7.30856901178336,194.01532843684367,True,23.430591008122306,-16.928800893118844,3,3,20160910_flight07
2016-09-10 08:56:04,54.729576189999996,8.03636477,93.8,0.89,3.2190000000000003,1005.615,18.703,1.179767,7.199,1.848,0.08800000000000001,100,1.0,3.3,1005.615,0.017451662235685728,291.38600113608584,7.432409097997768,194.397095159537,True,23.429322537946625,-16.995595967355545,3,3,20160910_flight07
2016-09-10 08:56:05,54.729476500000004,8.03738224,93.846,0.8910000000000001,3.21,1005.604,18.762999999999998,1.179678,6.937,1.6480000000000001,0.062,100,1.0,3.3,1005.604,0.01730815165622457,291.44681690472913,7.13006823249259,193.36383441796323,True,23.4278859162901,-17.062356805895664,3,3,20160910_flight07
2016-09-10 08:56:06,54.729375870000005,8.0383984,93.95700000000001,1.056,3.2,1005.594,18.865,1.179548,6.532,1.36,0.036000000000000004,100,1.3,3.2,1005.594,0.017054774979496257,291.54948319913024,6.672077937194679,191.7612831877152,True,23.4263334711575,-17.129048926432723,3,3,20160910_flight07
2016-09-10 08:56:07,54.729273119999995,8.03941313,94.083,1.232,3.262,1005.576,18.839000000000002,1.179573,6.227,1.295,-0.002000000000000002,100,1.3,3.3,1005.576,0.01710557419105796,291.52501707884244,6.360232228464619,191.74807852212268,True,23.424534106366764,-17.19568368334161,3,3,20160910_flight07
2016-09-10 08:56:08,54.72916873,8.04042648,94.305,1.119,3.208,1005.545,18.79,1.179476,6.547000000000001,1.338,0.20099999999999998,100,1.3,3.3,1005.545,0.01732858537786086,291.4786648901767,6.682323922109733,191.55039408192215,True,23.422541160309585,-17.262256533865497,3,3,20160910_flight07
2016-09-10 08:56:09,54.729063370000006,8.04143884,94.432,0.86,3.235,1005.5260000000001,18.855999999999998,1.179256,6.0,1.2060000000000002,-0.035,100,1.3,3.3,1005.5260000000001,0.01726917227520608,291.5461361304151,6.120002941175764,191.36501396014035,True,23.420432087984487,-17.328781641211982,3,3,20160910_flight07
2016-09-10 08:56:10,54.7289563,8.04244984,94.635,1.1840000000000002,3.0069999999999997,1005.515,18.851,1.179267,6.047999999999999,1.3230000000000002,0.091,100,1.4,3.1,1005.515,0.01726597358190962,291.5420561589606,6.191012275872176,192.3390872783262,True,23.418121911865995,-17.39524725224685,3,3,20160910_flight07
2016-09-10 08:56:11,54.72884761,8.04345987,94.64399999999999,0.8460000000000001,3.137,1005.508,18.798,1.179073,6.167999999999999,1.3130000000000002,-0.064,100,0.9,3.2,1005.508,0.017610970252479152,291.48971982329243,6.306202740159882,192.01733982782164,True,23.415624203100585,-17.461676888046927,3,3,20160910_flight07
2016-09-10 08:56:12,54.72873831,8.04446958,94.7,0.657,3.1,1005.4989999999999,18.698999999999998,1.1789880000000001,6.478,1.5930000000000002,0.084,100,0.8,3.1,1005.4989999999999,0.018020438912463632,291.3916211625955,6.670991905256669,193.81543552168876,True,23.413056304597312,-17.528095874946146,3,3,20160910_flight07
2016-09-10 08:56:13,54.728628310000005,8.04547891,94.60600000000001,0.049,3.042,1005.513,18.734,1.179189,6.519,1.719,-0.047,100,0.3,3.1,1005.513,0.017739030624394525,291.42540583137963,6.7418337268135,194.77211209913082,True,23.410407740556913,-17.594501823002698,3,3,20160910_flight07
2016-09-10 08:56:14,54.72851812,8.04648843,94.492,-0.149,3.0,1005.5239999999999,18.750999999999998,1.179408,6.66,1.9969999999999999,0.026000000000000002,100,0.3,3.0,1005.5239999999999,0.01750192036357956,291.4414672775157,6.952956853023036,196.69135127492837,True,23.40774003121181,-17.660923002980017,3,3,20160910_flight07
2016-09-10 08:56:15,54.72840821,8.047498580000001,94.301,-0.222,3.013,1005.557,18.722,1.179711,6.995,1.776,0.136,100,0.3,3.1,1005.557,0.01737504202342932,291.40977774741566,7.216938478329991,194.246124232587,True,23.405109071639863,-17.727380006624248,3,3,20160910_flight07
2016-09-10 08:56:16,54.72829886,8.04850929,94.119,-0.44799999999999995,3.049,1005.594,18.712,1.179819,7.169,1.653,-0.03900000000000001,100,0.5,3.1,1005.594,0.01735419965741647,291.3967271046506,7.357103370213035,192.9841098028412,True,23.402545045734584,-17.793863833980996,3,3,20160910_flight07
2016-09-10 08:56:17,54.72819004,8.04952035,94.04799999999999,-0.385,3.092,1005.595,18.784000000000002,1.1796419999999999,6.801,1.354,0.2,100,0.5,3.2,1005.595,0.017256911875593195,291.46852942933396,6.934473087409022,191.25970003787023,True,23.400042679394154,-17.86036152199186,3,3,20160910_flight07
2016-09-10 08:56:18,54.72808105,8.05053109,94.0,-0.15,3.1790000000000003,1005.6010000000001,18.848,1.179479,6.312,1.484,-0.126,100,0.3,3.2,1005.6010000000001,0.017180569664539513,291.5319299010208,6.484103638900292,193.23040056179312,True,23.3975185869312,-17.926841462028218,3,3,20160910_flight07
2016-09-10 08:56:19,54.72797192,8.05154174,94.04199999999999,-0.375,3.117,1005.585,18.858,1.179525,6.513,1.5330000000000001,-0.046,100,0.5,3.2,1005.585,0.017089885200336274,291.5432406183263,6.69098333580349,193.24493282726132,True,23.394978230043243,-17.993317897823598,3,3,20160910_flight07
2016-09-10 08:56:20,54.727864149999995,8.05255305,94.211,-0.794,3.239,1005.587,18.877,1.179359,6.582000000000001,1.331,-0.34,100,1.0,3.3,1005.587,0.01716888443747,291.56204453084723,6.715227844235816,191.43208385883867,True,23.39259386046586,-18.059814653299995,3,3,20160910_flight07
2016-09-10 08:56:21,54.72775811,8.05356497,94.594,-0.8540000000000001,3.102,1005.5210000000001,18.785,1.179152,6.557,1.229,-0.158,100,1.1,3.2,1005.5210000000001,0.01760126089559,291.47566246463055,6.671183553163561,190.61596214402653,True,23.390405762704262,-18.126322557094195,3,3,20160910_flight07
2016-09-10 08:56:22,54.72765326,8.054576970000001,94.88600000000001,-0.581,3.1319999999999997,1005.488,18.786,1.179004,6.359,1.1540000000000001,-0.079,100,0.7,3.2,1005.488,0.01769211338572818,291.4793968010274,6.462862910506457,190.2858158051937,True,23.3883494873752,-18.192816383821366,3,3,20160910_flight07
2016-09-10 08:56:23,54.72754902,8.05558885,95.068,-0.33299999999999996,3.005,1005.477,18.775,1.179165,6.29,1.137,-0.1,100,0.6,3.1,1005.477,0.017580370375375187,291.4693259668412,6.391937812588605,190.24631923197992,True,23.38635927466062,-18.2592926846015,3,3,20160910_flight07
2016-09-10 08:56:24,54.72744554,8.05660104,95.1,-0.567,2.9760000000000004,1005.4780000000001,18.758,1.179244,6.307,1.439,-0.0030000000000000014,100,0.6,3.0,1005.4780000000001,0.017572469979754812,291.4522696013553,6.469077986854077,192.85255265314726,True,23.384455679571424,-18.32577657380669,3,3,20160910_flight07
2016-09-10 08:56:25,54.72734349,8.05761414,95.014,-0.252,2.91,1005.4860000000001,18.734,1.179408,6.87,1.534,0.157,100,0.6,3.0,1005.4860000000001,0.0175227271313374,291.427643918644,7.039180065888356,192.5870763791288,True,23.38271812687112,-18.39229566173068,3,3,20160910_flight07
2016-09-10 08:56:26,54.72724247,8.05862804,94.78299999999999,-0.044000000000000004,2.9760000000000004,1005.5089999999999,18.78,1.1794499999999999,6.528,1.633,0.12,100,0.5,3.0,1005.5089999999999,0.017349436767295723,291.4716651742419,6.729150986565838,194.0445038073197,True,23.381101526946267,-18.458849358365025,3,3,20160910_flight07
2016-09-10 08:56:27,54.727140989999995,8.05964215,94.523,0.902,2.9,1005.5369999999999,18.778,1.179581,6.648,1.6520000000000001,-0.05600000000000001,100,1.0,2.9,1005.5369999999999,0.01727174947308141,291.4673470547808,6.850183063247288,193.9550995206004,True,23.37943623027855,-18.52542392384445,3,3,20160910_flight07
2016-09-10 08:56:28,54.72703829,8.06065628,94.302,0.857,2.824,1005.575,18.744,1.179545,6.876,1.76,-0.165,100,0.9,2.9,1005.575,0.017459742051508798,291.4302509247809,7.097673985186979,194.35733455155645,True,23.377636744823278,-18.59201945379324,3,3,20160910_flight07
2016-09-10 08:56:29,54.72693478,8.06167093,94.12299999999999,0.212,2.9,1005.5930000000001,18.771,1.1793470000000001,6.502999999999999,2.1109999999999998,0.12,100,0.9,2.9,1005.5930000000001,0.017554655548920106,291.45571594224344,6.837055652837703,197.98443625199894,True,23.375752919767905,-18.658661350038475,3,3,20160910_flight07
2016-09-10 08:56:30,54.72683074,8.06268593,93.84100000000001,-0.07300000000000001,2.95,1005.6160000000001,18.837,1.179427,6.4910000000000005,1.8459999999999999,-0.002,100,0.2,3.0,1005.6160000000001,0.017278912156587056,291.51970381137465,6.748392178882315,195.87542205529928,True,23.373814001024947,-18.72533420925117,3,3,20160910_flight07
2016-09-10 08:56:31,54.726726369999994,8.063701290000001,93.64299999999999,0.302,2.987,1005.6519999999999,18.865,1.17957,6.216,1.29,-0.19899999999999998,100,0.5,3.0,1005.6519999999999,0.01709446596198827,291.54467405798937,6.3484451639751915,191.72411161742954,True,23.371842111308574,-18.79203544491708,3,3,20160910_flight07
2016-09-10 08:56:32,54.726621349999995,8.06471668,93.62799999999999,0.245,3.122,1005.6619999999999,18.886,1.17937,6.525,1.239,0.009000000000000001,100,0.4,3.2,1005.6619999999999,0.017203911120482696,291.56481104907493,6.6415921283981305,190.75161069366564,True,23.36979890901143,-18.858749088862872,3,3,20160910_flight07
2016-09-10 08:56:33,54.72651625,8.06573198,93.734,0.225,3.2,1005.6469999999999,18.862000000000002,1.179303,6.246,1.4480000000000002,-0.07200000000000001,100,0.4,3.2,1005.6469999999999,0.01733013460135613,291.54209345268157,6.411647214250017,193.0522193190729,True,23.36774605096455,-18.92545826051224,3,3,20160910_flight07
2016-09-10 08:56:34,54.726410939999994,8.06674665,93.881,0.353,3.2,1005.5980000000001,18.85,1.179367,6.2989999999999995,1.432,0.02,100,0.4,3.2,1005.5980000000001,0.01726716497144265,291.5341754521153,6.459723291287329,192.8078043464143,True,23.365664153264063,-18.99213047909676,3,3,20160910_flight07
2016-09-10 08:56:35,54.72630528,8.06776065,93.999,0.384,3.18,1005.5930000000001,18.878999999999998,1.1793770000000001,6.218,1.248,-0.027000000000000003,100,0.5,3.2,1005.5930000000001,0.017152462964649784,291.5635438043081,6.3420050457248935,191.34891159934713,True,23.363537420479403,-19.058765442062274,3,3,20160910_flight07
2016-09-10 08:56:36,54.72619958,8.068774,94.09899999999999,0.069,3.161,1005.564,18.88,1.179388,6.441,0.907,0.077,100,0.3,3.2,1005.564,0.017110160120188844,291.566947041375,6.5045468712278485,188.01549599930308,True,23.361400185024486,-19.12535942846398,3,3,20160910_flight07
2016-09-10 08:56:37,54.72609418,8.069786749999999,94.273,0.09300000000000001,3.1519999999999997,1005.552,18.933999999999997,1.17909,6.0520000000000005,1.136,-0.18,100,0.2,3.2,1005.552,0.017166994020101578,291.62185672964773,6.157694373708393,190.6310869957786,True,23.359290365047173,-19.19191015434146,3,3,20160910_flight07
2016-09-10 08:56:38,54.72598877,8.070799,94.476,0.495,3.1,1005.518,18.694000000000003,1.1789209999999999,6.422000000000001,1.484,-0.14700000000000002,100,0.6,3.1,1005.518,0.018114974866599187,291.38505428213847,6.591232054783082,193.01155702507998,True,23.357174753711888,-19.258429024689075,3,3,20160910_flight07
2016-09-10 08:56:39,54.72588336,8.07181117,94.589,0.445,3.052,1005.4989999999999,18.683,1.178946,6.73,2.025,0.17800000000000002,100,0.5,3.1,1005.4989999999999,0.01811252178386713,291.3756462374164,7.0280527175029075,196.7460959682976,True,23.355058391989758,-19.32494277233725,3,3,20160910_flight07
2016-09-10 08:56:40,54.7257783,8.07282375,94.42399999999999,0.30400000000000005,3.056,1005.5160000000001,18.81,1.179294,7.02,2.011,0.136,100,0.5,3.1,1005.5160000000001,0.017386546617077947,291.50103768747726,7.302364069258666,195.98527294655105,True,23.352984426599413,-19.391477126830306,3,3,20160910_flight07
2016-09-10 08:56:41,54.72567281,8.0738363,94.19,0.321,2.8859999999999997,1005.544,18.809,1.179528,6.4079999999999995,1.5390000000000001,-0.055999999999999994,100,0.4,3.0,1005.544,0.017216521985407685,291.49771777427526,6.590218888625778,193.50486359722439,True,23.350862817644874,-19.458016498042113,3,3,20160910_flight07
2016-09-10 08:56:42,54.725566,8.074848600000001,93.949,0.145,2.878,1005.575,18.721,1.179468,7.121,1.69,0.07200000000000001,100,0.3,3.0,1005.575,0.017606348590073484,291.40728746622653,7.31879368475434,193.3507927611861,True,23.348593472891075,-19.524561158038157,3,3,20160910_flight07
2016-09-10 08:56:43,54.7254595,8.075861600000001,93.68799999999999,-0.316,3.0189999999999997,1005.612,18.795,1.1795309999999999,7.037999999999999,1.7790000000000001,0.046000000000000006,100,0.5,3.1,1005.612,0.017331507011582703,291.4781026174204,7.259358442727566,194.18555557528245,True,23.346364838834283,-19.591145640035634,3,3,20160910_flight07
2016-09-10 08:56:44,54.72535353,8.07687517,93.54299999999999,-0.456,2.985,1005.604,18.897,1.179837,6.252000000000001,1.5130000000000001,-0.055,100,0.6,3.0,1005.604,0.016704345899218653,291.5806029076315,6.432470209802764,193.60417308279227,True,23.34419992790479,-19.657758070110777,3,3,20160910_flight07
2016-09-10 08:56:45,54.725247069999995,8.07788864,93.47,-0.247,2.9419999999999997,1005.614,18.898,1.1797229999999999,6.332000000000001,1.588,0.035,100,0.4,3.1,1005.614,0.016809222640372656,291.58077203982435,6.528090685644617,194.07881722997746,True,23.341980108148825,-19.724372002598063,3,3,20160910_flight07
2016-09-10 08:56:46,54.72514118,8.07890277,93.335,-0.32899999999999996,3.1830000000000003,1005.638,18.895,1.179383,6.2989999999999995,1.452,-0.018,100,0.5,3.2,1005.638,0.017137077344489215,291.5757866530804,6.464186337041963,192.98066538315294,True,23.339829261488774,-19.791019000829703,3,3,20160910_flight07
2016-09-10 08:56:47,54.725036499999995,8.07991734,93.41300000000001,-0.0020000000000000005,3.2,1005.617,18.835,1.179246,6.388999999999999,1.6780000000000002,-0.008000000000000002,100,0.3,3.2,1005.617,0.017443033018535337,291.51762410377864,6.605679753060997,194.7157495677658,True,23.337815816890284,-19.85767465145724,3,3,20160910_flight07
2016-09-10 08:56:48,54.724932120000005,8.080931900000001,93.5,0.341,3.136,1005.607,18.812,1.179229,6.4670000000000005,1.682,0.242,100,0.5,3.2,1005.607,0.017527734784124727,291.49548994296094,6.682156313646067,194.57902935154834,True,23.335835321868977,-19.92432482146972,3,3,20160910_flight07
2016-09-10 08:56:49,54.72482728,8.081945990000001,93.446,0.617,3.2,1005.6190000000001,18.917,1.1791960000000001,6.468999999999999,1.798,0.141,100,0.7,3.2,1005.6190000000001,0.017202530571723607,291.59932698459664,6.714221101512818,195.53278996067434,True,23.333799751821687,-19.990952317380945,3,3,20160910_flight07
2016-09-10 08:56:50,54.72472173,8.082959559999999,93.403,0.5519999999999999,3.1090000000000004,1005.618,18.891,1.179176,6.225,1.555,-0.126,100,0.7,3.2,1005.618,0.01730933336268059,291.57345154124806,6.4162800749343845,194.02541455489853,True,23.33168110161497,-20.05755797106777,3,3,20160910_flight07
2016-09-10 08:56:51,54.72461526,8.083972730000001,93.44300000000001,0.341,3.0180000000000002,1005.628,18.827,1.1792610000000001,6.452999999999999,1.516,0.051,100,0.6,3.1,1005.628,0.017469097831575242,291.5087249488696,6.628685012881514,193.22072264408354,True,23.3294573664662,-20.12415285477419,3,3,20160910_flight07
2016-09-10 08:56:52,54.72450857,8.08498595,93.4,0.222,3.055,1005.6290000000001,18.865,1.179191,6.483,1.4280000000000002,-0.079,100,0.3,3.1,1005.6290000000001,0.017398097860433115,291.54658108852186,6.638408920818301,192.42208563162885,True,23.32720986850103,-20.190754489704485,3,3,20160910_flight07
2016-09-10 08:56:53,54.72440152,8.08599901,93.5,0.441,3.09,1005.6110000000001,18.942,1.179055,6.265,1.439,-0.231,100,0.8,3.1,1005.6110000000001,0.017229010408167822,291.62495046479444,6.428137055166138,192.93582587253945,True,23.324921217716202,-20.257351687568427,3,3,20160910_flight07
2016-09-10 08:56:54,54.724293630000005,8.087011760000001,93.6,0.654,3.1,1005.6060000000001,18.884,1.1790829999999999,6.232,1.8659999999999999,0.061000000000000006,100,0.8,3.1,1005.6060000000001,0.017401819364081472,291.56745782148346,6.505365477819059,196.66887455483197,True,23.322537137739815,-20.323942587748174,3,3,20160910_flight07
2016-09-10 08:56:55,54.72418484,8.08802406,93.6,0.425,3.1,1005.5980000000001,18.852999999999998,1.179265,6.2829999999999995,1.3969999999999998,0.096,100,0.5,3.1,1005.5980000000001,0.017344700869398988,291.53717066624665,6.43643519349026,192.53556645023662,True,23.320049706720212,-20.390519193574946,3,3,20160910_flight07
2016-09-10 08:56:56,54.72407564,8.08903602,93.6,0.032,3.1180000000000003,1005.602,18.863999999999997,1.179348,6.447,1.47,-0.051000000000000004,100,0.2,3.2,1005.602,0.017238828509830384,291.5478214445359,6.612466181388,192.8445924800194,True,23.317513927283713,-20.457080642974113,3,3,20160910_flight07
2016-09-10 08:56:57,54.72396657,8.09004803,93.604,0.011000000000000001,3.142,1005.6030000000001,18.748,1.179421,6.684,1.895,0.157,100,0.2,3.2,1005.6030000000001,0.01758110341586261,291.4319237447,6.9474370094301685,195.82871558276565,True,23.314992935633306,-20.523643196607072,3,3,20160910_flight07
2016-09-10 08:56:58,54.72385792,8.09106007,93.566,-0.401,3.161,1005.61,18.882,1.179349,6.627999999999999,1.3659999999999999,0.165,100,0.6,3.2,1005.61,0.017183358458748854,291.56512932602885,6.767299313611005,191.6453412508639,True,23.312518486100444,-20.59020089486399,3,3,20160910_flight07
2016-09-10 08:56:59,54.72374928,8.09207176,93.539,0.07,3.023,1005.6210000000001,18.993,1.179087,5.919,1.364,-0.298,100,0.4,3.2,1005.6210000000001,0.017033941741822156,291.6750393836267,6.074130143485567,192.97694142027586,True,23.310041855074445,-20.656736019967703,3,3,20160910_flight07
2016-09-10 08:57:00,54.72363987,8.09308328,93.65899999999999,-0.28400000000000003,3.065,1005.6030000000001,18.875,1.178971,5.928,1.594,-0.217,100,0.4,3.1,1005.6030000000001,0.017526793596932766,291.55872096261714,6.138568236975134,195.05046255274763,True,23.307478818152823,-20.723272682713404,3,3,20160910_flight07
2016-09-10 08:57:01,54.723531519999995,8.09409567,93.736,-0.137,3.237,1005.592,18.680999999999997,1.178855,6.797999999999999,2.2359999999999998,0.172,100,0.3,3.4,1005.592,0.018292266008626212,291.3659422577357,7.156290938747529,198.20708346854602,True,23.305040694932075,-20.78984795250373,3,3,20160910_flight07
2016-09-10 08:57:02,54.723424830000006,8.09510897,93.78,-0.124,3.062,1005.595,18.843999999999998,1.179141,6.912000000000001,1.6380000000000001,-0.131,100,0.2,3.3,1005.595,0.017480011160292408,291.52843376307294,7.103434943743767,193.33196696096178,True,23.30279394735455,-20.85645471013346,3,3,20160910_flight07
2016-09-10 08:57:03,54.72331803,8.09612199,93.89,0.086,2.947,1005.576,18.863,1.17926,6.642,1.473,-0.21400000000000002,100,0.2,3.0,1005.576,0.017291918867518463,291.54897894182324,6.803373648418849,192.5041443274905,True,23.300532457520404,-20.923045313083264,3,3,20160910_flight07
2016-09-10 08:57:04,54.72321001,8.097134590000001,94.0,0.258,3.075,1005.568,18.808999999999997,1.179276,6.8420000000000005,1.954,0.004999999999999999,100,0.3,3.1,1005.568,0.017458175209346116,291.4957279959774,7.115551981399617,195.93875958040354,True,23.298132651774573,-20.989628705654876,3,3,20160910_flight07
2016-09-10 08:57:05,54.72310207,8.09814728,94.056,-0.8320000000000001,3.112,1005.567,18.735,1.1794280000000001,6.808,1.546,-0.079,100,3.6,3.2,1005.567,0.017583954623236142,291.42192830220995,6.98133081869066,192.7940805370563,True,23.295742501779245,-21.056216570522693,3,3,20160910_flight07
2016-09-10 08:59:49,54.80847231,8.12243962,96.726,-3.06,3.4619999999999997,1005.238,18.73,1.178575,7.215,2.383,-0.063,100,4.0,3.5,1005.238,0.018004702291400276,291.4442107526673,7.598349426026681,198.27756943481126,True,32.926669500095855,-21.23436059921334,4,4,20160910_flight07
2016-09-10 08:59:50,54.808614369999994,8.12146532,97.084,-1.702,3.4389999999999996,1005.198,18.814,1.178557,6.975,2.373,-0.10800000000000001,100,2.3,3.5,1005.198,0.017686861968356338,291.5314031251529,7.3676152179657155,198.78907738283542,True,32.93317787461316,-21.169680488929163,4,4,20160910_flight07
2016-09-10 08:59:51,54.80875244,8.12049065,97.42200000000001,-0.785,3.4,1005.172,18.787,1.178819,7.269,2.364,0.175,100,1.1,3.4,1005.172,0.017528455563676326,291.50659958432476,7.643746267374395,198.0153893629435,True,32.93924330172886,-21.105041061848368,4,4,20160910_flight07
2016-09-10 08:59:52,54.80888868,8.11951612,97.57199999999999,0.131,3.273,1005.1340000000001,18.772000000000002,1.1788210000000001,7.382999999999999,2.616,0.07100000000000001,100,0.5,3.4,1005.1340000000001,0.017540544348671583,291.49477340602994,7.832761007460906,199.51063657305713,True,32.9451084774417,-21.04044012518386,4,4,20160910_flight07
2016-09-10 08:59:53,54.80902483,8.1185419,97.6,0.7659999999999999,3.1,1005.145,18.799,1.178975,7.21,2.5839999999999996,-0.025,100,1.1,3.1,1005.145,0.01732467272383409,291.52082145517346,7.659057122126717,199.71722881188884,True,32.95096664788767,-20.975860491063642,4,4,20160910_flight07
2016-09-10 08:59:54,54.80916115,8.117567450000001,97.6,1.038,3.063,1005.132,18.918999999999997,1.178879,7.15,2.206,-0.1,100,1.2,3.1,1005.132,0.016976349731568474,291.6417242392705,7.482575492435743,197.14664067466495,True,32.95684138555279,-20.911263386358176,4,4,20160910_flight07
2016-09-10 08:59:55,54.809297969999996,8.116592480000001,97.51,1.354,2.9810000000000003,1005.13,18.784000000000002,1.178724,7.066,2.249,-0.131,100,1.5,3.0,1005.13,0.017578401008936817,291.5070876252987,7.415278619175411,197.6554791220566,True,32.9627663179967,-20.846624916976538,4,4,20160910_flight07
2016-09-10 08:59:56,54.80943621,8.115617049999999,97.35600000000001,1.643,2.9139999999999997,1005.1560000000001,18.803,1.1786,7.0360000000000005,2.256,0.126,100,1.8,3.0,1005.1560000000001,0.017645553138629255,291.52390315255707,7.388831572041686,197.77775846581912,True,32.96884334102307,-20.78193408142565,4,4,20160910_flight07
2016-09-10 08:59:57,54.809576729999996,8.11464115,97.04899999999999,1.8,2.885,1005.195,18.844,1.178727,6.876,2.2840000000000003,0.031,100,1.8,3.0,1005.195,0.017432507261683217,291.561607541306,7.24541454990672,198.374932316053,True,32.97516708516864,-20.717176363906997,4,4,20160910_flight07
2016-09-10 08:59:58,54.80971946,8.11366464,96.693,1.801,2.9,1005.225,18.797,1.1787130000000001,6.516,2.3080000000000003,-0.006000000000000001,100,1.9,2.9,1005.225,0.01763875864869502,291.5121889185315,6.912678207467783,199.5044017496762,True,32.981728527139,-20.652343929093696,4,4,20160910_flight07
2016-09-10 08:59:59,54.80986420999999,8.11268765,96.376,1.601,2.901,1005.278,18.809,1.1786370000000002,6.795,2.436,0.059000000000000004,100,1.7,3.0,1005.278,0.017716203701894973,291.51977524084174,7.218456968078427,199.72270069580247,True,32.98850795884069,-20.587448166881956,4,4,20160910_flight07
2016-09-10 09:00:00,54.8100114,8.11171054,96.07799999999999,1.847,3.03,1005.314,18.801,1.1786470000000002,6.808,2.346,-0.02,100,2.0,3.1,1005.314,0.017771902280435015,291.50880169771733,7.2008735581177925,199.01367438852975,True,32.99555501773538,-20.522505353031352,4,4,20160910_flight07
2016-09-10 09:00:01,54.81016092,8.11073339,95.89399999999999,1.798,3.0,1005.3209999999999,18.787,1.178625,6.907,2.33,-0.027000000000000003,100,1.9,3.0,1005.3209999999999,0.017846795766721213,291.49424241724046,7.289413488066101,198.64125350157587,True,33.00285833830369,-20.457522385009952,4,4,20160910_flight07
2016-09-10 09:00:02,54.810312759999995,8.10975627,95.738,1.7919999999999998,3.111,1005.3559999999999,18.75,1.178658,6.864,2.151,0.172,100,1.9,3.2,1005.3559999999999,0.017982752041443062,291.4543965513823,7.193142359219648,197.39964115050577,True,33.01041747568758,-20.392503906522638,4,4,20160910_flight07
2016-09-10 09:00:03,54.810466649999995,8.108779349999999,95.57,1.176,3.175,1005.375,18.871,1.1788020000000001,6.421,2.006,-0.002999999999999999,100,1.7,3.2,1005.375,0.01745587223924927,291.5736358777719,6.727055596618776,197.34945178616002,True,33.01820428542274,-20.327465159555338,4,4,20160910_flight07
2016-09-10 09:00:04,54.81062167,8.10780248,95.478,0.556,3.108,1005.37,18.772000000000002,1.178815,7.081,2.106,0.17,100,0.6,3.2,1005.37,0.0177846376899371,291.4752021235882,7.387543367046992,196.56329998579264,True,33.02611602752356,-20.262411382563823,4,4,20160910_flight07
2016-09-10 09:00:05,54.81077803,8.106825780000001,95.375,0.245,3.1790000000000003,1005.395,18.817999999999998,1.1787800000000002,6.587999999999999,2.184,0.013999999999999999,100,0.4,3.2,1005.395,0.017679804663359056,291.51905850918524,6.9405763449442714,198.34097004523392,True,33.03417695792852,-20.19734687140345,4,4,20160910_flight07
2016-09-10 09:00:06,54.810934440000004,8.10584882,95.351,0.011000000000000001,3.2,1005.3889999999999,18.8,1.1788210000000001,6.729,2.38,-0.029000000000000005,100,0.1,3.2,1005.3889999999999,0.01770107800863041,291.5015837202836,7.1374954290703405,199.47832908030693,True,33.04224095680815,-20.132264904756326,4,4,20160910_flight07
2016-09-10 09:00:07,54.81109115,8.10487168,95.4,-0.137,3.19,1005.3739999999999,18.781000000000002,1.1788020000000001,7.032,2.535,-0.024000000000000004,100,0.2,3.2,1005.3739999999999,0.017768533445130075,291.4838566727827,7.474974849456017,199.8239738169463,True,33.050336310692224,-20.06716657175787,4,4,20160910_flight07
2016-09-10 09:00:08,54.811248230000004,8.10389434,95.478,-0.496,3.108,1005.367,18.905,1.1785640000000002,6.392,2.097,-0.292,100,1.0,3.2,1005.367,0.0175347686357048,291.6082474257047,6.727189086089376,198.16292182863072,True,33.058470542105326,-20.00204946233494,4,4,20160910_flight07
2016-09-10 09:00:09,54.81140335,8.10291642,95.652,-0.862,3.096,1005.324,18.834,1.178366,6.702000000000001,1.9140000000000001,-0.12300000000000001,100,1.0,3.1,1005.324,0.017909675369120137,291.5409223182011,6.969949784611078,195.93862094771887,True,33.06638344984543,-19.936926836485657,4,4,20160910_flight07
2016-09-10 09:00:10,54.811557199999996,8.1019378,95.554,-0.7,3.0069999999999997,1005.337,18.721,1.1782199999999998,7.07,2.022,0.031,100,0.7,3.1,1005.337,0.018443119908554406,291.4270160100609,7.353460681883055,195.960379666285,True,33.07414990809327,-19.871779877522588,4,4,20160910_flight07
2016-09-10 09:00:11,54.81170983,8.10095958,95.415,-0.424,2.949,1005.36,18.691,1.178441,6.919,2.42,0.019999999999999997,100,0.7,3.0,1005.36,0.018380095061898194,291.3951550388971,7.330004160981083,199.27787289511275,True,33.08178574188654,-19.806678215852006,4,4,20160910_flight07
2016-09-10 09:00:12,54.81186135,8.09998054,95.25299999999999,-0.341,3.103,1005.375,18.802,1.178505,6.527,2.225,0.134,100,0.5,3.2,1005.375,0.017952811917225864,291.50474158292474,6.895821488408759,198.82381634399337,True,33.08929162374088,-19.74154195553705,4,4,20160910_flight07
2016-09-10 09:00:13,54.81201066,8.09900129,95.2,-0.066,3.1,1005.391,18.777,1.178614,6.82,2.202,-0.046,100,0.1,3.1,1005.391,0.017962037390143015,291.47845321490416,7.166673147283892,197.89391394610814,True,33.096552116313234,-19.676427904845717,4,4,20160910_flight07
2016-09-10 09:00:14,54.81215943,8.09802213,95.2,-0.249,2.94,1005.395,18.831,1.178458,6.6739999999999995,2.103,-0.027999999999999997,100,0.7,3.1,1005.395,0.017912550892132506,291.53203851987354,6.997491336186133,197.48981604865207,True,33.10375397499822,-19.611328329690654,4,4,20160910_flight07
2016-09-10 09:00:15,54.81230773,8.09704189,95.13600000000001,-1.097,3.0,1005.395,18.804000000000002,1.1783789999999998,6.617000000000001,2.0269999999999997,0.01,100,1.5,3.0,1005.395,0.01807493621273104,291.5050800361364,6.920507062347384,197.0315117803995,True,33.11089393551919,-19.546167181192402,4,4,20160910_flight07
2016-09-10 09:00:16,54.812454960000004,8.09606009,94.96799999999999,-1.737,2.947,1005.429,18.781000000000002,1.178269,6.57,2.025,-0.08,100,1.8,3.0,1005.429,0.01828463293639193,291.4792963004347,6.87499272726888,197.1303015268436,True,33.11790140881361,-19.48092340370817,4,4,20160910_flight07
2016-09-10 09:00:17,54.8126004,8.09507678,94.73200000000001,-1.9,2.9389999999999996,1005.443,18.691000000000003,1.17838,6.827000000000001,2.281,0.10400000000000001,100,2.0,3.0,1005.443,0.01851689176802207,291.3882751441124,7.197978188352616,198.47522350534103,True,33.12469755977532,-19.415611815590996,4,4,20160910_flight07
2016-09-10 09:00:18,54.81274219,8.09409362,94.598,-1.679,3.0940000000000003,1005.471,18.713,1.178467,6.812,2.387,0.046000000000000006,100,1.8,3.1,1005.471,0.018393291969148295,291.4079200775666,7.218110071202849,199.31102421518318,True,33.13109309000065,-19.350368722577077,4,4,20160910_flight07
2016-09-10 09:00:19,54.812880590000006,8.09311015,94.6,-1.528,3.16,1005.487,18.717,1.178696,6.739,2.479,0.057999999999999996,100,1.6,3.2,1005.487,0.01819768400184052,291.4105876092076,7.180498729197018,200.1964862122751,True,33.13711232236006,-19.285160474236452,4,4,20160910_flight07
2016-09-10 09:00:20,54.813016909999995,8.09212543,94.699,-1.588,3.241,1005.4839999999999,18.817,1.1786800000000002,6.51,2.2319999999999998,-0.124,100,1.7,3.3,1005.4839999999999,0.01785972662581181,291.5106799838981,6.882,198.92464441605125,True,33.14289072921271,-19.219905742971637,4,4,20160910_flight07
2016-09-10 09:00:21,54.81315066,8.09113995,94.902,-1.41,3.105,1005.438,18.687,1.178554,6.903,2.184,-0.011000000000000001,100,1.5,3.2,1005.438,0.018375413094857684,291.3846957743402,7.2402531033106845,197.55654743505283,True,33.14837893583326,-19.154643811103465,4,4,20160910_flight07
2016-09-10 09:00:22,54.81328278,8.09015393,95.0,-1.228,3.1,1005.443,18.717,1.178546,6.388999999999999,2.509,-0.01,100,1.3,3.1,1005.443,0.018282713704981912,291.4142348110328,6.863993152677237,201.4402445427756,True,33.1536825416853,-19.089373599853392,4,4,20160910_flight07
2016-09-10 09:00:23,54.813412500000005,8.08916765,95.09899999999999,-1.5590000000000002,3.15,1005.419,18.849,1.1785290000000002,6.04,2.56,-0.038000000000000006,100,2.0,3.2,1005.419,0.017812778543625507,291.54802041217755,6.560121950085989,202.9692251275432,True,33.158719361794866,-19.024125462048808,4,4,20160910_flight07
2016-09-10 09:00:24,54.81353934,8.0881811,95.18,-2.344,3.0260000000000002,1005.4169999999999,18.72,1.178312,5.86,2.426,-0.04,100,2.4,3.1,1005.4169999999999,0.01844812809127605,291.4193854405643,6.342324179667892,202.48922106834732,True,33.16343643296486,-18.95890650179609,4,4,20160910_flight07
2016-09-10 09:00:25,54.81366298,8.08719386,95.262,-2.3489999999999998,2.945,1005.4209999999999,18.711,1.178069,6.261,2.531,-0.272,100,2.5,3.0,1005.4209999999999,0.018693667890457233,291.41006775906123,6.7532275246729245,202.01094848329768,True,33.16779456940519,-18.893694987884746,4,4,20160910_flight07
2016-09-10 09:00:26,54.81378412,8.08620572,95.262,-2.2,2.9,1005.405,18.707,1.178232,7.001,2.151,0.01,100,2.2,2.9,1005.405,0.018550489298195805,291.40740023713505,7.323988121235589,197.07914738330504,True,33.17186890255736,-18.8284661792479,4,4,20160910_flight07
2016-09-10 09:00:27,54.81390231,8.085216809999999,95.089,-2.103,2.9,1005.427,18.674,1.17848,6.794,2.339,-0.05600000000000001,100,2.2,2.9,1005.427,0.018473585773690626,291.3726276264395,7.18535712404053,198.99727216227,True,33.17561108673747,-18.763235660688284,4,4,20160910_flight07
2016-09-10 09:00:28,54.81401621,8.08422688,94.94800000000001,-1.916,2.971,1005.452,18.752,1.1786130000000001,6.772,2.125,-0.16699999999999998,100,2.1,3.0,1005.452,0.018111852766804715,291.44843439178675,7.097577685379711,197.42144443529506,True,33.178871183253825,-18.69800904367576,4,4,20160910_flight07
2016-09-10 09:00:29,54.81412642,8.08323596,94.844,-1.94,2.97,1005.46,18.711,1.178769,6.5489999999999995,2.379,0.11800000000000001,100,2.0,3.0,1005.46,0.018128218378426597,291.4068349771443,6.967714259353636,199.96413789961645,True,33.18171556024965,-18.63277856866751,4,4,20160910_flight07
2016-09-10 09:00:30,54.814233560000005,8.0822443,94.67,-1.886,2.96,1005.4960000000001,18.705,1.1787530000000002,6.715,2.326,-0.037000000000000005,100,2.0,3.0,1005.4960000000001,0.018199424055468594,291.39786041182924,7.106440810982669,199.10550652006174,True,33.18421485231931,-18.567550240859866,4,4,20160910_flight07
2016-09-10 09:00:31,54.814338150000005,8.08125201,94.49799999999999,-1.4969999999999999,2.929,1005.5189999999999,18.697,1.1787660000000002,6.899,2.271,0.19,100,1.7,3.0,1005.5189999999999,0.018239396015553577,291.3879666848231,7.263170244459371,198.22041494924434,True,33.18642736642361,-18.502322714150875,4,4,20160910_flight07
2016-09-10 09:00:32,54.81444031,8.08025924,94.236,-1.36,3.0,1005.54,18.709,1.178855,6.751,2.123,-0.045,100,1.4,3.0,1005.54,0.018141922682126888,291.39820729188875,7.076943549301492,197.45689815095858,True,33.18836772688613,-18.437103657491146,4,4,20160910_flight07
2016-09-10 09:00:33,54.81453912,8.07926594,94.10600000000001,-1.107,3.103,1005.555,18.724,1.178968,6.928999999999999,2.169,0.068,100,1.4,3.2,1005.555,0.01800720368158193,291.4119403467048,7.260551081013065,197.38179949865008,True,33.18993413170378,-18.371904712710784,4,4,20160910_flight07
2016-09-10 09:00:34,54.814635859999996,8.07827251,94.1,-0.6409999999999999,3.1,1005.557,18.723,1.1790060000000002,7.01,2.427,0.006000000000000001,100,0.8,3.1,1005.557,0.017979905198823642,291.4107761637686,7.4182497261820455,199.0968606396206,True,33.19127131786698,-18.306730841457412,4,4,20160910_flight07
2016-09-10 09:00:35,54.81473159,8.07727923,94.148,-0.602,3.161,1005.552,18.772000000000002,1.178917,6.756,2.387,-0.373,100,0.8,3.2,1005.552,0.017880810330195507,291.46011305046574,7.1652847117194165,199.45910769445004,True,33.19249866498099,-18.241582870866264,4,4,20160910_flight07
2016-09-10 09:00:36,54.81482583,8.076286,94.445,-0.589,3.0940000000000003,1005.5110000000001,18.602999999999998,1.178973,7.297999999999999,2.4130000000000003,-0.014000000000000002,100,0.8,3.1,1005.5110000000001,0.01838052397608414,291.2947773594961,7.686570951991531,198.29587594875335,True,33.1935623656636,-18.176462142006763,4,4,20160910_flight07
2016-09-10 09:00:37,54.814919,8.07529297,94.6,-0.23199999999999998,3.0,1005.512,18.694,1.1789880000000001,6.846,2.4130000000000003,-0.02,100,0.4,3.0,1005.512,0.018051042201158607,291.38555155684827,7.258807408934335,199.41595361399567,True,33.19451008761385,-18.111371483552087,4,4,20160910_flight07
2016-09-10 09:00:38,54.81501062,8.07429994,94.6,0.03900000000000001,3.0,1005.5010000000001,18.896,1.179187,6.481,2.314,0.084,100,0.2,3.0,1005.5010000000001,0.017164069544405747,291.588146552715,6.881711778329575,199.64878357073817,True,33.195287085466965,-18.046305833197334,4,4,20160910_flight07
2016-09-10 09:00:39,54.81510136,8.07330673,94.47399999999999,0.297,2.971,1005.505,18.815,1.1788560000000001,6.295,2.133,0.09300000000000001,100,0.4,3.0,1005.505,0.017735989813590702,291.5069418809903,6.646556552080182,198.71845402981458,True,33.19596546772238,-17.9812428549156,4,4,20160910_flight07
2016-09-10 09:00:40,54.815192440000004,8.07231325,94.25399999999999,0.332,2.92,1005.53,18.798000000000002,1.178382,6.2379999999999995,2.009,0.02,100,0.4,3.0,1005.53,0.0182299724206898,291.4878958422648,6.553527675992526,197.85158773971767,True,33.19667876658218,-17.916157101874877,4,4,20160910_flight07
2016-09-10 09:00:41,54.81528395,8.07131927,94.04,0.084,2.96,1005.559,18.809,1.177987,6.218,1.9769999999999999,-0.177,100,0.2,3.0,1005.559,0.018562401831906383,291.49647415568217,6.524726277783613,197.63795264681073,True,33.197434737696966,-17.851032394230906,4,4,20160910_flight07
2016-09-10 09:00:42,54.81537528,8.07032465,94.0,-0.07200000000000001,3.0,1005.568,18.801,1.177705,6.392,1.986,-0.2,100,0.2,3.0,1005.568,0.01884333133675553,291.48774069014354,6.693419156156292,197.2600654022018,True,33.198164879699085,-17.785869609156695,4,4,20160910_flight07
2016-09-10 09:00:43,54.81546622,8.069329549999999,93.944,0.033,3.0589999999999997,1005.571,18.712,1.177696,6.7139999999999995,1.722,0.11900000000000001,100,0.3,3.1,1005.571,0.01916484500329041,291.3986332773817,6.931311564199087,194.38509021875507,True,33.198847562999646,-17.720682380245456,4,4,20160910_flight07
2016-09-10 09:00:44,54.815556900000004,8.06833422,93.816,0.561,3.1,1005.586,18.573,1.178051,6.747999999999999,2.315,0.065,100,0.7,3.1,1005.586,0.01935839473714407,291.25861138650134,7.134054176973987,198.93528047137738,True,33.19949945135071,-17.65548461848001,4,4,20160910_flight07
2016-09-10 09:00:45,54.815647799999994,8.067338959999999,93.822,0.938,3.1,1005.597,18.698,1.178457,6.93,2.227,-0.11900000000000001,100,1.1,3.1,1005.597,0.01858190312705088,291.3825008076366,7.279040390051424,197.81514204572872,True,33.20017622809486,-17.59028778954003,4,4,20160910_flight07
2016-09-10 09:00:46,54.81573976,8.066343869999999,93.9,1.28,3.1060000000000003,1005.582,18.77,1.178646,6.462000000000001,2.181,0.251,100,1.6,3.2,1005.582,0.01815219673170576,291.45562935927694,6.820132330094483,198.65013574366333,True,33.2009713526642,-17.525084744023104,4,4,20160910_flight07
2016-09-10 09:00:47,54.81583294,8.06534911,93.844,1.23,3.148,1005.582,18.85,1.178482,6.471,1.9,0.155,100,1.6,3.2,1005.582,0.018014900277661505,291.53550209957825,6.744170890480163,196.3631714380644,True,33.201903948960926,-17.459883145847414,4,4,20160910_flight07
2016-09-10 09:00:48,54.8159278,8.064354479999999,93.71600000000001,0.883,2.975,1005.589,18.801000000000002,1.178011,6.287000000000001,1.766,0.002,100,1.2,3.0,1005.589,0.018599948423130508,291.4859997319363,6.530323498878138,195.6898980202817,True,33.203022807526125,-17.394662766505164,4,4,20160910_flight07
2016-09-10 09:00:49,54.81602384,8.063359460000001,93.561,0.479,2.9410000000000003,1005.604,18.742,1.177718,6.551,1.715,-0.003999999999999999,100,0.6,3.0,1005.604,0.019074503353794015,291.4258504415877,6.771766830008252,194.67035188959426,True,33.20426797856223,-17.329398375578176,4,4,20160910_flight07
2016-09-10 09:00:50,54.81612057,8.06236389,93.337,0.726,2.983,1005.6390000000001,18.565,1.1780659999999998,7.0120000000000005,1.806,0.10400000000000001,100,0.9,3.0,1005.6390000000001,0.019427096746227335,291.24623401732913,7.240841111362685,194.44310690623695,True,33.20558399045314,-17.264087633453354,4,4,20160910_flight07
2016-09-10 09:00:51,54.816218559999996,8.06136793,93.081,0.85,3.025,1005.671,18.674,1.178392,6.955,1.959,0.099,100,0.9,3.1,1005.671,0.01879682802255589,291.35240738653744,7.225628415577431,195.73082228733614,True,33.207035126379566,-17.198731589003177,4,4,20160910_flight07
2016-09-10 09:00:52,54.816316969999995,8.06037166,92.87899999999999,0.931,3.1510000000000002,1005.696,18.709,1.178792,6.854,2.093,0.098,100,1.1,3.2,1005.696,0.018354300322818595,291.3852791879364,7.166447167181238,196.98105335781312,True,33.20852961528357,-17.133348917703724,4,4,20160910_flight07
2016-09-10 09:00:53,54.816416499999995,8.05937421,92.86300000000001,1.695,3.2,1005.691,18.791,1.17854,6.672000000000001,2.039,0.0010000000000000026,100,2.2,3.2,1005.691,0.018280891038081615,291.4675605311892,6.9766112834240674,196.99344132083257,True,33.210136397920834,-17.067872616216466,4,4,20160910_flight07
2016-09-10 09:00:54,54.81651823,8.058376449999999,92.99600000000001,2.0629999999999997,3.23,1005.6890000000001,18.69,1.178163,6.789,1.4680000000000002,0.051000000000000004,100,2.3,3.3,1005.6890000000001,0.018957223488983432,291.3668900413298,6.945901309405425,192.20134035487342,True,33.21198259088475,-17.002340968900715,4,4,20160910_flight07
2016-09-10 09:00:55,54.81662311,8.05738112,93.071,1.702,3.217,1005.6690000000001,18.692,1.178113,6.586,1.714,0.04,100,1.9,3.3,1005.6690000000001,0.018973220980012417,291.3705440224745,6.805379636728579,194.58757937884687,True,33.21419853224664,-16.936914100672595,4,4,20160910_flight07
2016-09-10 09:00:56,54.81673018000001,8.056386159999999,93.1,1.416,3.173,1005.655,18.705,1.178238,6.812,1.5859999999999999,-0.065,100,1.5,3.2,1005.655,0.018805551437351298,291.3846831549068,6.994193305878814,193.10636656846296,True,33.21665916077084,-16.87147559090493,4,4,20160910_flight07
2016-09-10 09:00:57,54.816839419999994,8.05539127,93.18700000000001,0.9279999999999999,3.1,1005.6560000000001,18.698999999999998,1.178318,6.7860000000000005,1.534,0.0049999999999999975,100,1.2,3.1,1005.6560000000001,0.01875833807625571,291.37860995810524,6.957223009218549,192.73783070387407,True,33.21935945961556,-16.806006552160117,4,4,20160910_flight07
2016-09-10 09:00:58,54.816950139999996,8.05439632,93.12199999999999,0.747,3.1,1005.648,18.66,1.178446,7.218999999999999,1.514,0.007999999999999998,100,0.8,3.1,1005.648,0.018775719381960432,291.3403356562386,7.376052941783972,191.84465115142964,True,33.22222220964831,-16.740509792688638,4,4,20160910_flight07
2016-09-10 09:00:59,54.81706224,8.053401189999999,93.005,0.546,3.055,1005.6640000000001,18.678,1.178701,6.983,1.643,-0.061000000000000006,100,0.7,3.1,1005.6640000000001,0.018508697288317943,291.3569809313633,7.173683712012957,193.24006258434812,True,33.225235270830446,-16.674979241866968,4,4,20160910_flight07
2016-09-10 09:01:00,54.81717457,8.0524058,92.971,0.265,3.1,1005.6619999999999,18.654,1.1788,7.272,1.6969999999999998,0.03,100,0.4,3.1,1005.6619999999999,0.018504895842831104,291.33318537222897,7.467381937466437,193.13551672550352,True,33.228271226510664,-16.609428331392557,4,4,20160910_flight07
2016-09-10 09:01:01,54.81728729,8.051410220000001,92.9,0.10400000000000001,3.1,1005.678,18.64,1.178939,7.452999999999999,1.8940000000000001,-0.055,100,0.2,3.1,1005.678,0.018449876450126856,291.31788240294475,7.689892391964921,194.25851513659535,True,33.23134835640991,-16.54385896214587,4,4,20160910_flight07
2016-09-10 09:01:02,54.81740035,8.05041468,92.9,-0.061000000000000006,3.1390000000000002,1005.675,18.609,1.179011,7.565,1.9480000000000002,0.188,100,0.2,3.2,1005.675,0.01849284918883698,291.28718107469837,7.811781422953411,194.4400539064087,True,33.23446331065797,-16.478286668601267,4,4,20160910_flight07
2016-09-10 09:01:03,54.8175131,8.049419219999999,92.82,-0.09200000000000001,3.2,1005.681,18.684,1.17904,7.5729999999999995,1.849,0.21899999999999997,100,0.2,3.2,1005.681,0.018212131259222053,291.36156263420025,7.795455727537679,193.72071966788474,True,33.23754487047314,-16.41272449937626,4,4,20160910_flight07
2016-09-10 09:01:04,54.817625310000004,8.04842394,92.70100000000001,0.204,3.2,1005.686,18.768,1.179299,7.197,1.8219999999999998,0.17600000000000002,100,0.3,3.2,1005.686,0.01770064094213364,291.44501223889796,7.424048289174849,194.206576711164,True,33.24056864058526,-16.34718256872457,4,4,20160910_flight07
2016-09-10 09:01:05,54.81773707,8.047428680000001,92.605,-0.014000000000000002,3.165,1005.6940000000001,18.734,1.179183,7.315,1.764,0.07400000000000001,100,0.2,3.2,1005.6940000000001,0.017927410864916782,291.4104043528522,7.524687435368994,193.55792790069916,True,33.24354303323272,-16.2816491791641,4,4,20160910_flight07
2016-09-10 09:01:06,54.81784895,8.046433500000001,92.6,0.0,3.177,1005.6890000000001,18.678,1.179147,7.542999999999999,2.0580000000000003,-0.0020000000000000013,100,0.0,3.2,1005.6890000000001,0.01814876677557442,291.3549094948642,7.8187091645616285,195.26090310425877,True,33.246531393615925,-16.216118976192067,4,4,20160910_flight07
2016-09-10 09:01:07,54.81796101,8.04543859,92.63600000000001,-0.035,3.238,1005.6840000000001,18.758,1.178995,7.05,1.88,0.011,100,0.1,3.3,1005.6840000000001,0.017995899970844276,291.43519420020533,7.296362107242211,194.93141717813756,True,33.24954211257625,-16.150603158164657,4,4,20160910_flight07
2016-09-10 09:01:08,54.81807218,8.044443730000001,92.756,0.035,3.2680000000000002,1005.67,18.685,1.1790770000000002,7.257999999999999,2.165,0.075,100,0.1,3.3,1005.67,0.01816555370969475,291.3634724704311,7.574020662765582,196.60939698978143,True,33.25245527185373,-16.085104901314136,4,4,20160910_flight07
2016-09-10 09:01:09,54.818183049999995,8.04344937,92.90800000000002,-0.036000000000000004,3.1940000000000004,1005.6340000000001,18.592,1.179059,7.662000000000001,2.296,0.027999999999999997,100,0.2,3.2,1005.6340000000001,0.018469208449041652,291.2736048165794,7.998616130306543,196.68140534168145,True,33.25534007766943,-16.01964350161339,4,4,20160910_flight07
2016-09-10 09:01:10,54.8182942,8.04245558,93.04699999999998,0.12,3.165,1005.615,18.657,1.179066,7.609,2.475,0.036000000000000004,100,0.2,3.2,1005.615,0.01821706115730448,291.34007474145477,8.001406501359622,198.01829252722368,True,33.25826107046876,-15.95421408355502,4,4,20160910_flight07
2016-09-10 09:01:11,54.81840513,8.0414623,93.1,0.138,3.176,1005.6,18.727,1.179221,7.584,2.238,0.354,100,0.2,3.2,1005.6,0.017823877717034087,291.41120591355804,7.907319394080399,196.4410630953697,True,33.26116261517235,-15.888820872243073,4,4,20160910_flight07
2016-09-10 09:01:12,54.818515209999994,8.04046934,93.021,-0.113,3.217,1005.6190000000001,18.971,1.179213,6.722,2.102,0.35,100,0.5,3.3,1005.6190000000001,0.01699983401118854,291.6532405169613,7.042988570202284,197.36470129034728,True,33.2639735385272,-15.82346186584904,4,4,20160910_flight07
2016-09-10 09:01:13,54.818623790000004,8.0394764,92.9,-0.596,3.193,1005.6260000000001,18.917,1.178818,6.45,1.633,0.015,100,0.7,3.3,1005.6260000000001,0.01753578982723991,291.5987464672837,6.6535095250551795,194.20750581355455,True,33.26661943261315,-15.758128341516525,4,4,20160910_flight07
2016-09-10 09:01:14,54.81873144,8.03848322,92.79299999999999,-0.42699999999999994,3.033,1005.64,18.635,1.1782149999999998,7.449,1.581,-0.027000000000000003,100,0.7,3.1,1005.64,0.01905465844659937,291.3160386829627,7.614930203225765,191.98282368763455,True,33.26916064108169,-15.692794453945314,4,4,20160910_flight07
2016-09-10 09:01:15,54.818839909999994,8.037489729999999,92.689,0.39899999999999997,2.944,1005.6519999999999,18.7,1.1784489999999999,7.563,1.743,-0.136,100,0.5,3.0,1005.6519999999999,0.018637547825499867,291.379939810709,7.761251058946618,192.97801701850418,True,33.27178926035805,-15.627427485821698,4,4,20160910_flight07
2016-09-10 09:01:16,54.818948520000006,8.036495539999999,92.55199999999999,0.359,3.105,1005.672,18.63,1.1789230000000002,7.402,2.0220000000000002,0.18899999999999997,100,0.4,3.2,1005.672,0.01849252725847883,291.30839564693457,7.67320584892651,195.27869505576962,True,33.27442673399938,-15.562013435280313,4,4,20160910_flight07
2016-09-10 09:01:17,54.819056259999996,8.0355011,92.5,0.268,3.175,1005.6690000000001,18.718,1.178851,7.2379999999999995,1.7280000000000002,-0.061000000000000006,100,0.3,3.2,1005.6690000000001,0.018244595096102323,291.3965020207907,7.441413037857796,193.42745203415598,True,33.27696603689872,-15.496597413107535,4,4,20160910_flight07
2016-09-10 09:01:18,54.819163669999995,8.03450655,92.5,0.23800000000000002,3.1,1005.6669999999999,18.73,1.17904,6.975,1.8880000000000001,0.05600000000000001,100,0.3,3.1,1005.6669999999999,0.018037489821074226,291.4086483816479,7.226006435092623,195.1459363304688,True,33.27946796030731,-15.431179671527797,4,4,20160910_flight07
2016-09-10 09:01:19,54.819271230000005,8.03351196,92.55799999999999,-0.141,3.072,1005.658,18.849,1.178876,6.749,1.703,-0.159,100,0.3,3.1,1005.658,0.017755062140526245,291.52820237820623,6.960546673933018,194.16201887164056,True,33.281986030210966,-15.365756948459383,4,4,20160910_flight07
2016-09-10 09:01:20,54.81937875,8.03251711,92.6,0.057,3.0,1005.632,18.687,1.178615,7.369,1.8259999999999998,-0.075,100,0.1,3.0,1005.632,0.018519192514371507,291.3686180222208,7.591866503041265,193.91726639568304,True,33.284497255574856,-15.300318221987904,4,4,20160910_flight07
2016-09-10 09:01:21,54.819486829999995,8.03152208,92.6,0.319,3.0,1005.6569999999999,18.567999999999998,1.178803,7.632999999999999,2.303,-0.032,100,0.5,3.0,1005.6569999999999,0.018797498294868875,291.2477382700933,7.9728600890771935,196.7894151985596,True,33.28706847353434,-15.234858934257794,4,4,20160910_flight07
2016-09-10 09:01:22,54.81959525,8.030527059999999,92.6,0.569,3.158,1005.658,18.802,1.178924,7.372999999999999,2.156,0.213,100,0.7,3.2,1005.658,0.017877461150529017,291.48127815753503,7.681761842181778,196.29988487252922,True,33.289677234449435,-15.169394801217267,4,4,20160910_flight07
2016-09-10 09:01:23,54.81970334,8.02953201,92.583,0.424,3.1590000000000003,1005.658,18.829,1.1791930000000002,7.097,1.544,0.087,100,0.5,3.2,1005.658,0.017551156688756953,291.50823462472914,7.263012116195319,192.2738230229184,True,33.29224936625828,-15.103934071469794,4,4,20160910_flight07
2016-09-10 09:01:24,54.81981132,8.028536800000001,92.5,0.47600000000000003,3.148,1005.6590000000001,18.812,1.1790370000000001,6.407,1.692,0.17600000000000002,100,0.5,3.2,1005.6590000000001,0.017746058836462186,291.4911791368595,6.626651718628345,194.79329224941307,True,33.29480788139197,-15.038464871091389,4,4,20160910_flight07
2016-09-10 09:01:25,54.819919600000006,8.027541489999999,92.5,0.316,3.158,1005.638,18.83,1.178717,6.455,1.619,-0.034,100,0.4,3.2,1005.638,0.01793834222418944,291.510891085163,6.6549369643896705,194.0800938682637,True,33.29739850191689,-14.972984427060869,4,4,20160910_flight07
2016-09-10 09:01:26,54.82002843,8.02654612,92.477,0.055,3.1,1005.655,18.753,1.178474,6.794,1.8130000000000002,0.067,100,0.3,3.1,1005.655,0.018434029489895698,291.43260580413823,7.03174267162842,194.94138969421232,True,33.30004913916911,-14.907491267164225,4,4,20160910_flight07
2016-09-10 09:01:27,54.82013773,8.02555084,92.39,-0.10700000000000001,3.1,1005.67,18.706,1.1782139999999999,7.0920000000000005,1.73,0.126,100,0.3,3.1,1005.67,0.018838009870735917,291.3844385400316,7.29995643822619,193.70882082189814,True,33.30275238855777,-14.841996287203127,4,4,20160910_flight07
2016-09-10 09:01:28,54.820246690000005,8.02455536,92.3,-0.403,3.1660000000000004,1005.68,18.675,1.178395,6.933,1.9,-0.025,100,0.6,3.2,1005.68,0.018799860631490306,291.35266006009306,7.188636101514668,195.32572215585662,True,33.305416312825514,-14.776493986140828,4,4,20160910_flight07
2016-09-10 09:01:29,54.82035434,8.0235597,92.3,-0.7809999999999999,3.1,1005.6690000000001,18.683999999999997,1.178337,7.14,1.835,-0.045,100,1.1,3.1,1005.6690000000001,0.01880744342657903,291.3625569460695,7.372029910411379,194.41324595272195,True,33.307934259326075,-14.711001294882346,4,4,20160910_flight07
2016-09-10 09:01:30,54.820460620000006,8.02256364,92.38,-1.0510000000000002,3.1,1005.6790000000001,18.730999999999998,1.178448,6.921,1.119,-0.256,100,1.1,3.1,1005.6790000000001,0.018557570763304554,291.40865229221924,7.010877405860126,189.184209106561,True,33.310297555824924,-14.645505094059232,4,4,20160910_flight07
2016-09-10 09:01:31,54.82056467,8.021566759999999,92.484,-0.914,3.052,1005.6540000000001,18.676000000000002,1.17866,7.135,1.48,-0.22400000000000003,100,1.1,3.1,1005.6540000000001,0.018540978726858892,291.35581274688593,7.286880333860299,191.71857529791913,True,33.31240753845635,-14.579992364960637,4,4,20160910_flight07
2016-09-10 09:01:32,54.82066722,8.02056928,92.6,-0.375,3.0,1005.6260000000001,18.574,1.178712,7.529,1.795,-0.091,100,0.6,3.0,1005.6260000000001,0.018823789968195115,291.2562963786455,7.740017183443458,193.40964355400808,True,33.31434667632454,-14.514465417002215,4,4,20160910_flight07
2016-09-10 09:01:33,54.820769309999996,8.01957186,92.6,0.05,3.016,1005.627,18.602,1.178947,8.019,2.117,0.205,100,0.3,3.1,1005.627,0.01852396123318445,291.28416864674386,8.29373558777949,194.78857074258184,True,33.31623571047677,-14.448949732826925,4,4,20160910_flight07
2016-09-10 09:01:34,54.82087111,8.01857448,92.428,0.36800000000000005,3.1540000000000004,1005.6410000000001,18.89,1.179084,7.5329999999999995,1.952,0.474,100,0.4,3.3,1005.6410000000001,0.017415463648170038,291.57054592159113,7.781798828034556,194.52732791904248,True,33.31809317789483,-14.383441288936263,4,4,20160910_flight07
2016-09-10 09:01:35,54.8209715,8.01757731,92.15699999999998,0.42100000000000004,3.333,1005.675,19.067999999999998,1.179206,6.919,1.7369999999999999,0.21,100,0.5,3.4,1005.675,0.01672489746988437,291.7454388014978,7.13370380657902,194.09273471558788,True,33.31979731122063,-14.317969041435731,4,4,20160910_flight07
2016-09-10 09:01:36,54.821071499999995,8.016580229999999,92.134,0.469,3.225,1005.6840000000001,18.887999999999998,1.179088,7.028,1.527,0.027000000000000003,100,0.7,3.3,1005.6840000000001,0.017462483395493722,291.5649836381311,7.1919755978451425,192.25834280730464,True,33.3214593323448,-14.252508849332802,4,4,20160910_flight07
2016-09-10 09:01:37,54.82117208,8.0155833,92.131,0.7070000000000001,3.1010000000000004,1005.6690000000001,18.746,1.1786780000000001,7.221,1.808,0.187,100,0.8,3.2,1005.6690000000001,0.018296358529093615,291.4244567882081,7.443903881700784,194.0567782505297,True,33.32318664429883,-14.18704890442202,4,4,20160910_flight07
2016-09-10 09:01:38,54.82127421,8.01458656,92.009,0.922,3.1740000000000004,1005.69,18.816000000000003,1.1786640000000002,7.151,1.49,0.07100000000000001,100,1.0,3.2,1005.69,0.018085569071760732,291.492602883954,7.304580823017841,191.76988871142743,True,33.3250864625161,-14.121576117822936,4,4,20160910_flight07
2016-09-10 09:01:39,54.82137694,8.01358963,91.91,0.835,3.2489999999999997,1005.703,18.863,1.178701,6.907,1.147,0.057,100,1.0,3.3,1005.703,0.017902911069552552,291.53844887534365,7.001589676637728,189.42868924356756,True,33.32705058531342,-14.056081484257582,4,4,20160910_flight07
2016-09-10 09:01:40,54.821479849999996,8.012592230000001,91.9,0.779,3.1590000000000003,1005.7139999999999,18.809,1.178614,6.74,1.178,-0.201,100,0.9,3.2,1005.7139999999999,0.018177467068206,291.4836248270058,6.842169538969347,189.9138726572411,True,33.329030125616,-13.990553850665837,4,4,20160910_flight07
2016-09-10 09:01:41,54.82158345,8.01159443,92.005,0.5720000000000001,3.0069999999999997,1005.696,18.799,1.1781869999999999,6.795,1.2209999999999999,-0.37200000000000005,100,0.9,3.1,1005.696,0.018563133739406323,291.47513310755824,6.903829806708737,190.18682120470578,True,33.331081913748065,-13.924989470937987,4,4,20160910_flight07
2016-09-10 09:01:42,54.82168812,8.01059616,92.1,0.331,3.012,1005.677,18.6,1.178181,7.381,1.7009999999999998,-0.017,100,0.4,3.1,1005.677,0.01924382066818997,291.27802995834145,7.574467770081275,192.9776076748438,True,33.33324714806033,-13.859377731694138,4,4,20160910_flight07
2016-09-10 09:01:43,54.82179355,8.00959761,92.1,0.34,3.175,1005.6740000000001,18.665,1.17854,7.348000000000001,1.494,-0.048,100,0.4,3.2,1005.6740000000001,0.0187033445283451,291.34317336811444,7.498342483509273,191.49275565174412,True,33.335493465901514,-13.793735800965596,4,4,20160910_flight07
2016-09-10 09:01:44,54.82189883,8.00859908,92.13799999999999,0.354,3.207,1005.67,18.703,1.179033,7.284,1.739,0.022000000000000002,100,0.5,3.3,1005.67,0.018140752756702128,291.3814433872315,7.488709969013355,193.42758569480415,True,33.3377234496519,-13.728097571050725,4,4,20160910_flight07
2016-09-10 09:01:45,54.822003880000004,8.00760053,92.234,0.606,3.2510000000000003,1005.6619999999999,18.711,1.179058,7.271,1.6880000000000002,0.08199999999999999,100,0.7,3.3,1005.6619999999999,0.018083158974186997,291.3900934049023,7.464367689228606,193.06998549251995,True,33.33992791255301,-13.662461771340247,4,4,20160910_flight07
2016-09-10 09:01:46,54.822109440000006,8.00660248,92.3,0.49200000000000005,3.2,1005.6310000000001,18.794,1.1789580000000002,6.972,1.673,0.08800000000000001,100,0.6,3.2,1005.6310000000001,0.017848670124932076,291.4755291884017,7.169917224068909,193.49355754678328,True,33.34219323910189,-13.596849760030686,4,4,20160910_flight07
2016-09-10 09:01:47,54.822215299999996,8.005604720000001,92.3,0.43,3.187,1005.648,18.766,1.178808,6.845,1.581,0.049,100,0.5,3.2,1005.648,0.018093041316511904,291.4461650506376,7.025210744169886,193.0056201635723,True,33.344494329172555,-13.531251478229976,4,4,20160910_flight07
2016-09-10 09:01:48,54.82232148,8.00460695,92.28,0.718,3.1,1005.65,18.778,1.178585,7.279,1.575,0.128,100,0.9,3.1,1005.65,0.018245842014835922,291.4579799592613,7.447446945094675,192.2092077039806,True,33.34683057171134,-13.465647393128911,4,4,20160910_flight07
2016-09-10 09:01:49,54.822429119999995,8.00360926,92.141,0.73,3.1,1005.6790000000001,18.713,1.178454,7.233,1.645,0.12200000000000001,100,0.9,3.1,1005.6790000000001,0.018615201810718185,291.3906814214149,7.417702744111549,192.8128252879814,True,33.34932837571967,-13.400024874711043,4,4,20160910_flight07
2016-09-10 09:01:50,54.822537540000006,8.00261159,92.01700000000001,0.361,3.1920000000000006,1005.688,18.724,1.178462,7.122999999999999,1.37,0.069,100,0.6,3.2,1005.688,0.01857901350008251,291.400917792231,7.253552853602157,190.88701875932372,True,33.35191228009722,-13.334391052246744,4,4,20160910_flight07
2016-09-10 09:01:51,54.82264577,8.00161354,92.0,0.242,3.2,1005.705,18.701,1.178561,7.231,1.314,0.03,100,0.3,3.2,1005.705,0.018590934680421833,291.37654641983374,7.349418820559895,190.29926813344912,True,33.35447169266934,-13.268735962468474,4,4,20160910_flight07
2016-09-10 09:01:52,54.822754100000004,8.00061551,92.0,0.345,3.1910000000000003,1005.682,18.664,1.17873,7.47,1.59,0.081,100,0.4,3.2,1005.682,0.018550732033611572,291.34151215837477,7.637342469733827,192.01616209268323,True,33.35704230729672,-13.203080539939277,4,4,20160910_flight07
2016-09-10 09:01:53,54.822862889999996,7.99961749,91.916,0.381,3.157,1005.666,18.709,1.178741,7.435,1.44,0.126,100,0.4,3.2,1005.666,0.018367982038790975,291.3877651614811,7.573164794192715,190.96125082270362,True,33.35966368222708,-13.137418335989121,4,4,20160910_flight07
2016-09-10 09:01:54,54.82297169,7.99861935,91.9,0.157,3.2,1005.681,18.805999999999997,1.1786520000000003,6.61,1.4680000000000002,-0.061000000000000006,100,0.5,3.2,1005.681,0.018121694545287115,291.48336513370805,6.771050435493742,192.52146515583084,True,33.36228503302578,-13.071748286646692,4,4,20160910_flight07
2016-09-10 09:01:55,54.823079449999994,7.99762084,91.93700000000001,-0.21600000000000003,3.2,1005.6740000000001,18.699,1.178587,6.9879999999999995,1.695,0.209,100,0.3,3.2,1005.6740000000001,0.018544047629378557,291.3771183945679,7.190630639936945,193.6342693522629,True,33.364788362925886,-13.006071324447145,4,4,20160910_flight07
2016-09-10 09:01:56,54.82318727,7.99662288,91.954,-0.264,3.176,1005.6690000000001,18.672,1.178302,7.455,1.641,0.09300000000000001,100,0.5,3.2,1005.6690000000001,0.018879601420317416,291.35057633146215,7.633472735262765,192.41401602860134,True,33.36730346040622,-12.940428612751656,4,4,20160910_flight07
2016-09-10 09:01:57,54.823295040000005,7.99562498,91.97,-0.465,3.1430000000000002,1005.678,18.796000000000003,1.178584,7.281000000000001,1.412,-0.07400000000000001,100,0.6,3.2,1005.678,0.018212274707378295,291.4736299942086,7.416650524327003,190.9751036105762,True,33.36981361344749,-12.874790549793632,4,4,20160910_flight07
2016-09-10 09:01:58,54.82340115,7.99462657,92.029,-0.377,3.2260000000000004,1005.6560000000001,18.782,1.178619,7.171,1.4409999999999998,-0.008000000000000002,100,0.4,3.3,1005.6560000000001,0.018208591822920672,291.46147618216804,7.314350415450439,191.3621647767817,True,33.372136142776675,-12.809146612494153,4,4,20160910_flight07
2016-09-10 09:01:59,54.82350564,7.99362787,92.186,-0.44299999999999995,3.19,1005.6360000000001,18.808,1.178248,6.292000000000001,1.0979999999999999,-0.203,100,0.6,3.2,1005.6360000000001,0.018418241313555628,291.4890922285213,6.38708603355239,189.89885303378202,True,33.37427751773968,-12.74351024290646,4,4,20160910_flight07
2016-09-10 09:02:00,54.82360866,7.992628549999999,92.374,-0.016,3.0389999999999997,1005.596,18.681,1.177966,7.242000000000001,1.232,-0.059000000000000004,100,0.5,3.1,1005.596,0.01906481529998394,291.36561078952053,7.3460457390353895,189.65465804735044,True,33.37625116468055,-12.677857889756101,4,4,20160910_flight07
2016-09-10 09:02:01,54.823712910000005,7.9916290000000005,92.369,0.52,3.0189999999999997,1005.617,18.646,1.178073,7.394,1.635,0.008,100,0.6,3.1,1005.617,0.019115761788059737,291.32892663317017,7.572612561065038,192.4688989435363,True,33.37835813209381,-12.612170963707165,4,4,20160910_flight07
2016-09-10 09:02:02,54.8238182,7.990629,92.294,0.489,3.1,1005.6260000000001,18.7,1.178281,7.535,1.3840000000000001,0.051000000000000004,100,0.6,3.1,1005.6260000000001,0.01875644628624218,291.3820943703901,7.661049601719076,190.407861430732,True,33.38057542894536,-12.546438442844895,4,4,20160910_flight07
2016-09-10 09:02:03,54.823923320000006,7.989629,92.2,0.5539999999999999,3.093,1005.618,18.692,1.178512,7.4479999999999995,1.331,-0.007999999999999998,100,0.7,3.1,1005.618,0.018576577636744807,291.3747701339912,7.565993986251905,190.13212653119797,True,33.38277400122019,-12.48070866480624,4,4,20160910_flight07
2016-09-10 09:02:04,54.824028719999994,7.988628599999999,92.2,0.866,2.98,1005.6290000000001,18.711,1.178503,6.955,1.155,-0.24400000000000002,100,1.0,3.0,1005.6290000000001,0.01852918810302895,291.39282811868253,7.050251768554085,189.4289213842978,True,33.384999662044464,-12.414948755677727,4,4,20160910_flight07
2016-09-10 09:02:05,54.82413513,7.98762747,92.2,0.575,2.949,1005.637,18.718,1.178433,7.2829999999999995,1.495,-0.068,100,0.7,3.0,1005.637,0.018573363291517486,291.3991539026244,7.434858034959376,191.60011173040584,True,33.38732972162213,-12.3491258063147,4,4,20160910_flight07
2016-09-10 09:02:06,54.82424293,7.98662601,92.2,0.45399999999999996,3.0,1005.638,18.663999999999998,1.178239,7.3,1.412,-0.17,100,0.5,3.0,1005.638,0.018930604567835463,291.34515778863533,7.43530389426014,190.94722928244065,True,33.38980978681966,-12.283259299197558,4,4,20160910_flight07
2016-09-10 09:02:07,54.82435157,7.98562433,92.166,0.33299999999999996,3.03,1005.6440000000001,18.535,1.178354,7.763999999999999,1.485,0.11800000000000001,100,0.4,3.1,1005.6440000000001,0.019287830846550946,291.2158681224437,7.90474041319511,190.82803664828407,True,33.392380309901846,-12.217365151879765,4,4,20160910_flight07
2016-09-10 09:02:08,54.82446097,7.98462251,92.04,0.271,3.1,1005.6740000000001,18.686,1.178884,7.726,1.5090000000000001,0.077,100,0.4,3.1,1005.6740000000001,0.018332802775325785,291.3641394138651,7.871985581795739,191.05156864330613,True,33.395033229687805,-12.15144977780167,4,4,20160910_flight07
2016-09-10 09:02:09,54.824570439999995,7.9836205,91.94200000000001,0.252,3.1,1005.682,18.687,1.179248,7.659,1.3359999999999999,0.07,100,0.3,3.1,1005.682,0.01802308253562246,291.3644749181452,7.774649638408151,189.89484926937325,True,33.39769207742717,-12.085521107913989,4,4,20160910_flight07
2016-09-10 09:02:10,54.82468006,7.982618179999999,91.9,0.617,3.096,1005.683,18.775,1.1790610000000001,7.513,1.168,-0.32899999999999996,100,0.8,3.1,1005.683,0.017878624951849442,291.4522495494237,7.603248845066167,188.8366849927262,True,33.40036453910787,-12.019570167426627,4,4,20160910_flight07
2016-09-10 09:02:11,54.82479051999999,7.98161552,91.98899999999999,0.48700000000000004,3.008,1005.668,18.698,1.178812,7.501,0.935,-0.065,100,0.7,3.1,1005.668,0.018347051663890168,291.3766171937644,7.55904927884453,187.10527312454212,True,33.4031263330926,-11.953583902689566,4,4,20160910_flight07
2016-09-10 09:02:12,54.82490178,7.98061236,91.95100000000001,0.46799999999999997,3.1,1005.6560000000001,18.685,1.178616,7.4910000000000005,0.85,0.081,100,0.6,3.1,1005.6560000000001,0.018549616152517157,291.36463252272114,7.539070300773167,186.47363463317438,True,33.40597155282807,-11.887552713673553,4,4,20160910_flight07
2016-09-10 09:02:13,54.825013989999995,7.9796087799999995,91.79899999999999,0.567,3.0039999999999996,1005.687,18.65,1.178874,7.461,1.074,0.029000000000000005,100,0.6,3.1,1005.687,0.01848024132501891,291.32712058302815,7.537904019022795,188.19137434130982,True,33.408917470385326,-11.821479302939707,4,4,20160910_flight07
2016-09-10 09:02:14,54.825127169999995,7.97860493,91.646,0.522,3.088,1005.707,18.637,1.1788820000000002,7.784,1.365,0.07600000000000001,100,0.7,3.1,1005.707,0.018538961099164197,291.3124847773621,7.902776790470549,189.9462418516182,True,33.411967695630764,-11.755372952864619,4,4,20160910_flight07
2016-09-10 09:02:15,54.82524147,7.97760097,91.6,0.556,3.1,1005.6990000000001,18.626,1.1790260000000001,7.606999999999999,1.281,-0.086,100,0.7,3.1,1005.6990000000001,0.018444855133648463,291.3021653850936,7.71410461427637,189.5587858251178,True,33.41514025102382,-11.689241488708518,4,4,20160910_flight07
2016-09-10 09:02:16,54.825356469999996,7.97659688,91.626,0.577,3.184,1005.722,18.759,1.1790180000000001,7.76,1.536,-0.049,100,0.7,3.2,1005.722,0.018011018171003368,291.4330432298163,7.910555985517074,191.19629561486448,True,33.41838868824288,-11.623090406185229,4,4,20160910_flight07
2016-09-10 09:02:17,54.82547227,7.97559303,91.758,0.708,3.2,1005.692,18.742,1.178664,7.308,1.318,-0.014000000000000002,100,0.8,3.2,1005.692,0.01834569768552452,291.4185571202377,7.425899810797342,190.22341342012766,True,33.42172749228375,-11.55694178435423,4,4,20160910_flight07
2016-09-10 09:02:18,54.825588870000004,7.97458938,91.926,0.52,3.2,1005.676,18.715999999999998,1.178135,7.255,1.175,-0.207,100,0.7,3.2,1005.676,0.018877496878974442,291.39392517097843,7.349533998832851,189.19958755927013,True,33.42515628795265,-11.490793061865839,4,4,20160910_flight07
2016-09-10 09:02:19,54.825706309999994,7.97358575,92.19,0.256,3.0589999999999997,1005.6240000000001,18.69,1.1779979999999999,7.614,1.21,-0.305,100,0.4,3.2,1005.6240000000001,0.019034080161282052,291.37227613543973,7.709545771314935,189.02980801259167,True,33.42867779266207,-11.42463206727587,4,4,20160910_flight07
2016-09-10 09:02:20,54.82582489000001,7.97258225,92.38300000000001,0.279,3.035,1005.602,18.585,1.178148,7.502999999999999,1.379,0.07,100,0.4,3.1,1005.602,0.019248759390424253,291.2692668472117,7.628672885895684,190.41434454817332,True,33.43232608157062,-11.358461004018363,4,4,20160910_flight07
2016-09-10 09:02:21,54.82594391,7.9715786500000005,92.375,-0.034,3.073,1005.602,18.695999999999998,1.178229,7.307,1.472,-0.10099999999999999,100,0.2,3.1,1005.602,0.018791056892973,291.38008964399666,7.453793195413997,191.38983023879638,True,33.43602189610879,-11.292276438313191,4,4,20160910_flight07
2016-09-10 09:02:22,54.82606259999999,7.97057498,92.4,-0.2,2.949,1005.61,18.685,1.178224,7.361000000000001,1.4,-0.17400000000000002,100,0.2,3.0,1005.61,0.018841886553108145,291.36844426933226,7.492951421169098,190.76855933281024,True,33.439680706348426,-11.226092714550955,4,4,20160910_flight07
2016-09-10 09:02:23,54.82618111,7.969570979999999,92.4,-0.245,2.9,1005.615,18.671,1.178097,7.1,1.399,-0.061000000000000006,100,0.3,2.9,1005.615,0.019005669092790667,291.3540523398207,7.236518569035804,191.14689172465924,True,33.44331659522297,-11.159890763819085,4,4,20160910_flight07
2016-09-10 09:02:24,54.826299289999994,7.96856661,92.36200000000001,-0.444,2.9,1005.591,18.694,1.1779979999999999,6.8660000000000005,1.31,-0.07800000000000001,100,0.6,2.9,1005.591,0.018986673729155523,291.37900441213026,6.989853789601039,190.80193606823948,True,33.44691266584969,-11.09367044490705,4,4,20160910_flight07
2016-09-10 09:02:25,54.82641675,7.96756176,92.281,-0.561,2.9539999999999997,1005.607,18.656,1.178085,6.635,1.474,0.004000000000000001,100,0.6,3.0,1005.607,0.019060323196950613,291.3397392067997,6.796756652992661,192.52515031774445,True,33.45042493006496,-11.027431006462972,4,4,20160910_flight07
2016-09-10 09:02:26,54.82653346,7.96655651,92.2,-0.574,2.9360000000000004,1005.637,18.624000000000002,1.178115,6.858,1.364,-0.156,100,0.6,3.0,1005.637,0.01917653883949133,291.3053049007919,6.992328653603175,191.2488667086895,True,33.45385083391564,-10.961178055214539,4,4,20160910_flight07
2016-09-10 09:02:27,54.82665017,7.965550909999999,92.16,-0.386,2.8609999999999998,1005.6310000000001,18.588,1.178165,7.4879999999999995,1.338,0.07,100,0.5,2.9,1005.6310000000001,0.019252964265616956,291.2698597483283,7.606601606499448,190.13102743667605,True,33.45727345482727,-10.894902692155325,4,4,20160910_flight07
2016-09-10 09:02:28,54.82676738,7.9645450900000005,91.91799999999999,-0.43300000000000005,2.943,1005.6590000000001,18.603,1.1782849999999998,7.194,1.334,0.065,100,0.6,3.0,1005.6590000000001,0.019125137609030007,291.2825161723655,7.316638025760192,190.5051658518218,True,33.460749084466244,-10.828605174543432,4,4,20160910_flight07
2016-09-10 09:02:29,54.82688326,7.9635387,91.744,-0.63,3.08,1005.69,18.655,1.178438,6.975,1.55,-0.055,100,0.7,3.1,1005.69,0.018842641342325273,291.3318639312529,7.145146954401988,192.52880770915152,True,33.464072875315814,-10.762292616259858,4,4,20160910_flight07
2016-09-10 09:02:30,54.82699721,7.96253203,91.8,-0.8140000000000001,3.1,1005.688,18.663,1.1783009999999998,7.0520000000000005,1.4609999999999999,-0.033,100,0.9,3.1,1005.688,0.018931140293420023,291.3400166637121,7.201751523067149,191.7046821500844,True,33.46718146077775,-10.695993267645665,4,4,20160910_flight07
2016-09-10 09:02:31,54.82711047,7.96152545,91.881,-0.773,3.042,1005.66,18.602,1.178213,7.445,1.327,-0.177,100,0.9,3.1,1005.66,0.019191922620859447,291.2814349472932,7.5623378660305836,190.10629182950322,True,33.47021489066498,-10.629710814706451,4,4,20160910_flight07
2016-09-10 09:02:32,54.82722345,7.96051887,91.99,-0.5660000000000001,3.016,1005.6560000000001,18.514,1.1783839999999999,7.507999999999999,1.619,0.002,100,0.7,3.1,1005.6560000000001,0.019347432110916607,291.1939081333868,7.680574522781482,192.16874152871134,True,33.47321748007008,-10.563432879359485,4,4,20160910_flight07
2016-09-10 09:02:33,54.82733536,7.95951213,92.01899999999999,-0.5,3.1010000000000004,1005.643,18.6,1.178445,7.267,1.5959999999999999,-0.14200000000000002,100,0.5,3.2,1005.643,0.018981034609755865,291.28084641843446,7.440195225933255,192.3868110246184,True,33.47610071400475,-10.49716196226935,4,4,20160910_flight07
2016-09-10 09:02:34,54.82744587,7.95850539,92.23200000000001,-0.474,3.049,1005.6260000000001,18.528,1.178695,7.359,1.726,-0.179,100,0.5,3.1,1005.6260000000001,0.018999163329122215,291.21037012769114,7.558700748144485,193.19972054573014,True,33.4788297455296,-10.430913633140303,4,4,20160910_flight07
2016-09-10 09:02:35,54.8275558,7.95749888,92.45200000000001,-0.359,2.972,1005.59,18.63,1.1787230000000002,7.221,1.695,-0.099,100,0.4,3.0,1005.59,0.018582280684511066,291.31518923639214,7.417268095464799,193.21000038476348,True,33.48149705055919,-10.364689389642173,4,4,20160910_flight07
2016-09-10 09:02:36,54.82766547,7.95649248,92.5,-0.282,2.912,1005.587,18.71,1.1788480000000001,6.972,1.548,0.044000000000000004,100,0.4,3.0,1005.587,0.01819206907537496,291.3953104225742,7.141784650911844,192.5183656134929,True,33.484136749779246,-10.298476384762992,4,4,20160910_flight07
2016-09-10 09:02:37,54.82777477,7.95548599,92.361,-0.36200000000000004,2.792,1005.617,18.722,1.178773,7.252000000000001,1.557,0.2,100,0.5,2.9,1005.617,0.018245364247519325,291.4048049811397,7.4172604781010625,192.11741663702762,True,33.48673485132078,-10.232263586522297,4,4,20160910_flight07
2016-09-10 09:02:38,54.82788394999999,7.95447916,91.98700000000001,-0.161,2.5860000000000003,1005.653,18.596,1.17859,7.403,1.74,-0.091,100,0.5,2.7,1005.653,0.01887977164210697,291.27602447873323,7.604735958598431,193.22671484701561,True,33.48931654637185,-10.16603095291936,4,4,20160910_flight07
2016-09-10 09:02:39,54.827992949999995,7.953471530000001,91.51899999999999,-0.198,2.5,1005.697,18.603,1.178476,7.365,1.758,0.01,100,0.3,2.5,1005.697,0.018998466790004942,291.2793684041125,7.5719078837503035,193.42509698240568,True,33.49187091153891,-10.09974999648691,4,4,20160910_flight07
2016-09-10 09:02:40,54.82810163,7.952462850000001,90.973,-0.025,2.5380000000000003,1005.79,18.657,1.179028,7.346,1.78,0.106,100,0.2,2.6,1005.79,0.018427076988291935,291.3255762113737,7.558578966975207,193.62074420018092,True,33.494380181624045,-10.033406967584831,4,4,20160910_flight07
2016-09-10 09:02:41,54.828210289999994,7.9514533400000005,90.44200000000001,-0.1,2.6,1005.8530000000001,18.701,1.179073,6.93,1.598,-5.551115123125783e-19,100,0.1,2.6,1005.8530000000001,0.018298453531756076,291.3642841564948,7.111856578981328,192.98495517917337,True,33.49687946356124,-9.967011113359813,4,4,20160910_flight07
2016-09-10 09:02:42,54.82831874000001,7.950443,89.956,0.091,2.627,1005.883,18.632,1.179049,7.1339999999999995,1.646,0.17,100,0.2,2.7,1005.883,0.01859037038382705,291.29291450332425,7.3214255442502445,192.99227052740048,True,33.4993478298836,-9.900565499320432,4,4,20160910_flight07
2016-09-10 09:02:43,54.82842778,7.94943218,89.50299999999999,0.021,2.864,1005.945,18.615,1.17909,7.21,1.829,0.017,100,0.1,2.9,1005.945,0.01867708328823081,291.27080850465165,7.4383695121982205,194.2342717194191,True,33.50187667918829,-9.83407962987172,4,4,20160910_flight07
2016-09-10 09:02:44,54.82853699,7.9484213,89.315,-0.10800000000000001,2.901,1005.9580000000001,18.618000000000002,1.179403,7.141,1.8869999999999998,-0.084,100,0.2,3.0,1005.9580000000001,0.018409427606310702,291.27272687632154,7.386111967740538,194.80199808343377,True,33.5044236902833,-9.767587175574263,4,4,20160910_flight07
2016-09-10 09:02:45,54.82864585,7.94741059,89.369,-0.014000000000000002,3.0,1005.962,18.721,1.179486,7.246,1.817,-0.053000000000000005,100,0.2,3.0,1005.962,0.01798244335804644,291.3752206763554,7.4703416923190336,194.0771676890534,True,33.506933745345464,-9.701111254003814,4,4,20160910_flight07
2016-09-10 09:02:46,54.82875481,7.94640023,89.444,-0.045,3.095,1005.949,18.825,1.179409,7.102,1.6159999999999999,-0.05,100,0.1,3.1,1005.949,0.017673128993431764,291.4801213245718,7.283533483138524,192.81891044277967,True,33.50945809780461,-9.63465613081829,4,4,20160910_flight07
2016-09-10 09:02:47,54.82886369,7.945390300000001,89.57699999999998,0.17,3.133,1005.935,18.766,1.179211,7.332000000000001,1.401,0.014000000000000004,100,0.4,3.2,1005.935,0.018035556382833606,291.42238128615037,7.464651699845078,190.8176895235224,True,33.51197767202263,-9.56822983288368,4,4,20160910_flight07
2016-09-10 09:02:48,54.82897293,7.94438086,89.75,0.326,3.2,1005.918,18.712,1.17889,6.992999999999999,1.44,-0.04,100,0.4,3.2,1005.918,0.018483952110643465,291.36988088877325,7.139723313966725,191.63571460680913,True,33.514541494403616,-9.501829103151085,4,4,20160910_flight07
2016-09-10 09:02:49,54.82908249,7.943372020000001,89.995,0.254,3.1740000000000004,1005.904,18.643,1.179084,7.2989999999999995,1.857,-0.022000000000000002,100,0.4,3.2,1005.904,0.01854300071124171,291.3021567497833,7.531523750211507,194.27425953853327,True,33.51714619094491,-9.435461630702994,4,4,20160910_flight07
2016-09-10 09:02:50,54.82919253,7.94236412,90.24700000000001,-0.276,3.2880000000000003,1005.863,18.662,1.179177,7.4,2.096,0.265,100,0.5,3.4,1005.863,0.01835484797849163,291.32452085933454,7.6911127933479175,195.8144156358462,True,33.51981257392047,-9.36914660553104,4,4,20160910_flight07
2016-09-10 09:02:51,54.829302340000005,7.94135742,90.454,-0.5329999999999999,3.4,1005.82,18.785,1.179371,7.638999999999999,1.841,0.252,100,0.7,3.4,1005.82,0.017714836251595534,291.45087881005,7.857709717214043,193.54990334542433,True,33.522464879434246,-9.302912131732288,4,4,20160910_flight07
2016-09-10 09:02:52,54.829411410000006,7.940351809999999,90.631,-0.07100000000000001,3.287,1005.812,18.823,1.179371,7.305,1.5130000000000001,0.263,100,0.3,3.4,1005.812,0.017574288107812475,291.4894788646993,7.4600398122262055,191.70155849749477,True,33.525045901969726,-9.23675939406628,4,4,20160910_flight07
2016-09-10 09:02:53,54.8295198,7.93934689,90.7,0.08,3.2,1005.802,18.772000000000002,1.179244,7.3870000000000005,1.607,0.235,100,0.1,3.2,1005.802,0.017851550756558643,291.4393920263148,7.559776319442262,192.2731457844562,True,33.527558498271084,-9.170661810979846,4,4,20160910_flight07
2016-09-10 09:02:54,54.829628119999995,7.938342410000001,90.65899999999999,0.19700000000000004,3.105,1005.8109999999999,18.735,1.179209,7.4639999999999995,1.538,0.155,100,0.2,3.2,1005.8109999999999,0.018019899750004953,291.40170745621236,7.620809668270162,191.64316373060998,True,33.53006751157544,-9.104593532139123,4,4,20160910_flight07
2016-09-10 09:02:55,54.82973669,7.93733822,90.6,0.253,3.0380000000000003,1005.8159999999999,18.774,1.17922,7.0729999999999995,1.7530000000000001,0.095,100,0.3,3.1,1005.8159999999999,0.01787946088445791,291.4402285304403,7.286997872924075,193.9199166998106,True,33.53260678117456,-9.03853978951976,4,4,20160910_flight07
2016-09-10 09:02:56,54.82984539,7.9363341400000005,90.52,0.20400000000000001,2.968,1005.83,18.796000000000003,1.179076,6.9510000000000005,1.661,0.07,100,0.4,3.0,1005.83,0.01794122949985888,291.46103181629303,7.14670007765822,193.43929224293603,True,33.5351614013501,-8.972490993158807,4,4,20160910_flight07
2016-09-10 09:02:57,54.82995436,7.93533006,90.36800000000001,0.09,2.924,1005.83,18.801,1.178795,6.654,1.6119999999999999,0.059000000000000004,100,0.2,3.0,1005.83,0.018166447753517945,291.4660235105073,6.846477926642281,193.6181224158496,True,33.53774576056109,-8.906437840548254,4,4,20160910_flight07
2016-09-10 09:02:58,54.830063620000004,7.93432578,90.20100000000001,0.262,2.9,1005.867,18.692999999999998,1.1786020000000001,7.04,1.636,0.006999999999999999,100,0.3,2.9,1005.867,0.0187474960933256,291.3551377060706,7.227592683598045,193.0825556552071,True,33.54036018573492,-8.840367202253905,4,4,20160910_flight07
2016-09-10 09:02:59,54.830173880000004,7.93332134,90.02,0.305,2.9,1005.88,18.738,1.178464,7.07,1.517,0.0029999999999999988,100,0.4,2.9,1005.88,0.018722881627739163,291.3989853842666,7.230918959579066,192.11025274292138,True,33.5430832547146,-8.774270184302491,4,4,20160910_flight07
2016-09-10 09:03:00,54.83028467,7.93231662,89.844,0.038000000000000006,2.9,1005.9069999999999,18.783,1.178539,6.778,1.335,-0.022000000000000002,100,0.3,2.9,1005.9069999999999,0.018528369797475852,291.4416726580102,6.908220393125859,191.1423966764187,True,33.5458620739689,-8.708146685745902,4,4,20160910_flight07
2016-09-10 09:03:01,54.830395079999995,7.93131133,89.71799999999999,-0.279,2.9,1005.93,18.741,1.178353,6.615,1.265,-0.182,100,0.5,2.9,1005.93,0.018859016000358553,291.397837801314,6.734868224397565,190.82608328713053,True,33.548593691783196,-8.641992818972696,4,4,20160910_flight07
2016-09-10 09:03:02,54.83050505,7.93030536,89.7,-0.45,2.917,1005.91,18.635,1.178259,7.314,1.3559999999999999,-0.09300000000000001,100,0.6,3.0,1005.91,0.019290195078706107,291.29367328204995,7.438637778518322,190.5032583021985,True,33.55127046770222,-8.575802508326426,4,4,20160910_flight07
2016-09-10 09:03:03,54.83061558,7.92929928,89.7,-0.084,3.02,1005.9019999999999,18.574,1.1786340000000002,7.461,1.7890000000000001,0.01,100,0.1,3.1,1005.9019999999999,0.019170854715812258,291.23343842689366,7.6724860377846245,193.48382443543915,True,33.55400789280384,-8.509596118783818,4,4,20160910_flight07
2016-09-10 09:03:04,54.830726299999995,7.92829346,89.7,0.014000000000000002,3.156,1005.915,18.694,1.179219,7.477,1.7380000000000002,0.077,100,0.1,3.2,1005.915,0.018259559377924006,291.35215974896516,7.676338515203717,193.085806599806,True,33.55676868412943,-8.443403312505907,4,4,20160910_flight07
2016-09-10 09:03:05,54.830836399999995,7.927288,89.74799999999999,0.16699999999999998,3.144,1005.904,18.674,1.179498,7.489,1.847,0.079,100,0.2,3.2,1005.904,0.018077335169778497,291.3331046027449,7.713399380299195,193.85428408434552,True,33.55946456255439,-8.377243561616003,4,4,20160910_flight07
2016-09-10 09:03:06,54.830946489999995,7.926283049999999,89.87700000000001,0.384,3.2,1005.883,18.761,1.179372,7.495,1.771,-0.019000000000000003,100,0.5,3.2,1005.883,0.017861396774537575,291.42169827329957,7.701393769961383,193.29462114891808,True,33.56216412324462,-8.311116629278537,4,4,20160910_flight07
2016-09-10 09:03:07,54.831057449999996,7.92527879,90.066,0.6859999999999999,3.2,1005.873,18.766,1.179372,7.4510000000000005,1.516,0.045,100,0.8,3.2,1005.873,0.017833843715649778,291.4275185032337,7.603660763079848,191.50056795628495,True,33.56496598179786,-8.24501984342066,4,4,20160910_flight07
2016-09-10 09:03:08,54.83116953,7.92427512,90.229,0.6609999999999999,3.2,1005.8439999999999,18.783,1.179242,7.422000000000001,1.489,0.09700000000000002,100,0.7,3.2,1005.8439999999999,0.017857426082036998,291.4468932276449,7.5698880440862535,191.3440733267064,True,33.56789673637599,-8.178942767103287,4,4,20160910_flight07
2016-09-10 09:03:09,54.83128252,7.9232719,90.3,0.5760000000000001,3.14,1005.8380000000001,18.799,1.179146,7.26,1.393,0.057999999999999996,100,0.6,3.2,1005.8380000000001,0.01787843567888192,291.4633638318344,7.392431873206543,190.86152269320675,True,33.570931943442424,-8.112879823796295,4,4,20160910_flight07
2016-09-10 09:03:10,54.83139628,7.92226898,90.3,0.495,3.08,1005.8330000000001,18.732,1.1790640000000001,7.386,1.4709999999999999,0.034,100,0.6,3.1,1005.8330000000001,0.01817782935778456,291.39688956124314,7.531058159382385,191.26367928324208,True,33.57405477578105,-8.046823667234314,4,4,20160910_flight07
2016-09-10 09:03:11,54.83151097,7.92126617,90.3,0.315,3.0269999999999997,1005.8209999999999,18.727999999999998,1.178836,7.069,1.5030000000000001,-0.018000000000000002,100,0.5,3.1,1005.8209999999999,0.018376562655177953,291.39389047780145,7.227016673565933,192.0033939882766,True,33.577281074358154,-7.980759549524361,4,4,20160910_flight07
2016-09-10 09:03:12,54.83162612,7.92026346,90.3,0.014000000000000002,3.012,1005.832,18.706,1.178964,7.1610000000000005,1.646,0.03,100,0.1,3.1,1005.832,0.018353891082444562,291.37101562235324,7.347736862463163,192.9449372003778,True,33.58055897742491,-7.914694413430098,4,4,20160910_flight07
2016-09-10 09:03:13,54.831741380000004,7.919260749999999,90.3,-0.153,3.0460000000000003,1005.828,18.629,1.178989,7.305,1.6680000000000001,0.061000000000000006,100,0.3,3.1,1005.828,0.018596982731678313,291.2944748843267,7.493013345777518,192.8622227346455,True,33.5838489963947,-7.848627502567492,4,4,20160910_flight07
2016-09-10 09:03:14,54.83185649,7.91825801,90.21300000000001,-0.365,3.1,1005.832,18.723,1.179105,7.345,1.7369999999999999,0.064,100,0.5,3.1,1005.832,0.018172807626787746,291.3879873730302,7.547595246169471,193.30528642161136,True,33.5871222122824,-7.782561090831383,4,4,20160910_flight07
2016-09-10 09:03:15,54.83197128,7.917255320000001,90.175,-0.14300000000000002,3.0,1005.8439999999999,18.698,1.179406,7.65,1.6159999999999999,0.16699999999999998,100,0.5,3.0,1005.8439999999999,0.018012297111079212,291.3620347638044,7.818820627179012,191.92790843904586,True,33.59036065089657,-7.716503043745064,4,4,20160910_flight07
2016-09-10 09:03:16,54.83208621,7.91625269,90.038,0.037000000000000005,3.0,1005.852,18.701,1.179407,7.59,1.605,0.079,100,0.1,3.0,1005.852,0.01800906628444432,291.3643670018396,7.757842805832044,191.94000855521762,True,33.59361507254172,-7.650446579887172,4,4,20160910_flight07
2016-09-10 09:03:17,54.83220128,7.91524994,89.918,0.037000000000000005,3.0,1005.87,18.805999999999997,1.179459,7.404,1.57,0.042,100,0.1,3.0,1005.87,0.017616290558825964,291.4677001881163,7.5686270881844875,191.97209313685997,True,33.596883788848444,-7.58438017318382,4,4,20160910_flight07
2016-09-10 09:03:18,54.83231622,7.914246960000001,89.84200000000001,-0.07200000000000001,3.0,1005.88,18.768,1.179436,7.194,1.516,-0.07300000000000001,100,0.1,3.0,1005.88,0.01777872252927093,291.428935123761,7.351999183895494,191.8998964410696,True,33.60013602900046,-7.518301136172718,4,4,20160910_flight07
2016-09-10 09:03:19,54.83243106,7.91324383,89.8,-0.23,3.048,1005.883,18.715999999999998,1.179229,7.112,1.493,0.023000000000000003,100,0.3,3.1,1005.883,0.01814178167335001,291.37677370237793,7.26702091644162,191.85576677364105,True,33.603375847719846,-7.452214107525707,4,4,20160910_flight07
2016-09-10 09:03:20,54.832545929999995,7.91224068,89.8,-0.252,3.1,1005.8889999999999,18.785,1.1791989999999999,7.282,1.226,0.062,100,0.3,3.1,1005.8889999999999,0.017933108071040316,291.4451608506181,7.384483732800825,189.5567138516468,True,33.606618783180345,-7.386125314176084,4,4,20160910_flight07
2016-09-10 09:03:21,54.83266078,7.91123745,89.744,-0.256,3.161,1005.883,18.8,1.179283,7.442,1.244,0.127,100,0.3,3.2,1005.883,0.01780223356732824,291.4606329014316,7.545256788208072,189.4897866287321,True,33.609858765363825,-7.320031720811916,4,4,20160910_flight07
2016-09-10 09:03:22,54.83277542,7.91023409,89.685,-0.278,3.2,1005.888,18.788,1.17925,7.2860000000000005,1.191,0.18400000000000002,100,0.4,3.2,1005.888,0.017877612771120655,291.4482386831302,7.382701199425587,189.28370009688683,True,33.61307439780816,-7.253933191255192,4,4,20160910_flight07
2016-09-10 09:03:23,54.83288952,7.90923064,89.6,-0.344,3.2020000000000004,1005.886,18.8,1.1790820000000002,7.2860000000000005,1.14,0.153,100,0.4,3.3,1005.886,0.017978776012865794,291.4603842912618,7.37464548300459,188.89265314233865,True,33.61622970799646,-7.187837611160558,4,4,20160910_flight07
2016-09-10 09:03:24,54.833003209999994,7.90822726,89.6,-0.309,3.237,1005.903,18.764,1.179012,7.172000000000001,1.022,0.026000000000000002,100,0.4,3.3,1005.903,0.01818197136759192,291.4230360659428,7.244450841851299,188.10996953119908,True,33.61934051549411,-7.121753128474106,4,4,20160910_flight07
2016-09-10 09:03:25,54.83311659,7.907223770000001,89.6,-0.3,3.2230000000000003,1005.895,18.68,1.178986,6.979,1.138,0.049,100,0.4,3.3,1005.895,0.018489403766254187,291.33984001942434,7.071172816442828,189.26117770965698,True,33.622416146393526,-7.055666603695396,4,4,20160910_flight07
2016-09-10 09:03:26,54.83322948,7.9062204,89.685,-0.531,3.343,1005.8809999999999,18.775,1.1789560000000001,7.0,0.9810000000000001,0.13,100,0.7,3.4,1005.8809999999999,0.01816969803961288,291.43584053292557,7.068405831586073,187.97763800392636,True,33.62543893202734,-6.98959566875255,4,4,20160910_flight07
2016-09-10 09:03:27,54.833341600000004,7.905217169999999,89.77,-0.546,3.262,1005.875,18.862,1.178931,7.0,0.929,0.129,100,0.7,3.3,1005.875,0.017881864624776478,291.5231920828289,7.061376707130133,187.55979127320302,True,33.62837821951232,-6.923546121912536,4,4,20160910_flight07
2016-09-10 09:03:28,54.83345296,7.90421374,89.8,-0.494,3.195,1005.8659999999999,18.795,1.178554,7.142,0.818,-0.052000000000000005,100,0.6,3.2,1005.8659999999999,0.01843202963180013,291.4570500672865,7.188691675124202,186.53382919678393,True,33.631231921152,-6.85749603035976,4,4,20160910_flight07
2016-09-10 09:03:29,54.833563999999996,7.90321011,89.771,-0.042,3.21,1005.867,18.785,1.178192,7.183,0.725,-0.034,100,0.2,3.3,1005.867,0.018780852444016283,291.4469839133429,7.219495411730656,185.76350218768516,True,33.6340485005609,-6.79143829502055,4,4,20160910_flight07
2016-09-10 09:03:30,54.8336749,7.902206029999999,89.794,-0.046000000000000006,3.2709999999999995,1005.8539999999999,18.718,1.178102,6.987,0.855,-0.10099999999999999,100,0.1,3.3,1005.8539999999999,0.01907939527127067,291.38117295576745,7.039118836899972,186.97660555875302,True,33.636845438808315,-6.725354003292119,4,4,20160910_flight07
2016-09-10 09:03:31,54.8337852,7.901201589999999,89.993,-0.16,3.2880000000000003,1005.8309999999999,18.73,1.178005,7.153,0.56,-0.16699999999999998,100,0.2,3.3,1005.8309999999999,0.01909810490549746,291.39505859675734,7.174887385875823,184.47648875757483,True,33.63957291357149,-6.659256339970332,4,4,20160910_flight07
2016-09-10 09:03:32,54.8338953,7.900197,90.186,-0.09700000000000002,3.2,1005.8209999999999,18.616,1.178219,7.357,0.757,0.035,100,0.1,3.2,1005.8209999999999,0.019300985865320364,291.28207624125906,7.395843292012074,185.87478606374071,True,33.64227695244491,-6.5931522984385005,4,4,20160910_flight07
2016-09-10 09:03:33,54.83400558,7.89919231,90.255,0.042,3.225,1005.813,18.7,1.178566,7.284,1.124,0.064,100,0.1,3.3,1005.813,0.018699487166006667,291.366599709235,7.370212479976408,188.77216818503769,True,33.64499987935989,-6.527038949365672,4,4,20160910_flight07
2016-09-10 09:03:34,54.83411579,7.89818773,90.33200000000001,0.14,3.2709999999999995,1005.798,18.667,1.178668,7.295,1.048,0.028000000000000004,100,0.2,3.3,1005.798,0.018711327220473972,291.33489697823796,7.369893418496634,188.17517990630898,True,33.64771612793459,-6.460933773402941,4,4,20160910_flight07
2016-09-10 09:03:35,54.83422608,7.89718319,90.43700000000001,0.162,3.263,1005.773,18.729,1.1784189999999999,7.315,1.103,0.005,100,0.3,3.3,1005.773,0.018684822924885047,291.39886605947146,7.397691126290689,188.57480716724942,True,33.65044156326931,-6.394829868049244,4,4,20160910_flight07
2016-09-10 09:03:36,54.8343367,7.89617887,90.586,0.567,3.147,1005.755,18.574,1.1787200000000002,7.559,1.155,-0.169,100,0.7,3.2,1005.755,0.018947567290610978,291.24561176671665,7.646731720153388,188.6874861912191,True,33.65320540987643,-6.328734725814338,4,4,20160910_flight07
2016-09-10 09:03:37,54.83444821,7.89517454,90.75200000000001,0.474,3.1,1005.7230000000001,18.582,1.178793,7.337999999999999,1.129,-0.07200000000000001,100,0.6,3.1,1005.7230000000001,0.018824109022259616,291.25624900246714,7.4243440787722115,188.74674899687207,True,33.656067191359426,-6.262624583752498,4,4,20160910_flight07
2016-09-10 09:03:38,54.83456033,7.89417008,90.8,0.44300000000000006,3.0639999999999996,1005.719,18.676,1.1791550000000002,7.378000000000001,1.077,0.04,100,0.5,3.1,1005.719,0.0181792085384469,291.35042711776464,7.456192929370861,188.30506568758528,True,33.65899494165869,-6.196496275406346,4,4,20160910_flight07
2016-09-10 09:03:39,54.834673380000005,7.89316557,90.775,0.395,2.978,1005.7239999999999,18.741,1.179363,7.425,1.0910000000000002,0.028000000000000004,100,0.5,3.0,1005.7239999999999,0.017778001739444438,291.4149068379243,7.50472557792755,188.35899921157898,True,33.6620246574243,-6.130349760513054,4,4,20160910_flight07
2016-09-10 09:03:40,54.83478751,7.8921607,90.613,0.244,2.99,1005.7589999999999,18.798000000000002,1.179329,7.335,1.109,0.053,100,0.3,3.0,1005.7589999999999,0.01764404086767546,291.4689129047637,7.418362757374433,188.59759862578693,True,33.66516995259604,-6.064162768473232,4,4,20160910_flight07
2016-09-10 09:03:41,54.8349023,7.89115548,90.432,0.257,3.0,1005.755,18.812,1.1790820000000002,7.164,0.9490000000000001,0.07100000000000001,100,0.3,3.0,1005.755,0.017804366388791015,291.48322147863774,7.226582664025922,187.54591802421635,True,33.66838466025172,-5.997942716012306,4,4,20160910_flight07
2016-09-10 09:03:42,54.835017449999995,7.890149699999999,90.245,0.255,3.0,1005.798,18.757,1.178943,7.15,1.0010000000000001,-0.111,100,0.4,3.0,1005.798,0.018159689688662217,291.4247482916571,7.219729981100401,187.96961039432136,True,33.67163376725172,-5.931680996321548,4,4,20160910_flight07
2016-09-10 09:03:43,54.835133109999994,7.8891434,90.2,0.327,3.063,1005.808,18.715999999999998,1.178782,7.112,1.032,-0.079,100,0.4,3.1,1005.808,0.01845192328486034,291.3829874781927,7.186485093562777,188.25638377958427,True,33.67493417047796,-5.865377750611903,4,4,20160910_flight07
2016-09-10 09:03:44,54.83524956,7.888136960000001,90.2,0.384,3.1,1005.807,18.609,1.178997,7.347,1.311,0.11,100,0.5,3.1,1005.807,0.01863862727811827,291.2762473777625,7.4630509846844815,190.11738386743568,True,33.678320274746355,-5.7990527941140675,4,4,20160910_flight07
2016-09-10 09:03:45,54.835367059999996,7.88713073,90.23299999999999,-0.169,3.1,1005.785,18.8,1.1789630000000002,7.287999999999999,0.867,-0.226,100,0.5,3.1,1005.785,0.017979302342633785,291.4687546913529,7.339389143518689,186.78417579382779,True,33.68182400058395,-5.7327243437319355,4,4,20160910_flight07
2016-09-10 09:03:46,54.83548463,7.886124089999999,90.3,-0.6829999999999999,3.042,1005.7819999999999,18.802,1.179182,7.265,0.8340000000000001,-0.075,100,0.9,3.1,1005.7819999999999,0.01778023312471788,291.47100003856656,7.3127136549983955,186.54871531010141,True,33.68533159081486,-5.666368510116142,4,4,20160910_flight07
2016-09-10 09:03:47,54.83560133,7.88511707,90.3,-1.056,3.1,1005.7769999999999,18.742,1.179046,6.936,0.828,0.083,100,1.1,3.1,1005.7769999999999,0.018101804688419598,291.4115132140092,6.9852473112982905,186.8075914551493,True,33.688739790928025,-5.600002380481935,4,4,20160910_flight07
2016-09-10 09:03:48,54.835716430000005,7.884109560000001,90.20700000000001,-0.988,3.127,1005.776,18.684,1.179045,7.056,1.058,0.114,100,1.1,3.2,1005.776,0.0183039966312204,291.353691537047,7.1348791160047,188.52758899667498,True,33.6919671636016,-5.533630689125435,4,4,20160910_flight07
2016-09-10 09:03:49,54.83583036,7.883101880000001,90.149,-0.927,3.135,1005.784,18.898,1.179012,6.843999999999999,1.008,0.073,100,1.0,3.2,1005.784,0.01759440291622827,291.56667605832865,6.917832030340141,188.37841843082316,True,33.69506407254774,-5.467266989114128,4,4,20160910_flight07
2016-09-10 09:03:50,54.835942949999996,7.882094019999999,90.1,-1.034,3.2,1005.784,18.824,1.17897,7.164,0.767,-0.081,100,1.1,3.2,1005.784,0.01788856968602559,291.4927980176356,7.204941706912,186.11098526121668,True,33.698011699389866,-5.400913382934355,4,4,20160910_flight07
2016-09-10 09:03:51,54.83605423,7.88108584,90.19,-0.8170000000000001,3.142,1005.7719999999999,18.691000000000003,1.1787610000000002,7.456,0.715,0.002,100,0.9,3.2,1005.7719999999999,0.018520856289629517,291.36101141953844,7.490204336331553,185.47768165351306,True,33.70081203529161,-5.334560421834056,4,4,20160910_flight07
2016-09-10 09:03:52,54.83616439,7.880077330000001,90.23899999999999,-0.653,3.2,1005.78,18.673,1.178858,7.372999999999999,0.892,-0.054000000000000006,100,0.7,3.2,1005.78,0.018507968997473423,291.34237826000094,7.426761945828074,186.8982305110065,True,33.70348591392237,-5.268204399966987,4,4,20160910_flight07
2016-09-10 09:03:53,54.8362734,7.879068630000001,90.344,-0.442,3.196,1005.7710000000001,18.742,1.17916,7.37,0.865,-0.068,100,0.5,3.2,1005.7710000000001,0.017997302695470063,291.412010405807,7.4205879147140354,186.6940491189504,True,33.7060313441217,-5.201854766084918,4,4,20160910_flight07
2016-09-10 09:03:54,54.83638165,7.8780598,90.459,-0.17300000000000001,3.1260000000000003,1005.74,18.715,1.1792369999999999,7.359,0.897,0.025,100,0.3,3.2,1005.74,0.017993620659892295,291.3876234522606,7.413466800357306,186.9495893736028,True,33.70849184506352,-5.135509069852087,4,4,20160910_flight07
2016-09-10 09:03:55,54.8364898,7.8770508900000005,90.5,-0.034,3.1,1005.7339999999999,18.746,1.179247,7.268,1.006,-0.002,100,0.1,3.1,1005.7339999999999,0.017870803426441872,291.4190699705659,7.337292416143709,187.88052129966462,True,33.71094058116212,-5.069159864345456,4,4,20160910_flight07
2016-09-10 09:03:56,54.83659814,7.8760419100000005,90.5,-0.015,3.1,1005.727,18.816000000000003,1.179167,7.252999999999999,0.953,-0.02,100,0.1,3.1,1005.727,0.017688722014541636,291.48953583371406,7.315341277069716,187.4854357296619,True,33.713409588142156,-5.002803110967736,4,4,20160910_flight07
2016-09-10 09:03:57,54.83670653,7.87503276,90.49600000000001,0.008,3.051,1005.719,18.813,1.179093,7.221,0.9890000000000001,0.051000000000000004,100,0.1,3.1,1005.719,0.01775495421244555,291.4872038563525,7.288412858777966,187.7988008949214,True,33.71588250778117,-4.936434665140386,4,4,20160910_flight07
2016-09-10 09:03:58,54.83681497,7.87402351,90.4,0.07800000000000001,3.034,1005.7339999999999,18.689,1.179109,7.274,1.062,-0.007000000000000001,100,0.1,3.1,1005.7339999999999,0.018188759346831285,291.36216310309146,7.351116921937781,188.30646433510208,True,33.7183599966662,-4.870059009225736,4,4,20160910_flight07
2016-09-10 09:03:59,54.8369237,7.87301414,90.388,0.133,3.0,1005.7360000000001,18.712,1.179017,7.257000000000001,1.084,0.017,100,0.2,3.0,1005.7360000000001,0.018189990526187527,291.38495980147076,7.337513543428727,188.49562951580492,True,33.72086830190014,-4.80367099032691,4,4,20160910_flight07
2016-09-10 09:04:00,54.83703287,7.87200469,90.3,0.129,3.085,1005.743,18.745,1.1791989999999999,7.314,1.111,0.07200000000000001,100,0.2,3.1,1005.743,0.01792483273102463,291.4173257752544,7.397899499182183,188.63722833961208,True,33.723424320362525,-4.737270749654904,4,4,20160910_flight07
2016-09-10 09:04:01,54.83714244,7.8709953,90.3,0.17600000000000002,3.1,1005.74,18.83,1.179089,7.409,0.8710000000000001,0.016,100,0.2,3.1,1005.74,0.017720399930707842,291.50243535741197,7.460021581738219,186.70490119106807,True,33.72602495944551,-4.6708678973044835,4,4,20160910_flight07
2016-09-10 09:04:02,54.83725259,7.869985830000001,90.27799999999999,0.18,3.1,1005.747,18.813,1.1789530000000001,7.452999999999999,0.7390000000000001,0.04800000000000001,100,0.3,3.1,1005.747,0.017904150491058424,291.48488294191924,7.48954805045004,185.66263669771172,True,33.72868873199763,-4.604450564384989,4,4,20160910_flight07
2016-09-10 09:04:03,54.8373633,7.868976259999999,90.2,0.256,3.008,1005.755,18.658,1.178966,7.289,0.992,-0.029000000000000005,100,0.3,3.1,1005.755,0.018441702758291045,291.32947401798293,7.356193648892067,187.75008208940784,True,33.73141324753139,-4.538017792906317,4,4,20160910_flight07
2016-09-10 09:04:04,54.83747432999999,7.8679664,90.2,0.08900000000000001,3.0069999999999997,1005.758,18.695,1.178949,7.367000000000001,0.9229999999999999,-0.061000000000000006,100,0.2,3.1,1005.758,0.018330306284398912,291.3661647815133,7.424595477196048,187.1412883919619,True,33.734170289179744,-4.471561288679413,4,4,20160910_flight07
2016-09-10 09:04:05,54.83758551,7.86695638,90.2,-0.033,3.1,1005.7510000000001,18.824,1.179068,7.24,0.9520000000000001,0.037000000000000005,100,0.1,3.1,1005.7510000000001,0.017770571977595795,291.4955333634646,7.302321822543841,187.49094446728117,True,33.73694235174406,-4.405092118914394,4,4,20160910_flight07
2016-09-10 09:04:06,54.83769666,7.86594623,90.2,0.0030000000000000005,3.1,1005.74,18.776,1.179055,7.3420000000000005,0.863,-0.053000000000000005,100,0.1,3.1,1005.74,0.017938009285389356,291.4485236802105,7.392545772600938,186.70395056521664,True,33.7397098905934,-4.338615108790256,4,4,20160910_flight07
2016-09-10 09:04:07,54.837808009999996,7.86493603,90.2,0.109,3.0869999999999997,1005.7289999999999,18.666,1.179007,7.346,1.215,0.095,100,0.3,3.1,1005.7289999999999,0.018352040956306492,291.3396149240126,7.4458002256305535,189.3914789495936,True,33.74249898936659,-4.272131670127445,4,4,20160910_flight07
2016-09-10 09:04:08,54.83791974,7.86392605,90.2,0.14800000000000002,3.1790000000000003,1005.743,18.598,1.17911,7.365,1.297,0.154,100,0.3,3.2,1005.743,0.0185145961740647,291.27056633473995,7.47833096352388,189.9875639423438,True,33.74533200664152,-4.205656187870403,4,4,20160910_flight07
2016-09-10 09:04:09,54.83803169,7.86291652,90.251,0.085,3.2,1005.732,18.852999999999998,1.179113,7.192,1.235,-0.017,100,0.2,3.2,1005.732,0.017611430014615514,291.5260609451573,7.2972658578401814,189.74371945285574,True,33.74819347664571,-4.139205971261728,4,4,20160910_flight07
2016-09-10 09:04:10,54.838143689999995,7.86190738,90.421,0.13,3.18,1005.715,18.85,1.179473,7.388,1.3430000000000002,0.195,100,0.3,3.2,1005.715,0.01729408956961964,291.52447516748174,7.509074044114893,190.30279906973243,True,33.75106411200978,-4.072779921100824,4,4,20160910_flight07
2016-09-10 09:04:11,54.838256279999996,7.86089883,90.546,-0.24,3.173,1005.7180000000001,18.813,1.179314,7.347,1.099,-0.129,100,0.4,3.3,1005.7180000000001,0.01756321812800099,291.4872867476905,7.428742154631563,188.507502083931,True,33.7540052667729,-4.006382131637091,4,4,20160910_flight07
2016-09-10 09:04:12,54.838368689999996,7.85989036,90.726,-0.48,3.1,1005.697,18.889999999999997,1.179211,7.257000000000001,0.898,-0.032,100,0.5,3.1,1005.697,0.01736253845639535,291.56590248853314,7.312349348875504,187.05406968257256,True,33.756927345897935,-3.9399923690393566,4,4,20160910_flight07
2016-09-10 09:04:13,54.838480069999996,7.85888172,90.8,-0.455,3.04,1005.692,18.886,1.179287,7.182,0.8079999999999999,-0.024000000000000004,100,0.5,3.1,1005.692,0.01730584991145312,291.56232355517017,7.227308489334049,186.41898367980332,True,33.75973438153698,-3.8736083389907394,4,4,20160910_flight07
2016-09-10 09:04:14,54.838590690000004,7.85787294,90.764,-0.315,3.0,1005.68,18.846,1.17938,7.307,1.005,0.07300000000000001,100,0.4,3.0,1005.68,0.01735283886988226,291.52338328418375,7.3757897204299425,187.83128901801885,True,33.762456394121834,-3.80722760625369,4,4,20160910_flight07
2016-09-10 09:04:15,54.838701209999996,7.856865729999999,90.64399999999999,-0.161,3.0,1005.698,18.887999999999998,1.179329,7.412000000000001,1.064,0.07300000000000001,100,0.2,3.0,1005.698,0.017268722455810792,291.56382282047383,7.487979700827187,188.16905845721237,True,33.76518211857365,-3.740949019922045,4,4,20160910_flight07
2016-09-10 09:04:16,54.8388118,7.855857449999999,90.512,-0.136,3.032,1005.698,18.842,1.179404,7.474,1.074,0.091,100,0.2,3.1,1005.698,0.017364281733074804,291.51789750989866,7.550771616199235,188.17731942277817,True,33.76790551673378,-3.6746007880852263,4,4,20160910_flight07
2016-09-10 09:04:17,54.83892224,7.854848469999999,90.36,-0.099,3.0,1005.717,18.863,1.179334,7.33,0.934,0.08700000000000001,100,0.2,3.0,1005.717,0.017370720401204798,291.53728818525843,7.389266269393735,187.26158574633484,True,33.77060582732853,-3.608210152765783,4,4,20160910_flight07
2016-09-10 09:04:18,54.839032319999994,7.853838990000001,90.213,-0.038000000000000006,3.016,1005.745,18.834,1.179387,7.355,0.9810000000000001,0.151,100,0.1,3.1,1005.745,0.01745436841408443,291.5060143412013,7.420133826286424,187.5971946781587,True,33.77326179596128,-3.5417933089069944,4,4,20160910_flight07
2016-09-10 09:04:19,54.83914264,7.8528292099999994,90.035,0.192,3.06,1005.7510000000001,18.933999999999997,1.179116,7.443,0.845,0.12,100,0.3,3.1,1005.7510000000001,0.01734585924642884,291.60535310313304,7.490812639493795,186.47702832206753,True,33.77594138534646,-3.4753533827024725,4,4,20160910_flight07
2016-09-10 09:04:20,54.83925344,7.85181907,89.853,0.052000000000000005,3.0690000000000004,1005.789,18.908,1.179263,7.271,0.716,0.11900000000000001,100,0.1,3.1,1005.789,0.01734803591263434,291.57624502183984,7.306168421272535,185.62397767865377,True,33.77867046739163,-3.4088826599061797,4,4,20160910_flight07
2016-09-10 09:04:21,54.83936404,7.85080851,89.726,-0.077,3.1,1005.7909999999999,18.923,1.1793930000000001,7.261,0.865,-0.0030000000000000005,100,0.2,3.1,1005.7909999999999,0.017185677962046952,291.5910544490922,7.312342032481796,186.79360585375122,True,33.78137358099403,-3.3423882697886187,4,4,20160910_flight07
2016-09-10 09:04:22,54.839474620000004,7.84979763,89.7,-0.12200000000000001,3.1,1005.798,18.924,1.179313,7.157,0.723,-0.01,100,0.2,3.1,1005.798,0.017258276769306358,291.591472395446,7.193426026588443,185.76844922983025,True,33.784071490161224,-3.2758737115577876,4,4,20160910_flight07
2016-09-10 09:04:23,54.83958518,7.84878647,89.7,-0.229,3.1,1005.798,18.972,1.179113,7.195,0.499,-0.033,100,0.3,3.1,1005.798,0.017263644074957618,291.6393930959362,7.2122829950023455,183.96732260633547,True,33.786764570084664,-3.209341546563695,4,4,20160910_flight07
2016-09-10 09:04:24,54.8396957,7.847774899999999,89.7,-0.117,3.1,1005.785,18.964,1.178793,7.31,0.298,-0.14200000000000002,100,0.2,3.1,1005.785,0.017554509450554256,291.63248435660165,7.3160716234875665,182.33443137675727,True,33.78944939849681,-3.1427837731044077,4,4,20160910_flight07
2016-09-10 09:04:25,54.83980637,7.84676282,89.774,0.03900000000000001,3.1,1005.7719999999999,18.827,1.17855,7.386,0.161,-0.049,100,0.2,3.1,1005.7719999999999,0.01822870382070385,291.4967877414159,7.3877545303021535,181.24873542969618,True,33.792145964884355,-3.0761909222967265,4,4,20160910_flight07
2016-09-10 09:04:26,54.83991722,7.84575024,89.8,0.117,3.196,1005.793,18.805,1.178347,7.455,0.23600000000000002,-0.034,100,0.2,3.2,1005.793,0.018502125662902325,291.4730833966788,7.45873454414353,181.81318440808815,True,33.794857667383155,-3.009563150450094,4,4,20160910_flight07
2016-09-10 09:04:27,54.840028329999996,7.84473735,89.8,-0.09700000000000002,3.136,1005.7739999999999,18.871,1.178289,7.306,0.22699999999999998,-0.045,100,0.2,3.2,1005.7739999999999,0.01830281948548307,291.54054957090955,7.309525634403371,181.77962758544146,True,33.79759509972633,-2.942911333235501,4,4,20160910_flight07
2016-09-10 09:04:28,54.84013933,7.843724120000001,89.8,-0.298,3.144,1005.775,18.793999999999997,1.178116,7.207000000000001,0.414,-0.047,100,0.4,3.2,1005.775,0.01872198065728581,291.4635933759097,7.218881145994856,183.28769433837638,True,33.8003172270257,-2.876239519316025,4,4,20160910_flight07
2016-09-10 09:04:29,54.84025001,7.84271058,89.889,-0.322,3.1,1005.76,18.666,1.1780789999999999,7.388000000000001,0.5529999999999999,-0.117,100,0.4,3.1,1005.76,0.019185634157766307,291.337046671697,7.408667424037875,184.2806701779902,True,33.80300120031345,-2.809553017898166,4,4,20160910_flight07
2016-09-10 09:04:30,54.84036041,7.84169686,89.978,-0.153,3.1690000000000005,1005.748,18.756,1.178204,7.229,0.425,-0.034,100,0.3,3.2,1005.748,0.018751149477930662,291.4278934127344,7.24148230682089,183.3646021908794,True,33.80565264475123,-2.7428595079983866,4,4,20160910_flight07
2016-09-10 09:04:31,54.840470509999996,7.84068301,90.07799999999999,-0.045,3.18,1005.722,18.778,1.178385,7.15,0.42,-0.009000000000000001,100,0.1,3.2,1005.722,0.018491576764301687,291.4520122503719,7.16232504149316,183.36176313293996,True,33.808269826437,-2.6761625139893823,4,4,20160910_flight07
2016-09-10 09:04:32,54.840580700000004,7.83966902,90.13600000000001,0.1,3.208,1005.719,18.873,1.178049,7.162999999999999,0.332,-0.018000000000000002,100,0.1,3.4,1005.719,0.0184476032875045,291.54710607763184,7.1706898552370815,182.65371978279165,True,33.81089560796081,-2.6094551031725883,4,4,20160910_flight07
2016-09-10 09:04:33,54.84069114,7.838655,90.27,0.161,3.319,1005.722,18.823999999999998,1.177648,7.129,0.159,-0.08900000000000001,100,0.3,3.4,1005.722,0.01896841089497925,291.4979372475065,7.130772889385834,181.27767132021523,True,33.813548644232775,-2.5427417377792745,4,4,20160910_flight07
2016-09-10 09:04:34,54.84080195000001,7.8376410299999995,90.454,0.14,3.1710000000000003,1005.686,18.655,1.177743,7.224,0.187,-0.08900000000000001,100,0.3,3.2,1005.686,0.01943981766705649,291.3321953300982,7.226419929674721,181.4828237231771,True,33.8162429029918,-2.4760256043974227,4,4,20160910_flight07
2016-09-10 09:04:35,54.840913220000004,7.83662701,90.53,-0.0030000000000000005,3.1390000000000002,1005.672,18.695,1.17779,7.269,0.27699999999999997,-0.011000000000000001,100,0.1,3.2,1005.672,0.019245229833938504,291.373290587359,7.274275908982282,182.18231604212238,True,33.81898735926425,-2.409298847569941,4,4,20160910_flight07
2016-09-10 09:04:36,54.841024690000005,7.8356126900000005,90.582,-0.067,2.984,1005.665,18.721,1.177975,7.121,0.32,-0.09,100,0.2,3.1,1005.665,0.018987284918051683,291.39982865714444,7.128186375228976,182.57299857272892,True,33.82175103050488,-2.342549653767385,4,4,20160910_flight07
2016-09-10 09:04:37,54.84113608,7.83459785,90.473,-0.033,2.9760000000000004,1005.7,18.706000000000003,1.1781389999999998,7.2139999999999995,0.375,-0.055,100,0.1,3.0,1005.7,0.01893326356199876,291.38195260475544,7.2237400977609925,182.9756855938079,True,33.824501012669074,-2.2757684531581717,4,4,20160910_flight07
2016-09-10 09:04:38,54.84124778,7.8335826,90.4,0.016,3.028,1005.698,18.695,1.1782249999999999,7.171,0.359,-0.057999999999999996,100,0.1,3.1,1005.698,0.018895266259531196,291.3711361913216,7.179980640642425,182.86599171659327,True,33.82728129392524,-2.2089559970934687,4,4,20160910_flight07
2016-09-10 09:04:39,54.84135969,7.83256701,90.329,0.14300000000000002,3.0589999999999997,1005.703,18.659000000000002,1.178403,7.257000000000001,0.591,0.015,100,0.2,3.1,1005.703,0.018872106134961708,291.33478039630137,7.281025339881739,184.65581400371482,True,33.83008151640086,-2.1421183813615503,4,4,20160910_flight07
2016-09-10 09:04:40,54.841472030000006,7.8315513,90.3,-0.067,3.1,1005.706,18.755,1.1785130000000001,7.108,0.51,0.049,100,0.4,3.1,1005.706,0.01844499529902932,291.43037575737435,7.12627279859535,184.10394739605798,True,33.832927975467605,-2.0752661438490954,4,4,20160910_flight07
2016-09-10 09:04:41,54.841584080000004,7.83053544,90.3,-0.45,3.05,1005.711,18.703,1.178695,7.315,0.446,-0.032,100,0.5,3.1,1005.711,0.0184742328929437,291.37804600117016,7.328583833183599,183.48903940711097,True,33.835741085631696,-2.008408980209877,4,4,20160910_flight07
2016-09-10 09:04:42,54.84169552,7.82951927,90.294,-0.43800000000000006,3.0,1005.696,18.777,1.17858,7.3870000000000005,0.42,-0.028999999999999998,100,0.5,3.0,1005.696,0.018300226354968308,291.4531688160951,7.398930260517395,183.2541419989052,True,33.83848409985697,-1.9415418080070594,4,4,20160910_flight07
2016-09-10 09:04:43,54.8418063,7.82850263,90.2,-0.35600000000000004,3.0,1005.7090000000001,18.758,1.178657,7.369,0.506,-0.025,100,0.4,3.0,1005.7090000000001,0.01831314097470238,291.4331222488449,7.386352076634311,183.92810794416317,True,33.84115001014273,-1.874655188554442,4,4,20160910_flight07
2016-09-10 09:04:44,54.84191649,7.82748568,90.135,-0.41600000000000004,2.99,1005.705,18.659000000000002,1.1788090000000002,7.377000000000001,0.7829999999999999,0.004,100,0.5,3.1,1005.705,0.018523216358871553,291.33461469799744,7.418437706148109,186.05873028427885,True,33.8437480273814,-1.807758237853042,4,4,20160910_flight07
2016-09-10 09:04:45,54.84202627,7.826468599999999,90.1,-0.431,2.9739999999999998,1005.712,18.771,1.178926,7.347,0.61,0.004,100,0.5,3.0,1005.712,0.018038487606453657,291.4458524595791,7.372279769514991,184.7462155749811,True,33.846299665965034,-1.740859577810646,4,4,20160910_flight07
2016-09-10 09:04:46,54.84213544,7.82545131,90.03299999999999,-0.299,3.0,1005.743,18.782,1.179162,7.377000000000001,0.789,0.051000000000000004,100,0.4,3.0,1005.743,0.01782775567779038,291.4542652262682,7.419073392277503,186.1048080690206,True,33.848782146593216,-1.6739573125791605,4,4,20160910_flight07
2016-09-10 09:04:47,54.84224439,7.82443387,89.927,-0.177,3.0,1005.738,18.796000000000003,1.179132,7.495,0.708,0.036000000000000004,100,0.2,3.0,1005.738,0.017799781509712842,291.4686567367407,7.528365626083792,185.3963169204304,True,33.85123898843987,-1.6070489918227002,4,4,20160910_flight07
2016-09-10 09:04:48,54.84235313,7.82341626,89.82600000000001,-0.10700000000000001,3.083,1005.7660000000001,18.809,1.179182,7.336,0.569,0.1,100,0.2,3.1,1005.7660000000001,0.017739640377228083,291.47931465497436,7.358033500875082,184.43513595090013,True,33.85367110535514,-1.5401331735237314,4,4,20160910_flight07
2016-09-10 09:04:49,54.84246145,7.82239864,89.8,0.016,3.1920000000000006,1005.75,18.821,1.179221,7.388,0.703,0.07100000000000001,100,0.1,3.2,1005.75,0.01764796403207236,291.492621169873,7.421371369228196,185.43557427884357,True,33.856056867749366,-1.4732234912756397,4,4,20160910_flight07
2016-09-10 09:04:50,54.842570020000004,7.82138133,89.8,0.2,3.2,1005.7560000000001,18.898,1.1791040000000002,7.175,0.597,0.069,100,0.3,3.2,1005.7560000000001,0.017486678179556847,291.56899753862456,7.199794024831544,184.75637207849897,True,33.85847307403408,-1.4063296259239664,4,4,20160910_flight07
2016-09-10 09:04:51,54.84267885,7.82036423,89.87700000000001,0.11900000000000001,3.237,1005.7339999999999,18.874,1.1789930000000002,7.282,0.5479999999999999,0.11800000000000001,100,0.3,3.3,1005.7339999999999,0.017643842178656444,291.54686083085943,7.30259049926805,184.30362768938275,True,33.86091988767179,-1.3394450127517343,4,4,20160910_flight07
2016-09-10 09:04:52,54.84278791,7.81934753,89.944,-0.007000000000000001,3.28,1005.714,18.867,1.178965,7.183,0.777,0.059000000000000004,100,0.2,3.3,1005.714,0.01767216778462055,291.54153038991,7.2249026291016545,186.17379764736887,True,33.86339578649336,-1.2725823021980505,4,4,20160910_flight07
2016-09-10 09:04:53,54.84289714,7.81833131,90.12200000000001,0.2,3.22,1005.6990000000001,18.973,1.178653,7.068,0.6679999999999999,-0.055,100,0.2,3.3,1005.6990000000001,0.017557006717624057,291.6486018685214,7.099496320162438,185.39901406998172,True,33.8658949122096,-1.2057475850180293,4,4,20160910_flight07
2016-09-10 09:04:54,54.84300683000001,7.817315509999999,90.337,0.21899999999999997,3.15,1005.671,18.789,1.1787590000000001,7.119,0.753,-0.04,100,0.3,3.2,1005.671,0.018078433981947306,291.46722154455546,7.1587128731357845,186.03791211505433,True,33.86844864395973,-1.1389323402520395,4,4,20160910_flight07
2016-09-10 09:04:55,54.84311721,7.816300099999999,90.471,0.062,3.14,1005.6519999999999,18.878,1.1785740000000002,7.05,0.7809999999999999,0.12200000000000001,100,0.2,3.2,1005.6519999999999,0.0179086858489097,291.55765311989626,7.093127730416251,186.3214591817757,True,33.87108203359938,-1.072130936008806,4,4,20160910_flight07
2016-09-10 09:04:56,54.84322755,7.81528483,90.53,-0.528,3.1660000000000004,1005.658,19.023,1.178494,6.688,0.301,-0.266,100,0.7,3.2,1005.658,0.017478651969726533,291.70192183345716,6.694769973643605,182.5769138157633,True,33.873712330631946,-1.0053391418601665,4,4,20160910_flight07
2016-09-10 09:04:57,54.84333676,7.8142694200000005,90.68,-0.493,2.9560000000000004,1005.628,18.901999999999997,1.178407,7.002999999999999,0.621,-0.175,100,0.7,3.1,1005.628,0.017944985911870104,291.5836046632689,7.030480068956884,185.06752162723114,True,33.87621685111533,-0.9385566146986788,4,4,20160910_flight07
2016-09-10 09:04:58,54.84344567,7.81325376,90.7,-0.39799999999999996,2.9939999999999998,1005.6340000000001,18.838,1.1780979999999999,6.9910000000000005,0.434,-0.073,100,0.5,3.0,1005.6340000000001,0.01844123516337426,291.5192098607105,7.004458365926663,183.55235270717424,True,33.87868598326918,-0.8717629193782894,4,4,20160910_flight07
2016-09-10 09:04:59,54.84355396,7.8122377,90.7,-0.42200000000000004,2.95,1005.637,18.925,1.1779899999999999,6.904,0.14,-0.138,100,0.6,3.0,1005.637,0.01823425548083768,291.6058213853832,6.9054193210839845,181.16169031455075,True,33.88108307385402,-0.804953613799892,4,4,20160910_flight07
2016-09-10 09:05:00,54.84366124,7.81122077,90.568,-0.435,2.8259999999999996,1005.6310000000001,18.867,1.1780199999999998,6.79,0.059,-0.212,100,0.6,2.9,1005.6310000000001,0.018404483531510696,291.5484120482336,6.79025632800412,180.4978447595007,True,33.88336075796656,-0.7381048944640289,4,4,20160910_flight07
2016-09-10 09:05:01,54.84376762,7.810202729999999,90.39800000000001,-0.469,2.762,1005.6840000000001,18.771,1.17804,6.5489999999999995,0.294,-0.161,100,0.5,2.8,1005.6840000000001,0.01877578649829381,291.44817314399796,6.5555958539251025,182.57041637329746,True,33.885528900351645,-0.6711996185035094,4,4,20160910_flight07
2016-09-10 09:05:02,54.84387356,7.80918368,90.2,-0.18900000000000003,2.8,1005.6790000000001,18.765,1.178157,7.222,0.33899999999999997,-0.019,100,0.4,2.8,1005.6790000000001,0.01869048734664669,291.4425972704054,7.229951936216451,182.68748582573915,True,33.887639105498174,-0.6042367675343128,4,4,20160910_flight07
2016-09-10 09:05:03,54.84398034,7.80816409,89.89200000000001,0.062,2.856,1005.7260000000001,18.660999999999998,1.178603,7.285,0.406,-0.038,100,0.2,2.9,1005.7260000000001,0.01871552640470986,291.3348716281254,7.296304612610414,183.18984869208302,True,33.889836766985105,-0.5372257855660685,4,4,20160910_flight07
2016-09-10 09:05:04,54.84408714999999,7.80714381,89.64299999999999,0.35200000000000004,2.9,1005.748,18.820999999999998,1.178887,7.145,0.133,0.0,100,0.5,2.9,1005.748,0.01793425786494618,291.49278695062617,7.146237751432567,181.06640429923317,True,33.89203126072831,-0.4701701362863737,4,4,20160910_flight07
2016-09-10 09:05:05,54.844193759999996,7.806122749999999,89.45,0.47600000000000003,2.91,1005.785,18.836,1.179135,7.252000000000001,0.239,0.011000000000000001,100,0.6,3.0,1005.785,0.017705318059491493,291.50469534957824,7.255937224094487,181.8875809211984,True,33.89419640929303,-0.4030677675370029,4,4,20160910_flight07
2016-09-10 09:05:06,54.8443013,7.80510137,89.30699999999999,0.376,3.032,1005.8009999999999,18.843,1.179182,7.188,0.6,-0.03,100,0.5,3.1,1005.8009999999999,0.01765654615649126,291.51035753955904,7.212998267017675,184.7715576591081,True,33.896460990771175,-0.3359299031295411,4,4,20160910_flight07
2016-09-10 09:05:07,54.844409750000004,7.80408007,89.336,0.11900000000000001,3.193,1005.79,18.857,1.178997,7.0,0.47100000000000003,-0.025,100,0.2,3.2,1005.79,0.017756300625857202,291.5252462509624,7.0158278912755545,183.84938525323827,True,33.89882655420206,-0.26878247924684295,4,4,20160910_flight07
2016-09-10 09:05:08,54.84451852,7.80305918,89.45,0.008,3.3489999999999998,1005.797,18.882,1.178984,7.127000000000001,0.725,0.11,100,0.1,3.4,1005.797,0.01768747752932387,291.5496246850703,7.163780705744698,185.80848012997788,True,33.90123120962556,-0.2016561462370916,4,4,20160910_flight07
2016-09-10 09:05:09,54.844627440000004,7.8020392,89.696,-0.21900000000000003,3.3169999999999997,1005.7589999999999,18.904,1.178916,6.847,0.525,-0.006000000000000001,100,0.4,3.4,1005.7589999999999,0.01763106396711933,291.57473895860863,6.867097931440909,184.38462713926197,True,33.90366092237786,-0.1345856637964129,4,4,20160910_flight07
2016-09-10 09:05:10,54.84473578,7.801019790000001,89.99799999999999,-0.349,3.3,1005.7289999999999,18.915,1.178817,6.875,0.371,-0.002,100,0.5,3.3,1005.7289999999999,0.017647841536734044,291.58820843538996,6.885002977486647,183.08889257435422,True,33.906032097774876,-0.06756103845999384,4,4,20160910_flight07
2016-09-10 09:05:11,54.84484369,7.8000009,90.271,-0.37200000000000005,3.2680000000000002,1005.68,18.927,1.178601,6.742000000000001,0.396,-0.027999999999999997,100,0.5,3.3,1005.68,0.017742938425588717,291.6042521798057,6.7536197701677,183.3614788549463,True,33.908360788512645,-0.0005766484017195594,4,4,20160910_flight07
2016-09-10 09:05:12,54.84495136,7.7989824599999995,90.47200000000001,-0.171,3.2,1005.6569999999999,18.776,1.1786720000000002,7.154,0.484,0.009000000000000001,100,0.3,3.2,1005.6569999999999,0.01818474611217691,291.4554029653133,7.170353687231893,183.87041703024522,True,33.91066726547418,0.06637505424955492,4,4,20160910_flight07
2016-09-10 09:05:13,54.84505935,7.797964439999999,90.63,0.077,3.2,1005.643,18.792,1.1788210000000001,7.351,0.754,0.027999999999999997,100,0.2,3.2,1005.643,0.017986083320119528,291.4725376695479,7.389568119991858,185.85640913110137,True,33.9130129282266,0.13330502569038227,4,4,20160910_flight07
2016-09-10 09:05:14,54.84516739,7.79694691,90.779,0.295,3.242,1005.6160000000001,18.858999999999998,1.178951,7.122999999999999,0.73,-0.085,100,0.5,3.3,1005.6160000000001,0.017612964368753037,291.54166860256004,7.160309281029695,185.8515232725989,True,33.91536869432303,0.20020442730916255,4,4,20160910_flight07
2016-09-10 09:05:15,54.84527564,7.79592976,91.056,0.42700000000000005,3.1290000000000004,1005.592,18.965,1.178687,7.294,0.556,-0.23600000000000002,100,0.5,3.2,1005.592,0.017447259654483016,291.64948967936397,7.315160422027667,184.35905762864058,True,33.91775115511426,0.26708288429904137,4,4,20160910_flight07
2016-09-10 09:05:16,54.84538474,7.794913,91.32700000000001,0.275,3.1140000000000003,1005.553,18.865,1.17884,7.296,0.715,0.117,100,0.4,3.2,1005.553,0.01762411614205006,291.552882979627,7.330950893301632,185.5970515988665,True,33.92023089692978,0.3339500822477657,4,4,20160910_flight07
2016-09-10 09:05:17,54.84549422,7.79389639,91.40899999999999,0.154,3.2,1005.551,18.909,1.1787530000000002,7.266,0.745,0.053,100,0.2,3.2,1005.551,0.01754387892102116,291.59697922163286,7.3040934413519105,185.85421280033273,True,33.92275390065845,0.40081380615276974,4,4,20160910_flight07
2016-09-10 09:05:18,54.845603929999996,7.7928801299999995,91.527,0.193,3.102,1005.539,18.996,1.178563,7.231,0.582,-0.047,100,0.3,3.2,1005.539,0.017392709379692617,291.684837132947,7.254383847026569,184.60163399990694,True,33.925305520578895,0.46765882912633305,4,4,20160910_flight07
2016-09-10 09:05:19,54.84571393,7.79186408,91.65899999999999,0.23,3.02,1005.508,18.886,1.1786880000000002,7.331,0.544,-0.12,100,0.3,3.1,1005.508,0.017636617327200232,291.57758168685876,7.351156167569834,184.24387973943752,True,33.92789105219154,0.5344950839484088,4,4,20160910_flight07
2016-09-10 09:05:20,54.845824279999995,7.7908479,91.682,0.07,2.971,1005.5039999999999,18.921999999999997,1.178684,7.111000000000001,0.45299999999999996,0.075,100,0.1,3.0,1005.5039999999999,0.01751059148471512,291.61385695578537,7.125414373915388,183.64505175875837,True,33.93051391502772,0.6013453101473782,4,4,20160910_flight07
2016-09-10 09:05:21,54.84593471,7.789831329999999,91.561,0.316,2.895,1005.541,18.974,1.178601,7.29,0.348,-0.033,100,0.5,3.0,1005.541,0.01743854852694926,291.66270594876767,7.298301446227061,182.73303243205396,True,33.933141931299595,0.6682218002477702,4,4,20160910_flight07
2016-09-10 09:05:22,54.846045839999995,7.78881442,91.363,0.43700000000000006,2.8409999999999997,1005.552,18.933999999999997,1.178793,7.165,0.555,-0.138,100,0.6,2.9,1005.552,0.01742327192234905,291.62185672964773,7.186462968665462,184.42927940733,True,33.935843859634055,0.7351313558016797,4,4,20160910_flight07
2016-09-10 09:05:23,54.84615776,7.787796889999999,91.177,0.077,2.761,1005.582,18.95,1.178866,7.066,0.638,-0.151,100,0.2,2.8,1005.582,0.017334893034284704,291.63534302495475,7.094744533808106,185.1593337483162,True,33.93862698669428,0.8020933583413434,4,4,20160910_flight07
2016-09-10 09:05:24,54.846269920000005,7.786778819999999,90.975,-0.221,2.783,1005.599,18.898999999999997,1.1789830000000001,7.228,0.883,-0.053000000000000005,100,0.3,2.9,1005.599,0.017428772428898398,291.58301435444855,7.281735576083492,186.96495905765312,True,33.94143148334798,0.8690938113251798,4,4,20160910_flight07
2016-09-10 09:05:25,54.84638198,7.78576029,90.805,-0.081,2.9,1005.6260000000001,18.904999999999998,1.178952,7.353,0.7490000000000001,-0.162,100,0.2,2.9,1005.6260000000001,0.01746194034931392,291.5867657061651,7.391049316572039,185.81626920869704,True,33.94422065082231,0.9361221064055965,4,4,20160910_flight07
2016-09-10 09:05:26,54.84649442,7.78474145,90.756,-0.13,2.94,1005.6340000000001,18.910999999999998,1.1789560000000001,7.505,0.786,-2.7755575615628914e-19,100,0.2,3.1,1005.6340000000001,0.017445679920935486,291.59209265835915,7.546046713346001,185.97880154983108,True,33.947048765491495,1.0031763829650853,4,4,20160910_flight07
2016-09-10 09:05:27,54.846606920000006,7.78372262,90.7,-0.333,3.1,1005.6190000000001,18.968999999999998,1.1788750000000001,7.1770000000000005,0.617,-0.004,100,0.4,3.1,1005.6190000000001,0.017298387041308594,291.6512437194663,7.203472634778312,184.91358361274956,True,33.94988358263418,1.0702309872427458,4,4,20160910_flight07
2016-09-10 09:05:28,54.84671851,7.78270376,90.712,-0.29200000000000004,3.1,1005.6110000000001,18.938,1.178886,7.132000000000001,0.5770000000000001,-0.09699999999999999,100,0.4,3.1,1005.6110000000001,0.017388768403840293,291.62095686071814,7.155302439450062,184.62532506269503,True,33.95261788681462,1.137272830357773,4,4,20160910_flight07
2016-09-10 09:05:29,54.84682971,7.78168505,90.801,-0.015,3.008,1005.594,18.825,1.178998,7.689,1.002,0.006000000000000002,100,0.1,3.1,1005.594,0.017668628318099122,291.50954696527936,7.754013476903429,187.42471800011668,True,33.95531064158376,1.2042987760505888,4,4,20160910_flight07
2016-09-10 09:05:30,54.84694161,7.78066669,90.914,0.009000000000000001,3.091,1005.575,18.944,1.178709,7.581,0.703,-0.10800000000000001,100,0.1,3.1,1005.575,0.017484215851700124,291.6299331730798,7.613525464592603,185.29799098114998,True,33.958083780496835,1.2713136039132502,4,4,20160910_flight07
2016-09-10 09:05:31,54.84705338,7.77964848,91.06199999999998,0.18,3.1,1005.57,18.998,1.178865,7.506,0.85,-0.07200000000000001,100,0.3,3.1,1005.57,0.01715646918925695,291.68426217686397,7.553974847720901,186.4608072079019,True,33.9608440075882,1.3383167292606526,4,4,20160910_flight07
2016-09-10 09:05:32,54.84716507,7.77863069,91.256,0.244,3.0890000000000004,1005.554,18.916,1.178731,7.905,1.1079999999999999,-0.07100000000000001,100,0.3,3.1,1005.554,0.017541518147930146,291.60371933347466,7.982273423029307,187.9788515114165,True,33.96359936264098,1.405291669694642,4,4,20160910_flight07
2016-09-10 09:05:33,54.84727742,7.77761357,91.455,0.337,2.94,1005.54,19.006,1.1788090000000002,7.739,1.077,-0.054000000000000006,100,0.4,3.0,1005.54,0.017146589769826193,291.69473838246904,7.813581125194772,187.92269772337966,True,33.96643369759766,1.47223435612971,4,4,20160910_flight07
2016-09-10 09:05:34,54.84739046,7.77659677,91.50200000000001,0.289,2.898,1005.5110000000001,18.951999999999998,1.178914,7.763999999999999,1.315,-0.04100000000000001,100,0.4,2.9,1005.5110000000001,0.017214680061047538,291.64322922562417,7.874574337702324,189.61304041857193,True,33.96934703385841,1.5391676844044797,4,4,20160910_flight07
2016-09-10 09:05:35,54.8475039,7.77558016,91.5,0.264,2.8509999999999995,1005.5139999999999,19.0,1.178924,7.662000000000001,1.178,-0.04800000000000001,100,0.3,2.9,1005.5139999999999,0.017041960022759373,291.6909049387362,7.752027347732979,188.74054293581295,True,33.97230621011708,1.6060952999709386,4,4,20160910_flight07
2016-09-10 09:05:36,54.847617650000004,7.77456366,91.461,0.253,2.7430000000000003,1005.5169999999999,19.012999999999998,1.17904,7.553999999999999,1.22,-0.05800000000000001,100,0.4,2.8,1005.5169999999999,0.016899682629794466,291.7036356010979,7.6518831669073455,189.17427005417997,True,33.97530056297635,1.6730208734454237,4,4,20160910_flight07
2016-09-10 09:05:37,54.84773194,7.773547,91.274,0.278,2.7260000000000004,1005.559,19.015,1.1790019999999999,7.403,1.232,0.085,100,0.4,2.8,1005.559,0.016967973137539616,291.70214780738,7.504813988367732,189.44851599636195,True,33.97835289313518,1.7399654048183422,4,4,20160910_flight07
2016-09-10 09:05:38,54.8478467,7.77253012,91.016,0.18600000000000003,2.657,1005.5790000000001,19.033,1.178827,7.297999999999999,0.9129999999999999,-0.022,100,0.3,2.7,1005.5790000000001,0.017076513566143703,291.71845989833304,7.354887694587864,187.13081385427148,True,33.981454927683714,1.8069316067162697,4,4,20160910_flight07
2016-09-10 09:05:39,54.84796197,7.77151271,90.714,-0.09300000000000001,2.7,1005.6,19.047,1.1787050000000001,7.582000000000001,0.972,-0.096,100,0.4,2.7,1005.6,0.01715428964422827,291.7306952391724,7.644050496955132,187.30537827059607,True,33.98460816466023,1.873939974970643,4,4,20160910_flight07
2016-09-10 09:05:40,54.84807772,7.77049488,90.45700000000001,-0.848,2.7,1005.637,19.0,1.178827,7.348,1.13,-0.11200000000000002,100,1.2,2.7,1005.637,0.01725006791106476,291.6807009081219,7.43437986653897,188.7426466089038,True,33.98781033150716,1.9409829818415636,4,4,20160910_flight07
2016-09-10 09:05:41,54.84819253,7.769476620000001,90.26299999999999,-1.263,2.7809999999999997,1005.66,18.984,1.1788290000000001,7.697,1.34,0.042,100,1.4,2.8,1005.66,0.017327322951595336,291.662818821782,7.812772171259059,189.8758593301298,True,33.99090492912548,2.008038357020313,4,4,20160910_flight07
2016-09-10 09:05:42,54.848305870000004,7.76845816,90.11399999999999,-1.672,2.878,1005.676,19.087,1.178833,7.483,1.2770000000000001,-0.135,100,1.8,2.9,1005.676,0.016981491316482078,291.7643251019002,7.5911802771374095,189.68443142641038,True,33.99383573824927,2.0750828215890555,4,4,20160910_flight07
2016-09-10 09:05:43,54.84841671,7.76743937,90.1,-2.028,2.9,1005.668,19.035,1.178895,7.542999999999999,1.04,-0.053,100,2.1,2.9,1005.668,0.017100897767787338,291.71307288300784,7.614358081939671,187.8502288346735,True,33.996488090584016,2.142108081648547,4,4,20160910_flight07
2016-09-10 09:05:44,54.84852457,7.7664203,90.1,-2.373,2.91,1005.677,19.03,1.178698,7.475,1.002,-0.087,100,2.5,3.0,1005.677,0.01729740175202088,291.70733433839996,7.541858457966445,187.63480547997702,True,33.998809585724565,2.2091031910679737,4,4,20160910_flight07
2016-09-10 09:05:45,54.84862933,7.765401000000001,90.039,-2.265,2.8680000000000003,1005.6840000000001,19.066000000000003,1.1785690000000002,7.617000000000001,0.755,-0.154,100,2.4,2.9,1005.6840000000001,0.01729048935512245,291.7426953300602,7.654326488986475,185.6606897737471,True,34.000787475312485,2.2760630120490566,4,4,20160910_flight07
2016-09-10 09:05:46,54.8487305,7.76438116,89.98299999999999,-1.8030000000000002,2.8,1005.685,18.998,1.178711,7.635,0.978,-0.04100000000000001,100,2.1,2.8,1005.685,0.017405702158208358,291.6747225227545,7.697383256665866,187.29951228573043,True,34.00236488075866,2.3429994892664494,4,4,20160910_flight07
2016-09-10 09:05:47,54.84882942,7.76336089,89.87,-1.56,2.83,1005.697,19.029,1.1787990000000002,7.551,1.229,0.034,100,1.7,2.9,1005.697,0.017233950172146573,291.70467683604005,7.650362213647142,189.244393679643,True,34.003690427578505,2.409927198913686,4,4,20160910_flight07
2016-09-10 09:05:48,54.84892536,7.76234043,89.777,-1.3730000000000002,2.9,1005.717,19.059,1.178736,7.3870000000000005,0.97,-0.09300000000000001,100,1.5,2.9,1005.717,0.017204105625946653,291.73296888606393,7.450414015341698,187.48080916109635,True,34.00468596138845,2.476818994883855,4,4,20160910_flight07
2016-09-10 09:05:49,54.84901944,7.76131994,89.7,-1.105,2.9,1005.7040000000001,18.992,1.1786720000000002,7.546,1.3840000000000001,0.14300000000000002,100,1.3,2.9,1005.7040000000001,0.017479484756944386,291.6671562933421,7.671868872706311,190.39302047167155,True,34.00547634488754,2.5436827021465147,4,4,20160910_flight07
2016-09-10 09:05:50,54.84911226,7.76029961,89.63699999999999,-0.9660000000000001,2.989,1005.722,19.073,1.1785310000000002,7.1979999999999995,0.9279999999999999,-0.026999999999999996,100,1.2,3.0,1005.722,0.017337359987968926,291.7465312537352,7.257574525969402,187.34631765081946,True,34.0061294469904,2.610515834845039,4,4,20160910_flight07
2016-09-10 09:05:51,54.84920354,7.75927918,89.6,-0.638,2.9,1005.72,19.078000000000003,1.178628,7.2829999999999995,0.853,-0.109,100,0.9,2.9,1005.72,0.017234206025508847,291.75168903386805,7.332782418700284,186.6801657246731,True,34.00661198846021,2.677330524160788,4,4,20160910_flight07
2016-09-10 09:05:52,54.84929425,7.7582587,89.6,-0.629,2.917,1005.7410000000001,19.02,1.1786130000000001,7.445,1.018,-0.065,100,0.7,3.0,1005.7410000000001,0.017470335470372245,291.6920416442358,7.514276345730173,187.7861139841572,True,34.0070312785294,2.7441392186368336,4,4,20160910_flight07
2016-09-10 09:05:53,54.84938467,7.7572383,89.6,-0.42700000000000005,2.965,1005.745,18.999000000000002,1.178603,7.327000000000001,0.978,0.005,100,0.6,3.0,1005.745,0.017556152832621352,291.67074423176484,7.391983022166651,187.60283865082528,True,34.00741937705667,2.81093811147842,4,4,20160910_flight07
2016-09-10 09:05:54,54.849474550000004,7.75621804,89.6,-0.163,3.0,1005.7460000000001,19.005,1.178611,7.462000000000001,0.935,0.055,100,0.2,3.0,1005.7460000000001,0.017529360279412876,291.67665146661824,7.520350324286762,187.14202619536542,True,34.00774931068785,2.8777193270965196,4,4,20160910_flight07
2016-09-10 09:05:55,54.84956456,7.75519804,89.6,-0.23600000000000002,3.025,1005.745,19.025,1.178628,7.301,0.985,-0.04100000000000001,100,0.5,3.1,1005.745,0.017444021217870587,291.6967016690657,7.367145037258328,187.68355364261535,True,34.008096001867735,2.9444859913943664,4,4,20160910_flight07
2016-09-10 09:05:56,54.84965415,7.75417818,89.66,-0.633,3.008,1005.7289999999999,19.03,1.1786120000000002,7.484,0.9590000000000001,-0.068,100,0.8,3.1,1005.7289999999999,0.017424235767868446,291.7030206996806,7.545192973012685,187.30209008193452,True,34.008397745501235,3.011236914579668,4,4,20160910_flight07
2016-09-10 09:05:57,54.84974325,7.7531586500000005,89.82799999999999,-0.38300000000000006,2.93,1005.705,18.941999999999997,1.1789230000000002,7.7829999999999995,1.5519999999999998,0.015,100,0.6,3.0,1005.705,0.017438002727800272,291.61715463322747,7.936232922489107,191.27736759926051,True,34.00864861363413,3.0779588008428305,4,4,20160910_flight07
2016-09-10 09:05:58,54.849832299999996,7.7521395900000005,89.925,-0.198,2.96,1005.688,18.953,1.178757,7.778,1.4069999999999998,0.04699999999999999,100,0.3,3.0,1005.688,0.01752576464014033,291.62954661896583,7.9042351306119425,190.25362701717734,True,34.00889838305499,3.1446497845328483,4,4,20160910_flight07
2016-09-10 09:05:59,54.84992106,7.75112091,90.023,-0.016,2.9,1005.658,19.033,1.178462,7.733,1.29,-0.138,100,0.2,2.9,1005.658,0.017471456341345615,291.7119057101957,7.839858991078857,189.47073250943708,True,34.009119774883224,3.211311756465244,4,4,20160910_flight07
2016-09-10 09:06:00,54.850009719999996,7.750102409999999,90.1,-0.068,2.873,1005.687,18.948,1.178609,8.054,1.571,-0.046000000000000006,100,0.2,2.9,1005.687,0.017669944948391247,291.624637656139,8.20578801822226,191.03743004452818,True,34.009331840621364,3.2779605888976526,4,4,20160910_flight07
2016-09-10 09:06:01,54.85009858,7.74908435,90.098,0.059,2.725,1005.6640000000001,19.003,1.178719,8.392000000000001,1.8419999999999999,-0.013000000000000001,100,0.3,2.8,1005.6640000000001,0.017360140671810464,291.6814563717004,8.591776766187541,192.37980372021977,True,34.00957006239956,3.3445844733339576,4,4,20160910_flight07
2016-09-10 09:06:02,54.85018796,7.74806644,90.0,0.276,2.7,1005.686,19.115,1.1787990000000002,7.837999999999999,1.327,-0.203,100,0.4,2.7,1005.686,0.016923502605485252,291.79145000308824,7.949539169033636,189.6092493321343,True,34.009866966331565,3.411207142522672,4,4,20160910_flight07
2016-09-10 09:06:03,54.85027727,7.74704813,89.902,0.434,2.8259999999999996,1005.692,19.114,1.178924,7.936,1.207,-0.27,100,0.6,2.9,1005.692,0.016825224859244425,291.78995374381327,8.0272626093831,188.64793978208755,True,34.010152408212925,3.4778542958112473,4,4,20160910_flight07
2016-09-10 09:06:04,54.85036723,7.74602973,89.9,0.6809999999999999,2.7260000000000004,1005.6990000000001,19.115,1.178868,7.785,1.185,-0.022000000000000002,100,0.7,2.8,1005.6990000000001,0.01687712582667844,291.7903712651979,7.874671421716591,188.65488738326607,True,34.01050859988628,3.54451769940455,4,4,20160910_flight07
2016-09-10 09:06:05,54.85045841,7.74501114,89.8,0.727,2.7880000000000003,1005.706,19.067,1.178977,8.106,1.795,0.028000000000000004,100,0.8,2.8,1005.706,0.016957209073055646,291.74186845957644,8.30236478360232,192.48614128423813,True,34.0109973857776,3.6112129532040083,4,4,20160910_flight07
2016-09-10 09:06:06,54.85055119,7.743992919999999,89.70300000000002,0.8460000000000001,2.883,1005.715,19.1,1.178894,7.919,1.661,-0.069,100,1.0,2.9,1005.715,0.016923068351705872,291.7740680400566,8.091321400117534,191.84598845582272,True,34.01166587352938,3.677910329330565,4,4,20160910_flight07
2016-09-10 09:06:07,54.85064522,7.74297506,89.7,0.752,2.937,1005.73,19.110000000000003,1.178865,7.643,1.607,0.098,100,0.9,3.0,1005.73,0.016928455604397374,291.782807126434,7.810115107986565,191.87392273446298,True,34.01247541874172,3.7446048211313787,4,4,20160910_flight07
2016-09-10 09:06:08,54.8507402,7.74195774,89.7,0.198,2.955,1005.7260000000001,19.102,1.1788290000000001,7.684,1.537,0.068,100,0.5,3.0,1005.7260000000001,0.01698330446632057,291.7751520781016,7.836212414170509,191.31136640998892,True,34.01339466640939,3.8112800622550664,4,4,20160910_flight07
2016-09-10 09:06:09,54.85083579,7.740940900000001,89.7,-0.08,2.819,1005.7080000000001,19.096,1.178697,7.666,1.6280000000000001,0.012999999999999998,100,0.2,2.9,1005.7080000000001,0.017099872237395175,291.7706553610869,7.836959869745411,191.98956923550918,True,34.014385604586266,3.877934409078544,4,4,20160910_flight07
2016-09-10 09:06:10,54.85093198,7.739924439999999,89.62299999999999,-0.171,2.839,1005.72,19.166,1.178432,7.308,1.1840000000000002,-0.162,100,0.5,2.9,1005.72,0.017097111907486306,291.8395456000937,7.403291160017956,189.20276768977288,True,34.01544619384387,3.9445741036338906,4,4,20160910_flight07
2016-09-10 09:06:11,54.85102791,7.73890767,89.573,-0.40800000000000003,2.8,1005.737,19.124000000000002,1.178506,7.263999999999999,1.581,-0.044000000000000004,100,0.5,2.8,1005.737,0.01719658915829303,291.7962034213789,7.4340605996991975,192.27885396969256,True,34.01647523776512,4.011229453742949,4,4,20160910_flight07
2016-09-10 09:06:12,54.851123470000005,7.737890999999999,89.5,-0.451,2.8,1005.74,18.975,1.1785080000000001,7.648,1.6119999999999999,0.102,100,0.6,2.8,1005.74,0.01771672460216811,291.647198194342,7.816037870942028,191.9022495526998,True,34.01746446617554,4.0778724308022065,4,4,20160910_flight07
2016-09-10 09:06:13,54.85121934,7.73687448,89.34200000000001,-0.09,2.785,1005.752,19.121,1.178325,7.56,1.3730000000000002,0.078,100,0.5,2.8,1005.752,0.01737845452846498,291.7919636852884,7.683666377452889,190.2935081659815,True,34.018489246378,4.1445108044194825,4,4,20160910_flight07
2016-09-10 09:06:14,54.85131485,7.735857660000001,89.15100000000001,-0.925,2.881,1005.775,19.145,1.178494,7.287000000000001,0.779,-0.17300000000000001,100,1.1,2.9,1005.775,0.017172295898133516,291.814015790054,7.328520314497328,186.10189959123352,True,34.01947156058519,4.211162579827443,4,4,20160910_flight07
2016-09-10 09:06:15,54.85140853,7.734840279999999,89.1,-0.691,2.81,1005.7919999999999,19.098000000000003,1.178354,7.403,1.163,-0.21100000000000002,100,1.0,2.9,1005.7919999999999,0.017473946821055186,291.7656827195445,7.49379596733191,188.9281083763459,True,34.02024705751144,4.277820688440574,4,4,20160910_flight07
2016-09-10 09:06:16,54.851501850000005,7.7338226,89.141,-0.501,2.7539999999999996,1005.789,19.079,1.178337,7.348,1.558,-0.381,100,0.6,2.8,1005.789,0.017551745516823036,291.74696295423246,7.511355936180896,191.97115787083376,True,34.02098008844244,4.344492198844277,4,4,20160910_flight07
2016-09-10 09:06:17,54.851594809999995,7.73280467,89.26,-0.217,2.8,1005.775,19.051000000000002,1.178324,7.789,1.6909999999999998,-0.28,100,0.4,2.8,1005.775,0.017646313945361536,291.72017047116634,7.970445533343792,192.248892338257,True,34.021671122367096,4.411173909351097,4,4,20160910_flight07
2016-09-10 09:06:18,54.851687979999994,7.73178682,89.391,-0.068,2.79,1005.7589999999999,19.021,1.178325,8.031,1.734,-0.10300000000000001,100,0.2,2.9,1005.7589999999999,0.017733751231230332,291.69154696143744,8.216064568879679,192.18388896854856,True,34.02238603704036,4.477853885352693,4,4,20160910_flight07
2016-09-10 09:06:19,54.85178143,7.73076924,89.456,0.086,2.9,1005.7510000000001,19.093000000000004,1.178475,7.875,1.86,-0.16699999999999998,100,0.2,2.9,1005.7510000000001,0.01734541118731725,291.7640925450176,8.09167627874472,193.28917357466403,True,34.02313432474952,4.544521089835541,4,4,20160910_flight07
2016-09-10 09:06:20,54.851874859999995,7.729752059999999,89.586,-0.48200000000000004,2.822,1005.7280000000001,19.109,1.178499,7.529,1.3530000000000002,-0.095,100,0.9,2.9,1005.7280000000001,0.01724573524431272,291.7819747077253,7.6496045649432105,190.1876088491083,True,34.02388416149565,4.611162358135078,4,4,20160910_flight07
2016-09-10 09:06:21,54.85196716,7.72873476,89.616,-0.861,2.7909999999999995,1005.7180000000001,19.107,1.178365,7.412000000000001,1.232,-0.28,100,1.0,2.8,1005.7180000000001,0.017358259623492245,291.780807715429,7.513692035211451,189.43724966476645,True,34.02450840929072,4.677793078772632,4,4,20160910_flight07
2016-09-10 09:06:22,54.85205827,7.7277172599999995,89.686,-0.529,2.6240000000000006,1005.701,18.953999999999997,1.178511,7.66,2.114,0.06,100,0.6,2.7,1005.701,0.017747832465389912,291.6294668572332,7.946357404496729,195.4283929765431,True,34.02499970907181,4.744417406392203,4,4,20160910_flight07
2016-09-10 09:06:23,54.852149419999996,7.72670003,89.495,0.172,2.719,1005.725,19.104,1.178621,7.119,2.089,-0.055,100,0.5,2.8,1005.725,0.017154806883771467,291.7772317880495,7.419169899658586,196.35380347555355,True,34.02549794718859,4.811025090270855,4,4,20160910_flight07
2016-09-10 09:06:24,54.852240540000004,7.725682910000001,89.36200000000001,0.445,2.7,1005.758,19.014,1.178611,7.483,1.656,0.040999999999999995,100,0.6,2.7,1005.758,0.017510155896097723,291.6846413926093,7.664047559873307,192.47853332912726,True,34.025993912750145,4.877625246410012,4,4,20160910_flight07
2016-09-10 09:06:25,54.85233265,7.72466591,89.083,0.066,2.7460000000000004,1005.79,19.099,1.178904,7.292000000000001,1.942,0.192,100,0.6,2.8,1005.79,0.01699375740873288,291.7668469988648,7.546166443963452,194.91283180284188,True,34.026600047022114,4.944233691415082,4,4,20160910_flight07
2016-09-10 09:06:26,54.85242462,7.7236490700000004,88.88,-0.8420000000000001,2.747,1005.809,19.071,1.1790310000000002,7.068,1.969,-0.212,100,1.0,2.8,1005.809,0.017000858461168278,291.7373170294218,7.337137384566272,195.56674768653517,True,34.027192261825554,5.0108296322248,4,4,20160910_flight07
2016-09-10 09:06:27,54.85251559,7.72263228,88.88600000000001,-0.862,2.75,1005.8059999999999,19.022000000000002,1.179005,8.324,2.016,0.13,100,1.0,2.8,1005.8059999999999,0.017190816305635348,291.68864695772436,8.564650138797264,193.61438592711647,True,34.027674801042295,5.077406237089453,4,4,20160910_flight07
2016-09-10 09:06:28,54.852607049999996,7.72161607,88.73100000000001,-0.294,2.884,1005.82,19.098000000000003,1.1790740000000002,7.943,1.827,-0.19699999999999998,100,0.7,2.9,1005.82,0.016880935596858215,291.7633597563824,8.150409682954594,192.95351811584945,True,34.02821675140033,5.143953608168337,4,4,20160910_flight07
2016-09-10 09:06:29,54.85269726000001,7.72059986,88.81,-0.528,2.964,1005.819,19.101,1.179078,8.005,1.493,-0.013999999999999999,100,0.7,3.1,1005.819,0.01686603646553464,291.76643774381677,8.14303837642928,190.56476227174346,True,34.02862102103745,5.210480811425019,4,4,20160910_flight07
2016-09-10 09:06:30,54.85278622,7.71958403,88.959,0.513,3.1210000000000004,1005.7919999999999,19.009,1.179004,8.267000000000001,1.828,0.10400000000000001,100,1.0,3.2,1005.7919999999999,0.017222781235815443,291.67682960245884,8.466691975027793,192.46861923387178,True,34.028891174283544,5.276963514035977,4,4,20160910_flight07
2016-09-10 09:06:31,54.85287682999999,7.718569240000001,89.098,1.236,3.054,1005.783,18.972,1.1790440000000002,8.809,1.6440000000000001,0.098,100,1.3,3.2,1005.783,0.017308004485668382,291.6406370286087,8.961094631795827,190.57134452448943,True,34.02935282110277,5.343406243077872,4,4,20160910_flight07
2016-09-10 09:06:32,54.8529701,7.71755537,89.13199999999999,1.391,2.9,1005.785,19.049,1.179228,8.681000000000001,1.557,0.161,100,1.4,2.9,1005.785,0.016883253426373646,291.7173442440781,8.819524363592405,190.1682967735835,True,34.03011608194144,5.409832978200932,4,4,20160910_flight07
2016-09-10 09:06:33,54.853064999999994,7.716541680000001,89.09599999999999,1.213,2.904,1005.775,19.043,1.179406,8.515,1.661,-0.013999999999999999,100,1.4,3.0,1005.775,0.016740550799418275,291.71218363551634,8.675491110017923,191.03793628739305,True,34.03106056680975,5.476274486090085,4,4,20160910_flight07
2016-09-10 09:06:34,54.85316139,7.7155282199999995,88.992,1.1059999999999999,2.8,1005.7819999999999,19.0,1.179409,8.737,1.8319999999999999,0.053,100,1.2,2.8,1005.7819999999999,0.01689469014927636,291.6686738274347,8.927003584630176,191.84238006634286,True,34.03217132446064,5.542725306262499,4,4,20160910_flight07
2016-09-10 09:06:35,54.8532605,7.71451494,88.85600000000001,0.826,2.8,1005.798,19.023,1.1794660000000001,8.527999999999999,1.791,-0.035,100,1.0,2.8,1005.798,0.016781674877657915,291.69030884020714,8.714038386419926,191.86055129172541,True,34.033583363732824,5.609208485542299,4,4,20160910_flight07
2016-09-10 09:06:36,54.853360460000005,7.7135017800000005,88.74799999999999,0.615,2.8,1005.812,18.992,1.179608,8.713,1.952,0.05600000000000001,100,0.7,2.8,1005.812,0.0167813089692892,291.6581989926843,8.928979392965356,192.62764023817084,True,34.03509015147631,5.675697694892058,4,4,20160910_flight07
2016-09-10 09:06:37,54.85346166,7.71248887,88.62299999999999,0.544,2.8,1005.8259999999999,18.998,1.1795390000000001,8.862,1.9,-0.13,100,0.6,2.8,1005.8259999999999,0.016834057878755804,291.66302799154755,9.063390314887691,192.10093842303016,True,34.03673586345207,5.742190902285372,4,4,20160910_flight07
2016-09-10 09:06:38,54.8535642,7.71147607,88.6,0.535,2.872,1005.802,19.0,1.179556,8.654,1.9529999999999998,-0.063,100,0.6,2.9,1005.802,0.01678817997237214,291.66701509474404,8.871635982162479,192.71724311994802,True,34.03853020094401,5.808698685872387,4,4,20160910_flight07
2016-09-10 09:06:39,54.85366755,7.710463600000001,88.691,0.35,2.9,1005.819,18.957,1.179594,8.73,2.0340000000000003,-0.11800000000000001,100,0.5,2.9,1005.819,0.016922285176559804,291.62267650079247,8.963819275286623,193.11534823772925,True,34.04041685088642,5.875198407072429,4,4,20160910_flight07
2016-09-10 09:06:40,54.85377179,7.70945156,88.781,0.22,2.805,1005.817,18.971,1.179567,8.491,2.2880000000000003,0.0030000000000000005,100,0.3,2.9,1005.817,0.016894802783424145,291.636819139599,8.793862916830122,195.08082898231652,True,34.042405562829636,5.941684953252022,4,4,20160910_flight07
2016-09-10 09:06:41,54.85387627,7.70844005,88.83200000000001,0.031000000000000007,2.8859999999999997,1005.805,19.0,1.179394,7.8389999999999995,2.088,0.14700000000000002,100,0.3,2.9,1005.805,0.01693087783698677,291.6667662884989,8.112315637350411,194.91503876665968,True,34.044425680778374,6.008141433768538,4,4,20160910_flight07
2016-09-10 09:06:42,54.853980119999996,7.707429029999999,88.76100000000001,0.0030000000000000014,2.943,1005.8,18.904,1.179251,8.062999999999999,1.955,0.24900000000000003,100,0.3,3.0,1005.8,0.017383448918708355,291.5713396196291,8.296625458582541,193.62923203088224,True,34.04638100375716,6.074556373167614,4,4,20160910_flight07
2016-09-10 09:06:43,54.854084439999994,7.70641877,88.57,-0.067,2.9,1005.8259999999999,18.988,1.1792749999999999,8.274,2.17,0.109,100,0.4,2.9,1005.8259999999999,0.017096507243058667,291.65304459176417,8.553828148846572,194.69583227477546,True,34.048395223355726,6.1409302300217945,4,4,20160910_flight07
2016-09-10 09:06:44,54.854188549999996,7.70540881,88.5,-0.594,2.9,1005.8389999999999,19.137,1.179293,7.754,1.4480000000000002,-0.16899999999999998,100,0.9,2.9,1005.8389999999999,0.01657564132488587,291.8007186225456,7.8880428497821935,190.57771238854554,True,34.05038912654101,6.207281488558477,4,4,20160910_flight07
2016-09-10 09:06:45,54.854291249999996,7.704398619999999,88.59199999999998,-0.217,2.966,1005.812,19.0,1.179522,8.089,2.171,-0.055,100,0.5,3.0,1005.812,0.016827598651066644,291.66618574430487,8.375270861291591,195.0235176219516,True,34.05222556851069,6.273624725552755,4,4,20160910_flight07
2016-09-10 09:06:46,54.85439387,7.703389039999999,88.68799999999999,-0.688,2.827,1005.812,19.0,1.179352,7.85,2.039,0.085,100,0.8,2.9,1005.812,0.016974171253453907,291.66618574430487,8.110488333016699,194.56054201636033,True,34.05405892060868,6.339927611222119,4,4,20160910_flight07
2016-09-10 09:06:47,54.85449611,7.70238006,88.56199999999998,-0.541,2.8,1005.823,19.0,1.179388,8.323,2.07,0.014000000000000002,100,0.7,2.8,1005.823,0.016954250557726924,291.66527347106904,8.576551113355531,193.96657214546894,True,34.0558560456613,6.406185945626344,4,4,20160910_flight07
2016-09-10 09:06:48,54.854598089999996,7.70137128,88.417,-0.247,2.815,1005.837,19.0,1.179389,8.487,2.256,0.057999999999999996,100,0.4,2.9,1005.837,0.016967543208926683,291.6641124145977,8.781725627688443,194.88602740125273,True,34.057626409088705,6.472427278374612,4,4,20160910_flight07
2016-09-10 09:06:49,54.85469989,7.70036248,88.25200000000001,-0.58,2.9,1005.862,19.023,1.17905,8.021,1.6909999999999998,-0.033,100,0.8,2.9,1005.862,0.017205144054553978,291.68500073562194,8.19731187646292,191.9048572191445,True,34.05937675889619,6.538666987631442,4,4,20160910_flight07
2016-09-10 09:06:50,54.8548,7.69935336,88.2,-0.769,2.9,1005.8639999999999,18.99,1.178998,7.776,1.689,-0.062,100,0.9,2.9,1005.8639999999999,0.017366939105094126,291.6518900010331,7.95731719865433,192.25467852569923,True,34.06093796282165,6.604899920790617,4,4,20160910_flight07
2016-09-10 09:06:51,54.85489871,7.69834393,88.176,-0.337,2.9,1005.8589999999999,18.968,1.179059,8.097000000000001,1.7469999999999999,0.10200000000000001,100,0.6,2.9,1005.8589999999999,0.017385863141750058,291.6303413597289,8.28332167671883,192.17543557223328,True,34.06234205659209,6.671130116449651,4,4,20160910_flight07
2016-09-10 09:06:52,54.85499705,7.697334530000001,88.1,-0.43800000000000006,2.946,1005.8709999999999,18.918,1.17927,8.068999999999999,1.982,-0.11699999999999999,100,0.5,3.0,1005.8709999999999,0.017390103746888652,291.5794299617765,8.30885581774049,193.80042528548825,True,34.063705678263105,6.7373524214208205,4,4,20160910_flight07
2016-09-10 09:06:53,54.855094890000004,7.6963252,88.212,-0.35200000000000004,2.9,1005.835,18.93,1.179203,8.152999999999999,1.901,-0.185,100,0.5,2.9,1005.835,0.017369695540258467,291.59439465888977,8.371690988085978,193.1249135267663,True,34.06501488423293,6.803562176900986,4,4,20160910_flight07
2016-09-10 09:06:54,54.85519209,7.69531603,88.3,-0.43200000000000005,2.9,1005.845,18.82,1.179389,8.256,2.016,0.008,100,0.5,2.9,1005.845,0.01760259893766225,291.4837487378153,8.498575880699072,193.72229713313354,True,34.06625509844443,6.869751361056849,4,4,20160910_flight07
2016-09-10 09:06:55,54.855288110000004,7.69430708,88.3,-0.436,2.8489999999999998,1005.837,18.823,1.179323,8.624,2.263,0.047,100,0.6,2.9,1005.837,0.017640998109565098,291.4874067911256,8.915971343605811,194.70333140705668,True,34.067367405615464,6.9359074193644785,4,4,20160910_flight07
2016-09-10 09:06:56,54.855383620000005,7.69329854,88.25200000000001,-0.125,2.8339999999999996,1005.84,18.861,1.179259,8.818000000000001,2.469,0.205,100,0.3,2.9,1005.84,0.017566826924663825,291.52509491490605,9.157133012029476,195.64200544826377,True,34.0684273847802,7.00202899536517,4,4,20160910_flight07
2016-09-10 09:06:57,54.85547883,7.692290400000001,88.12100000000001,-0.322,3.102,1005.865,18.988,1.179201,8.322000000000001,2.261,-0.09300000000000001,100,0.6,3.2,1005.865,0.01719977395856387,291.64981041710934,8.623676999980926,195.19976047920815,True,34.06945807250141,7.068120117590412,4,4,20160910_flight07
2016-09-10 09:06:58,54.85557249000001,7.6912828,88.295,-0.415,3.108,1005.83,18.916,1.179133,8.408999999999999,2.2119999999999997,0.114,100,0.5,3.2,1005.83,0.01747380434606849,291.5808324774357,8.69506900490157,194.73786112982202,True,34.07032310123296,7.134151653493895,4,4,20160910_flight07
2016-09-10 09:06:59,54.85566511,7.69027611,88.493,-0.092,3.1430000000000002,1005.809,19.008,1.1790770000000002,8.023,2.541,-0.17,100,0.3,3.2,1005.809,0.01718047582812976,291.6744213067568,8.415771503552126,197.5737467997248,True,34.07108211524295,7.20010813906097,4,4,20160910_flight07
2016-09-10 09:07:00,54.85575729,7.68927035,88.917,-0.053000000000000005,3.2460000000000004,1005.7610000000001,18.863999999999997,1.179048,8.113999999999999,2.238,-0.12,100,0.1,3.3,1005.7610000000001,0.017658538241708044,291.53463879583063,8.416985208493596,195.41989854161756,True,34.07180138887796,7.265997974172081,4,4,20160910_flight07
2016-09-10 09:07:01,54.85584965,7.68826574,89.39399999999999,0.239,3.055,1005.691,18.784000000000002,1.179056,8.646,2.674,-0.04,100,0.4,3.2,1005.691,0.017859658051309735,291.4605718830592,9.050060331290616,197.18558143663552,True,34.072551275336785,7.331817074643056,4,4,20160910_flight07
2016-09-10 09:07:02,54.855942569999996,7.68726221,89.67,0.6809999999999999,2.952,1005.6619999999999,18.804000000000002,1.179161,8.174,2.437,0.154,100,1.0,3.0,1005.6619999999999,0.01766995388887227,291.48294335294827,8.529551277763678,196.60144690405616,True,34.07337297297014,7.397576053853898,4,4,20160910_flight07
2016-09-10 09:07:03,54.85603594,7.68625912,89.7,1.4070000000000003,3.013,1005.635,18.926,1.178934,8.147,2.181,0.122,100,1.6,3.1,1005.635,0.017413424691459234,291.60698564335667,8.433882261449943,194.98699357233616,True,34.07424836278804,7.463314118633225,4,4,20160910_flight07
2016-09-10 09:07:04,54.85613124,7.68525661,89.7,1.2209999999999999,2.901,1005.65,18.915,1.179024,7.974,2.105,0.053000000000000005,100,1.6,3.0,1005.65,0.017389251988118914,291.59475938177104,8.24716320924959,194.78776407585286,True,34.07534177194131,7.529046182958418,4,4,20160910_flight07
2016-09-10 09:07:05,54.856228810000005,7.68425427,89.555,0.696,2.657,1005.68,18.832,1.179135,8.568999999999999,1.9569999999999999,0.05,100,0.8,2.8,1005.68,0.017613014197835675,291.5094059441997,8.789630822736527,192.8646525117065,True,34.076686803857186,7.594803986312398,4,4,20160910_flight07
2016-09-10 09:07:06,54.85632797,7.68325154,89.209,0.418,2.5,1005.715,18.949,1.179076,7.872000000000001,1.631,-0.239,100,0.6,2.5,1005.715,0.017291713201836867,291.6233139450214,8.039188080894737,191.70549364567125,True,34.078203307520056,7.6606124162970115,4,4,20160910_flight07
2016-09-10 09:07:07,54.8564268,7.68224733,88.76299999999999,0.945,2.417,1005.758,18.815,1.179303,8.412,1.814,0.062,100,1.3,2.5,1005.758,0.017606210196706273,291.4859678954052,8.605366930003624,192.1691610991612,True,34.07966958133005,7.726510291918827,4,4,20160910_flight07
2016-09-10 09:07:08,54.85652818,7.68124208,88.10700000000001,1.408,2.406,1005.834,18.855,1.179416,8.623,2.075,0.258,100,1.6,2.5,1005.834,0.01744620825413623,291.5196022430936,8.869146182130498,193.53015722926114,True,34.08140696879555,7.792515904993042,4,4,20160910_flight07
2016-09-10 09:07:09,54.85663199,7.68023593,87.385,1.5630000000000002,2.638,1005.934,18.952,1.179352,8.18,1.839,0.076,100,1.7,2.7,1005.934,0.017264660900084827,291.60814967521554,8.384170859423131,192.67038280313562,True,34.083403565743254,7.858618354684379,4,4,20160910_flight07
2016-09-10 09:07:10,54.856737329999994,7.67922875,86.904,0.7829999999999999,2.6630000000000003,1005.997,18.87,1.179412,8.105,1.6840000000000002,0.037000000000000005,100,1.1,2.8,1005.997,0.01756227017511436,291.5210667861648,8.278096459935703,191.73751511036704,True,34.08555902267498,7.924811444547585,4,4,20160910_flight07
2016-09-10 09:07:11,54.856843680000004,7.6782209,86.53299999999999,0.444,2.9109999999999996,1006.0160000000001,18.828,1.179344,8.064,1.3969999999999998,0.099,100,0.6,3.0,1006.0160000000001,0.01778654544152447,291.47756410910785,8.18411296354101,189.82832148606943,True,34.08781944114885,7.991063732620523,4,4,20160910_flight07
2016-09-10 09:07:12,54.85695137,7.67721291,86.314,0.34600000000000003,3.0,1006.046,18.872,1.179572,8.152999999999999,1.8090000000000002,0.036000000000000004,100,0.6,3.0,1006.046,0.017466833690339856,291.5190024461395,8.351280740102082,192.5102039759547,True,34.090226140180114,8.057346605323165,4,4,20160910_flight07
2016-09-10 09:07:13,54.857059840000005,7.676205169999999,86.3,0.005,3.155,1006.041,18.842,1.1796119999999999,8.305,1.9509999999999998,0.042,100,0.2,3.2,1006.041,0.01753180841847901,291.4894684457435,8.531085862889904,193.2201380333966,True,34.09272109694049,8.12362605431101,4,4,20160910_flight07
2016-09-10 09:07:14,54.85716839,7.67519802,86.41,-0.322,3.2290000000000005,1006.0310000000001,18.875,1.1795099999999998,8.246,1.932,0.038,100,0.5,3.3,1006.0310000000001,0.0174946920154464,291.52324040416767,8.46930575667215,193.18628824230257,True,34.095230399362734,8.18986901412974,4,4,20160910_flight07
2016-09-10 09:07:15,54.85727635999999,7.67419165,86.689,-0.389,3.3,1005.995,18.849,1.179435,8.232999999999999,1.704,-0.021,100,0.5,3.3,1005.995,0.017613583406026923,291.50026841019377,8.407491005050197,191.69351135508117,True,34.09768313419389,8.256052669757935,4,4,20160910_flight07
2016-09-10 09:07:16,54.85738357,7.6731859799999995,86.994,-0.39299999999999996,3.3,1005.966,18.933,1.179229,8.032,1.1340000000000001,0.12,100,0.5,3.3,1005.966,0.017469313032674183,291.5865289703633,8.111657044032372,188.03620440700695,True,34.100058725025306,8.322179239728996,4,4,20160910_flight07
2016-09-10 09:07:17,54.85749025,7.67218076,87.182,-0.213,3.234,1005.956,18.851,1.179331,8.269,1.386,-0.0019999999999999996,100,0.3,3.3,1005.956,0.017656898080222527,291.5054971149644,8.38435191293877,189.51512418596218,True,34.10238016015016,8.38826844335787,4,4,20160910_flight07
2016-09-10 09:07:18,54.85759708,7.67117591,87.376,-0.45300000000000007,3.188,1005.92,18.857,1.179244,8.086,1.6380000000000001,-0.024,100,0.7,3.2,1005.92,0.017674644340847978,291.51447063384984,8.250238784423152,191.45157811750204,True,34.10472158749788,8.454336374639956,4,4,20160910_flight07
2016-09-10 09:07:19,54.857703289999996,7.67017128,87.604,-0.33,3.07,1005.883,18.824,1.179243,8.516,1.6440000000000001,-0.098,100,0.7,3.1,1005.883,0.01775309222059862,291.4845926725898,8.673234229513232,190.92644618860376,True,34.10699678876857,8.5203802152582,4,4,20160910_flight07
2016-09-10 09:07:20,54.85780947999999,7.66916696,87.75299999999999,-0.302,2.975,1005.8609999999999,18.807000000000002,1.179166,8.046,1.5019999999999998,-0.2,100,0.6,3.0,1005.8609999999999,0.017856554875414155,291.4694443821146,8.18499358582522,190.5740739178212,True,34.10927269489351,8.586403882730366,4,4,20160910_flight07
2016-09-10 09:07:21,54.85791527000001,7.66816234,87.876,0.18400000000000002,2.8480000000000003,1005.828,18.807000000000002,1.17927,8.634,1.651,0.04300000000000001,100,0.4,2.9,1005.828,0.017733399349847856,291.4721792994128,8.790435540972927,190.82545905969752,True,34.11150172924124,8.652440306623074,4,4,20160910_flight07
2016-09-10 09:07:22,54.85802194,7.66715776,87.714,-0.332,2.9219999999999997,1005.868,18.851,1.1792749999999999,7.994,1.5930000000000002,-0.062,100,1.1,3.0,1005.868,0.017616195543183055,291.5127906974429,8.15117690888868,191.26995515437915,True,34.11382806600873,8.718488367312675,4,4,20160910_flight07
2016-09-10 09:07:23,54.85812755,7.66615263,87.551,-1.093,2.887,1005.88,18.824,1.179307,7.986000000000001,1.5390000000000001,0.01,100,1.2,2.9,1005.88,0.017694824378153173,291.48484130415045,8.132940243233072,190.9078779713171,True,34.116032490619574,8.784554544248612,4,4,20160910_flight07
2016-09-10 09:07:24,54.85823178,7.665147060000001,87.38300000000001,-0.622,2.95,1005.895,18.721,1.1793529999999999,8.482000000000001,1.6869999999999998,0.066,100,0.9,3.0,1005.895,0.018029436760824247,291.3807711554994,8.6481381233188,191.24886481369398,True,34.11808078858902,8.85062663075626,4,4,20160910_flight07
2016-09-10 09:07:25,54.858336230000006,7.6641414999999995,87.234,-0.625,3.051,1005.924,18.788,1.179358,8.317,1.317,0.087,100,0.8,3.1,1005.924,0.017820826140963808,291.44525556571296,8.420628123839693,188.99809549171135,True,34.12015341216515,8.916701626463503,4,4,20160910_flight07
2016-09-10 09:07:26,54.85843919,7.66313563,87.15899999999999,-0.691,3.005,1005.93,18.854,1.179537,7.888999999999999,1.315,0.015,100,0.8,3.1,1005.93,0.017442418629493472,291.51064688303126,7.99784633510797,189.46349994609847,True,34.12205901257185,8.982772432586925,4,4,20160910_flight07
2016-09-10 09:07:27,54.8585405,7.6621294,87.1,-0.691,3.125,1005.936,18.873,1.179621,8.147,1.699,-0.014999999999999998,100,0.8,3.2,1005.936,0.017309841578193153,291.5291174678978,8.322271925381914,191.77980296195068,True,34.12377949768774,9.048839669333013,4,4,20160910_flight07
2016-09-10 09:07:28,54.85864141,7.66112344,87.236,-0.24400000000000002,3.335,1005.895,18.811,1.179603,8.334,1.7469999999999999,0.07600000000000001,100,0.5,3.4,1005.895,0.01749992836769909,291.4706199907862,8.515137403471536,191.8391020231565,True,34.12545845752555,9.114883163264903,4,4,20160910_flight07
2016-09-10 09:07:29,54.85874285,7.660118270000001,87.53200000000001,0.09700000000000002,3.533,1005.8709999999999,18.79,1.17943,8.583,1.6840000000000002,0.064,100,0.2,3.7,1005.8709999999999,0.01769809624527352,291.4516440796014,8.746641927048346,191.1005293376686,True,34.12720320405237,9.180884621695004,4,4,20160910_flight07
2016-09-10 09:07:30,54.85884428,7.65911439,88.03399999999999,0.32899999999999996,3.695,1005.8109999999999,18.812,1.179521,8.687000000000001,1.788,-0.063,100,0.4,3.7,1005.8109999999999,0.017482204702274684,291.478579962419,8.869098770450131,191.63047027530436,True,34.12895894910857,9.246803315251768,4,4,20160910_flight07
2016-09-10 09:07:31,54.85894597000001,7.658112129999999,88.75,0.431,3.779,1005.717,18.784,1.179485,8.532,1.775,0.085,100,0.5,3.9,1005.717,0.0175157491313358,291.4584168823827,8.71468008592398,191.75219785166507,True,34.13075852707371,9.312622469049073,4,4,20160910_flight07
2016-09-10 09:07:32,54.85904821,7.65711164,89.564,0.327,3.9,1005.62,18.8,1.179313,8.439,1.86,-0.001,100,0.4,3.9,1005.62,0.0175102325104044,291.48243143299857,8.64154621581115,192.42956445043328,True,34.13263528684652,9.378337156959464,4,4,20160910_flight07
2016-09-10 09:07:33,54.859151149999995,7.65611356,90.493,0.449,3.9530000000000003,1005.502,18.789,1.179137,8.689,1.795,0.08,100,0.5,4.0,1005.502,0.017581034893097813,291.4812313938251,8.872471245374651,191.67214234682524,True,34.13461175320518,9.443908817525557,4,4,20160910_flight07
2016-09-10 09:07:34,54.85925523,7.655117669999999,91.43700000000001,0.596,4.0,1005.396,18.801000000000002,1.1790829999999999,8.746,1.876,0.048,100,0.7,4.0,1005.396,0.017478537169246744,291.50200172687676,8.944936668305708,192.1063887392558,True,34.13673432620253,9.509358637244638,4,4,20160910_flight07
2016-09-10 09:07:35,54.859360020000004,7.6541239800000005,92.39299999999999,0.258,4.059,1005.2610000000001,18.878999999999998,1.1788090000000002,8.219,1.744,-0.075,100,0.4,4.1,1005.2610000000001,0.01730659180536387,291.5910802133769,8.401993632466047,191.97997325359216,True,34.138955737466645,9.574679038048005,4,4,20160910_flight07
2016-09-10 09:07:36,54.85946464,7.65313225,93.44,0.34600000000000003,4.01,1005.1290000000001,18.771,1.178888,8.759,2.0220000000000002,0.047,100,0.5,4.1,1005.1290000000001,0.017481138271263852,291.4941895778445,8.989358430944892,192.998916375973,True,34.141176808610226,9.639871189887653,4,4,20160910_flight07
2016-09-10 09:07:37,54.85957042,7.6521428,94.439,0.4,4.0,1005.0189999999999,18.72,1.178832,8.751,2.424,-0.002,100,0.5,4.0,1005.0189999999999,0.017595895151337304,291.45238680389394,9.080516339944552,195.48256735886002,True,34.1435470334678,9.704936060528246,4,4,20160910_flight07
2016-09-10 09:07:38,54.85967693,7.65115564,95.479,0.364,3.9339999999999997,1004.8889999999999,18.889,1.178432,8.486,1.844,-0.18400000000000002,100,0.5,4.0,1004.8889999999999,0.01722063429908416,291.63193422038745,8.684038922068464,192.25972806194375,True,34.14601914366896,9.769866071901538,4,4,20160910_flight07
2016-09-10 09:07:39,54.85978325,7.6501699499999996,96.465,0.192,3.6519999999999997,1004.779,18.72,1.178503,8.745,1.975,-0.094,100,0.3,3.8,1004.779,0.017636903861565134,291.47229524760354,8.965246789687386,192.72636662812522,True,34.148484114743994,9.83469888816088,4,4,20160910_flight07
2016-09-10 09:07:40,54.859890109999995,7.64918209,97.137,0.505,3.3709999999999996,1004.69,18.689,1.178512,8.922,2.04,0.067,100,0.6,3.5,1004.69,0.017647080197457088,291.4487209731596,9.152250215111037,192.87918640609553,True,34.15098820966878,9.89967937014569,4,4,20160910_flight07
2016-09-10 09:07:41,54.85999762,7.64819771,97.434,0.526,3.1340000000000003,1004.675,18.828,1.178313,8.773000000000001,1.825,-0.163,100,0.6,3.3,1004.675,0.01731921105925993,291.5887801702529,8.960812128373188,191.75133574365924,True,34.15359654036441,9.964447501966331,4,4,20160910_flight07
2016-09-10 09:07:42,54.86010537,7.64721286,97.5,0.21,2.8739999999999997,1004.6510000000001,18.738,1.1784569999999999,8.923,2.106,-0.053,100,0.3,3.0,1004.6510000000001,0.017484233783623182,291.50089171290944,9.168160393448623,193.27988246557214,True,34.15622689723976,10.029249601868802,4,4,20160910_flight07
2016-09-10 09:07:43,54.86021373,7.64622661,97.286,0.244,2.784,1004.678,18.709,1.1785510000000001,8.972999999999999,2.438,0.027000000000000003,100,0.4,2.8,1004.678,0.01753151800188224,291.4696898855746,9.298310222830812,195.20053432526828,True,34.15891131055183,10.09415119091138,4,4,20160910_flight07
2016-09-10 09:07:44,54.86032314,7.64523898,96.85799999999999,0.445,2.7230000000000003,1004.719,18.752,1.1785830000000002,8.685,2.434,0.07,100,0.5,2.8,1004.719,0.017395519840230023,291.50923025635507,9.019621998731433,195.65570403938554,True,34.16169843151166,10.159158087492735,4,4,20160910_flight07
2016-09-10 09:07:45,54.86043273999999,7.64425062,96.374,0.457,2.7859999999999996,1004.752,18.737000000000002,1.178682,9.152,2.383,0.083,100,0.5,2.8,1004.752,0.017395761214523686,291.49151229632,9.457155650617155,194.59462121997745,True,34.1644996326679,10.224214794216742,4,4,20160910_flight07
2016-09-10 09:07:46,54.86054291000001,7.6432616499999995,95.885,0.596,2.7,1004.802,18.813,1.178807,9.213,2.2729999999999997,0.051000000000000004,100,0.7,2.7,1004.802,0.01707368070750781,291.56325975948647,9.489251709170748,193.85904813966235,True,34.16735789454208,10.289319758052482,4,4,20160910_flight07
2016-09-10 09:07:47,54.86065378,7.64227193,95.36399999999999,0.39399999999999996,2.653,1004.868,18.811,1.1790360000000002,8.937,2.383,0.036000000000000004,100,0.6,2.7,1004.868,0.016949897454710205,291.55578552026554,9.249251753520388,194.9302200827284,True,34.17028622274948,10.35448404117702,4,4,20160910_flight07
2016-09-10 09:07:48,54.86076464,7.641281330000001,94.82600000000001,-0.006000000000000003,2.7510000000000003,1004.895,18.84,1.179089,8.877,2.478,0.11599999999999999,100,0.4,2.8,1004.895,0.01683050892172888,291.58250460006917,9.216377433677508,195.5969885693921,True,34.17320519526509,10.419704512654484,4,4,20160910_flight07
2016-09-10 09:07:49,54.86087514,7.640290139999999,94.363,-0.125,2.8289999999999997,1004.951,18.83,1.179093,9.032,2.4819999999999998,0.214,100,0.2,2.9,1004.951,0.016918551498128265,291.5678716443685,9.366821659453114,195.3656349668632,True,34.17607898163516,10.484956955708697,4,4,20160910_flight07
2016-09-10 09:07:50,54.86098587000001,7.63929871,93.988,0.152,2.9,1004.99,18.81,1.178943,9.014,2.53,-0.043,100,0.3,2.9,1004.99,0.017157079225443628,291.5446640507033,9.362323215954467,195.67807694083706,True,34.178975850101345,10.550228477741038,4,4,20160910_flight07
2016-09-10 09:07:51,54.861097040000004,7.63830702,93.774,0.048,3.005,1005.0010000000001,18.805,1.178955,8.897,2.395,0.20600000000000002,100,0.3,3.2,1005.0010000000001,0.01717527891767734,291.5387585402347,9.213719878528975,195.06640960634195,True,34.1819187434258,10.615523747620387,4,4,20160910_flight07
2016-09-10 09:07:52,54.86120778,7.63731527,93.57,-0.162,3.181,1005.023,18.877,1.17908,9.27,2.351,0.32299999999999995,100,0.3,3.2,1005.023,0.01683894130900465,291.6088302312308,9.563477453311634,194.230953338316,True,34.18481371179204,10.680815921793489,4,4,20160910_flight07
2016-09-10 09:07:53,54.86131816,7.636323780000001,93.44300000000001,0.008,3.237,1005.041,18.948,1.179178,8.599,2.114,-0.015000000000000003,100,0.2,3.3,1005.041,0.016525497195986283,291.6782345170052,8.855043591084124,193.811832222419,True,34.18767146686545,10.746085638860153,4,4,20160910_flight07
2016-09-10 09:07:54,54.86142787,7.63533226,93.524,-0.207,3.11,1005.012,18.898999999999997,1.1789230000000002,8.691,1.992,-0.035,100,0.3,3.2,1005.012,0.01688661771718336,291.63171161969797,8.91636388894038,192.90936602913308,True,34.19045514367602,10.811346466986295,4,4,20160910_flight07
2016-09-10 09:07:55,54.861537330000004,7.63434076,93.6,-0.086,3.1,1005.0010000000001,18.79,1.178656,9.352,1.986,0.121,100,0.3,3.1,1005.0010000000001,0.017485590839243947,291.5237799257972,9.5605491474078,191.98927864878593,True,34.19321147193938,10.87660198087319,4,4,20160910_flight07
2016-09-10 09:07:56,54.861647409999996,7.6333493,93.564,0.127,3.1,1005.01,18.852999999999998,1.178655,9.167,1.985,0.08800000000000001,100,0.2,3.1,1005.01,0.017276040011548366,291.5859433013882,9.379451689731122,192.21805802879473,True,34.196036465032925,10.941864936649967,4,4,20160910_flight07
2016-09-10 09:07:57,54.861757159999996,7.63235753,93.5,-0.05600000000000001,3.056,1005.0139999999999,18.863999999999997,1.1786780000000001,8.931000000000001,1.751,0.054000000000000006,100,0.2,3.1,1005.0139999999999,0.017221918640939027,291.5965956674128,9.101030820736737,191.0926327962777,True,34.19882220267054,11.007142418582651,4,4,20160910_flight07
2016-09-10 09:07:58,54.86186611,7.631365150000001,93.459,-0.025,3.051,1005.0089999999999,18.766,1.178785,9.369,2.125,0.09699999999999999,100,0.2,3.1,1005.0089999999999,0.01746598561593471,291.49915051334654,9.60696549384872,192.77915291881754,True,34.20151410295235,11.072446053693406,4,4,20160910_flight07
2016-09-10 09:07:59,54.861975300000005,7.63037255,93.337,0.07100000000000001,3.04,1005.02,18.884,1.178614,9.097999999999999,1.7590000000000001,-0.002999999999999999,100,0.1,3.1,1005.02,0.01721355926894952,291.6160691638861,9.266481802712397,190.94250918005875,True,34.2042303743711,11.137767648449994,4,4,20160910_flight07
2016-09-10 09:08:00,54.86208444,7.62937929,93.191,-0.047,2.9130000000000003,1005.0319999999999,18.824,1.1788720000000001,9.24,1.942,0.188,100,0.2,3.0,1005.0319999999999,0.01721207352697074,291.5551594150329,9.44187290742679,191.8692810857836,True,34.20693494787468,11.203130698765015,4,4,20160910_flight07
2016-09-10 09:08:01,54.862193500000004,7.6283854,92.93800000000002,-0.317,2.801,1005.061,18.824,1.178795,9.221,1.865,-0.183,100,0.5,2.9,1005.061,0.01730787214886087,291.55275340843053,9.407713112122414,191.43415077156791,True,34.20962480052337,11.26853279959893,4,4,20160910_flight07
2016-09-10 09:08:02,54.862302369999995,7.62739044,92.689,-0.081,2.784,1005.096,18.875999999999998,1.178708,9.04,1.56,-0.042,100,0.2,2.8,1005.096,0.017237220397079422,291.6017741859149,9.17361433678133,189.7908965530836,True,34.21228368928686,11.334000351030546,4,4,20160910_flight07
2016-09-10 09:08:03,54.86241098000001,7.62639426,92.37700000000001,-0.332,2.735,1005.127,18.774,1.178979,9.097000000000001,1.6780000000000002,-0.018000000000000002,100,0.4,2.8,1005.127,0.01739012366410919,291.49735107739434,9.250464474825037,190.4511007152904,True,34.21490249707486,11.399541828724187,4,4,20160910_flight07
2016-09-10 09:08:04,54.862519410000004,7.625396940000001,92.024,-0.10700000000000001,2.816,1005.1690000000001,18.745,1.1790740000000002,9.29,1.8619999999999999,0.11800000000000001,100,0.2,2.9,1005.1690000000001,0.017451734403828523,291.46491029500885,9.474763532669298,191.33365154019012,True,34.217490785835736,11.465153400720176,4,4,20160910_flight07
2016-09-10 09:08:05,54.86262791,7.6243987,91.67299999999999,-0.03900000000000001,2.927,1005.215,18.808,1.1791070000000001,9.204,1.724,0.077,100,0.2,3.0,1005.215,0.017250265314705304,291.52400196353454,9.36406920094037,190.60913097869047,True,34.2200781552772,11.530825013159554,4,4,20160910_flight07
2016-09-10 09:08:06,54.86273613,7.623399910000001,91.39200000000001,-0.2,2.9730000000000003,1005.2460000000001,18.797,1.179195,9.246,1.797,0.08,100,0.2,3.0,1005.2460000000001,0.017244045960449927,291.51044722021663,9.419008705803387,190.99856488411137,True,34.22262952533316,11.596527326566413,4,4,20160910_flight07
2016-09-10 09:08:07,54.862843819999995,7.62240039,91.219,-0.157,3.097,1005.2539999999999,18.805,1.179217,8.79,1.6130000000000002,0.07100000000000001,100,0.3,3.1,1005.2539999999999,0.017205289435451077,291.51777174770183,8.936770613594152,190.39831702178674,True,34.22511567148889,11.662267833450224,4,4,20160910_flight07
2016-09-10 09:08:08,54.862950899999994,7.621401,91.2,-0.29,3.1,1005.2610000000001,18.827,1.179246,8.878,1.6540000000000001,-0.05600000000000001,100,0.4,3.1,1005.2610000000001,0.01711071394514896,291.53915819134795,9.030758550642354,190.5533993876062,True,34.227535848829916,11.727990174049959,4,4,20160910_flight07
2016-09-10 09:08:09,54.86305789,7.620401,91.2,-0.469,3.1,1005.2539999999999,18.74,1.179288,9.267000000000001,1.7890000000000001,0.122,100,0.5,3.1,1005.2539999999999,0.017370552136522166,291.4528690909102,9.438104152847648,190.92656937690305,True,34.22994039146593,11.793750123150875,4,4,20160910_flight07
2016-09-10 09:08:10,54.86316474,7.619401,91.258,-0.436,3.23,1005.253,18.762999999999998,1.179208,9.128,2.046,0.12300000000000001,100,0.5,3.3,1005.253,0.017358396021852185,291.4759175728368,9.35449090009713,192.63377411881817,True,34.232329513860485,11.859507813455664,4,4,20160910_flight07
2016-09-10 09:08:11,54.86327042,7.618401,91.411,-0.398,3.248,1005.232,18.86,1.178879,8.524,1.661,0.013999999999999999,100,0.5,3.3,1005.232,0.017283026472397767,291.57451439293396,8.684324786648641,191.02656774853097,True,34.234589767097994,11.925246626678538,4,4,20160910_flight07
2016-09-10 09:08:12,54.86337457,7.617401109999999,91.63,-0.36700000000000005,3.279,1005.1990000000001,18.873,1.178823,9.162,1.619,0.11800000000000001,100,0.5,3.3,1005.1990000000001,0.01725266821838134,291.59023274257004,9.303945668371028,190.02117904560572,True,34.23668253091172,11.990953710774951,4,4,20160910_flight07
2016-09-10 09:08:13,54.863478990000004,7.61640206,91.758,-0.222,3.284,1005.186,18.752,1.179027,9.259,1.598,0.162,100,0.3,3.4,1005.186,0.017485101346177645,291.4704901473931,9.395886599996832,189.79214624291745,True,34.238812912816165,12.056611362775339,4,4,20160910_flight07
2016-09-10 09:08:14,54.863583330000004,7.61540313,91.848,-0.077,3.237,1005.181,18.799,1.178922,9.365,1.714,0.10300000000000001,100,0.2,3.3,1005.181,0.017406845763834777,291.5178353892262,9.520557809288277,190.3715927409091,True,34.24093560873269,12.122260039985711,4,4,20160910_flight07
2016-09-10 09:08:15,54.86368723,7.61440428,91.915,0.229,3.2,1005.165,18.855,1.178814,9.471,1.703,-0.022,100,0.4,3.2,1005.165,0.017288731403688695,291.575080063681,9.622891976947471,190.1935430319665,True,34.24301059141998,12.187896495422848,4,4,20160910_flight07
2016-09-10 09:08:16,54.86379145,7.61340548,92.024,0.54,3.137,1005.1540000000001,18.852999999999998,1.178916,9.383,1.835,0.043,100,1.0,3.2,1005.1540000000001,0.017196550688488577,291.573995590176,9.560748610856788,191.06547196484644,True,34.24512128936496,12.253534912135441,4,4,20160910_flight07
2016-09-10 09:08:17,54.863896610000005,7.61240675,92.126,1.02,3.1719999999999997,1005.155,18.769000000000002,1.179114,9.497,1.936,-0.068,100,1.2,3.2,1005.155,0.017319402633832137,291.4900360624807,9.692321961222708,191.5220908627549,True,34.24733617980125,12.31918401268838,4,4,20160910_flight07
2016-09-10 09:08:18,54.86400347,7.61140843,92.28399999999999,1.104,3.245,1005.114,18.758,1.179045,9.508,1.875,0.0009999999999999998,100,1.3,3.3,1005.114,0.017375775961307127,291.4824526702903,9.691113919462508,191.1557218036886,True,34.24974216174824,12.384834287644281,4,4,20160910_flight07
2016-09-10 09:08:19,54.86411197,7.61041058,92.46,0.821,3.2190000000000003,1005.099,18.845,1.1789290000000001,9.325,1.9220000000000002,0.12300000000000001,100,1.0,3.3,1005.099,0.017157542818630134,291.57057032068315,9.521014074141473,191.6462891917261,True,34.25233318932255,12.450480926923266,4,4,20160910_flight07
2016-09-10 09:08:20,54.86422164,7.6094132000000005,92.569,0.689,3.175,1005.087,18.847,1.1788560000000001,9.304,1.611,-0.016,100,0.8,3.2,1005.087,0.017201417759169058,291.5735630217084,9.442443380820453,189.8234399505855,True,34.25505749457048,12.516116347423761,4,4,20160910_flight07
2016-09-10 09:08:21,54.86433218,7.608416,92.6,0.424,3.1,1005.0830000000001,18.748,1.179033,9.2,1.7480000000000002,0.19899999999999998,100,0.6,3.1,1005.0830000000001,0.01738960523169153,291.47503834597376,9.364587764552159,190.75796708839,True,34.257879313971024,12.581754278654792,4,4,20160910_flight07
2016-09-10 09:08:22,54.86444312,7.607418770000001,92.551,-0.304,3.1,1005.09,18.823,1.1789930000000002,8.963,1.774,0.153,100,0.9,3.1,1005.09,0.017169857747549866,291.5493489420983,9.136872823893302,191.1955599737052,True,34.26074490980783,12.647400584601234,4,4,20160910_flight07
2016-09-10 09:08:23,54.86455353,7.606421259999999,92.45300000000002,-1.239,3.0180000000000002,1005.094,18.875999999999998,1.1789180000000001,8.644,1.554,-0.064,100,1.6,3.1,1005.094,0.01705399670461505,291.6019401366582,8.782576615094229,190.19164613918005,True,34.26354950266758,12.71305626883974,4,4,20160910_flight07
2016-09-10 09:08:24,54.864662609999996,7.60542325,92.381,-1.4480000000000002,2.8209999999999997,1005.112,18.764,1.1789560000000001,9.412,1.564,-0.138,100,1.6,2.9,1005.112,0.017429640957339343,291.48860980668746,9.541060737674822,189.43467933632718,True,34.26620291332419,12.778722511387297,4,4,20160910_flight07
2016-09-10 09:08:25,54.86477033999999,7.604424,92.236,-2.065,2.8,1005.1390000000001,18.851999999999997,1.1789120000000002,8.667,1.218,-0.129,100,2.4,2.8,1005.1390000000001,0.017188305716887564,291.57424150563804,8.752166189007154,187.9995629689392,True,34.26869599781637,12.844446374530364,4,4,20160910_flight07
2016-09-10 09:08:26,54.86487491,7.6034237099999995,91.96700000000001,-2.5869999999999997,2.8059999999999996,1005.1590000000001,18.766,1.178978,9.271,1.454,-0.003999999999999999,100,2.8,2.9,1005.1590000000001,0.017451259686382503,291.48670872071835,9.384325068964737,188.91327119092708,True,34.27083127042336,12.910185848513109,4,4,20160910_flight07
2016-09-10 09:08:27,54.864976500000004,7.60242209,91.64200000000001,-2.233,2.742,1005.197,18.758,1.1789450000000001,9.225,1.401,-0.267,100,2.5,2.8,1005.197,0.017546091076686032,291.47556903013395,9.330778424118751,188.63551763777923,True,34.27262583701906,12.975962407287806,4,4,20160910_flight07
2016-09-10 09:08:28,54.865074809999996,7.60141908,91.353,-1.929,2.7430000000000003,1005.232,18.727999999999998,1.179078,9.224,1.8090000000000002,0.10099999999999999,100,2.2,2.9,1005.232,0.0175713158107087,291.4427112495489,9.399715793575888,191.0959514426984,True,34.274046091438485,13.041775052601572,4,4,20160910_flight07
2016-09-10 09:08:29,54.865169990000005,7.60041519,91.04,-1.957,2.9760000000000004,1005.283,18.776,1.1790310000000002,9.184,1.5219999999999998,0.043,100,2.2,3.0,1005.283,0.017496178034312804,291.4864102498513,9.309260980335656,189.40970716021735,True,34.27511333908324,13.107593547383798,4,4,20160910_flight07
2016-09-10 09:08:30,54.86526237,7.599410870000001,90.9,-1.8659999999999999,3.04,1005.294,18.724,1.179161,9.266,1.733,-0.007000000000000001,100,1.9,3.1,1005.294,0.017576391819079218,291.43357652459616,9.426666696133898,190.59351924743186,True,34.275868148582525,13.173394400753782,4,4,20160910_flight07
2016-09-10 09:08:31,54.865352030000004,7.5984064,90.92399999999999,-1.8319999999999999,3.214,1005.283,18.75,1.179163,9.298,1.94,-0.043,100,1.9,3.3,1005.283,0.017472895501437602,291.46044940132634,9.498231624886813,191.7855131965539,True,34.27632195785531,13.239160974004045,4,4,20160910_flight07
2016-09-10 09:08:32,54.865438510000004,7.59740237,91.14,-1.787,3.3680000000000003,1005.238,18.692999999999998,1.179263,9.359,1.84,-0.004,100,1.9,3.4,1005.238,0.017539770681675115,291.4072659952401,9.538159203955447,191.12261888325648,True,34.276429634492544,13.304848065466269,4,4,20160910_flight07
2016-09-10 09:08:33,54.86552195,7.59639901,91.499,-1.318,3.3930000000000002,1005.205,18.894,1.178919,8.946,1.3559999999999999,-0.16699999999999998,100,1.6,3.4,1005.205,0.017102762206905098,291.6107038065863,9.048185011371064,188.61906318701185,True,34.276208756094825,13.370443206175299,4,4,20160910_flight07
2016-09-10 09:08:34,54.8656028,7.595396009999999,91.913,-0.899,3.156,1005.1519999999999,18.807000000000002,1.178978,9.175,1.2209999999999999,-0.165,100,1.0,3.3,1005.1519999999999,0.017301292729335227,291.5282290715891,9.255888179964147,187.58032627576287,True,34.275705979976564,13.435973507008129,4,4,20160910_flight07
2016-09-10 09:08:35,54.865682559999996,7.59439286,92.16,-0.316,3.0380000000000003,1005.115,18.778,1.178768,9.42,1.24,-0.18899999999999997,100,0.7,3.1,1005.115,0.017546145753692954,291.50234056857005,9.501263073928644,187.49900437629924,True,34.27508173929439,13.501495826561452,4,4,20160910_flight07
2016-09-10 09:08:36,54.865762100000005,7.593389419999999,92.3,-0.013000000000000001,3.0,1005.1,18.733,1.178853,9.157,1.673,0.01,100,0.1,3.0,1005.1,0.017614455021471187,291.4586501841537,9.308575508637183,190.3538440294551,True,34.27443054665662,13.567033166364311,4,4,20160910_flight07
2016-09-10 09:08:37,54.86584143,7.5923856899999995,92.281,-0.062,3.049,1005.112,18.8,1.178792,9.095,1.3159999999999998,0.08200000000000002,100,0.2,3.1,1005.112,0.017445715874050194,291.52455734587033,9.18971604566757,188.23326480100837,True,34.2737535035068,13.632585687758787,4,4,20160910_flight07
2016-09-10 09:08:38,54.86592044,7.5913816999999995,92.164,-0.157,2.945,1005.1260000000001,18.742,1.178995,8.999,1.479,0.134,100,0.4,3.0,1005.1260000000001,0.017486839034232426,291.46548077956794,9.119728175773663,189.333215069105,True,34.27303877533668,13.698149694964311,4,4,20160910_flight07
2016-09-10 09:08:39,54.86599945,7.59037735,91.914,0.45,2.9,1005.1419999999999,18.71,1.178932,9.277000000000001,1.847,0.081,100,0.6,2.9,1005.1419999999999,0.017668975957912725,291.43220075362296,9.459077016284413,191.26003982740997,True,34.272320670430055,13.763736754318067,4,4,20160910_flight07
2016-09-10 09:08:40,54.866079760000005,7.5893728099999995,91.678,0.179,2.95,1005.18,18.743,1.179089,9.335,1.919,0.15600000000000003,100,0.4,3.0,1005.18,0.01745689636568848,291.4620010212838,9.530203880295533,191.61648802661546,True,34.27174397130915,13.829356954618834,4,4,20160910_flight07
2016-09-10 09:08:41,54.86616043,7.588368,91.508,0.061000000000000006,3.0890000000000004,1005.1940000000001,18.762999999999998,1.179169,9.145,1.61,-0.012999999999999998,100,0.1,3.1,1005.1940000000001,0.01733233181430971,291.48081042096,9.28564079641249,189.98474622918877,True,34.27120439168205,13.895000252363314,4,4,20160910_flight07
2016-09-10 09:08:42,54.8662409,7.58736309,91.5,0.053000000000000005,3.017,1005.2080000000001,18.744,1.179271,9.283,1.9869999999999999,-0.052000000000000005,100,0.1,3.1,1005.2080000000001,0.01732472190420342,291.4606775786075,9.49327435609021,192.08168961135794,True,34.270641845157236,13.960646726630783,4,4,20160910_flight07
2016-09-10 09:08:43,54.86632154,7.58635835,91.635,-0.033,3.1,1005.2040000000001,18.81,1.179098,8.974,1.676,-0.18,100,0.1,3.1,1005.2040000000001,0.017239929753352756,291.52691137965445,9.129164912520752,190.5787881079692,True,34.270099617781106,14.026285057985486,4,4,20160910_flight07
2016-09-10 09:08:44,54.866401960000005,7.5853535999999995,91.861,-0.365,3.077,1005.1560000000001,18.769000000000002,1.1789100000000001,9.009,1.619,-0.095,100,0.4,3.1,1005.1560000000001,0.017496453080256824,291.48995312393197,9.153318633151585,190.18783305944402,True,34.26953306479982,14.091920480140995,4,4,20160910_flight07
2016-09-10 09:08:45,54.86648208,7.58434897,92.045,-0.327,3.0,1005.132,18.7,1.178808,9.013,1.848,0.115,100,0.4,3.0,1005.132,0.017800772798586273,291.4230446203846,9.20050395358863,191.5871699230152,True,34.268934594023,14.1575433779695,4,4,20160910_flight07
2016-09-10 09:08:46,54.86656207,7.583344530000001,92.006,-0.6,3.0,1005.1360000000001,18.753,1.1786050000000001,8.574,1.413,0.002000000000000002,100,0.7,3.0,1005.1360000000001,0.017795295626402696,291.4756353400921,8.689651604063306,189.35826051732633,True,34.26832358661909,14.223152011933088,4,4,20160910_flight07
2016-09-10 09:08:47,54.866640829999994,7.582339940000001,91.96,-0.59,2.8930000000000002,1005.148,18.676,1.1790100000000001,9.192,1.8980000000000001,-0.025,100,0.7,3.0,1005.148,0.01772628342264615,291.39775311031855,9.385907947556273,191.6666945959467,True,34.26757569440899,14.288750405821038,4,4,20160910_flight07
2016-09-10 09:08:48,54.866719249999996,7.58133514,91.85700000000001,-0.41600000000000004,2.8569999999999998,1005.145,18.796,1.1789880000000001,9.244,1.703,0.018000000000000002,100,0.5,2.9,1005.145,0.017323909073068577,291.5178258550366,9.39956089399925,190.43842188554214,True,34.266788383279675,14.354356761147855,4,4,20160910_flight07
2016-09-10 09:08:49,54.866796990000005,7.58033013,91.714,-0.713,2.9,1005.1669999999999,18.815,1.179233,9.042,2.008,-0.12300000000000001,100,0.9,2.9,1005.1669999999999,0.017068618231267152,291.5349730548071,9.262279848935682,192.5207562143201,True,34.265924204074565,14.41996559226579,4,4,20160910_flight07
2016-09-10 09:08:50,54.86687298,7.57932481,91.7,-0.624,2.9,1005.1669999999999,18.788,1.179073,9.2,1.547,-0.162,100,0.7,2.9,1005.1669999999999,0.01730071101800612,291.50801282233925,9.329159072499513,189.545115142454,True,34.26486436410965,14.485566038892955,4,4,20160910_flight07
2016-09-10 09:08:51,54.86694824999999,7.57831926,91.7,-0.364,2.9,1005.1690000000001,18.762,1.17907,9.195,1.765,-0.147,100,0.5,2.9,1005.1690000000001,0.017395932851355322,291.48188524653256,9.36286548018287,190.86588107120707,True,34.263723062688925,14.551169596615809,4,4,20160910_flight07
2016-09-10 09:08:52,54.8670231,7.577313299999999,91.7,-0.161,2.903,1005.185,18.8,1.178969,8.929,1.368,-0.11800000000000001,100,0.3,3.0,1005.185,0.017366850242274134,291.51850213462507,9.033186868431319,188.7104768818668,True,34.26253165481762,14.616792631785856,4,4,20160910_flight07
2016-09-10 09:08:53,54.867097130000005,7.5763069199999995,91.7,-0.059000000000000004,2.892,1005.1640000000001,18.675,1.179109,9.308,1.892,-0.08800000000000001,100,0.2,3.0,1005.1640000000001,0.01766051946877001,291.39542798916915,9.498343434515304,191.4897501543278,True,34.26124598886568,14.682429331037227,4,4,20160910_flight07
2016-09-10 09:08:54,54.867171500000005,7.57530039,91.675,0.39,2.8289999999999997,1005.175,18.762,1.179055,9.125,2.023,-0.053,100,0.5,2.9,1005.175,0.017414949277764435,291.4813876376774,9.346558404033006,192.5002166713944,True,34.25999636509566,14.748081120997902,4,4,20160910_flight07
2016-09-10 09:08:55,54.867246359999996,7.574293679999999,91.6,0.485,2.9,1005.175,18.811,1.179121,8.709,1.516,-0.113,100,0.7,2.9,1005.175,0.01718725675677346,291.5303153556001,8.83996249992046,189.874691257885,True,34.25879902379932,14.813752342818937,4,4,20160910_flight07
2016-09-10 09:08:56,54.86732155,7.5732865700000005,91.54699999999998,0.7040000000000001,2.881,1005.1840000000001,18.654,1.179124,9.292,1.6269999999999998,-0.023000000000000003,100,0.8,3.0,1005.1840000000001,0.0177410594830143,291.372800823307,9.43336594222868,189.93163004065576,True,34.257634278284954,14.879454502443142,4,4,20160910_flight07
2016-09-10 09:08:57,54.8673987,7.57227935,91.5,0.768,2.8079999999999994,1005.197,18.681,1.179076,9.437999999999999,1.97,-0.086,100,0.8,2.9,1005.197,0.01770148875642774,291.3986830975274,9.64140778102451,191.79010555189592,True,34.256684384362984,14.94519532892495,4,4,20160910_flight07
2016-09-10 09:08:58,54.86747719,7.57127187,91.44200000000001,0.762,2.9259999999999997,1005.197,18.723,1.1793040000000001,9.453,1.926,0.026000000000000002,100,0.8,3.0,1005.197,0.01735831497491591,291.4406208789492,9.647211255072628,191.5160943574307,True,34.25587964542089,15.010974424085909,4,4,20160910_flight07
2016-09-10 09:08:59,54.86755639,7.57026439,91.4,0.612,2.9619999999999997,1005.21,18.773,1.179375,9.195,1.91,-0.01,100,0.7,3.0,1005.21,0.017135982186248455,291.4894686595164,9.391279199342335,191.73469240095272,True,34.25515310912878,15.076764974569976,4,4,20160910_flight07
2016-09-10 09:09:00,54.867636329999996,7.56925706,91.39399999999999,0.48,2.9,1005.205,18.759,1.179367,9.22,1.818,0.117,100,0.6,2.9,1005.205,0.017186604453971244,291.4759041016997,9.397527547179632,191.1544912397708,True,34.25450948679893,15.142557859343267,4,4,20160910_flight07
2016-09-10 09:09:01,54.867717199999994,7.568249789999999,91.3,0.382,2.805,1005.221,18.796000000000003,1.179324,9.13,2.0140000000000002,-0.095,100,0.5,2.9,1005.221,0.017110963297844117,291.51152216410964,9.349497098774886,192.4397380292283,True,34.25396886171629,15.208361906951751,4,4,20160910_flight07
2016-09-10 09:09:02,54.867798910000005,7.56724248,91.225,0.32800000000000007,2.8659999999999997,1005.235,18.7,1.179363,9.373,2.214,0.08800000000000001,100,0.4,2.9,1005.235,0.017426051994684277,291.4145042750003,9.630935831994728,193.2902543439102,True,34.25352038288775,15.274182068686835,4,4,20160910_flight07
2016-09-10 09:09:03,54.86788136,7.56623537,91.12100000000001,0.134,2.9,1005.25,18.7,1.179411,9.067,2.27,-0.11200000000000002,100,0.3,2.9,1005.25,0.017399825799160995,291.41326062925737,9.346838449443748,194.05557101749878,True,34.253155287010415,15.340001363023568,4,4,20160910_flight07
2016-09-10 09:09:04,54.867963870000004,7.5652284,91.197,0.027000000000000003,2.9,1005.2339999999999,18.72,1.1793989999999999,9.392999999999999,2.349,-0.012,100,0.1,2.9,1005.2339999999999,0.017324268406504473,291.43455734744174,9.682264714414702,194.04054915511406,True,34.25279811298471,15.405812660691755,4,4,20160910_flight07
2016-09-10 09:09:05,54.86804668,7.56422183,91.2,0.043,2.9,1005.2360000000001,18.805,1.1791580000000002,9.16,2.053,0.06,100,0.2,2.9,1005.2360000000001,0.017237971107443517,291.51926465473616,9.38724714706074,192.63274581739557,True,34.252477734261646,15.471603185139134,4,4,20160910_flight07
2016-09-10 09:09:06,54.868129429999996,7.56321548,91.184,-0.201,2.9,1005.2230000000001,18.776,1.1792749999999999,9.246,2.26,0.193,100,0.4,2.9,1005.2230000000001,0.017224934795936564,291.4913860614069,9.51819919942843,193.7354886474522,True,34.25215281042578,15.53737865410724,4,4,20160910_flight07
2016-09-10 09:09:07,54.86821234,7.5622095300000005,91.056,0.264,2.8489999999999998,1005.238,18.69,1.1793959999999999,9.36,2.1630000000000003,0.10700000000000001,100,0.4,2.9,1005.238,0.017435481869454872,291.4042704743676,9.606673149431076,193.01205108048896,True,34.25184926165343,15.603131091058762,4,4,20160910_flight07
2016-09-10 09:09:08,54.86829585,7.56120361,90.88300000000001,0.292,2.8789999999999996,1005.26,18.781000000000002,1.1792799999999999,9.332,1.9909999999999999,0.159,100,0.4,2.9,1005.26,0.017240640575172383,291.49331010267804,9.542028348312533,192.04359303017748,True,34.25161208102279,15.668891287552768,4,4,20160910_flight07
2016-09-10 09:09:09,54.86837972,7.5601975900000005,90.65899999999999,0.18,2.9,1005.2869999999999,18.838,1.179225,9.124,1.895,0.038000000000000006,100,0.4,2.9,1005.2869999999999,0.017116814850253403,291.54798511100165,9.318712411057657,191.7331767717426,True,34.251413614457135,15.73466369575393,4,4,20160910_flight07
2016-09-10 09:09:10,54.868463840000004,7.55919137,90.571,-0.19,2.8859999999999997,1005.2959999999999,18.831,1.179243,8.88,1.521,-0.125,100,0.4,2.9,1005.2959999999999,0.01713477968864119,291.54024918415075,9.009319674648026,189.71951946879784,True,34.251240808071586,15.800452944268741,4,4,20160910_flight07
2016-09-10 09:09:11,54.86854747,7.55818485,90.473,-0.33799999999999997,2.9739999999999998,1005.309,18.762,1.17933,9.116,1.9869999999999999,0.09300000000000001,100,0.4,3.0,1005.309,0.0173133052372767,291.47027536841125,9.330038853080945,192.29634337229388,True,34.251011216894405,15.866253497120475,4,4,20160910_flight07
2016-09-10 09:09:12,54.86863107,7.557178390000001,90.4,-0.161,2.991,1005.314,18.757,1.1791150000000001,9.404,1.9809999999999999,-0.038000000000000006,100,0.4,3.0,1005.314,0.017521291482173185,291.46486834152165,9.61038901397857,191.89572022034676,True,34.25077888416915,15.932049723919707,4,4,20160910_flight07
2016-09-10 09:09:13,54.868714790000006,7.55617206,90.4,-0.15,2.923,1005.325,18.680999999999997,1.179167,8.974,2.045,0.012000000000000002,100,0.3,3.0,1005.325,0.017752531852535336,291.3880715958665,9.204058941575722,192.83737655623176,True,34.25056098817172,15.997839562443328,4,4,20160910_flight07
2016-09-10 09:09:14,54.86879798,7.55516593,90.4,-0.183,3.0,1005.317,18.63,1.179305,9.033,2.273,0.16399999999999998,100,0.3,3.0,1005.317,0.017803208409316484,291.3378120535047,9.314591671136206,194.12426451549544,True,34.25028659151129,16.06360804306093,4,4,20160910_flight07
2016-09-10 09:09:15,54.86888094,7.55416028,90.47399999999999,0.037000000000000005,2.957,1005.302,18.741,1.179446,9.437000000000001,2.358,-0.008,100,0.2,3.0,1005.302,0.017279350858646403,291.4498875486223,9.727133853299234,194.02910042458927,True,34.24999136391526,16.129342076601908,4,4,20160910_flight07
2016-09-10 09:09:16,54.86896459,7.55315493,90.531,0.273,3.0,1005.305,18.825,1.179303,9.265,1.517,-0.10800000000000001,100,0.5,3.0,1005.305,0.01711303687122645,291.53351178961066,9.38837121123787,189.2987838204612,True,34.249774950026,16.19506803265736,4,4,20160910_flight07
2016-09-10 09:09:17,54.86904829,7.55214956,90.6,0.24600000000000002,2.967,1005.3,18.668,1.1794660000000001,9.46,2.076,0.05600000000000001,100,0.5,3.0,1005.3,0.017514550865010525,291.3771636567596,9.685111047375761,192.37737451827667,True,34.249563855769594,16.260796076100668,4,4,20160910_flight07
2016-09-10 09:09:18,54.869132300000004,7.5511443599999994,90.6,0.22,3.0,1005.2959999999999,18.721,1.179321,9.29,2.095,-0.018000000000000002,100,0.3,3.0,1005.2959999999999,0.017450817853723377,291.43041523122145,9.523293810441848,192.70826429049887,True,34.24938850090252,16.326518235427333,4,4,20160910_flight07
2016-09-10 09:09:19,54.86921679,7.5501393199999995,90.6,0.068,2.951,1005.2819999999999,18.794,1.179316,8.978000000000002,1.7180000000000002,-0.02,100,0.3,3.0,1005.2819999999999,0.017186553224103562,291.50446607716015,9.140897548928116,190.83297038745053,True,34.24926751620483,16.392237893798534,4,4,20160910_flight07
2016-09-10 09:09:20,54.86930137,7.5491341599999995,90.58699999999999,0.109,2.9530000000000003,1005.2860000000001,18.71,1.179242,9.244,1.911,0.10700000000000001,100,0.3,3.0,1005.2860000000001,0.01754720672253063,291.4202609100579,9.439462749542475,191.68014583849583,True,34.24915531894012,16.457966688302346,4,4,20160910_flight07
2016-09-10 09:09:21,54.869386510000005,7.5481289600000006,90.488,0.066,2.8339999999999996,1005.304,18.698999999999998,1.179179,9.185,1.92,0.016,100,0.2,2.9,1005.304,0.0176581465611918,291.4077852139656,9.383529453249455,191.80689458530077,True,34.24910442744663,16.523707079340387,4,4,20160910_flight07
2016-09-10 09:09:22,54.86947183,7.54712355,90.34700000000001,-0.26,2.895,1005.323,18.69,1.179192,9.144,1.952,0.064,100,0.4,3.0,1005.323,0.01769754428843373,291.397223732522,9.350028876960755,192.05024620191776,True,34.24907139221308,16.58946382163126,4,4,20160910_flight07
2016-09-10 09:09:23,54.869556460000005,7.54611796,90.209,-0.799,2.901,1005.3530000000001,18.7,1.179272,8.993,1.848,-0.114,100,1.1,3.0,1005.3530000000001,0.01762400321814206,291.4047215729974,9.18091242742245,191.61224008543866,True,34.248960668852654,16.655220957358324,4,4,20160910_flight07
2016-09-10 09:09:24,54.869639930000005,7.54511221,90.2,-0.6409999999999999,2.917,1005.335,18.712,1.17917,9.23,1.798,-0.11599999999999999,100,0.9,3.0,1005.335,0.01765196515725087,291.4181955069645,9.403494244162646,191.0231452828001,True,34.24872067700892,16.720969622745287,4,4,20160910_flight07
2016-09-10 09:09:25,54.869722499999995,7.54410623,90.2,-0.29,3.0,1005.324,18.711,1.179314,9.424,1.735,-0.086,100,0.4,3.0,1005.324,0.017520057778724007,291.418108967315,9.582379714872502,190.4315950041866,True,34.24837939768365,16.786718495061276,4,4,20160910_flight07
2016-09-10 09:09:26,54.86980447,7.54310014,90.296,-0.212,2.921,1005.319,18.707,1.17937,9.28,1.91,0.022000000000000002,100,0.3,3.0,1005.319,0.017480627207804966,291.4145295538355,9.474518457420409,191.6301498079074,True,34.24797099983216,16.85246473053462,4,4,20160910_flight07
2016-09-10 09:09:27,54.86988609,7.542094059999999,90.23100000000001,-0.122,2.912,1005.3480000000001,18.692,1.179325,9.466000000000001,1.641,0.005000000000000002,100,0.3,3.0,1005.3480000000001,0.01760110322690145,291.39714825862706,9.607186737021406,189.8348959085454,True,34.24752414517647,16.918204678680286,4,4,20160910_flight07
2016-09-10 09:09:28,54.8699677,7.54108784,90.16,-0.184,2.969,1005.347,18.685,1.179375,9.065,1.716,0.017,100,0.4,3.1,1005.347,0.017581356820985272,291.3902418229746,9.225989432033835,190.71922503804637,True,34.24707487589854,16.983953430207418,4,4,20160910_flight07
2016-09-10 09:09:29,54.870048770000004,7.54008149,90.146,-0.22,3.16,1005.3480000000001,18.677,1.1793770000000001,9.359,1.8619999999999999,-0.051000000000000004,100,0.3,3.3,1005.3480000000001,0.01760853881215474,291.3821711229719,9.542427626133719,191.2522328162717,True,34.246564909172314,17.049701793622347,4,4,20160910_flight07
2016-09-10 09:09:30,54.870129850000005,7.5390755899999995,90.35799999999999,-0.15,3.31,1005.312,18.691,1.179348,9.165,2.092,0.023,100,0.2,3.4,1005.312,0.017548306250132484,291.39913410659324,9.400728110098706,192.8580255861371,True,34.24606026481278,17.11542150319464,4,4,20160910_flight07
2016-09-10 09:09:31,54.87021069,7.538070770000001,90.76899999999999,-0.7660000000000001,3.552,1005.2610000000001,18.623,1.179388,9.15,2.325,-0.14300000000000002,100,1.1,3.6,1005.2610000000001,0.017699303773689445,291.33546410492664,9.440769301280485,194.25703535965005,True,34.24553931596573,17.18106818410035,4,4,20160910_flight07
2016-09-10 09:09:32,54.87029016,7.5370674,91.51100000000001,-0.935,3.6,1005.1690000000001,18.683999999999997,1.179201,9.249,2.136,-0.094,100,1.1,3.6,1005.1690000000001,0.017554802652748558,291.40400017483546,9.492444205788097,193.0041174540725,True,34.244881069794644,17.24659991214295,4,4,20160910_flight07
2016-09-10 09:09:33,54.87036817999999,7.536066,92.352,-0.8210000000000001,3.645,1005.055,18.667,1.179208,9.123,2.286,-0.09300000000000001,100,0.9,3.7,1005.055,0.017492629500939216,291.39647744024865,9.405047846768245,194.06727166051382,True,34.24408159224042,17.311982099033894,4,4,20160910_flight07
2016-09-10 09:09:34,54.87044487,7.53506606,93.21799999999999,-0.682,3.562,1004.965,18.651,1.179038,9.283999999999999,2.0780000000000003,0.10400000000000001,100,0.9,3.6,1004.965,0.01760400422254982,291.3879633383299,9.513713260341621,192.61633995652574,True,34.243149316944745,17.37724933809459,4,4,20160910_flight07
2016-09-10 09:09:35,54.87052079,7.53406779,93.859,-0.555,3.378,1004.89,18.571,1.1791340000000001,9.361,2.239,0.0009999999999999983,100,0.7,3.5,1004.89,0.017724236949568928,291.3142945620396,9.625042441464869,193.45150982675364,True,34.24214789463211,17.442397217422698,4,4,20160910_flight07
2016-09-10 09:09:36,54.87059625,7.53307074,94.301,-0.35600000000000004,3.1069999999999998,1004.835,18.651,1.179067,9.47,2.4659999999999997,-0.079,100,0.5,3.2,1004.835,0.017447343805587545,291.39874451547473,9.785808908823022,194.59574923202285,True,34.24110724920068,17.507459553823363,4,4,20160910_flight07
2016-09-10 09:09:37,54.87067111,7.53207438,94.527,-0.066,2.964,1004.79,18.703,1.178944,9.316,2.366,0.057999999999999996,100,0.1,3.0,1004.79,0.017326633867292607,291.45440586106366,9.611753846203097,194.25021611355584,True,34.240006989102866,17.572468026385483,4,4,20160910_flight07
2016-09-10 09:09:38,54.87074562,7.53107806,94.473,0.037000000000000005,2.8139999999999996,1004.8109999999999,18.7,1.178986,9.504,2.266,-0.016999999999999998,100,0.1,2.9,1004.8109999999999,0.01732211125424521,291.4496678692332,9.770402857610325,193.41042696340259,True,34.23886855359485,17.637468290607423,4,4,20160910_flight07
2016-09-10 09:09:39,54.87082022,7.5300812,94.26899999999999,-0.15,2.6340000000000003,1004.8480000000001,18.746,1.178976,9.077,1.893,-0.157,100,0.2,2.8,1004.8480000000001,0.017207873692643094,291.49253500598036,9.272290871192512,191.78013559982554,True,34.23773496599299,17.702504585134758,4,4,20160910_flight07
2016-09-10 09:09:40,54.87089416,7.529083030000001,93.965,0.0069999999999999975,2.5639999999999996,1004.89,18.733,1.1790100000000001,9.311,1.565,-0.18100000000000002,100,0.4,2.6,1004.89,0.017266360478538356,291.4760687082925,9.441607172510409,189.5411361539197,True,34.23651639539795,17.767614115257583,4,4,20160910_flight07
2016-09-10 09:09:41,54.8709685,7.528084,93.55,0.381,2.6180000000000003,1004.908,18.625,1.179111,9.336,2.08,-0.021,100,0.5,2.7,1004.908,0.017573957690525832,291.3667266301854,9.56489916308583,192.5599947401891,True,34.23533381598374,17.832785168104227,4,4,20160910_flight07
2016-09-10 09:09:42,54.87104327,7.5270829500000005,93.134,0.267,2.6860000000000004,1004.957,18.692,1.179048,9.121,1.8259999999999998,-0.111,100,0.4,2.7,1004.957,0.01744431519430023,291.42956880238376,9.30198457319727,191.3208043090949,True,34.234179651490884,17.89809250684638,4,4,20160910_flight07
2016-09-10 09:09:43,54.871117999999996,7.52608149,92.82,0.371,2.727,1005.0,18.632,1.1792610000000001,9.109,2.552,-0.032,100,0.8,2.8,1005.0,0.01751326048414792,291.36608810312293,9.459734932861492,195.65087853692705,True,34.23301723548518,17.963425454053503,4,4,20160910_flight07
2016-09-10 09:09:44,54.8711936,7.52507949,92.631,1.077,2.9,1005.0189999999999,18.717,1.1789630000000002,9.042,1.976,-0.138,100,1.2,2.9,1005.0189999999999,0.017493283746587318,291.44939109635146,9.255395183351167,192.32737019557462,True,34.231945580157515,18.028807016287338,4,4,20160910_flight07
2016-09-10 09:09:45,54.87127081,7.524077190000001,92.6,1.047,2.971,1005.0210000000001,18.597,1.179092,9.261000000000001,2.056,-0.016,100,1.2,3.0,1005.0210000000001,0.01780245383741219,291.3293969865481,9.486477586543913,192.51701589318012,True,34.23104844365292,18.094233764799878,4,4,20160910_flight07
2016-09-10 09:09:46,54.87134972,7.52307495,92.6,1.002,2.99,1005.012,18.602,1.179095,9.311,2.206,-0.15200000000000002,100,1.1,3.0,1005.012,0.017773307044571585,291.33513598221566,9.568759428473474,193.32897788246322,True,34.230339115720746,18.159684099526284,4,4,20160910_flight07
2016-09-10 09:09:47,54.87143005,7.52207272,92.72399999999999,0.763,2.8989999999999996,1005.002,18.642,1.1792340000000001,8.95,2.451,-0.148,100,1.0,2.9,1005.002,0.017503710586941112,291.3759080112106,9.279542068442817,195.31522880572624,True,34.2297862868884,18.22515670456152,4,4,20160910_flight07
2016-09-10 09:09:48,54.871511440000006,7.5210706400000005,92.8,0.568,2.888,1004.9860000000001,18.633,1.179157,9.342,2.63,0.21100000000000002,100,0.6,2.9,1004.9860000000001,0.017585340682950257,291.36824751776754,9.705146263709786,195.72320091003172,True,34.22935161828315,18.290636806848436,4,4,20160910_flight07
2016-09-10 09:09:49,54.87159446,7.52006907,92.68,0.8340000000000001,2.819,1005.005,18.787,1.178997,9.457,1.989,0.03,100,1.3,2.9,1005.005,0.0172058060167255,291.52045236351483,9.663900351307438,191.87736004819493,True,34.22910126905002,18.35611055076577,4,4,20160910_flight07
2016-09-10 09:09:50,54.871679320000005,7.51906706,92.473,1.485,2.7190000000000003,1005.043,18.733999999999998,1.179214,8.901,1.9380000000000002,0.009000000000000001,100,1.6,2.8,1005.043,0.01724174934088829,291.464376168842,9.109535937686397,192.28321201591564,True,34.229049458719466,18.421642156565667,4,4,20160910_flight07
2016-09-10 09:09:51,54.871766120000004,7.518064369999999,92.215,1.224,2.7909999999999995,1005.076,18.7,1.179059,8.878,1.985,0.047,100,1.4,2.8,1005.076,0.017527407955266305,291.4276883872694,9.09720336147324,192.60326922730948,True,34.22920495058809,18.487248605772375,4,4,20160910_flight07
2016-09-10 09:09:52,54.87185514,7.51706124,91.98,0.6859999999999999,2.8680000000000003,1005.094,18.680999999999997,1.179087,8.896,1.949,0.07600000000000001,100,0.9,2.9,1005.094,0.01758771403202375,291.407223302107,9.106998243109528,192.35752548841748,True,34.22960083629701,18.552919047879314,4,4,20160910_flight07
2016-09-10 09:09:53,54.87194573,7.5160578199999994,91.79799999999999,0.262,2.9,1005.1160000000001,18.712,1.179125,9.11,2.115,0.10800000000000001,100,0.6,2.9,1005.1160000000001,0.017469111156356965,291.4363538763944,9.352289826561194,193.0703835569662,True,34.23016692884452,18.618633390557363,4,4,20160910_flight07
2016-09-10 09:09:54,54.87203711,7.51505443,91.649,-0.499,2.9,1005.132,18.725,1.1790640000000001,8.833,1.913,-0.14800000000000002,100,1.1,2.9,1005.132,0.017492627624416057,291.4480080471981,9.037779483921922,192.22006275278582,True,34.230820317003804,18.684358558286764,4,4,20160910_flight07
2016-09-10 09:09:55,54.872127469999995,7.514050600000001,91.694,-1.454,2.9,1005.127,18.742,1.178971,8.486,1.636,-0.084,100,1.7,2.9,1005.127,0.017508564062398646,291.4653978456132,8.642261972423656,190.91206957001575,True,34.23135723056923,18.750095443920696,4,4,20160910_flight07
2016-09-10 09:09:56,54.8722153,7.51304622,91.626,-1.6840000000000002,2.8930000000000002,1005.1290000000001,18.709,1.179042,8.665,1.923,-0.053,100,2.0,2.9,1005.1290000000001,0.017564357120332108,291.43228022650004,8.875818497468275,192.512703752288,True,34.23161031944865,18.81582672844201,4,4,20160910_flight07
2016-09-10 09:09:57,54.87230081,7.51204159,91.50299999999999,-1.724,2.7859999999999996,1005.1419999999999,18.629,1.179003,8.835,1.9969999999999999,-0.19699999999999998,100,2.0,2.8,1005.1419999999999,0.017890186945073827,291.35131948088593,9.05788242361315,192.7366960207018,True,34.231605527949256,18.8815365899209,4,4,20160910_flight07
2016-09-10 09:09:58,54.872384190000005,7.51103655,91.45300000000002,-1.321,2.8,1005.1560000000001,18.502,1.179127,9.079,2.362,-0.017,100,1.5,2.8,1005.1560000000001,0.01824051940914928,291.2233455461995,9.381219803415759,194.58284621989512,True,34.23136228277053,18.94723833926591,4,4,20160910_flight07
2016-09-10 09:09:59,54.872465739999996,7.510031420000001,91.34299999999999,-1.096,2.9,1005.1690000000001,18.605000000000004,1.179184,8.967,2.121,-0.023000000000000003,100,1.3,2.9,1005.1690000000001,0.017845004998131575,291.32511657657824,9.214430530423463,193.3078123304969,True,34.230916628827465,19.012916325955626,4,4,20160910_flight07
2016-09-10 09:10:00,54.87254533,7.509026219999999,91.3,-1.224,2.917,1005.181,18.682000000000002,1.179302,9.124,2.108,-0.12300000000000001,100,1.3,3.0,1005.181,0.017486775187008252,291.4010081805681,9.364349416804139,193.00929202487038,True,34.23025443492488,19.078567171862318,4,4,20160910_flight07
2016-09-10 09:10:01,54.872623000000004,7.50802101,91.3,-0.71,2.991,1005.1690000000001,18.7,1.179384,9.214,1.973,0.062,100,1.1,3.0,1005.1690000000001,0.017341136572799343,291.419976599799,9.42287243891161,192.0862634656133,True,34.229380669633514,19.144187680330997,4,4,20160910_flight07
2016-09-10 09:10:02,54.87269967,7.50701603,91.31200000000001,-0.231,2.958,1005.166,18.705,1.179452,9.509,2.412,0.096,100,0.4,3.0,1005.166,0.0172620189188486,291.4252179898772,9.810138887905717,194.2331402737394,True,34.2283989171233,19.209777326780433,4,4,20160910_flight07
2016-09-10 09:10:03,54.8727762,7.50601143,91.3,-0.312,2.9,1005.16,18.793,1.179292,9.127,2.108,-0.20400000000000001,100,0.6,2.9,1005.16,0.017087290791827137,291.5135860696114,9.36727244185841,193.00516132413435,True,34.22740530870544,19.275340381610626,4,4,20160910_flight07
2016-09-10 09:10:04,54.87285192,7.50500674,91.384,-0.49,2.9,1005.1669999999999,18.715999999999998,1.17914,9.104,2.162,-0.177,100,0.6,2.9,1005.1669999999999,0.017493849076593015,291.4361188690916,9.357192955154874,193.3590269515814,True,34.22632163899609,19.340896130729124,4,4,20160910_flight07
2016-09-10 09:10:05,54.872926660000005,7.50400196,91.44,-0.278,2.805,1005.145,18.718999999999998,1.178957,8.906,1.732,0.008,100,0.4,2.9,1005.145,0.01761905340835357,291.44093878485637,9.072852914050795,191.0052627901848,True,34.225129183415405,19.406441831311795,4,4,20160910_flight07
2016-09-10 09:10:06,54.873000929999996,7.50299685,91.302,0.115,2.8,1005.158,18.641,1.17911,8.698,1.885,0.235,100,0.2,2.8,1005.158,0.017772160588255925,291.3619754474151,8.899911741135416,192.22784912369133,True,34.223881864539266,19.47200107992891,4,4,20160910_flight07
2016-09-10 09:10:07,54.8730753,7.501991540000001,90.962,0.509,2.7979999999999996,1005.197,18.680999999999997,1.178952,8.939,1.807,0.07200000000000001,100,0.7,2.8,1005.197,0.01780852872464167,291.3986830975274,9.119811949815633,191.42821527947598,True,34.2226436841575,19.537574748720953,4,4,20160910_flight07
2016-09-10 09:10:08,54.87315091000001,7.50098566,90.65799999999999,0.9890000000000001,2.738,1005.2510000000001,18.791,1.17889,8.736,1.2329999999999999,-0.23,100,1.1,2.8,1005.2510000000001,0.017533198249422455,291.50404151745175,8.822583805212622,188.0336680964323,True,34.221536736551634,19.603204923227402,4,4,20160910_flight07
2016-09-10 09:10:09,54.87322755,7.49997862,90.416,0.731,2.7,1005.279,18.756,1.179016,8.517000000000001,1.206,-0.132,100,1.0,2.7,1005.279,0.017574789025894377,291.4667720525334,8.601960532343776,188.05945407983342,True,34.22053235726266,19.668925995163434,4,4,20160910_flight07
2016-09-10 09:10:10,54.87330524,7.49897069,90.194,0.7659999999999999,2.804,1005.3009999999999,18.566000000000003,1.179137,9.125,1.955,0.014000000000000002,100,0.9,2.9,1005.3009999999999,0.018155346605910783,291.27523487807696,9.3320764034592,192.09261301461316,True,34.219635281736096,19.73472099810324,4,4,20160910_flight07
2016-09-10 09:10:11,54.873385049999996,7.49796254,90.029,0.7170000000000001,2.967,1005.314,18.632,1.179138,9.225,2.08,-0.045,100,0.8,3.0,1005.314,0.017937343621469815,291.34005767051104,9.456586329114751,192.7062443211139,True,34.21896964915352,19.800564293093732,4,4,20160910_flight07
2016-09-10 09:10:12,54.87346591000001,7.49695451,90.097,0.409,3.051,1005.322,18.694000000000003,1.179126,8.959,1.77,0.004,100,0.6,3.1,1005.322,0.01773954689988444,291.4013005632957,9.132172852065384,191.1758139609692,True,34.21842079395897,19.86641684500587,4,4,20160910_flight07
2016-09-10 09:10:13,54.87354691,7.49594687,90.2,0.47100000000000003,3.032,1005.2869999999999,18.577,1.179276,9.107,2.224,0.192,100,0.5,3.1,1005.2869999999999,0.017982774383754396,291.2873784281449,9.37462665923289,193.72347079406813,True,34.21789101713558,19.93224668255339,4,4,20160910_flight07
2016-09-10 09:10:14,54.873628950000004,7.4949398799999996,90.291,0.40700000000000003,3.1,1005.2769999999999,18.758,1.179162,9.148,1.922,0.147,100,0.5,3.1,1005.2769999999999,0.01743980100666831,291.4689348880082,9.347726354574142,191.86529777820078,True,34.217481887561206,19.99805167779518,4,4,20160910_flight07
2016-09-10 09:10:15,54.87371201,7.493933419999999,90.3,0.43200000000000005,3.008,1005.2669999999999,18.727999999999998,1.17932,9.024,1.6740000000000002,0.028000000000000004,100,0.5,3.1,1005.2669999999999,0.01739792948365415,291.4398091570685,9.17795467410904,190.50921015305693,True,34.217190076763465,20.06383919209515,4,4,20160910_flight07
2016-09-10 09:10:16,54.873795769999994,7.492927120000001,90.34899999999999,0.302,3.0840000000000005,1005.2489999999999,18.735,1.179086,9.294,1.632,-0.14700000000000002,100,0.4,3.1,1005.2489999999999,0.01755721654318032,291.4482911723714,9.436199446811202,189.95944016412375,True,34.216976867942755,20.129627754976408,4,4,20160910_flight07
2016-09-10 09:10:17,54.87388035,7.49192079,90.478,0.483,2.971,1005.2410000000001,18.722,1.179015,9.04,1.295,-0.0030000000000000005,100,0.7,3.1,1005.2410000000001,0.01765571959565082,291.4359739481546,9.132284763409427,188.15228422664939,True,34.21685369628265,20.19543146896186,4,4,20160910_flight07
2016-09-10 09:10:18,54.87396573,7.490914299999999,90.464,0.573,2.957,1005.265,18.657,1.179094,9.109,1.847,0.033,100,0.6,3.0,1005.265,0.0178385038315787,291.36908153802364,9.294368725201299,191.4622630616463,True,34.21681713951248,20.261258335752753,4,4,20160910_flight07
2016-09-10 09:10:19,54.87405211,7.489908000000001,90.4,0.36800000000000005,3.0,1005.2639999999999,18.662,1.17903,8.899,1.9369999999999998,0.09,100,0.5,3.0,1005.2639999999999,0.01787530058742348,291.3741569310482,9.1073689943913,192.27974169600122,True,34.21689250948723,20.327089170389872,4,4,20160910_flight07
2016-09-10 09:10:20,54.87413882,7.48890181,90.42200000000001,-0.051000000000000004,3.079,1005.2560000000001,18.687,1.178965,8.58,1.6980000000000002,0.157,100,0.3,3.1,1005.2560000000001,0.017836118758014052,291.39978265367,8.746405204425416,191.19430816001076,True,34.21700525895349,20.392918285620322,4,4,20160910_flight07
2016-09-10 09:10:21,54.8742252,7.48789576,90.5,-0.136,3.0,1005.247,18.534000000000002,1.179025,9.128,1.885,-0.013000000000000001,100,0.2,3.0,1005.247,0.018309073484014338,291.24775762597363,9.320601321803224,191.66798876005228,True,34.21708297388467,20.458733111821324,4,4,20160910_flight07
2016-09-10 09:10:22,54.874311989999995,7.486889919999999,90.48299999999999,-0.544,3.0,1005.2539999999999,18.651,1.1789180000000001,8.836,1.8419999999999999,0.191,100,0.7,3.0,1005.2539999999999,0.018000248766301574,291.3640023762263,9.025954797139192,191.77553913682465,True,34.21720781785618,20.524541105981665,4,4,20160910_flight07
2016-09-10 09:10:23,54.874397470000005,7.485884260000001,90.391,-0.8540000000000001,3.0,1005.2719999999999,18.695,1.179042,8.59,1.66,0.037000000000000005,100,1.0,3.0,1005.2719999999999,0.01775794649027085,291.4064441721749,8.748925648329628,190.93747020092627,True,34.21719006080018,20.59031643819014,4,4,20160910_flight07
2016-09-10 09:10:24,54.87448106,7.4848785499999995,90.29899999999999,-0.758,2.929,1005.258,18.715999999999998,1.1790910000000001,9.023,1.8730000000000002,0.07600000000000001,100,1.0,3.0,1005.258,0.017628253318284104,291.4285733816996,9.215349043850699,191.7269498099534,True,34.216963661498376,20.656064478338266,4,4,20160910_flight07
2016-09-10 09:10:25,54.874564119999995,7.48387283,90.199,-0.722,2.888,1005.28,18.697,1.179063,9.029,1.8159999999999998,-0.168,100,0.8,2.9,1005.28,0.017740944143607384,291.4077779242852,9.209815253304487,191.3721560980143,True,34.21667879177173,20.721804607666993,4,4,20160910_flight07
2016-09-10 09:10:26,54.87464614,7.4828667499999995,90.1,-0.6439999999999999,2.9,1005.285,18.705,1.1789800000000001,8.954,1.508,-0.094,100,0.8,2.9,1005.285,0.01778975600487298,291.41535135002465,9.080098017092107,189.5598344848622,True,34.216275994947864,20.787551009515912,4,4,20160910_flight07
2016-09-10 09:10:27,54.87472675,7.48186011,90.05,-0.405,2.835,1005.297,18.718,1.179056,8.516,1.48,-0.032,100,0.6,2.9,1005.297,0.017690968775687432,291.4273368506758,8.643648303812459,189.85899237184213,True,34.21571264156511,20.853310520957987,4,4,20160910_flight07
2016-09-10 09:10:28,54.87480605,7.4808528999999995,89.87899999999999,-0.534,2.745,1005.317,18.68,1.179073,8.321,1.62,-0.20400000000000001,100,0.6,2.8,1005.317,0.017829058991651436,291.3877362793004,8.4772307388675,191.01699419893822,True,34.21499965228391,20.91908539575681,4,4,20160910_flight07
2016-09-10 09:10:29,54.87488443,7.47984499,89.73899999999999,-0.611,2.748,1005.3509999999999,18.645,1.1790440000000002,8.581,1.659,-0.021,100,0.7,2.8,1005.3509999999999,0.01801061062499021,291.34997125200255,8.739899427338965,190.94222831880717,True,34.214178764113676,20.984890250659763,4,4,20160910_flight07
2016-09-10 09:10:30,54.874962589999996,7.47883664,89.527,0.5489999999999999,2.8259999999999996,1005.367,18.629,1.17908,9.012,1.902,-0.018000000000000002,100,2.9,2.9,1005.367,0.01805155225898547,291.3326696191632,9.21052376360867,191.91749238909256,True,34.21332951701164,21.050719730873578,4,4,20160910_flight07
2016-09-10 09:13:08,54.96073655,7.50595718,91.34899999999999,1.906,3.658,1005.08,18.654,1.178896,9.167,1.3019999999999998,0.36200000000000004,100,2.5,3.7,1005.08,0.017832572346470954,291.3814232936175,9.259000648018121,188.08372035829734,True,43.91525210777336,20.697989187631,5,5,20160910_flight07
2016-09-10 09:13:09,54.96073824999999,7.50699167,91.67399999999999,0.302,3.5580000000000003,1005.048,18.667,1.1788990000000001,9.426,1.446,0.26,100,1.2,3.7,1005.048,0.017752234960793034,291.39705788446355,9.53626719424325,188.72149534154306,True,43.92514268954009,20.631774347165834,5,5,20160910_flight07
2016-09-10 09:13:10,54.960739329999996,7.50802521,91.944,-1.334,3.452,1005.005,18.736,1.178744,9.434,1.6369999999999998,0.16399999999999998,100,1.8,3.5,1005.005,0.01760190442187337,291.4695251323981,9.574973890303825,189.84401952741814,True,43.93495607083519,20.565610335518528,5,5,20160910_flight07
2016-09-10 09:13:11,54.960741639999995,7.50905897,92.088,-1.932,3.2710000000000004,1004.9830000000001,18.769000000000002,1.178787,8.956,1.8030000000000002,-0.016,100,2.1,3.4,1004.9830000000001,0.017427481070050543,291.50430307180795,9.135685250707798,191.3825007754107,True,43.94490699352271,20.49945208158452,5,5,20160910_flight07
2016-09-10 09:13:12,54.96074582999999,7.5100935,92.1,-2.374,2.9819999999999998,1004.993,18.773,1.1788040000000002,8.97,1.751,-0.18100000000000002,100,2.5,3.0,1004.993,0.017408991049954192,291.5074678148258,9.13930527994333,191.0455925415415,True,43.955072210483124,20.433274854071907,5,5,20160910_flight07
2016-09-10 09:13:13,54.960753489999995,7.51112983,91.995,-2.7289999999999996,2.9130000000000003,1005.0089999999999,18.754,1.178994,9.339,1.531,-0.028000000000000004,100,2.9,3.0,1005.0089999999999,0.017327439657934374,291.4871676490768,9.46366113087319,189.31003811833114,True,43.96563651281686,20.367038351693694,5,5,20160910_flight07
2016-09-10 09:13:14,54.960765959999996,7.512168239999999,91.858,-2.8789999999999996,2.946,1005.0319999999999,18.703999999999997,1.179093,9.202,1.093,-0.172,100,3.0,3.0,1005.0319999999999,0.017439578313646287,291.43533155662834,9.266685113890512,186.77377167577208,True,43.9767501206097,20.30074626490691,5,5,20160910_flight07
2016-09-10 09:13:15,54.960782529999996,7.513208100000001,91.8,-1.9169999999999998,2.944,1005.023,18.705,1.179027,9.332,1.29,-0.09,100,2.6,3.0,1005.023,0.017483935018198338,291.4370765276356,9.420739036827207,187.87034904603388,True,43.98832892192063,20.234427479647497,5,5,20160910_flight07
2016-09-10 09:13:16,54.96080183,7.514249019999999,91.8,-1.685,3.049,1005.034,18.711,1.17905,9.437000000000001,1.046,-0.077,100,1.9,3.1,1005.034,0.01745430591044994,291.4421556448992,9.494792520113329,186.32486471375825,True,44.00021836054615,20.168084865143012,5,5,20160910_flight07
2016-09-10 09:13:17,54.960823899999994,7.515290670000001,91.82799999999999,-1.577,3.145,1005.015,18.682000000000002,1.1790720000000001,9.454,1.092,-0.128,100,1.9,3.2,1005.015,0.017517189965532864,291.4147728891238,9.516857674673926,186.58884554395704,True,44.01241974692495,20.10174019789891,5,5,20160910_flight07
2016-09-10 09:13:18,54.960848649999996,7.51633287,92.041,-1.1860000000000002,3.065,1005.0039999999999,18.714,1.178969,9.363,1.4509999999999998,-0.199,100,1.3,3.1,1005.0039999999999,0.01748337778494613,291.44763946184185,9.474764904735103,188.80914938857055,True,44.02492147967861,20.03540355190666,5,5,20160910_flight07
2016-09-10 09:13:19,54.96087512,7.51737564,92.227,-0.633,3.08,1004.992,18.692999999999998,1.179062,9.044,1.305,-0.079,100,0.9,3.1,1004.992,0.017464182344370416,291.4276646235396,9.13766715305389,188.21079683496234,True,44.03761800760761,19.969058157603502,5,5,20160910_flight07
2016-09-10 09:13:20,54.96090257,7.5184187399999995,92.3,0.084,3.0,1004.992,18.713,1.179047,9.209,1.166,-0.07,100,0.4,3.0,1004.992,0.01740740373865557,291.44763616060743,9.282523202233323,187.21612236477125,True,44.050425572566134,19.902707443737388,5,5,20160910_flight07
2016-09-10 09:13:21,54.96093044,7.51946227,92.36200000000001,0.28300000000000003,3.0,1004.966,18.718,1.179122,9.072000000000001,1.083,-0.031,100,0.4,3.0,1004.966,0.017298942660324057,291.4547855573663,9.136414668785564,186.8076560945825,True,44.06328343157176,19.83633597174914,5,5,20160910_flight07
2016-09-10 09:13:22,54.96095836000001,7.52050607,92.3,0.8310000000000001,2.9539999999999997,1004.9780000000001,18.698,1.179096,9.146,1.069,-0.067,100,1.1,3.0,1004.9780000000001,0.01740323910812891,291.4338186183557,9.208261345118308,186.66657962931123,True,44.07614933036051,19.76994801736291,5,5,20160910_flight07
2016-09-10 09:13:23,54.960985369999996,7.521550039999999,92.25399999999999,1.4709999999999999,2.8109999999999995,1004.99,18.788,1.179041,9.041,0.74,-0.149,100,1.7,2.9,1004.99,0.017149179784287094,291.5226953474251,9.071233708818223,184.67919195235672,True,44.08891659215138,19.703534495065046,5,5,20160910_flight07
2016-09-10 09:13:24,54.961010429999995,7.52259413,92.154,2.3409999999999997,2.793,1004.9960000000001,18.750999999999998,1.1789800000000001,8.825,0.721,-0.146,100,3.7,2.8,1004.9960000000001,0.017336816117085485,291.4852502787407,8.85440376310003,184.6706753786762,True,44.10147019759475,19.637081826914898,5,5,20160910_flight07
2016-09-10 09:13:25,54.96103232,7.52363815,92.064,4.5889999999999995,2.819,1005.013,18.618000000000002,1.178835,9.295,0.718,0.159,100,4.9,2.9,1005.013,0.017942971614104408,291.35103021011923,9.322690008790381,184.41708857321584,True,44.11367398813807,19.570582495529372,5,5,20160910_flight07
2016-09-10 09:13:34,54.96086464,7.53296073,88.51799999999999,4.315,2.6920000000000006,1005.445,18.718,1.179503,9.363999999999999,1.595,0.136,100,4.7,2.7,1005.445,0.017455059058076428,291.4150674728386,9.498869459046166,189.6665985120352,True,44.182649121596036,18.970917394151233,5,5,20160910_flight07
2016-09-10 09:13:35,54.96080399,7.5339873299999995,87.993,4.511,2.7060000000000004,1005.5260000000001,18.778,1.179619,9.067,1.172,0.051000000000000004,100,4.8,2.8,1005.5260000000001,0.017227851280525064,291.4682589682398,9.142432553757233,187.36521133661284,True,44.18559818208409,18.904201808950575,5,5,20160910_flight07
2016-09-10 09:13:36,54.96073617,7.535011379999999,87.65299999999999,4.373,3.0580000000000003,1005.555,18.727,1.179682,9.441,1.0390000000000001,0.12,100,4.8,3.2,1005.555,0.017380599952550035,291.4149355974672,9.497999894714678,186.28023664552342,True,44.18773358738906,18.83753382716965,5,5,20160910_flight07
2016-09-10 09:13:37,54.960661849999994,7.53603233,87.666,3.718,3.324,1005.567,18.881,1.179498,8.77,0.8220000000000001,-0.192,100,4.2,3.4,1005.567,0.01701485600644559,291.567696675138,8.808438227063865,185.35461074617115,True,44.18912397547562,18.770959477321096,5,5,20160910_flight07
2016-09-10 09:13:38,54.960581700000006,7.53704974,88.125,3.0980000000000003,3.3369999999999997,1005.4989999999999,18.727999999999998,1.179369,9.152000000000001,0.9060000000000001,-0.139,100,3.4,3.5,1005.4989999999999,0.017590448874187592,291.42057571448265,9.196735290308187,185.65356145838018,True,44.18983901608923,18.704517744205848,5,5,20160910_flight07
2016-09-10 09:13:39,54.9604972,7.53806383,88.726,2.405,3.537,1005.4169999999999,18.77,1.1790360000000002,8.642999999999999,0.9540000000000001,-0.102,100,3.0,3.6,1005.4169999999999,0.017648406359179303,291.46930824616965,8.695491072964193,186.298715782158,True,44.190043786763695,18.638218419101097,5,5,20160910_flight07
2016-09-10 09:13:40,54.96040894,7.53907444,89.429,1.415,3.424,1005.34,18.745,1.179032,8.871,0.6629999999999999,-0.1,100,1.8,3.5,1005.34,0.017661074232645513,291.4507307651461,8.8957411158374,184.2742203851007,True,44.18980177203108,18.572081266618643,5,5,20160910_flight07
2016-09-10 09:13:41,54.96031892,7.54008261,90.13600000000001,0.55,3.514,1005.2560000000001,18.649,1.1789290000000001,9.201,0.9229999999999999,-0.033,100,0.8,3.6,1005.2560000000001,0.017999753008946406,291.3618395835972,9.247179570009441,185.7284724435798,True,44.1893430160654,18.50607196017965,5,5,20160910_flight07
2016-09-10 09:13:42,54.960229090000006,7.54108938,90.84200000000001,-0.086,3.429,1005.155,18.617,1.1787910000000001,9.151,0.99,-0.15,100,0.2,3.5,1005.155,0.01812828951905998,291.338259420736,9.204395743339157,186.17452395887744,True,44.188892055814435,18.440155366492558,5,5,20160910_flight07
2016-09-10 09:13:43,54.96013927,7.54209486,91.454,0.007999999999999998,3.138,1005.0830000000001,18.687,1.178844,8.729,0.765,-0.162,100,0.3,3.3,1005.0830000000001,0.017765409476777627,291.4141267352772,8.762457760240558,185.00854269053823,True,44.188430097032494,18.374321537678686,5,5,20160910_flight07
2016-09-10 09:13:44,54.960048539999995,7.543099130000001,91.774,-0.168,2.912,1005.05,18.642,1.178931,9.024,0.8910000000000001,0.03,100,0.7,3.0,1005.05,0.017813831341716657,291.37192803343163,9.06788051310779,185.63891922349228,True,44.18785655709546,18.30855050752132,5,5,20160910_flight07
2016-09-10 09:13:45,54.95995812,7.544103679999999,91.757,-0.594,2.7939999999999996,1005.049,18.647000000000002,1.178843,8.847999999999999,0.7709999999999999,0.122,100,0.7,2.9,1005.049,0.017871356096744062,291.37700375042226,8.881528303169448,184.9800795975297,True,44.18731978833014,18.242766549535713,5,5,20160910_flight07
2016-09-10 09:13:46,54.95986851,7.545109,91.473,-0.741,2.688,1005.094,18.673,1.178878,8.758,1.068,0.025,100,0.8,2.7,1005.094,0.01779602029670646,291.39923491915107,8.82287866855257,186.95264301729875,True,44.18687945913787,18.176946354315167,5,5,20160910_flight07
2016-09-10 09:13:47,54.959779749999996,7.54611563,91.06700000000001,-0.914,2.616,1005.135,18.610000000000003,1.179021,8.92,0.9990000000000001,0.126,100,1.0,2.7,1005.135,0.01793384383064489,291.33292759673293,8.975767432370338,186.3902415657984,True,44.18654504040883,18.111055989008175,5,5,20160910_flight07
2016-09-10 09:13:48,54.959692059999995,7.54712383,90.602,-0.914,2.725,1005.193,18.652,1.179122,8.776,1.042,0.034,100,1.1,2.8,1005.193,0.017758873831938304,291.37005766244533,8.83764335102973,186.771194278426,True,44.18634320270538,18.045082354377808,5,5,20160910_flight07
2016-09-10 09:13:49,54.959605499999995,7.54813346,90.228,-0.818,2.7,1005.2689999999999,18.695,1.1791930000000002,8.979,1.148,0.045,100,1.0,2.7,1005.2689999999999,0.017624581970066888,291.4066928881531,9.052090642498007,187.2859591264802,True,44.18627924152638,17.97903538320385,5,5,20160910_flight07
2016-09-10 09:13:50,54.95952036,7.54914467,89.869,-0.662,2.8539999999999996,1005.308,18.704,1.179241,8.885,0.888,0.021,100,0.8,2.9,1005.308,0.017591257392011395,291.412446038538,8.929264751366711,185.70740074523252,True,44.186386505773676,17.91291014935936,5,5,20160910_flight07
2016-09-10 09:13:51,54.95943584,7.55015657,89.65899999999999,-0.39399999999999996,2.9330000000000003,1005.324,18.726,1.179108,8.62,1.033,0.05,100,0.5,3.0,1005.324,0.017645525809695695,291.43308620522794,8.681675471935126,186.83359975554274,True,44.18656853173869,17.84675073547069,5,5,20160910_flight07
2016-09-10 09:13:52,54.95935165,7.55116877,89.6,-0.28600000000000003,3.097,1005.3409999999999,18.676,1.179197,9.082,1.13,2.7755575615628914e-19,100,0.4,3.1,1005.3409999999999,0.017760274037379675,291.3817528918329,9.152028409046817,187.09240281137906,True,44.186789719362935,17.780577435763842,5,5,20160910_flight07
2016-09-10 09:13:53,54.959268519999995,7.552181419999999,89.654,-0.516,3.1,1005.33,18.678,1.179133,9.035,1.229,-0.137,100,0.6,3.1,1005.33,0.01779740332049462,291.3846616768745,9.118205196199524,187.7462048706891,True,44.187131881160425,17.714392423185107,5,5,20160910_flight07
2016-09-10 09:13:54,54.95918613,7.55319435,89.855,-0.46199999999999997,3.0690000000000004,1005.299,18.704,1.179181,8.971,1.375,-0.045,100,0.6,3.1,1005.299,0.01763392482854287,291.4131921779839,9.075762557493448,188.7140040959323,True,44.187558176298346,17.648201420508755,5,5,20160910_flight07
2016-09-10 09:13:55,54.959104180000004,7.55420738,89.994,-0.341,3.1790000000000003,1005.295,18.762,1.179111,9.507,1.288,-0.09699999999999999,100,0.5,3.2,1005.295,0.017488084237730517,291.47143626265665,9.593851833335764,187.71540629603095,True,44.18803387303336,17.58201111353146,5,5,20160910_flight07
2016-09-10 09:13:56,54.95902311,7.55522068,90.214,-0.242,3.155,1005.265,18.835,1.178778,9.019,1.575,-0.175,100,0.6,3.2,1005.265,0.017490698689683004,291.54681441116844,9.155489391616376,189.90574887997184,True,44.18860902954884,17.5158177155899,5,5,20160910_flight07
2016-09-10 09:13:57,54.95894189,7.5562339099999996,90.406,-0.096,3.062,1005.2439999999999,18.820999999999998,1.1787020000000001,8.504,1.8780000000000001,-0.184,100,0.4,3.1,1005.2439999999999,0.01758383816200393,291.5345772203024,8.708897748854328,192.45316693422973,True,44.189167007790765,17.449626379871898,5,5,20160910_flight07
2016-09-10 09:13:58,54.95885982,7.55724701,90.5,-0.39399999999999996,2.9,1005.2439999999999,18.852,1.178768,8.436,1.36,-0.16400000000000003,100,0.5,2.9,1005.2439999999999,0.017418838597566877,291.565530883145,8.54492223487142,189.15807627697092,True,44.18963014376389,17.383429654421445,5,5,20160910_flight07
2016-09-10 09:13:59,54.95877845,7.55826103,90.47200000000001,-0.37800000000000006,2.972,1005.25,18.844,1.178957,8.408999999999999,1.128,-0.075,100,0.5,3.0,1005.25,0.017289677426117533,291.55704514024114,8.484318770531903,187.6401618884318,True,44.19017901038086,17.317185311906268,5,5,20160910_flight07
2016-09-10 09:14:00,54.958698080000005,7.559275840000001,90.45,0.107,2.852,1005.235,18.803,1.178971,8.417,1.097,0.03900000000000001,100,0.4,3.0,1005.235,0.017405275667389697,291.51735057940436,8.488185789672608,187.42558765450406,True,44.19084543163977,17.250906516990693,5,5,20160910_flight07
2016-09-10 09:14:01,54.958617610000005,7.5602908300000005,90.339,0.426,2.963,1005.2610000000001,18.664,1.1789910000000001,8.988999999999999,1.101,-0.073,100,0.6,3.0,1005.2610000000001,0.017898956881198025,291.3764026222956,9.056175903768652,186.9829797958506,True,44.19150252680857,17.184614582575197,5,5,20160910_flight07
2016-09-10 09:14:02,54.95853729,7.56130605,90.338,0.6409999999999999,2.967,1005.265,18.685,1.179,8.897,0.867,-0.10099999999999999,100,0.8,3.0,1005.265,0.01782199073295465,291.3970395180689,8.93914414247807,185.56581855387122,True,44.192178301023844,17.118310340537082,5,5,20160910_flight07
2016-09-10 09:14:03,54.9584562,7.56232088,90.4,0.943,2.889,1005.235,18.725,1.1790740000000002,8.972000000000001,0.914,-0.04,100,1.1,2.9,1005.235,0.0175882637934206,291.43946697024404,9.01843556277917,185.81679698963046,True,44.19276560578182,17.052018648280804,5,5,20160910_flight07
2016-09-10 09:14:04,54.95837366,7.56333496,90.4,1.284,2.873,1005.247,18.78,1.178997,8.347000000000001,1.023,-0.096,100,1.5,2.9,1005.247,0.017475140698674396,291.4933897085561,8.409455273678553,186.98726809203794,True,44.19318616603206,16.985751586659152,5,5,20160910_flight07
2016-09-10 09:14:05,54.95828929,7.5643486,90.358,1.651,2.8909999999999996,1005.255,18.714,1.178934,8.493,1.406,-0.094,100,1.8,3.0,1005.255,0.01776770893714308,291.42682511577306,8.608593671442508,189.399953822449,True,44.19340103458128,16.919483174193285,5,5,20160910_flight07
2016-09-10 09:14:06,54.95820329,7.5653621,90.275,1.746,2.9,1005.2689999999999,18.678,1.1790230000000002,9.036,1.4580000000000002,0.131,100,1.8,2.9,1005.2689999999999,0.017830599120190138,291.3897184195855,9.152871680516448,189.16593543298535,True,44.193435054291555,16.853197427611143,5,5,20160910_flight07
2016-09-10 09:14:07,54.95811516,7.5663749199999994,90.165,1.68,2.951,1005.288,18.727999999999998,1.179047,8.479,1.068,-0.114,100,1.9,3.0,1005.288,0.017654759119683616,291.4380679639501,8.545997016147384,187.17906895504842,True,44.19322808776873,16.786920858006123,5,5,20160910_flight07
2016-09-10 09:14:08,54.95802373000001,7.56738612,90.2,1.6219999999999999,2.987,1005.305,18.715,1.179138,8.419,0.925,0.08700000000000001,100,1.7,3.1,1005.305,0.017638754165125503,291.4236781179029,8.469662685136877,186.26996904097757,True,44.192642448821104,16.720694780016668,5,5,20160910_flight07
2016-09-10 09:14:09,54.9579296,7.568395809999999,90.23200000000001,1.555,3.178,1005.294,18.757,1.1790060000000002,8.404,1.1159999999999999,-0.023000000000000003,100,1.7,3.3,1005.294,0.01759511737148034,291.46652672922323,8.47777517984524,187.56427426808614,True,44.19174525597329,16.654521830485308,5,5,20160910_flight07
2016-09-10 09:14:10,54.957833719999996,7.56940418,90.464,1.521,3.336,1005.2639999999999,18.708,1.179058,8.737,0.835,-0.04800000000000001,100,1.7,3.4,1005.2639999999999,0.017690703892100146,291.42008791133287,8.776810012755204,185.4592091525567,True,44.19064292874396,16.588405170545702,5,5,20160910_flight07
2016-09-10 09:14:11,54.957736139999994,7.57041072,90.91799999999999,1.67,3.4560000000000004,1005.2080000000001,18.753,1.178822,8.431000000000001,0.894,-0.061000000000000006,100,1.8,3.5,1005.2080000000001,0.017680831147361298,291.4696642179293,8.478266155293783,186.05286820504642,True,44.18933619065055,16.52237826412077,5,5,20160910_flight07
2016-09-10 09:14:12,54.95763581,7.571414559999999,91.47,1.837,3.5460000000000003,1005.1410000000001,18.741,1.178689,8.031,1.006,-0.0020000000000000013,100,2.1,3.6,1005.1410000000001,0.01776966447742323,291.46323824687295,8.093762845549653,187.13994306955777,True,44.18770122943803,16.456479879597723,5,5,20160910_flight07
2016-09-10 09:14:13,54.957532799999996,7.572416,92.023,1.2819999999999998,3.6290000000000004,1005.077,18.592,1.1785990000000002,8.865,1.535,0.168,100,1.8,3.8,1005.077,0.01830238144175178,291.31976176835593,8.996913359591721,189.82352425585438,True,44.18574856917292,16.390691936250803,5,5,20160910_flight07
2016-09-10 09:14:14,54.95742905,7.57341562,92.559,0.9460000000000001,3.571,1004.998,18.738999999999997,1.178482,8.432,1.462,0.009,100,1.3,3.8,1004.998,0.01781058721803097,291.47310147644964,8.557807429476314,189.83655450543898,True,44.18369733063803,16.325008594968818,5,5,20160910_flight07
2016-09-10 09:14:15,54.95732358,7.57441313,93.084,1.24,3.3280000000000003,1004.95,18.656000000000002,1.178843,8.724,1.317,-0.018000000000000002,100,1.4,3.4,1004.95,0.017739702548241976,291.394200172719,8.822849029650229,188.58471188673755,True,44.181436851995315,16.25943261396465,5,5,20160910_flight07
2016-09-10 09:14:16,54.957216259999996,7.575409029999999,93.47200000000001,0.694,3.3369999999999997,1004.914,18.644000000000002,1.178668,8.615,1.4269999999999998,0.187,100,0.9,3.4,1004.914,0.017896204679175298,291.38520247011724,8.732385355674587,189.40515265201864,True,44.17895750436285,16.19392987891249,5,5,20160910_flight07
2016-09-10 09:14:17,54.95710828,7.57640404,93.68,0.491,3.1540000000000004,1004.8919999999999,18.679,1.178682,8.584,1.2930000000000001,0.061000000000000006,100,0.7,3.3,1004.8919999999999,0.017739755017223136,291.42197811078523,8.680835501263688,188.56601269729094,True,44.17639711326481,16.128473485283088,5,5,20160910_flight07
2016-09-10 09:14:18,54.956999290000006,7.577398339999999,93.736,0.147,3.036,1004.906,18.603,1.1787640000000001,8.839,1.555,0.012000000000000002,100,0.5,3.1,1004.906,0.017948235255782485,291.3449232497223,8.974739327690806,189.97765440202124,True,44.17371881646659,16.063046260012097,5,5,20160910_flight07
2016-09-10 09:14:19,54.956890460000004,7.578393129999999,93.66799999999999,-0.29,2.984,1004.8839999999999,18.628,1.1787830000000001,8.751,1.349,0.18100000000000002,100,0.3,3.0,1004.8839999999999,0.017822326374876463,291.37171265682764,8.854366267554104,188.76338135068414,True,44.17106273891464,15.997590239687236,5,5,20160910_flight07
2016-09-10 09:14:20,54.95678188,7.57938851,93.475,-0.225,2.9159999999999995,1004.924,18.702,1.178857,8.797,1.298,-0.096,100,0.4,3.0,1004.924,0.01754088127523734,291.44229176718767,8.892244542296394,188.39344767402397,True,44.16843973160442,15.93210047301734,5,5,20160910_flight07
2016-09-10 09:14:21,54.95667347,7.5803845999999995,93.337,-0.183,2.84,1004.936,18.685,1.17886,8.645,1.2890000000000001,-0.19899999999999998,100,0.4,2.9,1004.936,0.01760971687954105,291.424320368833,8.740568974614868,188.48052521695388,True,44.16584210854879,15.866567985212555,5,5,20160910_flight07
2016-09-10 09:14:22,54.956564820000004,7.5813814100000005,93.163,0.055,2.748,1004.952,18.596,1.17887,8.637,1.22,0.019000000000000003,100,0.2,2.9,1004.952,0.01792772065626158,291.33411902319915,8.722738618117592,188.03999573714023,True,44.1632248042699,15.800985520889597,5,5,20160910_flight07
2016-09-10 09:14:23,54.95645599,7.58237893,92.946,-0.10800000000000001,2.9,1004.9939999999999,18.666,1.17879,8.629,1.264,-0.051000000000000004,100,0.2,2.9,1004.9939999999999,0.01779514431532414,291.40053719544767,8.721085769558742,188.33357784287898,True,44.160594333642365,15.735354688441351,5,5,20160910_flight07
2016-09-10 09:14:24,54.95634758,7.583377329999999,92.78399999999999,-0.169,2.82,1005.0139999999999,18.684,1.1789120000000002,8.66,1.465,-0.106,100,0.3,2.9,1005.0139999999999,0.017647298950300483,291.4168529591176,8.783041899023367,189.60174076929667,True,44.15801837798431,15.669674282685966,5,5,20160910_flight07
2016-09-10 09:14:25,54.95623952,7.584377,92.596,-0.094,2.838,1005.035,18.662,1.1789150000000002,8.812999999999999,1.494,0.034,100,0.3,2.9,1005.035,0.01774269611251289,291.3931430429132,8.938736208211985,189.62144161625378,True,44.15549288530748,15.603918201064841,5,5,20160910_flight07
2016-09-10 09:14:26,54.95613141,7.585376999999999,92.34299999999999,0.163,2.9,1005.07,18.713,1.178977,8.556000000000001,1.517,0.07,100,0.3,2.9,1005.07,0.01754677906457558,291.441167164412,8.689443307830485,190.05419746253742,True,44.152964980744564,15.538140181595143,5,5,20160910_flight07
2016-09-10 09:14:27,54.95602275,7.58637753,92.06299999999999,0.32800000000000007,2.9330000000000003,1005.113,18.735,1.179073,8.634,1.435,0.151,100,0.4,3.0,1005.113,0.017430769038235594,291.45956913333873,8.7524385744774,189.43649342433008,True,44.15038146797175,15.472319350398799,5,5,20160910_flight07
2016-09-10 09:14:28,54.95591353,7.5873784,91.81700000000001,0.405,2.8759999999999994,1005.1240000000001,18.785999999999998,1.179029,8.293,1.34,-0.039,100,0.6,2.9,1005.1240000000001,0.01730212411604448,291.50958237899937,8.40056242164773,189.1786376457516,True,44.14773946337468,15.406467712544607,5,5,20160910_flight07
2016-09-10 09:14:29,54.95580347,7.58837947,91.646,0.384,2.928,1005.1419999999999,18.685,1.1790180000000001,8.573,1.3159999999999998,0.03,100,0.5,3.0,1005.1419999999999,0.017681917183842266,291.40723739783994,8.673418299609445,188.72707723050803,True,44.145006813297975,15.340589715164993,5,5,20160910_flight07
2016-09-10 09:14:30,54.95569306,7.58938076,91.55199999999999,0.44799999999999995,3.054,1005.15,18.701,1.178865,8.288,1.2830000000000001,-0.011000000000000001,100,0.6,3.1,1005.15,0.017766299210308256,291.4225505836468,8.386717653528107,188.79966116179168,True,44.14223767618051,15.274691983371142,5,5,20160910_flight07
2016-09-10 09:14:31,54.95558185,7.59038179,91.6,0.20199999999999999,3.137,1005.1590000000001,18.632,1.1789800000000001,8.671,1.248,0.10300000000000001,100,0.5,3.2,1005.1590000000001,0.017916794318338924,291.3529057809392,8.760350734987727,188.19022382161057,True,44.13937798464548,15.208797992944575,5,5,20160910_flight07
2016-09-10 09:14:32,54.95547051,7.591381999999999,91.685,-0.01,3.255,1005.143,18.683,1.178977,8.74,1.31,0.073,100,0.2,3.3,1005.143,0.01772529517362975,291.40515741388333,8.837629772738842,188.52435417602277,True,44.1364962828577,15.142954412735268,5,5,20160910_flight07
2016-09-10 09:14:33,54.95535941,7.59238282,91.89,-0.14700000000000002,3.3,1005.115,18.702,1.1789910000000001,8.292,1.138,-0.044000000000000004,100,0.3,3.3,1005.115,0.01761860716749175,291.42645138396557,8.369725682482073,187.8144956628305,True,44.133646737463074,15.077075644163497,5,5,20160910_flight07
2016-09-10 09:14:34,54.95524822,7.593382,92.19,0.29100000000000004,3.252,1005.092,18.689,1.178971,8.647,1.328,0.114,100,0.5,3.4,1005.092,0.017657913142998805,291.41537752996345,8.748382307604075,188.73122424082487,True,44.13077189614207,15.011300438850096,5,5,20160910_flight07
2016-09-10 09:14:35,54.95513708000001,7.59438112,92.45,0.169,3.383,1005.048,18.715,1.178868,8.704,1.311,-0.009000000000000001,100,0.2,3.4,1005.048,0.017611614671160458,291.44498880959276,8.802177969116508,188.5655267983343,True,44.127901999260885,14.945529882274327,5,5,20160910_flight07
2016-09-10 09:14:36,54.955026180000004,7.59537944,92.8,-0.08800000000000001,3.272,1005.007,18.685,1.1788820000000002,8.566,0.982,-0.0030000000000000014,100,0.1,3.3,1005.007,0.01766262057485135,291.41843204019136,8.62210415153981,186.53979711734002,True,44.1250510332169,14.87981442491623,5,5,20160910_flight07
2016-09-10 09:14:37,54.95491508,7.59637694,93.113,-0.22399999999999998,3.138,1004.972,18.703,1.1787670000000001,8.658000000000001,1.127,-0.030999999999999996,100,0.3,3.2,1004.972,0.01766369094198872,291.4393091562149,8.731041919496207,187.4164131498266,True,44.122170346799855,14.8141482483773,5,5,20160910_flight07
2016-09-10 09:14:38,54.95480428,7.59737415,93.375,0.011999999999999997,3.0610000000000004,1004.95,18.718,1.1786880000000002,8.488,1.157,-0.278,100,0.4,3.2,1004.95,0.017657315924625827,291.4561126776391,8.56649245607559,187.76215373289114,True,44.119319983607205,14.74850548190176,5,5,20160910_flight07
2016-09-10 09:14:39,54.954693649999996,7.59837161,93.59299999999999,0.493,2.915,1004.93,18.663,1.178595,8.738999999999999,1.63,0.032,100,0.5,3.0,1004.93,0.01790917841963191,291.40284892018235,8.889714337367652,190.56541367238287,True,44.11649068994929,14.682849449813894,5,5,20160910_flight07
2016-09-10 09:14:40,54.954582689999995,7.59936914,93.559,0.41700000000000004,2.8489999999999998,1004.927,18.656,1.1786510000000001,8.526,1.392,0.016,100,0.5,2.9,1004.927,0.017882193896211707,291.3961075504563,8.63888534476526,189.2726017772003,True,44.11362570516847,14.617183611058756,5,5,20160910_flight07
2016-09-10 09:14:41,54.95447052,7.60036665,93.34200000000001,0.273,2.7060000000000004,1004.967,18.698999999999998,1.178757,8.327,1.5719999999999998,0.0029999999999999983,100,0.4,2.8,1004.967,0.01768120897757508,291.435729518052,8.474084788341452,190.6906789465122,True,44.110627257852144,14.551499530526566,5,5,20160910_flight07
2016-09-10 09:14:42,54.95435735,7.60136448,93.001,-0.105,2.718,1005.0039999999999,18.727999999999998,1.178893,8.232000000000001,1.216,-0.077,100,0.2,2.8,1005.0039999999999,0.017500165162560366,291.46161949004835,8.321326817281005,188.40275186416977,True,44.10752166750131,14.485778824937961,5,5,20160910_flight07
2016-09-10 09:14:43,54.95424396000001,7.602363759999999,92.689,-0.295,2.65,1005.0310000000001,18.747,1.1788990000000001,8.312000000000001,1.163,0.032,100,0.4,2.7,1005.0310000000001,0.01745609017154326,291.4783528180136,8.392968068567878,187.96501311320088,True,44.104405446091,14.419961720882693,5,5,20160910_flight07
2016-09-10 09:14:44,54.95413068,7.60336606,92.37700000000001,-0.393,2.856,1005.0880000000001,18.691,1.1789020000000001,8.177999999999999,0.91,-0.039,100,0.4,2.9,1005.0880000000001,0.017706450998031364,291.417706320186,8.228473977597547,186.34941910993467,True,44.101329667656856,14.353953009686094,5,5,20160910_flight07
2016-09-10 09:14:45,54.95401817,7.604367,92.257,-0.20600000000000002,2.9109999999999996,1005.094,18.712,1.178652,7.941,1.195,-0.057999999999999996,100,0.3,3.0,1005.094,0.01785514818991829,291.4381782860613,8.030411321968508,188.55793087389893,True,44.09832594398564,14.288043807761248,5,5,20160910_flight07
2016-09-10 09:14:46,54.95390606,7.60536796,92.2,-0.168,3.0860000000000003,1005.091,18.651,1.1786780000000001,8.584,1.1340000000000001,0.054000000000000006,100,0.2,3.2,1005.091,0.018042431501473777,291.3775156011403,8.658580253136192,187.52555333611522,True,44.09536646574277,14.222139778864763,5,5,20160910_flight07
2016-09-10 09:14:47,54.953794779999996,7.60636922,92.273,0.161,3.136,1005.094,18.678,1.17886,8.533,0.723,-0.085,100,0.4,3.2,1005.094,0.017794122460444983,291.40422765849854,8.56357507119544,184.8430964102084,True,44.09250122144655,14.156229931278707,5,5,20160910_flight07
2016-09-10 09:14:48,54.95368294,7.60736993,92.52,0.609,3.062,1005.062,18.781000000000002,1.1786040000000002,7.7589999999999995,0.845,-0.23,100,0.8,3.1,1005.062,0.017623614348986072,291.50973249490886,7.804877065015181,186.21534687522197,True,44.08956913728346,14.090346267068112,5,5,20160910_flight07
2016-09-10 09:14:49,54.9535698,7.608369,92.76,0.6629999999999999,3.052,1005.028,18.623,1.1785910000000002,8.691,1.4480000000000002,-0.013000000000000003,100,0.8,3.2,1005.028,0.01815146132077805,291.35477939372635,8.810799339447017,189.45911499568172,True,44.086478482253455,14.024546643663594,5,5,20160910_flight07
2016-09-10 09:14:50,54.95345687,7.60936871,92.884,-0.07600000000000001,3.1240000000000006,1005.0089999999999,18.62,1.178615,8.503,1.126,-0.018000000000000002,100,0.3,3.2,1005.0089999999999,0.018121949409789284,291.3533589980649,8.577230613665463,187.54343795818875,True,44.08341696067374,13.95870942685656,5,5,20160910_flight07
2016-09-10 09:14:51,54.95334401,7.61036786,93.0,0.307,2.9309999999999996,1004.998,18.608,1.17879,8.61,1.5530000000000002,0.075,100,0.4,3.0,1004.998,0.018001528546207624,291.342288132016,8.748937592645177,190.2245986906865,True,44.08035789651269,13.892909198344796,5,5,20160910_flight07
2016-09-10 09:14:52,54.95323034,7.61136682,92.929,0.498,2.952,1005.0189999999999,18.686,1.178841,8.3,1.4409999999999998,0.057,100,0.6,3.0,1005.0189999999999,0.017706679069176223,291.41843545174623,8.424160551651424,189.8492006534696,True,44.07720783307523,13.827108067495498,5,5,20160910_flight07
2016-09-10 09:14:53,54.9531157,7.61236566,92.803,0.045,2.822,1005.04,18.709,1.178938,8.236,1.421,-0.0009999999999999998,100,0.5,2.9,1005.04,0.01756401249905748,291.43966091061094,8.357687299725924,189.78916281287644,True,44.07394980381831,13.761298970465413,5,5,20160910_flight07
2016-09-10 09:14:54,54.95300087,7.613365,92.55,-0.047,2.8,1005.072,18.777,1.1789200000000002,8.177999999999999,1.262,-5.551115123125783e-19,100,0.1,2.8,1005.072,0.01737491075077302,291.5049087649226,8.27480078310046,188.7724838485281,True,44.07067553700425,13.695454791053898,5,5,20160910_flight07
2016-09-10 09:14:55,54.95288592,7.614365,92.34700000000001,0.2,2.8169999999999997,1005.0980000000001,18.676000000000002,1.178977,8.501,1.297,-0.063,100,0.3,2.9,1005.0980000000001,0.017704142845627047,291.40189888900693,8.599372651536855,188.67473696857252,True,44.06739424352629,13.629566413259873,5,5,20160910_flight07
2016-09-10 09:14:56,54.952771059999996,7.6153657699999995,92.21,0.171,2.944,1005.112,18.698,1.178793,8.323,1.181,-0.019000000000000003,100,0.3,3.0,1005.112,0.017800446671155212,291.4227059848521,8.406371987962466,188.07612431331808,True,44.064130085525484,13.563630181565497,5,5,20160910_flight07
2016-09-10 09:14:57,54.952655910000004,7.616366,92.20800000000001,0.429,2.983,1005.0980000000001,18.7,1.1788390000000002,8.109,0.9520000000000001,-0.121,100,0.5,3.0,1005.0980000000001,0.017739579996877364,291.42586401059765,8.164691359751451,186.69589792480286,True,44.06082892049235,13.497723849158625,5,5,20160910_flight07
2016-09-10 09:14:58,54.95253979,7.617366,92.33200000000001,0.21100000000000002,2.995,1005.097,18.628,1.17886,8.103,0.753,-0.139,100,0.4,3.0,1005.097,0.01797157330500876,291.35405155046595,8.13791238586408,185.3091656467876,True,44.05741875785732,13.431816594282797,5,5,20160910_flight07
2016-09-10 09:14:59,54.95242378,7.618366,92.546,-0.225,3.115,1005.0740000000001,18.649,1.178744,8.543,0.99,-0.166,100,0.3,3.2,1005.0740000000001,0.01797518856460889,291.3769280110727,8.600171451779318,186.61019951998827,True,44.054020711125354,13.365911114175205,5,5,20160910_flight07
2016-09-10 09:15:00,54.95230882,7.619366,92.896,0.146,3.04,1005.0260000000001,18.706,1.1786770000000002,8.134,1.19,-0.19,100,0.3,3.1,1005.0260000000001,0.01778562064903877,291.43782629203207,8.220587326949335,188.32329548354505,True,44.05073831620153,13.300022575038588,5,5,20160910_flight07
2016-09-10 09:15:01,54.95219341,7.62036524,93.1,0.235,2.9,1004.997,18.625,1.1787640000000001,8.408999999999999,1.3630000000000002,0.06,100,0.4,2.9,1004.997,0.017963655481868068,291.3593468239346,8.518746973587136,189.20689952068105,True,44.04739922754969,13.234175441131999,5,5,20160910_flight07
2016-09-10 09:15:02,54.952077769999995,7.62136472,93.012,-0.001,2.827,1005.018,18.7,1.1787800000000002,8.339,1.051,0.16899999999999998,100,0.1,2.9,1005.018,0.01770950939098026,291.4324983537586,8.404970077281655,187.18335803123654,True,44.0440370568025,13.168309228247221,5,5,20160910_flight07
2016-09-10 09:15:03,54.951962009999995,7.622364,92.788,0.018000000000000002,2.8,1005.038,18.692,1.178906,8.494,1.181,0.121,100,0.1,2.8,1005.038,0.01764888338971926,291.4228511940472,8.575709708239895,187.91561858635012,True,44.040659792741245,13.102453886000509,5,5,20160910_flight07
2016-09-10 09:15:04,54.95184619,7.6233640000000005,92.546,0.065,2.8,1005.0880000000001,18.678,1.178939,8.314,1.1740000000000002,0.06,100,0.2,2.8,1005.0880000000001,0.01771984527528292,291.4047251757199,8.396479738557106,188.03745952521683,True,44.03728267348011,13.036551471402063,5,5,20160910_flight07
2016-09-10 09:15:05,54.95173009,7.624364000000001,92.307,0.064,2.805,1005.1030000000001,18.694,1.178959,8.419,1.274,0.17300000000000001,100,0.2,2.9,1005.1030000000001,0.01766197365065092,291.4194581148241,8.514848031527047,188.60496307390963,True,44.033874713736836,12.970644539211364,5,5,20160910_flight07
2016-09-10 09:15:06,54.95161379,7.62536422,92.02799999999999,0.20800000000000002,2.9,1005.138,18.7,1.1789610000000001,8.171,1.32,0.012,100,0.3,2.9,1005.138,0.01767476224909803,291.4225470936666,8.27693427544281,189.17667644649623,True,44.03044678864011,12.904720292745374,5,5,20160910_flight07
2016-09-10 09:15:07,54.951497120000006,7.626365,91.85600000000001,0.282,2.9,1005.155,18.713,1.179015,8.187999999999999,1.141,0.0,100,0.3,2.9,1005.155,0.01760003563568935,291.43411835236424,8.267117091223517,187.93309589989016,True,44.026983362751636,12.838754217706732,5,5,20160910_flight07
2016-09-10 09:15:08,54.951380179999994,7.62736542,91.8,0.10300000000000001,2.9730000000000003,1005.163,18.752,1.179022,8.183,0.997,-0.062,100,0.3,3.0,1005.163,0.017466134781398468,291.4723975765587,8.24351247951988,186.9465630001972,True,44.02348682108808,12.772806838566318,5,5,20160910_flight07
2016-09-10 09:15:09,54.95126315,7.628366,91.816,-0.004,2.977,1005.158,18.685,1.17897,8.357000000000001,1.015,-0.064,100,0.4,3.0,1005.158,0.017739550852623243,291.4059107535749,8.418412795770948,186.92494497006874,True,44.01998186718689,12.706847761943916,5,5,20160910_flight07
2016-09-10 09:15:10,54.9511466,7.62936646,91.9,-0.33899999999999997,3.092,1005.148,18.695,1.178807,8.289,1.3459999999999999,0.111,100,0.4,3.1,1005.148,0.017835275537622985,291.41672522832414,8.397573280418577,189.22340423031685,True,44.01652865710309,12.640904113814496,5,5,20160910_flight07
2016-09-10 09:15:11,54.95103057,7.630367,91.96300000000001,-0.066,3.04,1005.1419999999999,18.772000000000002,1.1789209999999999,7.989,0.9129999999999999,-0.096,100,0.3,3.1,1005.1419999999999,0.017462331234062267,291.49410987596497,8.041000559631867,186.51959948390424,True,44.01313347258608,12.574963732799656,5,5,20160910_flight07
2016-09-10 09:15:12,54.95091437,7.631367,92.09599999999999,-0.3,3.057,1005.133,18.734,1.1789450000000001,8.298,1.087,0.059000000000000004,100,0.5,3.1,1005.133,0.017564966656947956,291.4569119498058,8.36889317651982,187.46299052680695,True,44.00971449838486,12.509055187183144,5,5,20160910_flight07
2016-09-10 09:15:13,54.95079915,7.6323677,92.2,-0.662,3.075,1005.117,18.776,1.1787940000000001,8.197,1.212,-0.102,100,0.7,3.1,1005.117,0.017532698119491874,291.50017759530607,8.286118089913996,188.41075564910113,True,44.00641003174871,12.443117629518113,5,5,20160910_flight07
2016-09-10 09:15:14,54.950685,7.63336835,92.367,-0.49,2.927,1005.0980000000001,18.758,1.178754,8.213000000000001,1.153,0.000999999999999999,100,0.7,3.1,1005.0980000000001,0.01761073719389694,291.48377972110853,8.293538328120272,187.99136719301242,True,44.00322295081959,12.377200537196241,5,5,20160910_flight07
2016-09-10 09:15:15,54.95057154,7.634369349999999,92.4,-0.19400000000000003,2.9,1005.08,18.774,1.178627,7.943,0.56,-0.03,100,0.5,2.9,1005.08,0.01764638221945547,291.50124951531166,7.962716182308647,184.0328129323429,True,44.00011515258853,12.311272165701675,5,5,20160910_flight07
2016-09-10 09:15:16,54.9504585,7.63537031,92.454,0.379,2.967,1005.085,18.774,1.178445,8.12,0.47100000000000003,-0.155,100,0.8,3.0,1005.085,0.017808611646922268,291.50083477673024,8.1336486892415,183.31971764916665,True,43.99705323988801,12.245353131945272,5,5,20160910_flight07
2016-09-10 09:15:17,54.95034544,7.6363710000000005,92.663,0.735,2.8459999999999996,1005.046,18.653,1.178351,8.452,0.7509999999999999,-0.077,100,0.9,2.9,1005.046,0.018272373104372575,291.3832438655037,8.485299346516893,185.07766483982022,True,43.993986591742,12.179451064614682,5,5,20160910_flight07
2016-09-10 09:15:18,54.95023183,7.637371000000001,92.772,0.5479999999999999,2.823,1005.046,18.704,1.178201,8.023,1.187,-0.10800000000000001,100,0.9,2.9,1005.046,0.018224051587752976,291.43417050243727,8.110332792185533,188.41583955670433,True,43.99085289199861,12.113584306726251,5,5,20160910_flight07
2016-09-10 09:15:19,54.95011677,7.638370999999999,92.677,1.025,2.592,1005.044,18.717,1.178457,7.566,0.941,-0.207,100,1.2,2.8,1005.044,0.017955491114731048,291.4473176730469,7.624292557345894,187.0895962290993,True,43.98755948261681,12.047694154163937,5,5,20160910_flight07
2016-09-10 09:15:20,54.94999954,7.63937022,92.49,1.037,2.6260000000000003,1005.092,18.737000000000002,1.178484,7.858,0.9460000000000001,-0.249,100,1.2,2.8,1005.092,0.017911032772932822,291.46330785497634,7.9147381510698125,186.86462359443766,True,43.98401974323587,11.981818936582705,5,5,20160910_flight07
2016-09-10 09:15:21,54.94988109,7.640370000000001,92.366,1.265,2.7230000000000003,1005.089,18.749000000000002,1.178405,7.294,0.875,-0.08,100,1.3,2.8,1005.089,0.017934385713360257,291.47553925552086,7.34629573322501,186.84060517121236,True,43.98035088017173,11.915888176309643,5,5,20160910_flight07
2016-09-10 09:15:22,54.94976054,7.64136902,92.13600000000001,0.953,2.8059999999999996,1005.1160000000001,18.652,1.178454,7.939,1.006,0.12300000000000001,100,1.4,2.9,1005.1160000000001,0.018257777940172026,291.3764413792807,8.00248442672649,187.22181466913992,True,43.97644358482604,11.849972199741154,5,5,20160910_flight07
2016-09-10 09:15:23,54.94963923,7.642367930000001,91.99,0.414,2.86,1005.1490000000001,18.653,1.178528,8.318,1.082,-0.155,100,0.6,2.9,1005.1490000000001,0.01822378127649804,291.37470395587263,8.388077729730453,187.41138272010215,True,43.972451547820185,11.784051004848482,5,5,20160910_flight07
2016-09-10 09:15:24,54.94951766,7.64336676,91.92,0.483,2.8709999999999996,1005.127,18.659000000000002,1.178627,8.19,1.229,0.13699999999999998,100,0.7,2.9,1005.127,0.018095036327624214,291.3825191506809,8.281699161404017,188.53418651900046,True,43.96843012283709,11.718130737748297,5,5,20160910_flight07
2016-09-10 09:15:25,54.94939463,7.6443650100000005,91.73899999999999,0.548,2.8029999999999995,1005.172,18.701,1.1788420000000002,8.277999999999999,1.272,0.08800000000000001,100,0.8,2.9,1005.172,0.01780843308619051,291.42072637344626,8.375157789558354,188.73575978994614,True,43.964242446471566,11.65222405420359,5,5,20160910_flight07
2016-09-10 09:15:26,54.94927038,7.64536269,91.53200000000001,0.302,2.8659999999999997,1005.18,18.734,1.178947,8.076,1.1760000000000002,0.04100000000000001,100,0.4,2.9,1005.18,0.017610821667932264,291.45301431036853,8.161173445038404,188.28498763577892,True,43.95991504721968,11.586334186098796,5,5,20160910_flight07
2016-09-10 09:15:27,54.94914550000001,7.6463601400000005,91.4,0.304,2.9,1005.207,18.695999999999998,1.178974,8.101,1.27,-0.001,100,0.5,2.9,1005.207,0.017747349575538696,291.41283174784996,8.199945182743601,188.90978360009916,True,43.955516099524104,11.5204488811728,5,5,20160910_flight07
2016-09-10 09:15:28,54.94902034,7.64735767,91.314,0.45,2.985,1005.216,18.715999999999998,1.178917,8.068999999999999,1.0630000000000002,-0.052000000000000005,100,0.6,3.0,1005.216,0.0177359251058522,291.43205580518713,8.138717958007883,187.50485783263116,True,43.95108706173088,11.45455393595482,5,5,20160910_flight07
2016-09-10 09:15:29,54.94889448,7.64835458,91.405,0.359,3.0,1005.212,18.730999999999998,1.178947,7.986000000000001,1.0490000000000002,-0.075,100,0.6,3.0,1005.212,0.017653676905451166,291.44736518948315,8.054600983288994,187.48323713802154,True,43.946575107242346,11.388687397678233,5,5,20160910_flight07
2016-09-10 09:15:30,54.948768,7.649351,91.5,0.153,3.0010000000000003,1005.2189999999999,18.679000000000002,1.178951,8.079,1.167,-0.081,100,0.2,3.1,1005.2189999999999,0.017838643614540795,291.39486209730563,8.162850605027634,188.21944081529847,True,43.94199026700047,11.322842232696702,5,5,20160910_flight07
2016-09-10 09:15:31,54.94864132,7.65034718,91.6,0.040999999999999995,2.9789999999999996,1005.1990000000001,18.701999999999998,1.178893,8.415,1.609,-0.027000000000000003,100,0.3,3.0,1005.1990000000001,0.017788252643059943,291.4194861582292,8.567444543152876,190.82465339024586,True,43.937381146684494,11.257009208962332,5,5,20160910_flight07
2016-09-10 09:15:32,54.948515230000005,7.6513437,91.65899999999999,-0.45,3.036,1005.191,18.729,1.179011,8.664,1.574,0.19400000000000003,100,0.7,3.1,1005.191,0.01758414965980304,291.4471095291784,8.805814669864452,190.2966989358792,True,43.93284020081114,11.19116393296696,5,5,20160910_flight07
2016-09-10 09:15:33,54.948389999999996,7.65234055,91.646,-0.574,2.9730000000000003,1005.183,18.726,1.1790990000000001,8.28,1.2060000000000002,-0.069,100,1.0,3.1,1005.183,0.017510564219921365,291.4447773521681,8.3673673278995,188.28698118804397,True,43.92839707461606,11.125311401297404,5,5,20160910_flight07
2016-09-10 09:15:34,54.94826476,7.65333728,91.727,0.154,2.8930000000000002,1005.17,18.776,1.178979,7.825,1.2060000000000002,-0.348,100,0.5,3.0,1005.17,0.017426677798563883,291.49578167932367,7.917389784518633,188.7615677552015,True,43.92395172139756,11.059466392334876,5,5,20160910_flight07
2016-09-10 09:15:35,54.94813886,7.6543338400000005,91.8,0.337,2.89,1005.16,18.733,1.178931,8.202,1.693,-0.083,100,0.5,3.0,1005.16,0.017607871025680177,291.45367432257797,8.374906148727876,191.66280228390076,True,43.9194320781865,10.993621620498587,5,5,20160910_flight07
2016-09-10 09:15:36,54.94801295,7.65533086,91.89800000000001,0.40299999999999997,2.859,1005.166,18.771,1.179019,8.062999999999999,1.261,-0.067,100,0.6,2.9,1005.166,0.017405537168732055,291.49112079910554,8.1610103541167,188.88867948877615,True,43.91491564824943,10.927747231797143,5,5,20160910_flight07
2016-09-10 09:15:37,54.94788641,7.656327559999999,91.9,0.642,2.8709999999999996,1005.1560000000001,18.727,1.1789560000000001,8.042,1.42,-0.07,100,0.7,2.9,1005.1560000000001,0.01760316103085735,291.44801485327736,8.166404594434445,190.01366979328768,True,43.910326825684315,10.86188316931167,5,5,20160910_flight07
2016-09-10 09:15:38,54.94775873,7.65732391,91.9,0.413,2.833,1005.173,18.735,1.178947,8.405,1.58,-0.068,100,0.6,2.9,1005.173,0.01760024878326516,291.4545933204293,8.552217548682913,190.6464059254709,True,43.905609155359954,10.796023125582614,5,5,20160910_flight07
2016-09-10 09:15:39,54.94763043,7.65832025,91.82700000000001,0.28800000000000003,2.8989999999999996,1005.19,18.791,1.179046,7.782,0.973,-0.10700000000000001,100,0.3,2.9,1005.19,0.017336830935291037,291.5091007294766,7.8425922372644115,187.12682867487544,True,43.900823101599435,10.73015371895117,5,5,20160910_flight07
2016-09-10 09:15:40,54.94750086,7.659315820000001,91.85,0.026999999999999993,2.842,1005.1690000000001,18.725,1.1789180000000001,8.08,1.484,0.05600000000000001,100,0.4,2.9,1005.1690000000001,0.017656095970244756,291.4449397638045,8.21514795971442,190.40715134044663,True,43.89588994175882,10.664313127795682,5,5,20160910_flight07
2016-09-10 09:15:41,54.947371540000006,7.66031176,91.74700000000001,-0.499,2.95,1005.202,18.7,1.1790010000000002,8.478,1.285,-0.061000000000000006,100,0.6,3.0,1005.202,0.01770503162184789,291.4172403796415,8.574829969159738,188.61865111810835,True,43.89098778859902,10.598452877719277,5,5,20160910_flight07
2016-09-10 09:15:42,54.94724325999999,7.66130844,91.79799999999999,-0.368,2.901,1005.193,18.734,1.179022,8.049,1.411,-0.223,100,0.5,3.0,1005.193,0.017559249293721324,291.4519362812633,8.171739227361577,189.94299376092857,True,43.886207126869444,10.53256202229956,5,5,20160910_flight07
2016-09-10 09:15:43,54.947114680000006,7.6623049000000005,91.9,-0.35,2.8139999999999996,1005.18,18.724,1.1791550000000002,7.936,0.861,-0.053000000000000005,100,0.6,2.9,1005.18,0.01746617623792801,291.4430290760182,7.982569573765079,186.19196892143339,True,43.88139135820746,10.466680414026701,5,5,20160910_flight07
2016-09-10 09:15:44,54.946986280000004,7.6633014,91.835,-0.5529999999999999,2.987,1005.1840000000001,18.796000000000003,1.179016,7.9639999999999995,1.1840000000000002,0.135,100,0.7,3.1,1005.1840000000001,0.017339220645472775,291.51459098970946,8.051531034530017,188.45616910315871,True,43.876595790761094,10.40079914857033,5,5,20160910_flight07
2016-09-10 09:15:45,54.946859270000004,7.664298690000001,91.8,-0.568,2.992,1005.188,18.738,1.179007,8.304,1.369,0.035,100,0.7,3.0,1005.188,0.017553189062648578,291.4563449903692,8.416090363108038,189.36159330283192,True,43.87196073434106,10.334889723074003,5,5,20160910_flight07
2016-09-10 09:15:46,54.94673358,7.6652964699999995,91.8,-0.25,2.887,1005.181,18.723,1.1790370000000001,8.421,1.237,0.007000000000000002,100,0.7,2.9,1005.181,0.017572504624851604,291.441947629756,8.51136945502896,188.35667959131302,True,43.867475664878455,10.268970218263242,5,5,20160910_flight07
2016-09-10 09:15:47,54.94660815,7.66629427,91.8,-0.57,2.875,1005.1990000000001,18.736,1.179062,8.689,1.314,0.083,100,1.0,3.0,1005.1990000000001,0.01752382981567746,291.4534357714899,8.787793636630301,188.59943462781308,True,43.86301942060352,10.203053627684659,5,5,20160910_flight07
2016-09-10 09:15:48,54.946483,7.66729222,91.8,-1.389,2.8689999999999998,1005.201,18.784000000000002,1.179067,7.777,0.884,-0.129,100,1.7,3.0,1005.201,0.01735423774642686,291.5011987610928,7.827080234672441,186.48489203977448,True,43.858595423783804,10.13713194963649,5,5,20160910_flight07
2016-09-10 09:15:49,54.946358790000005,7.66829066,91.8,-1.5830000000000002,2.8,1005.19,18.775,1.179019,7.882999999999999,1.2570000000000001,-0.134,100,1.7,2.8,1005.19,0.01741588843226305,291.49312439997277,7.982589680047446,189.05994264654092,True,43.85427955898304,10.071194061255941,5,5,20160910_flight07
2016-09-10 09:15:50,54.946236920000004,7.669291100000001,91.712,-1.831,2.938,1005.2090000000001,18.7,1.178949,8.341000000000001,1.4280000000000002,0.059000000000000004,100,1.9,3.0,1005.2090000000001,0.0177570070018247,291.4166599841559,8.462355759479745,189.71499457923807,True,43.850240192146394,10.005165859549177,5,5,20160910_flight07
2016-09-10 09:15:51,54.946118180000006,7.67029329,91.7,-1.898,2.915,1005.212,18.701999999999998,1.179081,8.453,1.28,-0.007999999999999998,100,2.0,3.0,1005.212,0.017639130875827913,291.4184082735123,8.549363075691662,188.61062838565715,True,43.84656199253519,9.939076099016395,5,5,20160910_flight07
2016-09-10 09:15:52,54.94600197,7.67129691,91.7,-1.7109999999999999,2.98,1005.221,18.721,1.1791,8.86,1.301,0.078,100,1.9,3.0,1005.221,0.017565598734896826,291.4366337800855,8.955009826906947,188.35359828380808,True,43.84317587185669,9.872935589900884,5,5,20160910_flight07
2016-09-10 09:15:53,54.94588819,7.67230174,91.7,-1.2990000000000002,3.0,1005.238,18.753,1.178986,8.151,0.9710000000000001,0.031,100,1.5,3.0,1005.238,0.017569637134702276,291.4671764126896,8.208632163765166,186.79343021790268,True,43.840068752093586,9.806756806201015,5,5,20160910_flight07
2016-09-10 09:15:54,54.94577548,7.67330693,91.7,-1.4069999999999998,3.0,1005.2260000000001,18.747,1.1788720000000001,8.345,1.349,0.069,100,1.8,3.0,1005.2260000000001,0.01767680850800235,291.4621804611286,8.453332242376376,189.1826371415968,True,43.83708286376687,9.740572234009074,5,5,20160910_flight07
2016-09-10 09:15:55,54.945664660000006,7.67431298,91.729,-1.766,3.0,1005.225,18.891,1.1787640000000001,8.205,0.6970000000000001,-0.259,100,1.9,3.0,1005.225,0.017267193962811955,291.6060489196904,8.234551232459484,184.85551640592007,True,43.83431321534325,9.67436308654407,5,5,20160910_flight07
2016-09-10 09:15:56,54.94555599,7.67531997,91.995,-1.395,2.856,1005.185,18.929,1.178643,7.619,0.812,-0.501,100,1.8,3.0,1005.185,0.01719878711284939,291.6473114744961,7.662147544911935,186.08337281198294,True,43.831789194798404,9.608128436013338,5,5,20160910_flight07
2016-09-10 09:15:57,54.945448930000005,7.67632797,92.322,-1.197,2.955,1005.1560000000001,18.688,1.1786400000000001,8.27,1.6230000000000002,0.03,100,1.4,3.1,1005.1560000000001,0.018012010806054413,291.4090721733839,8.427753496632421,191.10327230805495,True,43.82945198064918,9.541855087555735,5,5,20160910_flight07
2016-09-10 09:15:58,54.94534507,7.67733785,92.4,-1.1340000000000001,3.033,1005.137,18.774,1.1784139999999999,7.707999999999999,1.3530000000000002,0.07600000000000001,100,1.2,3.1,1005.137,0.017888046339878505,291.49652165276353,7.8258464717882115,189.95581370400777,True,43.82748486322233,9.475512985283142,5,5,20160910_flight07
2016-09-10 09:15:59,54.94524203,7.6783480399999995,92.32700000000001,-0.735,2.7489999999999997,1005.15,18.933,1.178654,7.827000000000001,1.071,-0.187,100,1.0,2.9,1005.15,0.017139946284274288,291.6542099979897,7.899934809857611,187.79162424307242,True,43.825610972096065,9.409164262641225,5,5,20160910_flight07
2016-09-10 09:16:00,54.94513928000001,7.67935883,92.274,-0.594,2.8489999999999998,1005.163,18.805,1.178811,8.292,1.348,0.066,100,0.7,3.0,1005.163,0.01746351643328037,291.5253195745976,8.40085519456204,189.23358880436223,True,43.82377465079328,9.342781798687199,5,5,20160910_flight07
2016-09-10 09:16:01,54.9450385,7.680370809999999,92.2,-0.46,2.948,1005.19,18.804000000000002,1.1788090000000002,8.21,0.9129999999999999,0.007000000000000002,100,0.6,3.0,1005.19,0.017496058257111535,291.5220814971984,8.26060948114605,186.3455534353531,True,43.822166476301526,9.27635491906489,5,5,20160910_flight07
2016-09-10 09:16:02,54.9449378,7.68138284,92.21799999999999,-0.163,2.836,1005.178,18.82,1.178835,7.775,0.6729999999999999,-0.14300000000000002,100,0.4,2.9,1005.178,0.017405713011933832,291.53905322687035,7.804072910986929,184.9471621769847,True,43.82056758236728,9.209926128495875,5,5,20160910_flight07
2016-09-10 09:16:03,54.94483684,7.6823944,92.323,0.175,2.89,1005.1740000000001,18.801,1.1787,7.782,0.743,-0.215,100,0.5,2.9,1005.1740000000001,0.017584409864781936,291.5204130526686,7.81738914216249,185.4538822248066,True,43.818935642325314,9.143523238880084,5,5,20160910_flight07
2016-09-10 09:16:04,54.94473625,7.68340594,92.464,0.546,2.9,1005.1560000000001,18.801000000000002,1.178552,7.94,0.868,-0.08,100,0.6,2.9,1005.1560000000001,0.017693971378651696,291.5219060920497,7.987303925605937,186.2387946089588,True,43.81734426818025,9.077127599614483,5,5,20160910_flight07
2016-09-10 09:16:05,54.94463516,7.68441697,92.63600000000001,0.373,2.8989999999999996,1005.104,18.65,1.1785640000000002,8.315,0.51,-0.05,100,0.6,2.9,1005.104,0.018157562598419608,291.37543921082914,8.330625726798678,183.5098361208831,True,43.81569303803505,9.010756550429832,5,5,20160910_flight07
2016-09-10 09:16:06,54.94453383,7.6854272,92.7,0.085,2.8,1005.123,18.713,1.1785910000000002,8.265,0.7170000000000001,-0.085,100,0.3,2.8,1005.123,0.017933711025079457,291.4367719328085,8.296042068360068,184.9580739028769,True,43.81400786933059,8.94443285601915,5,5,20160910_flight07
2016-09-10 09:16:07,54.94443177,7.686437069999999,92.694,0.431,2.707,1005.11,18.855,1.1786370000000002,7.85,0.9840000000000001,-0.07,100,0.6,2.8,1005.11,0.017385829437394307,291.57964313281235,7.911431981632655,187.14477846948535,True,43.812238918347084,8.878120435748457,5,5,20160910_flight07
2016-09-10 09:16:08,54.944328969999994,7.6874467200000005,92.53699999999999,0.366,2.773,1005.138,18.698,1.1787230000000002,8.407,1.097,0.138,100,0.5,2.9,1005.138,0.01788721986109132,291.42055002293097,8.478269752726673,187.4343215331736,True,43.81038639681275,8.811810163550428,5,5,20160910_flight07
2016-09-10 09:16:09,54.94422622,7.6884565799999995,92.348,0.23199999999999998,2.8089999999999997,1005.155,18.793,1.178782,8.014,0.728,-0.07,100,0.3,2.9,1005.155,0.017522272061089916,291.5140007953878,8.04699819808604,185.19056114287176,True,43.808541352271966,8.745487250979199,5,5,20160910_flight07
2016-09-10 09:16:10,54.94412279,7.68946606,92.26799999999999,0.295,2.7,1005.168,18.74,1.178966,8.049,0.542,-0.05800000000000001,100,0.5,2.7,1005.168,0.017561356728519995,291.4600005911379,8.067227838607263,183.8523422506222,True,43.806617845084226,8.679177699935527,5,5,20160910_flight07
2016-09-10 09:16:11,54.9440189,7.690475320000001,92.19300000000001,-0.14,2.778,1005.187,18.691,1.178917,8.465,0.809,0.021,100,0.3,2.9,1005.187,0.01779374379454235,291.4094974087393,8.503570191396081,185.45917690966945,True,43.80464160782855,8.612874814557003,5,5,20160910_flight07
2016-09-10 09:16:12,54.943915989999994,7.69148513,92.1,-0.135,2.986,1005.1990000000001,18.717,1.1789200000000002,8.533,0.8660000000000001,-0.034,100,0.2,3.0,1005.1990000000001,0.017712636663347103,291.43446392878536,8.576831874299506,185.795011889329,True,43.8027784711625,8.546552522191513,5,5,20160910_flight07
2016-09-10 09:16:13,54.943813330000005,7.6924946499999995,92.234,0.267,2.917,1005.182,18.817999999999998,1.178867,8.097000000000001,0.802,-0.171,100,0.6,3.0,1005.182,0.017389113514945098,291.5367243793827,8.136621719116603,185.65664100573633,True,43.8009401504938,8.480252833176847,5,5,20160910_flight07
2016-09-10 09:16:14,54.943709680000005,7.69350326,92.37899999999999,0.44800000000000006,2.957,1005.145,18.708,1.178876,8.597000000000001,0.92,-0.094,100,0.5,3.0,1005.145,0.01772732977253244,291.4299549176877,8.646086340073179,186.10820851808637,True,43.79898425104997,8.413995441954382,5,5,20160910_flight07
2016-09-10 09:16:15,54.94360592,7.6945115699999995,92.531,0.14100000000000001,2.951,1005.1640000000001,18.742,1.17882,8.531,0.9440000000000001,-0.106,100,0.3,3.0,1005.1640000000001,0.01767636158267316,291.462329363881,8.583070371376435,186.31439047540562,True,43.79701342175456,8.347755486087019,5,5,20160910_flight07
2016-09-10 09:16:16,54.943502120000005,7.69551956,92.645,-0.11600000000000002,2.844,1005.1360000000001,18.766,1.1786020000000001,8.646,1.301,-0.048,100,0.2,2.9,1005.1360000000001,0.017752560352293,291.4886163072607,8.743335576311823,188.55733598587932,True,43.795035185132214,8.281535375647683,5,5,20160910_flight07
2016-09-10 09:16:17,54.94339821,7.69652743,92.57199999999999,-0.251,2.753,1005.1210000000001,18.8,1.1785970000000001,8.767000000000001,1.2819999999999998,-0.001,100,0.4,2.8,1005.1210000000001,0.017623165186294365,291.52381078241245,8.860237750760417,188.31940792313299,True,43.793043707026136,8.215321174489276,5,5,20160910_flight07
2016-09-10 09:16:18,54.94329444,7.69753569,92.42399999999999,-0.234,2.66,1005.148,18.855999999999998,1.178681,8.601,1.14,-0.138,100,0.4,2.7,1005.148,0.017382829109925613,291.5774889651083,8.676220432884357,187.55013163292284,True,43.79107130729436,8.149084258966656,5,5,20160910_flight07
2016-09-10 09:16:19,54.94319084,7.69854457,92.219,-0.374,2.6710000000000003,1005.173,18.795,1.1786770000000002,8.594,1.254,-0.07400000000000001,100,0.5,2.8,1005.173,0.017624167628881526,291.5145048458562,8.685007311453456,188.30176899722707,True,43.78912344763208,8.082810385345926,5,5,20160910_flight07
2016-09-10 09:16:20,54.9430877,7.699554399999999,92.04,-0.07,2.7909999999999995,1005.1840000000001,18.8,1.178618,8.455,1.167,-0.138,100,0.2,2.8,1005.1840000000001,0.017668816195190562,291.5185850789039,8.535157526372902,187.85858740388636,True,43.78723516531057,8.016483101426372,5,5,20160910_flight07
2016-09-10 09:16:21,54.942984720000005,7.70056467,91.93800000000002,-0.21100000000000002,2.8480000000000003,1005.2,18.798000000000002,1.178693,8.841000000000001,1.472,0.15,100,0.4,3.0,1005.2,0.017627231071192684,291.51526094767,8.962704112041187,189.4528636436811,True,43.785368633245625,7.950130224140343,5,5,20160910_flight07
2016-09-10 09:16:22,54.94288257,7.701575500000001,91.8,-0.19899999999999998,2.94,1005.217,18.867,1.1789880000000001,8.53,0.8390000000000001,-0.138,100,0.3,3.0,1005.217,0.017149415143263402,291.58274833959445,8.571162173241152,185.6174715309231,True,43.78359877388204,7.883754879391185,5,5,20160910_flight07
2016-09-10 09:16:23,54.94278042,7.70258619,91.8,-0.01,2.944,1005.2230000000001,18.803,1.179046,8.857999999999999,1.213,0.12200000000000001,100,0.1,3.0,1005.2230000000001,0.01732841324486567,291.51834586431465,8.940667368826556,187.79749166950756,True,43.781827601342826,7.817388499366364,5,5,20160910_flight07
2016-09-10 09:16:24,54.94267857,7.70359684,91.833,0.115,2.988,1005.2189999999999,18.983,1.1789250000000002,8.602,0.86,-0.039,100,0.4,3.0,1005.2189999999999,0.01680188246653236,291.6984098532778,8.644883110834988,185.7092741738831,True,43.78008909698446,7.751029520968704,5,5,20160910_flight07
2016-09-10 09:16:25,54.942576280000004,7.70460666,91.964,0.264,2.8659999999999997,1005.206,18.875999999999998,1.1787580000000002,8.35,1.079,-0.064,100,0.4,2.9,1005.206,0.017305395749783736,291.5926475489596,8.419426405640708,187.36304750533554,True,43.77829434375692,7.6847165915059445,5,5,20160910_flight07
2016-09-10 09:16:26,54.94247347,7.7056162,91.962,-0.05600000000000001,2.9,1005.216,18.855999999999998,1.1784860000000001,8.642000000000001,1.264,0.213,100,0.2,2.9,1005.216,0.017620011021797444,291.57184765422994,8.733948706055012,188.32121746160686,True,43.776439688996646,7.618413201677442,5,5,20160910_flight07
2016-09-10 09:16:27,54.9423711,7.70662584,91.9,-0.24100000000000002,2.8509999999999995,1005.232,18.9,1.1787860000000001,8.584,1.213,-0.068,100,0.3,2.9,1005.232,0.017223943765575234,291.61445473941427,8.669280535315487,188.04317875736828,True,43.774634435833484,7.552110507547944,5,5,20160910_flight07
2016-09-10 09:16:28,54.94226871,7.7076356399999995,91.815,-0.102,2.8,1005.2310000000001,18.866,1.178914,8.546,1.157,0.049,100,0.3,2.8,1005.2310000000001,0.017230911780242275,291.58058840294746,8.623964575530211,187.7101093283507,True,43.77282848055069,7.4857972453341475,5,5,20160910_flight07
2016-09-10 09:16:29,54.94216648,7.70864557,91.725,0.026999999999999996,2.8959999999999995,1005.243,19.027,1.178781,8.115,0.409,-0.05,100,0.8,2.9,1005.243,0.01679722832778352,291.74035230492325,8.125300363678873,182.88529409808706,True,43.771041367777684,7.419478240214712,5,5,20160910_flight07
2016-09-10 09:16:30,54.942063520000005,7.7096549,91.779,1.246,2.9130000000000003,1005.2330000000001,18.851,1.178477,7.985,1.5030000000000001,0.20800000000000002,100,1.4,3.0,1005.2330000000001,0.017662417834624522,291.5654448613019,8.125222089272391,190.659940653807,True,43.769168221568236,7.353185877334054,5,5,20160910_flight07
2016-09-10 09:16:31,54.94195915,7.71066368,91.61399999999999,1.0170000000000001,2.966,1005.253,18.843,1.178373,8.207,1.639,0.198,100,1.2,3.0,1005.253,0.017800367882530033,291.5557977885375,8.369060281775967,191.29382080564991,True,43.767134612598134,7.286905983709273,5,5,20160910_flight07
2016-09-10 09:16:32,54.94185385,7.71167229,91.355,0.594,2.9,1005.294,18.898,1.178725,8.325,1.629,0.171,100,1.0,2.9,1005.294,0.017346295761409447,291.6073139671751,8.482880760685015,191.07149947871807,True,43.76499697460001,7.220621970961183,5,5,20160910_flight07
2016-09-10 09:16:33,54.94174755,7.71268072,91.104,0.171,2.881,1005.332,18.891,1.178951,8.302,1.589,-0.067,100,0.3,2.9,1005.332,0.017214104176016765,291.59717218305093,8.452699273013325,190.83534778543984,True,43.76274750365524,7.154333350029312,5,5,20160910_flight07
2016-09-10 09:16:34,54.94164044,7.7136891,91.0,-0.08,2.8079999999999994,1005.328,18.873,1.17899,8.202,1.425,-0.087,100,0.3,2.9,1005.328,0.017239106161254902,291.57953133676796,8.324868107063319,189.85607810531172,True,43.76040834661046,7.0880348620356814,5,5,20160910_flight07
2016-09-10 09:16:35,54.9415334,7.71469794,90.851,-0.493,2.955,1005.35,18.898,1.179065,8.87,1.489,0.345,100,0.7,3.1,1005.35,0.017109584659919186,291.6026683456335,8.994110350668375,189.5293482588786,True,43.75808121440588,7.021708047917466,5,5,20160910_flight07
2016-09-10 09:16:36,54.94142769,7.7157075,90.70700000000001,-0.057,3.073,1005.3809999999999,18.942,1.179084,8.5,1.3630000000000002,-0.19899999999999998,100,0.2,3.1,1005.3809999999999,0.016971339780156747,291.64402932420523,8.60858693398632,189.1099931119739,True,43.75590732796533,6.955356588066075,5,5,20160910_flight07
2016-09-10 09:16:37,54.941321529999996,7.71671651,90.836,-0.044000000000000004,3.0410000000000004,1005.3480000000001,18.847,1.179089,8.701,1.271,0.06,100,0.1,3.2,1005.3480000000001,0.01726450205700525,291.5519119937306,8.793340775837134,188.3107118235631,True,43.7536787175602,6.889033086358204,5,5,20160910_flight07
2016-09-10 09:16:38,54.94121558,7.7177251899999995,90.97399999999999,-0.374,3.2709999999999995,1005.3430000000001,18.884,1.17904,8.804,1.364,0.007000000000000001,100,0.6,3.3,1005.3430000000001,0.01717282965309841,291.58927035029905,8.909035413556285,188.80679269443533,True,43.751470142174334,6.82273410398045,5,5,20160910_flight07
2016-09-10 09:16:39,54.94111058000001,7.718733670000001,91.251,-0.625,3.2769999999999997,1005.309,18.930999999999997,1.179079,8.728000000000002,1.6,0.043,100,0.8,3.3,1005.309,0.01694111935930942,291.6390196356468,8.873442623919987,190.3880109963814,True,43.749364328173506,6.756463255896692,5,5,20160910_flight07
2016-09-10 09:16:40,54.941006550000004,7.719741920000001,91.524,-0.773,3.225,1005.2660000000001,18.95,1.179139,8.815,1.693,0.034,100,0.9,3.3,1005.2660000000001,0.016779735427349562,291.6615588509159,8.976105725758805,190.8717850363144,True,43.74736319705232,6.690222785804338,5,5,20160910_flight07
2016-09-10 09:16:41,54.94090360999999,7.72075032,91.77,-0.612,3.181,1005.2239999999999,19.041,1.179143,8.729,1.732,0.04,100,0.8,3.2,1005.2239999999999,0.016417153613735858,291.7559085257845,8.899172152509468,191.22280891496223,True,43.745483530494276,6.62399029699132,5,5,20160910_flight07
2016-09-10 09:16:42,54.94080151,7.72175878,91.9,-0.534,3.1,1005.2130000000001,19.042,1.1791170000000002,8.551,1.775,0.018000000000000002,100,0.7,3.1,1005.2130000000001,0.016424964655158636,291.7578201403538,8.733282658886063,191.7268088491012,True,43.7436969481737,6.557767518930507,5,5,20160910_flight07
2016-09-10 09:16:43,54.94070002,7.7227675399999995,91.94,-0.515,3.0189999999999997,1005.2280000000001,18.967,1.1791040000000002,8.701,1.294,0.022,100,0.6,3.1,1005.2280000000001,0.01671230880436103,291.68168676734274,8.796694663338043,188.45894543850852,True,43.7419803679929,6.491535372643542,5,5,20160910_flight07
2016-09-10 09:16:44,54.94059942,7.72377659,92.039,-0.154,3.0,1005.212,18.968,1.178916,8.545,1.406,-0.156,100,0.5,3.0,1005.212,0.01685477606183783,291.6840130889693,8.659899595260907,189.34376288208392,True,43.740364536635745,6.425299016060007,5,5,20160910_flight07
2016-09-10 09:16:45,54.940498500000004,7.72478576,92.169,-0.12,2.986,1005.207,18.886999999999997,1.178865,8.95,1.393,-0.17300000000000001,100,0.2,3.0,1005.207,0.01717575684254058,291.6035482588312,9.05775628950128,188.84667600847456,True,43.73871458459363,6.359049812464745,5,5,20160910_flight07
2016-09-10 09:16:46,54.940398880000004,7.72579531,92.344,-0.125,3.0,1005.187,18.894,1.178866,9.098,1.5230000000000001,-0.145,100,0.3,3.0,1005.187,0.017130275711215504,291.6121972623376,9.2245939206016,189.50316679807565,True,43.737211384836385,6.292797250581641,5,5,20160910_flight07
2016-09-10 09:16:47,54.9402995,7.7268048899999995,92.471,-0.077,3.0,1005.1590000000001,18.962,1.178973,8.862,1.2229999999999999,0.07600000000000001,100,0.2,3.0,1005.1590000000001,0.01677288689656775,291.6824204833804,8.945992007597592,187.85747008463062,True,43.73573490117254,6.226546639908085,5,5,20160910_flight07
2016-09-10 09:16:48,54.94019918,7.72781384,92.523,0.14300000000000002,2.923,1005.15,18.94,1.179029,8.714,0.795,-0.192,100,0.2,3.0,1005.15,0.01679206822132784,291.6611997216983,8.750189769370719,185.21280642953013,True,43.73414897231492,6.160321204291307,5,5,20160910_flight07
2016-09-10 09:16:49,54.940098500000005,7.72882238,92.662,0.047,2.9760000000000004,1005.13,18.91,1.1788260000000002,8.905,1.055,-0.034,100,0.2,3.0,1005.13,0.017051389383520688,291.63290336803783,8.967276621137545,186.75649611819642,True,43.732519545681185,6.094116214177102,5,5,20160910_flight07
2016-09-10 09:16:50,54.93999875,7.72983106,92.819,-0.04100000000000001,2.991,1005.114,18.928,1.1787880000000002,8.876,0.948,0.095,100,0.1,3.0,1005.114,0.017005306041953716,291.65220484204974,8.926481949794105,186.0963572600144,True,43.73099386667993,6.027917264198424,5,5,20160910_flight07
2016-09-10 09:16:51,54.9398995,7.730839270000001,92.9,-0.033,2.8109999999999995,1005.12,19.0,1.178769,8.306999999999999,1.05,-0.08800000000000001,100,0.1,2.9,1005.12,0.01677712452038227,291.7236018298926,8.373096738961038,187.20395013439742,True,43.72951885145032,5.961756477208875,5,5,20160910_flight07
2016-09-10 09:16:52,54.9397986,7.73184718,92.84,0.005,2.7489999999999997,1005.123,18.930999999999997,1.178824,8.697000000000001,0.785,-0.018000000000000002,100,0.2,2.9,1005.123,0.016972908446060808,291.65445357207534,8.732355581399558,185.15759879700062,True,43.727859283718665,5.895588278817208,5,5,20160910_flight07
2016-09-10 09:16:53,54.9396987,7.73285548,92.77,-0.12100000000000001,2.952,1005.14,18.9,1.178655,8.713,0.917,0.182,100,0.2,3.0,1005.14,0.0172438938675199,291.62208821218843,8.761121960114469,186.00797903485383,True,43.72631351869707,5.829411241522932,5,5,20160910_flight07
2016-09-10 09:16:54,54.93959975,7.733864049999999,92.65700000000001,-0.005,3.063,1005.153,18.93,1.178646,8.826,1.145,0.341,100,0.2,3.1,1005.153,0.017160333184051302,291.6509654479667,8.899960730250443,187.3917181194539,True,43.72487492357782,5.763232242662587,5,5,20160910_flight07
2016-09-10 09:16:55,54.9395005,7.73487225,92.53,0.6459999999999999,2.864,1005.16,18.963,1.178716,8.58,0.912,-0.085,100,0.9,3.0,1005.16,0.016992108074945778,291.6833360195394,8.628333790483536,186.06739866590732,True,43.72339981454995,5.697072096010483,5,5,20160910_flight07
2016-09-10 09:16:56,54.939400500000005,7.73587979,92.44,0.47100000000000003,2.835,1005.177,18.913,1.178717,8.647,0.8029999999999999,0.192,100,0.8,2.9,1005.177,0.01718255309518657,291.63199893629775,8.684205087398617,185.30553192725176,True,43.721835906403584,5.630942110936521,5,5,20160910_flight07
2016-09-10 09:16:57,54.93929981,7.73688702,92.3,0.2,2.9,1005.185,18.995,1.178862,8.45,0.27,-0.036,100,0.4,2.9,1005.185,0.016780061682367897,291.71321392745347,8.454312509009824,181.83013005007348,True,43.7201930907514,5.564820843685414,5,5,20160910_flight07
2016-09-10 09:16:58,54.93919893,7.737893880000001,92.3,-0.45299999999999996,2.96,1005.187,18.94,1.178752,8.639,0.841,0.141,100,0.7,3.0,1005.187,0.017068445905674468,291.6581292488673,8.67983882338837,185.56017982838898,True,43.71852587709442,5.498720203410951,5,5,20160910_flight07
2016-09-10 09:16:59,54.939099500000005,7.738900999999999,92.3,-0.385,3.056,1005.188,18.985,1.178568,8.446,1.008,0.066,100,0.7,3.1,1005.188,0.017071552120898836,291.70297971743105,8.505937925943265,186.80585568929112,True,43.71702081183053,5.4326263090369284,5,5,20160910_flight07
2016-09-10 09:17:00,54.93900029,7.73990809,92.28200000000001,0.066,2.97,1005.191,18.965,1.178746,8.771,1.2,0.133,100,0.2,3.0,1005.191,0.0169906259564665,291.6827603223115,8.852708116729028,187.79052561230478,True,43.71553969697875,5.366537885211822,5,5,20160910_flight07
2016-09-10 09:17:01,54.93890136,7.74091527,92.16,0.308,2.9930000000000003,1005.1990000000001,19.03,1.178853,8.318,1.11,0.243,100,0.4,3.0,1005.1990000000001,0.0166801840647004,291.7470000743918,8.391735458175502,187.6009599361159,True,43.71409026679341,5.300448215941969,5,5,20160910_flight07
2016-09-10 09:17:02,54.9388015,7.74192202,92.00399999999999,0.515,2.892,1005.232,19.146,1.1788720000000001,7.756,0.924,-0.239,100,0.7,3.0,1005.232,0.016293690121712112,291.8600878702682,7.810845792870322,186.7938305604864,True,43.71253436882454,5.23437107632248,5,5,20160910_flight07
2016-09-10 09:17:03,54.93870058,7.74292824,92.04699999999998,0.958,2.6590000000000003,1005.221,19.125,1.178769,7.225,0.636,-0.259,100,1.1,2.8,1005.221,0.01644439755368632,291.84003254202884,7.252938783693131,185.03064743239153,True,43.71085674629634,5.168310772274438,5,5,20160910_flight07
2016-09-10 09:17:04,54.93859816,7.74393437,92.008,0.688,3.039,1005.234,19.011,1.1786050000000001,8.266,0.444,0.005000000000000001,100,0.9,3.2,1005.234,0.01699565294772709,291.72512320274757,8.277915921293234,183.07463132908626,True,43.70901306271527,5.1022320298764345,5,5,20160910_flight07
2016-09-10 09:17:05,54.938496560000004,7.74494066,92.109,1.0979999999999999,3.045,1005.214,19.077,1.1783029999999999,7.397,0.787,-0.061000000000000006,100,1.8,3.1,1005.214,0.017006325933001998,291.79268511254867,7.438748416232397,186.07310824744968,True,43.70726119846172,5.03615627217089,5,5,20160910_flight07
2016-09-10 09:17:06,54.93839179,7.74594488,92.18799999999999,2.147,2.9109999999999996,1005.2130000000001,19.038,1.178484,7.144,0.8190000000000001,0.213,100,2.4,3.0,1005.2130000000001,0.016984839908132043,291.7538260841148,7.190792515432496,186.53993204017743,True,43.70514075965419,4.970161918719336,5,5,20160910_flight07
2016-09-10 09:17:07,54.938283469999995,7.746947209999999,92.1,0.99,2.971,1005.2330000000001,19.081000000000003,1.178488,7.371,0.863,-0.147,100,1.6,3.0,1005.2330000000001,0.01685197667248861,291.79510178822375,7.421348260255679,186.6778136332917,True,43.70261157972358,4.904231312429928,5,5,20160910_flight07
2016-09-10 09:17:08,54.93817449,7.747949599999999,92.17299999999999,0.579,2.883,1005.215,19.045,1.178627,7.315,0.46799999999999997,-0.022,100,0.9,3.0,1005.215,0.01683911414567585,291.76064966102996,7.329955593317057,183.66068746324885,True,43.7000102671619,4.838286215505706,5,5,20160910_flight07
2016-09-10 09:17:09,54.93806497,7.74895153,92.2,0.568,3.015,1005.2130000000001,19.086000000000002,1.178354,7.655,0.8540000000000001,0.303,100,1.2,3.1,1005.2130000000001,0.016929978103231047,291.8017547589818,7.702489272955854,186.36565690021968,True,43.6973451618071,4.7723618616046135,5,5,20160910_flight07
2016-09-10 09:17:10,54.93795462,7.749952960000001,92.13600000000001,1.65,2.958,1005.225,19.145,1.178373,6.92,1.255,-0.036000000000000004,100,1.9,3.0,1005.225,0.01672045353620577,291.85967062494956,7.032881699559576,190.27934281684546,True,43.69458394653971,4.7064561331419235,5,5,20160910_flight07
2016-09-10 09:17:11,54.93784111,7.750952999999999,91.955,0.9940000000000001,2.759,1005.2330000000001,19.122,1.17848,7.107,1.011,0.06,100,1.4,2.9,1005.2330000000001,0.016716234220636617,291.8360406317185,7.178549296341148,188.09623960424938,True,43.69146163644728,4.640588427329642,5,5,20160910_flight07
2016-09-10 09:17:12,54.9377263,7.751952999999999,91.8,0.6890000000000001,2.819,1005.2710000000001,19.111,1.1785910000000002,7.61,0.169,-0.33,100,0.9,2.9,1005.2710000000001,0.016697174691100436,291.82190207187546,7.61187631271029,181.2721938758337,True,43.68819576321,4.574702308331688,5,5,20160910_flight07
2016-09-10 09:17:13,54.93761143,7.752953,91.926,0.6709999999999999,2.883,1005.2539999999999,19.012,1.178307,7.865,0.591,-0.09300000000000001,100,0.8,3.1,1005.2539999999999,0.017269613710091836,291.7244617470229,7.887173511467844,184.29730291826155,True,43.684923281297465,4.508815221278176,5,5,20160910_flight07
2016-09-10 09:17:14,54.937495719999994,7.753952430000001,92.094,0.629,3.1,1005.2389999999999,19.08,1.1782119999999998,7.319,0.401,-0.192,100,0.7,3.1,1005.2389999999999,0.01709972879884014,291.7936051696967,7.329976944029224,183.13603761777222,True,43.68155293143867,4.442951080682531,5,5,20160910_flight07
2016-09-10 09:17:15,54.93737789,7.754949900000001,92.384,0.145,3.076,1005.2040000000001,19.032,1.1783009999999998,7.3870000000000005,0.674,-0.017,100,0.6,3.1,1005.2040000000001,0.01715456633654444,291.7485820685374,7.417684611790933,185.21331047870126,True,43.67793069061642,4.377178241600189,5,5,20160910_flight07
2016-09-10 09:17:16,54.9372601,7.75594696,92.64,-0.28,3.062,1005.173,19.071,1.178294,7.4110000000000005,0.562,-0.10200000000000001,100,0.4,3.1,1005.173,0.01699349359112734,291.7900978628199,7.432278587351258,184.3366233726985,True,43.67430900984831,4.3114323017235,5,5,20160910_flight07
2016-09-10 09:17:17,54.937143340000006,7.756944109999999,92.90700000000001,-0.013000000000000001,3.0,1005.1390000000001,18.988,1.178334,7.649,0.687,-0.052000000000000005,100,0.1,3.0,1005.1390000000001,0.01721349261492655,291.710042277019,7.679789710662656,185.1322874693979,True,43.67080162218011,4.245697217095486,5,5,20160910_flight07
2016-09-10 09:17:18,54.93702684,7.75794108,93.071,0.055,3.0,1005.117,19.085,1.178232,7.903,0.7909999999999999,0.095,100,0.2,3.0,1005.117,0.016941626901373574,291.8087268676454,7.942486386516504,185.7156177607888,True,43.66732118373288,4.1799778534483725,5,5,20160910_flight07
2016-09-10 09:17:19,54.936910340000004,7.75893767,93.1,-0.03900000000000001,2.928,1005.099,19.153,1.1784439999999998,7.405,0.376,-0.049,100,0.2,3.0,1005.099,0.01650394267199151,291.87812262691705,7.414539837373591,182.9067828583648,True,43.66383718095262,4.114282822624492,5,5,20160910_flight07
2016-09-10 09:17:20,54.93679297,7.75993369,93.071,0.263,2.92,1005.13,19.031000000000002,1.1783700000000001,7.481,0.6679999999999999,0.195,100,0.4,3.0,1005.13,0.01702361178981948,291.7537264225729,7.510764608214,185.1025723021042,True,43.66025200588769,4.048610254230584,5,5,20160910_flight07
2016-09-10 09:17:21,54.93667531,7.760929569999999,92.90299999999999,-0.183,2.91,1005.137,19.108,1.178047,7.305,1.318,0.135,100,0.3,3.0,1005.137,0.017041520433348945,291.83003256050677,7.42294746040951,190.227523344455,True,43.65663357571993,3.9829419716263406,5,5,20160910_flight07
2016-09-10 09:17:22,54.936557869999994,7.76192604,92.654,0.061,2.6710000000000003,1005.153,19.177,1.178386,7.01,0.581,-0.01,100,0.3,2.8,1005.153,0.01652512688666663,291.8976026311551,7.03403589697977,184.7379366875335,True,43.65304491145627,3.917239458649223,5,5,20160910_flight07
2016-09-10 09:17:23,54.93643971,7.7629227300000005,92.363,-0.485,2.6710000000000003,1005.206,19.071,1.178296,7.313,0.856,-0.094,100,1.1,2.7,1005.206,0.01702515539271343,291.7873581783969,7.362927746487806,186.67619572013112,True,43.64937900665921,3.8515112415826813,5,5,20160910_flight07
2016-09-10 09:17:24,54.93632246999999,7.763921,92.112,-1.401,2.753,1005.24,19.057000000000002,1.178184,7.126,0.8540000000000001,-0.17300000000000001,100,1.6,2.8,1005.24,0.017204971640622624,291.77055650475586,7.17699045561578,186.83389585157505,True,43.645829254997096,3.78569669471643,5,5,20160910_flight07
2016-09-10 09:17:25,54.93620677,7.764921,91.92300000000002,-0.9640000000000001,2.737,1005.252,19.079,1.1783709999999998,6.438,0.413,0.06199999999999999,100,1.4,2.8,1005.252,0.01697912113519462,291.7915274411762,6.451233447953965,183.67051518686912,True,43.642465353085655,3.7197962162289837,5,5,20160910_flight07
2016-09-10 09:17:26,54.936091829999995,7.76592116,91.727,-0.8170000000000001,2.9989999999999997,1005.293,19.035,1.178373,7.4079999999999995,0.937,-0.049,100,1.0,3.1,1005.293,0.017172025679155878,291.7441902403986,7.467023034650421,187.20876952585792,True,43.63918666182492,3.653897754378268,5,5,20160910_flight07
2016-09-10 09:17:27,54.93597931,7.76692291,91.771,-0.364,3.1,1005.2919999999999,19.093,1.1782709999999998,7.272,0.423,-0.133,100,0.6,3.1,1005.2919999999999,0.017057177539629098,291.80218575378484,7.284292209954238,183.32904776766486,True,43.6361894343675,3.5879365237776506,5,5,20160910_flight07
2016-09-10 09:17:28,54.9358675,7.76792464,92.038,0.13,3.16,1005.24,19.004,1.1782949999999999,7.207000000000001,0.792,0.083,100,0.3,3.2,1005.24,0.017293661915671166,291.71763566612174,7.2503870931144085,186.27125009033057,True,43.63327022196358,3.521988029174918,5,5,20160910_flight07
2016-09-10 09:17:29,54.93575524,7.768925309999999,92.241,-0.319,3.2,1005.2310000000001,18.975,1.178029,7.204,0.728,0.136,100,0.5,3.2,1005.2310000000001,0.017615269015855528,291.68942587807186,7.240690574800169,185.77043369460858,True,43.63029150188389,3.45610014992572,5,5,20160910_flight07
2016-09-10 09:17:30,54.935643680000005,7.769926000000001,92.391,-0.45,3.133,1005.205,19.098000000000003,1.178254,7.2170000000000005,0.6859999999999999,0.073,100,0.6,3.2,1005.205,0.016966432989808045,291.81440113841484,7.24952998476453,185.42984166090932,True,43.627390070606424,3.390222283982151,5,5,20160910_flight07
2016-09-10 09:17:31,54.93553253,7.770925999999999,92.54799999999999,-0.244,3.1,1005.19,19.056,1.178488,6.946000000000001,0.57,0.047,100,0.3,3.1,1005.19,0.01689547380530665,291.7737086868834,6.969348319606361,184.6912727124052,True,43.62452732652527,3.324395216368326,5,5,20160910_flight07
2016-09-10 09:17:32,54.93542158,7.771926,92.6,-0.23800000000000002,3.1,1005.186,19.006,1.1782789999999999,7.471,0.943,0.18899999999999997,100,0.4,3.1,1005.186,0.0172458638637083,291.72411466691483,7.530278215311835,187.193909793067,True,43.62168661136004,3.258571375606013,5,5,20160910_flight07
2016-09-10 09:17:33,54.935311670000004,7.772926,92.631,-0.083,3.035,1005.191,19.051,1.178317,7.042000000000001,0.57,-0.132,100,0.4,3.1,1005.191,0.017061462902465463,291.7686330689617,7.065031068579954,184.6275986492377,True,43.61896044655628,3.192764314471969,5,5,20160910_flight07
2016-09-10 09:17:34,54.9352016,7.773926,92.719,-0.066,3.0010000000000003,1005.181,19.019000000000002,1.178264,7.311,0.758,0.149,100,0.2,3.1,1005.181,0.017208491456556896,291.7375104824296,7.350189453340642,185.91924230301703,True,43.61621665861933,3.1269546718565557,5,5,20160910_flight07
2016-09-10 09:17:35,54.93509158,7.7749253,92.7,-0.557,3.0039999999999996,1005.2040000000001,19.053,1.1784439999999998,7.689,0.626,0.069,100,1.0,3.1,1005.2040000000001,0.016958046400792348,291.76955091748584,7.714440809287476,184.65447058493913,True,43.61347181203369,3.0611906595755674,5,5,20160910_flight07
2016-09-10 09:17:36,54.934982760000004,7.7759255099999995,92.765,-0.78,3.057,1005.192,19.052,1.178307,7.544,0.748,0.023,100,1.0,3.1,1005.192,0.017067625556895116,291.7695485741419,7.580992019518289,185.66246312980394,True,43.6108676745842,2.9953877376963653,5,5,20160910_flight07
2016-09-10 09:17:37,54.93487471,7.776926,92.85600000000001,0.035,2.99,1005.173,19.04,1.178361,7.6979999999999995,0.973,0.073,100,0.3,3.1,1005.173,0.017043560872148866,291.75914357468264,7.759248223893858,187.2037834562433,True,43.608350974810385,2.9295793097470977,5,5,20160910_flight07
2016-09-10 09:17:38,54.93476692,7.77792615,92.82600000000001,-0.773,3.029,1005.175,19.005,1.1783089999999998,8.136000000000001,1.05,-0.048,100,0.9,3.1,1005.175,0.017212314618762603,291.7240291775797,8.203474629691984,187.35372005110122,True,43.60585972348618,2.863796848178125,5,5,20160910_flight07
2016-09-10 09:17:39,54.93466058,7.7789274,92.9,-0.8760000000000001,2.907,1005.172,19.066000000000003,1.1783689999999998,7.723,0.904,-0.139,100,1.0,3.0,1005.172,0.016945153285431225,291.7851882568262,7.7757279401995545,186.67625976893308,True,43.60353849960872,2.797967344163853,5,5,20160910_flight07
2016-09-10 09:17:40,54.934554559999995,7.77992881,92.9,-0.6459999999999999,2.881,1005.1560000000001,19.097,1.178517,7.649,0.741,0.006,100,0.8,2.9,1005.1560000000001,0.016693401517431594,291.8174710471389,7.684808520711496,185.53328548136722,True,43.60125402276823,2.732132757712865,5,5,20160910_flight07
2016-09-10 09:17:41,54.93444902,7.78093073,92.82,-0.32899999999999996,2.9730000000000003,1005.175,19.066000000000003,1.178467,7.662000000000001,0.563,-0.064,100,0.5,3.0,1005.175,0.016863620147198777,291.7849391937692,7.682656636867224,184.20251316416153,True,43.5990271990377,2.6662732584960853,5,5,20160910_flight07
2016-09-10 09:17:42,54.9343443,7.781933,92.904,-0.27899999999999997,2.98,1005.171,19.066000000000003,1.1783839999999999,7.505,0.76,-0.09300000000000001,100,0.5,3.0,1005.171,0.0169311965887724,291.78527127805756,7.54338286182002,185.78239232236405,True,43.596893976799244,2.6004045775598614,5,5,20160910_flight07
2016-09-10 09:17:43,54.93423963,7.78293528,93.0,-0.544,2.9,1005.1560000000001,19.064,1.178213,7.226,0.8290000000000001,-0.042,100,0.7,2.9,1005.1560000000001,0.01707057233607623,291.7845195487675,7.273397899194021,186.544622929555,True,43.594766355588405,2.534536062999214,5,5,20160910_flight07
2016-09-10 09:17:44,54.9341352,7.7839378,93.0,-1.016,2.9,1005.17,19.063000000000002,1.1782759999999999,7.532,0.622,-0.08,100,1.3,2.9,1005.17,0.017033837292331322,291.78235872056683,7.557639049332801,184.7208300927897,True,43.592667420234385,2.4686560525616663,5,5,20160910_flight07
2016-09-10 09:17:45,54.934032450000004,7.7849410699999995,93.022,-1.124,2.97,1005.163,19.041,1.178199,7.047999999999999,0.385,-0.132,100,1.3,3.0,1005.163,0.017169801643426963,291.7609722451105,7.058507561800864,183.12669885718543,True,43.59076056264163,2.4027551223689514,5,5,20160910_flight07
2016-09-10 09:17:46,54.93393089,7.78594483,93.163,-0.317,2.827,1005.1460000000001,19.03,1.1781009999999998,6.938,0.335,-0.155,100,0.7,2.9,1005.1460000000001,0.017275507100887655,291.7513996519493,6.946082996912721,182.7643687602701,True,43.58898937321075,2.3368420154079885,5,5,20160910_flight07
2016-09-10 09:17:47,54.9338295,7.78694888,93.24799999999999,-0.153,2.949,1005.13,19.025,1.177842,6.781000000000001,0.222,-0.158,100,0.4,3.0,1005.13,0.017500415124960256,291.7477351967282,6.7846330040761975,181.8751101034082,True,43.58723962850843,2.2709130814850385,5,5,20160910_flight07
2016-09-10 09:17:48,54.93372893,7.78795298,93.43,0.235,2.8659999999999997,1005.1,18.994,1.1778819999999999,6.864,0.13,-0.025,100,0.5,2.9,1005.1,0.0175434555480547,291.71927073313424,6.8652309502302975,181.08501761949742,True,43.58558067135122,2.2049941759662675,5,5,20160910_flight07
2016-09-10 09:17:49,54.93362801999999,7.78895664,93.509,0.595,2.9,1005.0980000000001,18.98,1.178016,6.803999999999999,-0.449,-0.10099999999999999,100,0.9,2.9,1005.0980000000001,0.01747444383806096,291.70545709582285,6.81879879450919,176.2244916153807,True,43.5838801379133,2.139097959647417,5,5,20160910_flight07
2016-09-10 09:17:50,54.933526199999996,7.78995933,93.6,0.647,2.9,1005.0930000000001,18.889,1.1781,6.966,-0.051,0.153,100,0.8,2.9,1005.0930000000001,0.01771385854320262,291.61500423818626,6.966186690004798,179.58052935000066,True,43.58207027447923,2.0732491738865226,5,5,20160910_flight07
2016-09-10 09:17:51,54.93342383,7.79096153,93.6,0.37799999999999995,2.8569999999999998,1005.102,18.956,1.178049,6.834,-0.06,-0.07800000000000001,100,0.5,2.9,1005.102,0.01753358674104133,291.68115998394563,6.834263383862228,179.4969771077714,True,43.58019523541294,2.007422890818839,5,5,20160910_flight07
2016-09-10 09:17:52,54.93332082,7.79196303,93.57699999999998,0.157,2.8,1005.094,18.901999999999997,1.178151,7.1739999999999995,-0.023999999999999994,-0.038000000000000006,100,0.3,2.8,1005.094,0.0176255168910453,291.627902381265,7.174040144855616,179.80832261243273,True,43.578243137937385,1.9416311054472537,5,5,20160910_flight07
2016-09-10 09:17:53,54.933217860000006,7.792964550000001,93.5,-0.182,2.8539999999999996,1005.0980000000001,18.875,1.1781769999999998,7.401,0.244,-0.064,100,0.4,2.9,1005.0980000000001,0.017701195475257725,291.60060968886336,7.405021066816758,181.8882729871992,True,43.5762967352885,1.875838846113802,5,5,20160910_flight07
2016-09-10 09:17:54,54.93311573,7.79396648,93.5,-0.187,2.8139999999999996,1005.115,18.88,1.1782019999999997,7.46,0.08800000000000001,0.12200000000000001,100,0.3,2.9,1005.115,0.017679389382525112,291.6041918426444,7.460519016797692,180.67584380002285,True,43.5744455983663,1.8100337243788873,5,5,20160910_flight07
2016-09-10 09:17:55,54.933013620000004,7.79496815,93.454,-0.387,2.859,1005.118,18.945,1.17811,7.379,-0.196,-0.16,100,0.6,2.9,1005.118,0.01753541600281472,291.66884808823716,7.38160260377108,178.4784750149771,True,43.572594225582726,1.7442455741030045,5,5,20160910_flight07
2016-09-10 09:17:56,54.93291188999999,7.795969700000001,93.527,-0.491,2.779,1005.1030000000001,18.913,1.178127,7.359,-0.012000000000000002,-0.2,100,0.7,2.8,1005.1030000000001,0.01761703159930117,291.6381395382118,7.359009783931532,179.9065703567399,True,43.57078358215777,1.6784712388941765,5,5,20160910_flight07
2016-09-10 09:17:57,54.93281112,7.79697188,93.6,-0.406,2.785,1005.1030000000001,18.893,1.178099,7.138,0.18600000000000003,-0.095,100,0.7,2.8,1005.1030000000001,0.017710908598369546,291.61816863196634,7.1404229566602,181.49265955689233,True,43.56908458681991,1.6126720513140436,5,5,20160910_flight07
2016-09-10 09:17:58,54.93271073,7.797974440000001,93.521,-0.289,2.7,1005.109,18.872,1.1782449999999998,7.45,0.07,-0.053000000000000005,100,0.4,2.7,1005.109,0.017664052779218453,291.5967013420049,7.45032885180245,180.53833376439422,True,43.567431010755136,1.5468546619287409,5,5,20160910_flight07
2016-09-10 09:17:59,54.9326115,7.798977529999999,93.44,0.027999999999999997,2.755,1005.113,18.88,1.178229,7.3389999999999995,-0.033,-0.022000000000000002,100,0.3,2.8,1005.113,0.017654043542605136,291.6043577916265,7.339074192294284,179.74236980771866,True,43.56591017370921,1.4810220503980895,5,5,20160910_flight07
2016-09-10 09:18:00,54.93251239999999,7.79998066,93.294,0.32899999999999996,2.8,1005.1310000000001,18.872,1.178221,7.4639999999999995,0.322,0.032,100,0.5,2.8,1005.1310000000001,0.017707057544404492,291.59487596722147,7.470942376969588,182.47023157889538,True,43.56440403065034,1.4151889749708513,5,5,20160910_flight07
2016-09-10 09:18:01,54.9324125,7.8009837200000005,93.167,0.067,2.8,1005.1519999999999,18.894,1.178167,7.245,0.134,0.076,100,0.2,2.8,1005.1519999999999,0.017698296638928523,291.61510130253146,7.246239093488429,181.05959408819677,True,43.56280911534236,1.3493474744996234,5,5,20160910_flight07
2016-09-10 09:18:02,54.932312089999996,7.80198659,92.988,0.5319999999999999,2.7290000000000005,1005.176,18.894,1.1781119999999998,7.162000000000001,0.292,0.127,100,0.7,2.8,1005.176,0.017770108448967203,291.61310994667195,7.167950055629574,182.3346979641085,True,43.56115624413184,1.283509911968296,5,5,20160910_flight07
2016-09-10 09:18:03,54.93221095,7.80298932,92.712,0.618,2.745,1005.195,18.9,1.1781599999999999,7.3660000000000005,0.151,-0.032,100,0.7,2.8,1005.195,0.01772697119770239,291.6175246150209,7.3675475566839745,181.17437565929384,True,43.55942165420395,1.2176695361530125,5,5,20160910_flight07
2016-09-10 09:18:04,54.932109200000006,7.8039921,92.536,0.5379999999999999,2.8259999999999996,1005.24,18.886999999999997,1.1782069999999998,7.31,0.29900000000000004,0.036000000000000004,100,0.6,2.9,1005.24,0.01777723637559836,291.600810418571,7.316112423958505,182.34225632892907,True,43.55762034507534,1.1518161167532108,5,5,20160910_flight07
2016-09-10 09:18:05,54.93200674,7.8049947799999995,92.40400000000001,0.424,2.9,1005.2489999999999,18.9,1.1782279999999998,7.315,0.22699999999999998,-0.065,100,0.6,2.9,1005.2489999999999,0.017722904393535854,291.61304430474695,7.318521298732416,181.77743942851598,True,43.55573989531178,1.0859576454045685,5,5,20160910_flight07
2016-09-10 09:18:06,54.931903590000005,7.805996840000001,92.40800000000002,0.489,2.9,1005.2639999999999,18.898,1.1782449999999998,7.376,0.259,0.002,100,0.5,2.9,1005.2639999999999,0.017730375919666752,291.6098028299,7.380545847022428,182.01105103020728,True,43.55377763029879,1.0201277423398514,5,5,20160910_flight07
2016-09-10 09:18:07,54.93179981,7.80699847,92.5,0.398,2.925,1005.262,18.9,1.1782489999999999,7.386,0.147,0.009000000000000001,100,0.4,3.0,1005.262,0.017717926538857398,291.61196575775693,7.387462690261115,181.140179769275,True,43.55174194087534,0.9543152092028757,5,5,20160910_flight07
2016-09-10 09:18:08,54.93169545,7.8079994,92.57,0.297,2.9159999999999995,1005.227,18.92,1.178213,7.143,0.033,0.057999999999999996,100,0.5,3.0,1005.227,0.017643898190720098,291.63483978062663,7.143076228068688,180.2646993241296,True,43.54963580171864,0.888538141817671,5,5,20160910_flight07
2016-09-10 09:18:09,54.93159029,7.808999750000001,92.6,0.5429999999999999,2.9,1005.227,18.928,1.178232,6.974,-0.316,-0.05600000000000001,100,0.6,2.9,1005.227,0.017599615051702155,291.6428278612862,6.9811554917506315,177.40563653787825,True,43.54743610660091,0.8227853065981474,5,5,20160910_flight07
2016-09-10 09:18:10,54.931484309999995,7.809999,92.695,0.44299999999999995,2.9419999999999997,1005.2289999999999,18.887999999999998,1.178251,7.016,0.12,0.053,100,0.6,3.0,1005.2289999999999,0.01772460733389969,291.6027215286626,7.017026150727956,180.97987788054502,True,43.54513577511942,0.7570896784063477,5,5,20160910_flight07
2016-09-10 09:18:11,54.93137796,7.81099785,92.7,0.48,2.923,1005.229,18.923,1.17815,6.854,0.282,0.03900000000000001,100,0.6,3.0,1005.229,0.017689886941810506,291.6376693616621,6.859798830869605,182.35604054454285,True,43.54279093821497,0.6914136940372568,5,5,20160910_flight07
2016-09-10 09:18:12,54.93127079,7.81199647,92.7,0.777,2.9,1005.215,18.906,1.178176,6.809,0.321,0.057,100,0.9,2.9,1005.215,0.017712490894673527,291.62185628570563,6.816562330089853,182.69912438645045,True,43.540353625395994,0.6257392073378165,5,5,20160910_flight07
2016-09-10 09:18:13,54.93116253,7.81299437,92.58,0.5369999999999999,2.923,1005.2310000000001,18.944,1.1782899999999998,6.904,-0.068,0.114,100,0.7,3.0,1005.2310000000001,0.017497835471944834,291.65847210074287,6.904334870210164,179.4356913344459,True,43.53778950151237,0.5600932385936064,5,5,20160910_flight07
2016-09-10 09:18:14,54.93105362,7.8139919099999995,92.5,0.16400000000000003,2.952,1005.255,18.912,1.178332,6.982,0.10800000000000001,0.03,100,0.5,3.0,1005.255,0.01759734181646766,291.6245285371368,6.982835240788659,180.88620033356298,True,43.53515040691514,0.49445983472984345,5,5,20160910_flight07
2016-09-10 09:18:15,54.93094455000001,7.81498909,92.56299999999999,-0.049,2.937,1005.2360000000001,18.913999999999998,1.1783259999999998,6.974,-0.051000000000000004,0.081,100,0.1,3.0,1005.2360000000001,0.017576321793218552,291.62810197503336,6.974186475855087,179.58101051511346,True,43.53249031244901,0.428846901533003,5,5,20160910_flight07
2016-09-10 09:18:16,54.93083546,7.81598591,92.6,0.077,2.943,1005.252,18.932,1.1782949999999999,6.8389999999999995,-0.04100000000000001,-0.096,100,0.1,3.0,1005.252,0.01755657791078602,291.6447475030665,6.8391228969802835,179.65651428310937,True,43.529824638352274,0.36325669779892156,5,5,20160910_flight07
2016-09-10 09:18:17,54.930726240000006,7.81698243,92.68799999999999,0.308,3.0,1005.2560000000001,18.904999999999998,1.1782979999999998,7.0489999999999995,0.187,0.02,100,0.4,3.0,1005.2560000000001,0.017652107668081785,291.61745605566665,7.051479986499287,181.51961957361112,True,43.52714183151457,0.2976836067350419,5,5,20160910_flight07
2016-09-10 09:18:18,54.93061698,7.8179786799999995,92.775,0.348,2.983,1005.2339999999999,18.87,1.178318,6.9879999999999995,0.217,0.038000000000000006,100,0.4,3.0,1005.2339999999999,0.017734529550380573,291.58433356151687,6.991368464041928,181.77864768335962,True,43.52445208633962,0.23212715941185014,5,5,20160910_flight07
2016-09-10 09:18:19,54.93050723,7.81897459,92.8,0.42700000000000005,2.9,1005.248,18.918,1.178267,6.952000000000001,0.159,-0.044000000000000004,100,0.6,2.9,1005.248,0.01762548634240857,291.63110034474283,6.9538180160254415,181.31019001612808,True,43.521705181180785,0.16658457777547397,5,5,20160910_flight07
2016-09-10 09:18:20,54.93039659,7.819970049999999,92.8,0.41600000000000004,3.034,1005.24,18.848,1.178351,7.0889999999999995,0.20600000000000002,0.057999999999999996,100,0.6,3.1,1005.24,0.017788779559755552,291.5618686693874,7.091992456284763,181.66449569840526,True,43.518856026425404,0.10105645183472234,5,5,20160910_flight07
2016-09-10 09:18:21,54.930285489999996,7.82096506,92.854,0.38300000000000006,3.1,1005.2280000000001,18.852,1.178253,6.874,0.279,-0.015000000000000003,100,0.5,3.1,1005.2280000000001,0.0178473390900471,291.56685814053145,6.879659657279566,182.32422943894412,True,43.51595198424214,0.03554971932039397,5,5,20160910_flight07
2016-09-10 09:18:22,54.93017398,7.821959369999999,93.029,0.10600000000000001,3.009,1005.205,18.837,1.178254,7.007999999999999,0.18100000000000002,-0.121,100,0.2,3.1,1005.205,0.01787547427935321,291.55378837563416,7.0103370104439335,181.47948502704207,True,43.51299621690469,-0.02991880461808627,5,5,20160910_flight07
2016-09-10 09:18:23,54.93006263,7.82295169,93.195,-0.019000000000000003,2.9309999999999996,1005.181,18.808,1.1783359999999998,7.107,0.35200000000000004,0.09200000000000001,100,0.1,3.0,1005.181,0.017881435312275595,291.52682209758456,7.115711700174481,182.83546464738123,True,43.51003940684633,-0.09525731992316722,5,5,20160910_flight07
2016-09-10 09:18:24,54.929951110000005,7.8239449,93.15299999999999,-0.23199999999999998,2.8859999999999997,1005.1990000000001,18.871,1.178396,6.945,0.309,0.08200000000000002,100,0.4,2.9,1005.1990000000001,0.01762824631700477,291.5882357064959,6.951870683492322,182.54754893004105,True,43.507072220254635,-0.16065556808494463,5,5,20160910_flight07
2016-09-10 09:18:25,54.929839650000005,7.82493883,92.979,-0.563,2.827,1005.2360000000001,18.81,1.178452,7.122000000000001,0.515,0.034,100,0.8,2.9,1005.2360000000001,0.017829957950401543,291.5242571923645,7.1405958434853325,184.13592486595735,True,43.504118395811965,-0.22609895248757006,5,5,20160910_flight07
2016-09-10 09:18:26,54.92972921,7.82593403,92.76100000000001,-0.731,2.8,1005.238,18.846,1.1784810000000001,6.99,0.315,0.035,100,0.8,2.8,1005.238,0.017681451483986255,291.5600375597363,6.99709403967104,182.58025293485935,True,43.50128883121701,-0.29160720280319463,5,5,20160910_flight07
2016-09-10 09:18:27,54.9296195,7.82693026,92.538,-0.647,2.8,1005.2689999999999,18.998,1.178454,7.001,-0.14,-0.24,100,1.0,2.8,1005.2689999999999,0.01720664034000219,291.709237827916,7.002399660116524,178.85440077523336,True,43.498549333385924,-0.3571696298675411,5,5,20160910_flight07
2016-09-10 09:18:28,54.92951058,7.82792729,92.5,-1.072,2.7889999999999997,1005.29,18.822,1.178274,7.112,0.321,-0.019000000000000003,100,1.2,2.9,1005.29,0.017996563505737972,291.53176040391673,7.1192404791522526,182.58429011729692,True,43.49590435363168,-0.4227705378640536,5,5,20160910_flight07
2016-09-10 09:18:29,54.929403650000005,7.82892595,92.40100000000001,-0.938,3.009,1005.302,18.758,1.17811,6.974,0.33799999999999997,-0.017,100,1.1,3.1,1005.302,0.018373654709932907,291.4668618578279,6.982185904142055,182.77471059994554,True,43.49349385070513,-0.48844371369127515,5,5,20160910_flight07
2016-09-10 09:18:30,54.929298120000006,7.829925009999999,92.4,-0.484,2.9760000000000004,1005.285,18.809,1.17831,6.68,0.09,-0.10200000000000001,100,0.8,3.0,1005.285,0.0180057249142338,291.5191946850383,6.680606259913841,180.77190242137587,True,43.49124130211792,-0.5541199150552991,5,5,20160910_flight07
2016-09-10 09:18:31,54.92919317,7.830925,92.51,-0.523,3.083,1005.2769999999999,18.784000000000002,1.1784810000000001,7.005,0.36200000000000004,0.07,100,0.8,3.2,1005.2769999999999,0.01793707453473714,291.4948957808481,7.014347368073526,182.95826386134956,True,43.48906136062312,-0.6198463099326599,5,5,20160910_flight07
2016-09-10 09:18:32,54.92908972,7.831925,92.67399999999999,-0.635,3.176,1005.2689999999999,18.803,1.178533,6.897,0.27899999999999997,-0.009999999999999998,100,1.0,3.2,1005.2689999999999,0.0178178172167911,291.5145306884646,6.902640798998598,182.31648709527283,True,43.48704672979513,-0.6855491437603867,5,5,20160910_flight07
2016-09-10 09:18:33,54.928987740000004,7.832925,92.86399999999999,0.203,3.1,1005.258,18.8,1.17858,6.994,0.506,0.059000000000000004,100,0.4,3.1,1005.258,0.01777654959354824,291.5124474888723,7.012280085678267,184.13800972788172,True,43.48519401149726,-0.7512282602289302,5,5,20160910_flight07
2016-09-10 09:18:34,54.92888556,7.83392481,92.991,0.28,3.053,1005.2389999999999,19.015,1.178432,7.007000000000001,0.154,0.11800000000000001,100,0.4,3.1,1005.2389999999999,0.01713608679687262,291.72870223592525,7.008692103381344,181.25904520717526,True,43.483317482115815,-0.8168984371376524,5,5,20160910_flight07
2016-09-10 09:18:35,54.92878289,7.834923750000001,93.05799999999999,0.244,3.0039999999999996,1005.23,18.93,1.178386,7.042999999999999,-0.013999999999999999,-0.022000000000000002,100,0.3,3.1,1005.23,0.017462697245103298,291.6445759518267,7.043013914511315,179.8861082128803,True,43.481378821443585,-0.8825208104746585,5,5,20160910_flight07
2016-09-10 09:18:36,54.92868031,7.83592258,93.18799999999999,0.099,3.011,1005.23,18.773999999999997,1.177937,7.209,0.14800000000000002,-0.009,100,0.1,3.1,1005.23,0.018394453199771288,291.4888085119182,7.210519052051661,181.1761110177645,True,43.479449042001804,-0.9481346880165544,5,5,20160910_flight07
2016-09-10 09:18:37,54.92857793,7.836921220000001,93.314,0.09700000000000002,3.0460000000000003,1005.201,18.761,1.177923,7.097,0.057,0.052000000000000005,100,0.2,3.1,1005.201,0.018422529551904265,291.4782328593085,7.097228895843786,180.46016474742225,True,43.477539509309835,-1.0137331722952618,5,5,20160910_flight07
2016-09-10 09:18:38,54.92847514,7.8379191200000005,93.4,0.361,2.9,1005.1990000000001,18.834,1.1781739999999998,7.019,0.043,-0.000999999999999999,100,0.5,2.9,1005.1990000000001,0.017948972543077035,291.5512905391239,7.019131712683557,180.35100266392362,True,43.47557787626907,-1.0792908866485789,5,5,20160910_flight07
2016-09-10 09:18:39,54.92837166,7.83891657,93.412,0.29,2.9,1005.203,18.865,1.178077,7.037999999999999,-0.13,-0.10800000000000001,100,0.4,2.9,1005.203,0.017928765357971166,291.58191275429596,7.03920052278666,178.9418010210963,True,43.473536022547684,-1.1448309184547005,5,5,20160910_flight07
2016-09-10 09:18:40,54.928267930000004,7.83991391,93.5,0.31,2.968,1005.172,18.765,1.177791,7.265,0.27899999999999997,0.016,100,0.4,3.0,1005.172,0.018493327505365365,291.4846320187512,7.270355287054409,182.1992664659069,True,43.47146560090095,-1.2103679401133496,5,5,20160910_flight07
2016-09-10 09:18:41,54.928164159999994,7.84091103,93.598,0.341,2.95,1005.166,18.745,1.177832,6.997000000000001,-0.052000000000000005,0.03900000000000001,100,0.5,3.0,1005.166,0.018521576799681805,291.46515908637923,6.997193223000206,179.57419955908176,True,43.46938870990828,-1.2758915197186482,5,5,20160910_flight07
2016-09-10 09:18:42,54.928059620000006,7.8419075199999995,93.56,0.19,2.872,1005.19,18.721,1.17791,7.075,-0.159,0.1,100,0.4,2.9,1005.19,0.018562196170249567,291.43920428789744,7.0767864175768365,178.71258011178267,True,43.46722109830245,-1.3413871814429212,5,5,20160910_flight07
2016-09-10 09:18:43,54.9279549,7.8429037500000005,93.5,-0.07200000000000001,2.9760000000000004,1005.186,18.672,1.178052,7.211,0.08900000000000001,0.08800000000000001,100,0.2,3.0,1005.186,0.018606374092730693,291.3906084089611,7.211549209427889,180.7071232105809,True,43.46503122191621,-1.4068690985603078,5,5,20160910_flight07
2016-09-10 09:18:44,54.927851010000005,7.843900260000001,93.545,-0.317,3.0,1005.192,18.727,1.178121,7.167000000000001,0.07,-0.063,100,0.5,3.0,1005.192,0.01836086472442422,291.445029565762,7.167341836413274,180.5595893736248,True,43.46293539188166,-1.472355553692032,5,5,20160910_flight07
2016-09-10 09:18:45,54.92774769,7.84489676,93.6,0.002000000000000003,2.921,1005.175,18.76,1.1781359999999999,7.266,0.35600000000000004,0.126,100,0.5,3.0,1005.175,0.018215555684006235,291.4793905879663,7.274715939471451,182.80498203349183,True,43.460902250457394,-1.5378321719593826,5,5,20160910_flight07
2016-09-10 09:18:46,54.92764456,7.84589348,93.54,0.061,2.983,1005.197,18.733,1.178085,7.055,0.201,-0.059000000000000004,100,0.3,3.0,1005.197,0.0183761151678119,291.450606065002,7.057862707647408,181.63194007267066,True,43.45889210006561,-1.6033198121414802,5,5,20160910_flight07
2016-09-10 09:18:47,54.927541250000004,7.84689008,93.5,0.28300000000000003,2.825,1005.192,18.754,1.1781359999999999,6.6739999999999995,-0.121,-0.04,100,0.4,2.9,1005.192,0.018253705704331047,291.47198960645824,6.67509677832464,178.96133804755289,True,43.45686099807137,-1.6688026724405143,5,5,20160910_flight07
2016-09-10 09:18:48,54.927437090000005,7.84788636,93.5,0.37200000000000005,2.9,1005.217,18.754,1.178045,6.992999999999999,-0.13,-0.09700000000000002,100,0.4,2.9,1005.217,0.018357689178439385,291.4699163792552,6.994208246828228,178.93499306723746,True,43.45473327164064,-1.7342787560606165,5,5,20160910_flight07
2016-09-10 09:18:49,54.92733308,7.84888269,93.586,0.47100000000000003,3.022,1005.1840000000001,18.697,1.1780599999999999,7.119,-0.11,-0.05,100,0.6,3.1,1005.1840000000001,0.018510175822976427,291.4157372821472,7.119849787741312,179.11475850023157,True,43.45262253588697,-1.799755621229334,5,5,20160910_flight07
2016-09-10 09:18:50,54.92722892,7.84987876,93.771,0.449,3.1,1005.1590000000001,18.697,1.1780739999999998,7.114,-0.12,-0.013000000000000001,100,0.5,3.1,1005.1590000000001,0.018472740912922614,291.4178101920261,7.115012016855629,179.03361799998885,True,43.45049283969283,-1.8652182577629892,5,5,20160910_flight07
2016-09-10 09:18:51,54.92712402,7.85087377,93.96600000000001,0.221,3.173,1005.132,18.671,1.1781389999999998,7.1739999999999995,0.015,0.08700000000000001,100,0.5,3.2,1005.132,0.018479927975630916,291.39408704528097,7.174015681610962,180.11979863956964,True,43.44827169389573,-1.930624957877896,5,5,20160910_flight07
2016-09-10 09:18:52,54.92701886,7.85186808,94.186,0.14100000000000001,3.1710000000000003,1005.1160000000001,18.674,1.1783259999999998,7.17,-0.099,0.12200000000000001,100,0.2,3.2,1005.1160000000001,0.018291617280751238,291.39840929488906,7.170683440230785,179.20893699533912,True,43.44601534462941,-1.9959910292786383,5,5,20160910_flight07
2016-09-10 09:18:53,54.92691368,7.85286161,94.35700000000001,0.07,3.1,1005.104,18.752,1.178348,7.191,0.153,0.051000000000000004,100,0.1,3.1,1005.104,0.01798835609334648,291.4772908036993,7.192627475408413,181.2188752351313,True,43.44374947620802,-2.0613074770434388,5,5,20160910_flight07
2016-09-10 09:18:54,54.92680856,7.85385485,94.473,0.113,3.0269999999999997,1005.0980000000001,18.674,1.178287,7.194,0.562,0.14,100,0.2,3.1,1005.0980000000001,0.018307085052504224,291.399901795541,7.21591851395233,184.4669116841716,True,43.44148749631162,-2.126604386966843,5,5,20160910_flight07
2016-09-10 09:18:55,54.92670354,7.85484819,94.31700000000001,0.314,3.015,1005.1060000000001,18.635,1.178273,6.8,0.7709999999999999,0.467,100,0.5,3.1,1005.1060000000001,0.018463399287563353,291.36029522373934,6.843569317249589,186.46870508273832,True,43.439237468855744,-2.191906086838884,5,5,20160910_flight07
2016-09-10 09:18:56,54.92659742,7.85584128,93.99,0.5519999999999999,2.7969999999999997,1005.163,18.789,1.1786880000000002,6.7139999999999995,0.168,0.12300000000000001,100,0.6,3.0,1005.163,0.017625461017736654,291.50934312235944,6.716101547773082,181.4333754504749,True,43.43686393740748,-2.2572095259584106,5,5,20160910_flight07
2016-09-10 09:18:57,54.92649006,7.856834330000001,93.678,-0.047,2.8,1005.187,18.848,1.178725,6.925,0.08199999999999999,-0.013000000000000001,100,0.3,2.8,1005.187,0.017412198741243,291.56626527580795,6.925485470347909,180.67841651309536,True,43.434353451488796,-2.322530410208108,5,5,20160910_flight07
2016-09-10 09:18:58,54.92638318,7.8578283099999995,93.425,0.0059999999999999975,2.761,1005.2280000000001,18.703,1.178776,6.814,0.127,0.064,100,0.3,2.8,1005.2280000000001,0.01791515205981109,291.4180801805759,6.8151834164606315,181.06776072780895,True,43.431904558206114,-2.3879031013964997,5,5,20160910_flight07
2016-09-10 09:18:59,54.9262763,7.85882287,93.15299999999999,0.08199999999999999,2.79,1005.253,18.759,1.178504,7.017,0.484,-0.024000000000000004,100,0.3,2.8,1005.253,0.01798008196235079,291.4719235620518,7.033672227222421,183.94574668584363,True,43.42946110522163,-2.4533129321571296,5,5,20160910_flight07
2016-09-10 09:19:00,54.92616931,7.85981804,92.90899999999999,0.035,2.8169999999999997,1005.293,18.81,1.178792,7.1979999999999995,0.405,-0.005000000000000001,100,0.2,2.9,1005.293,0.017594081841895592,291.5195296903906,7.209384786512647,183.2203875669077,True,43.42701125802783,-2.5187635982703958,5,5,20160910_flight07
2016-09-10 09:19:01,54.9260624,7.8608139,92.725,0.18400000000000002,2.9,1005.315,18.924,1.1787050000000001,7.023,0.153,0.079,100,0.2,2.9,1005.315,0.01729424388261136,291.6315324322829,7.024666397772922,181.24802332444918,True,43.42457669448003,-2.5842571569269364,5,5,20160910_flight07
2016-09-10 09:19:02,54.925954860000004,7.86180959,92.6,0.129,3.0260000000000002,1005.335,18.843,1.17867,7.044,0.162,0.055,100,0.2,3.1,1005.335,0.01762690622706642,291.5489963087524,7.045862615748336,181.31747307374684,True,43.42207114527805,-2.6497499944292864,5,5,20160910_flight07
2016-09-10 09:19:03,54.92584712,7.86280508,92.6,-0.059000000000000004,3.112,1005.3439999999999,18.779,1.1784189999999999,7.064,0.298,0.225,100,0.2,3.2,1005.3439999999999,0.018075915210637783,291.4843473301442,7.070282879772209,182.4156320089203,True,43.41954169119423,-2.715233252034431,5,5,20160910_flight07
2016-09-10 09:19:04,54.92573981,7.86380046,92.62299999999999,-0.17900000000000002,3.247,1005.357,18.766,1.1784080000000001,7.103,0.31,0.21600000000000003,100,0.2,3.3,1005.357,0.01814392267790521,291.4702892100172,7.1097615290528555,182.49900426293368,True,43.41705856749901,-2.7807025281966,5,5,20160910_flight07
2016-09-10 09:19:05,54.925632889999996,7.86479546,92.73899999999999,-0.281,3.2,1005.337,18.768,1.178455,7.194,0.514,0.163,100,0.4,3.2,1005.337,0.018076087622571846,291.4739445152995,7.21233887168372,184.08674877206232,True,43.414614835854366,-2.846141179175275,5,5,20160910_flight07
2016-09-10 09:19:06,54.92552659,7.86579034,92.87,-0.226,3.264,1005.313,18.723,1.1785180000000002,7.273,0.585,0.066,100,0.4,3.3,1005.313,0.01815431296321468,291.4310027477262,7.296489155751551,184.59865617779667,True,43.412238268270116,-2.911562142864552,5,5,20160910_flight07
2016-09-10 09:19:07,54.9254209,7.8667852300000005,93.061,-0.161,3.185,1005.288,18.757,1.178487,7.146,0.68,-0.04,100,0.3,3.2,1005.288,0.018037185268384714,291.4670242538074,7.178280852683322,185.4357915336489,True,43.40992898267694,-2.97697390499392,5,5,20160910_flight07
2016-09-10 09:19:08,54.92531537,7.86778007,93.259,-0.41200000000000003,3.035,1005.2660000000001,18.729,1.1785310000000002,7.081,0.889,-0.11200000000000002,100,0.5,3.1,1005.2660000000001,0.018074553757796652,291.4408905711965,7.136587559891632,187.15588638023883,True,43.40763685122488,-3.0423798839547516,5,5,20160910_flight07
2016-09-10 09:19:09,54.92521035,7.868775540000001,93.3,-0.43,3.0,1005.252,18.636000000000003,1.17863,7.372999999999999,1.034,-0.001,100,0.5,3.0,1005.252,0.01829931836299048,291.3491906208865,7.445151778170811,187.98317646794268,True,43.40540680279795,-3.107817975703335,5,5,20160910_flight07
2016-09-10 09:19:10,54.925106219999996,7.86977192,93.3,-0.45300000000000007,3.034,1005.2739999999999,18.746,1.178868,7.256,0.7,-0.005000000000000001,100,0.6,3.1,1005.2739999999999,0.01773234288377079,291.45720169531705,7.289686961728878,185.510379380279,True,43.40328331868664,-3.173299978670162,5,5,20160910_flight07
2016-09-10 09:19:11,54.92500256,7.8707688,93.32,-0.28600000000000003,3.0,1005.278,18.761,1.1790310000000002,7.234,0.725,-0.098,100,0.4,3.0,1005.278,0.017543401604623643,291.4718474523113,7.270239404586344,185.72313994455578,True,43.401216292441156,-3.2388064154080443,5,5,20160910_flight07
2016-09-10 09:19:12,54.92489913,7.871766109999999,93.4,-0.267,3.0,1005.2739999999999,18.737000000000002,1.178936,7.478,0.8710000000000001,-0.067,100,0.3,3.0,1005.2739999999999,0.017705019766564467,291.4482152247411,7.528553978022605,186.6435902039205,True,43.39917863277274,-3.304336675777037,5,5,20160910_flight07
2016-09-10 09:19:13,54.92479644,7.87276433,93.4,-0.21600000000000003,3.0,1005.262,18.789,1.178703,7.353,0.9660000000000001,0.0030000000000000005,100,0.3,3.0,1005.262,0.017712737037523407,291.50113224226607,7.416182643381971,187.48436800621616,True,43.39723101573419,-3.369913267502935,5,5,20160910_flight07
2016-09-10 09:19:14,54.92469384,7.8737628,93.36,-0.035,2.971,1005.279,18.862000000000002,1.1788750000000001,7.285,0.9420000000000001,-0.015,100,0.1,3.0,1005.279,0.01732707403688183,291.57261255542676,7.345651026287595,187.3678510141977,True,43.39529565666417,-3.4355044155817858,5,5,20160910_flight07
2016-09-10 09:19:15,54.92459099,7.874761879999999,93.28299999999999,0.133,2.978,1005.294,19.0,1.179081,7.178,0.652,-0.052000000000000005,100,0.4,3.0,1005.294,0.01668404364450926,291.7091600542041,7.207550762915235,185.19011067288454,True,43.39333848314261,-3.501138657809565,5,5,20160910_flight07
2016-09-10 09:19:16,54.92448771,7.87576093,93.2,0.59,3.013,1005.279,18.97,1.178933,7.155,0.732,-0.028000000000000004,100,0.7,3.1,1005.279,0.01690092598316162,291.68045004894066,7.1923465572787855,185.84138347532877,True,43.391333666058394,-3.566777916755872,5,5,20160910_flight07
2016-09-10 09:19:17,54.924383580000004,7.87675988,93.272,0.479,3.1,1005.2589999999999,18.881,1.1786320000000001,7.029,0.733,-0.08,100,0.5,3.1,1005.2589999999999,0.017450372492181954,291.5932431327802,7.067116102060302,185.95341484851596,True,43.389234288100155,-3.6324244864468582,5,5,20160910_flight07
2016-09-10 09:19:18,54.92427878,7.87775869,93.35600000000001,0.049,3.0639999999999996,1005.2760000000001,18.844,1.1787280000000002,7.122000000000001,0.745,-0.04100000000000001,100,0.4,3.1,1005.2760000000001,0.017513630145951087,291.55488848057166,7.160859515449246,185.9717323795071,True,43.38705980009824,-3.6980729013665306,5,5,20160910_flight07
2016-09-10 09:19:19,54.92417375,7.878757520000001,93.45,-0.375,3.119,1005.255,18.804000000000002,1.1788310000000002,7.251,0.772,0.005,100,0.5,3.2,1005.255,0.01754286371541336,291.51669030730204,7.291980869420874,186.07727736718226,True,43.3848601664401,-3.7637263078403826,5,5,20160910_flight07
2016-09-10 09:19:20,54.92406922,7.87975652,93.54799999999999,-0.594,3.2,1005.245,18.813,1.178696,7.18,0.778,-0.044000000000000004,100,0.7,3.2,1005.245,0.017617913033933785,291.5265062366731,7.222027693106694,186.18424472048113,True,43.38271719964133,-3.829382532921839,5,5,20160910_flight07
2016-09-10 09:19:21,54.923965390000006,7.8807557599999996,93.772,-0.588,3.2,1005.2260000000001,18.887999999999998,1.1785860000000001,7.1339999999999995,0.757,-0.09200000000000001,100,0.7,3.2,1005.2260000000001,0.017432293972307944,291.6029704228103,7.174050808295129,186.05707988933295,True,43.38065358520643,-3.8950428321213906,5,5,20160910_flight07
2016-09-10 09:19:22,54.92386227,7.881755000000001,94.072,-0.44,3.1260000000000003,1005.19,18.889,1.1786050000000001,7.312,0.6829999999999999,-0.08200000000000002,100,0.6,3.2,1005.19,0.017375971932067635,291.60695574768744,7.343829586802788,185.3364054609089,True,43.37866817342076,-3.9606916759981177,5,5,20160910_flight07
2016-09-10 09:19:23,54.92375975,7.88275408,94.323,-0.639,3.1,1005.182,18.846,1.178785,7.309,0.458,-0.091,100,0.7,3.1,1005.182,0.017362320325226666,291.56468301965367,7.323335647094157,183.58560695809854,True,43.376747347610674,-4.0263205939206275,5,5,20160910_flight07
2016-09-10 09:19:24,54.92365797,7.88375349,94.554,-0.893,3.1,1005.1440000000001,18.753,1.1787610000000002,7.237,0.638,-0.029000000000000005,100,1.0,3.1,1005.1440000000001,0.017668697890680374,291.47497185491125,7.265067996928866,185.03806097751288,True,43.374911124130726,-4.091958703628205,5,5,20160910_flight07
2016-09-10 09:19:25,54.923557499999994,7.884753,94.736,-1.15,3.045,1005.1340000000001,18.814,1.178676,6.9510000000000005,0.716,0.04100000000000001,100,1.3,3.1,1005.1340000000001,0.01751932693851388,291.53671193921025,6.98777911785998,185.88111093096572,True,43.37322012803028,-4.1575820808324115,5,5,20160910_flight07
2016-09-10 09:19:26,54.92345794,7.8857536800000005,94.76100000000001,-1.2309999999999999,3.034,1005.112,18.875,1.178746,7.142,0.45399999999999996,0.111,100,1.3,3.1,1005.112,0.01722410314704792,291.59944805250143,7.1564153037676626,183.63726286954733,True,43.37164033789351,-4.2232656953432315,5,5,20160910_flight07
2016-09-10 09:19:27,54.923360519999996,7.886754979999999,94.74799999999999,-1.1179999999999999,3.0069999999999997,1005.0980000000001,18.894,1.1786860000000001,7.143,0.32799999999999996,-0.052000000000000005,100,1.3,3.1,1005.0980000000001,0.017195532925072587,291.61958207678936,7.15052676381258,182.62912272426752,True,43.37030207264534,-4.288954483463863,5,5,20160910_flight07
2016-09-10 09:19:28,54.92326481,7.88775711,94.8,-1.1420000000000001,3.0,1005.113,18.845,1.178459,7.184,0.52,0.062,100,1.3,3.0,1005.113,0.01757738522957486,291.56940880514327,7.202795013048754,184.14002440421297,True,43.369159939882145,-4.354668830011662,5,5,20160910_flight07
2016-09-10 09:19:29,54.92317083,7.88876019,94.8,-1.082,3.0,1005.12,18.794,1.178337,7.252999999999999,0.507,0.004,100,1.2,3.0,1005.12,0.01786760969466883,291.517902490591,7.270698590919581,183.99859153724645,True,43.368217268073174,-4.420416096350899,5,5,20160910_flight07
2016-09-10 09:19:30,54.92307846,7.88976402,94.8,-1.0110000000000001,3.0269999999999997,1005.105,18.758,1.178316,7.138,0.56,0.05600000000000001,100,1.1,3.1,1005.105,0.017996090107109897,291.4831991330328,7.159933239912227,184.48585742578047,True,43.367458963905136,-4.486185411843391,5,5,20160910_flight07
2016-09-10 09:19:31,54.92298729,7.890768560000001,94.8,-0.544,3.0,1005.107,18.794,1.1783489999999999,7.099,0.602,-0.006000000000000001,100,0.8,3.0,1005.107,0.017844079254744072,291.5189808420072,7.124479279217534,184.84712423380685,True,43.3668394929073,-4.551980830185209,5,5,20160910_flight07
2016-09-10 09:19:32,54.92289695,7.89177363,94.80699999999999,-0.529,3.0,1005.1,18.754,1.178468,7.33,0.486,-0.0030000000000000005,100,0.7,3.0,1005.1,0.01787367233168946,291.47961965361196,7.346093928068168,183.79332226193802,True,43.36631641321683,-4.617796794977705,5,5,20160910_flight07
2016-09-10 09:19:33,54.9228077,7.89277935,94.9,-0.572,3.0,1005.0980000000001,18.652,1.1785400000000001,7.417000000000001,0.7170000000000001,-0.006000000000000001,100,0.7,3.0,1005.0980000000001,0.01816523997994035,291.37793376741615,7.451575538099309,185.52161499415132,True,43.36591948800319,-4.683636795363206,5,5,20160910_flight07
2016-09-10 09:19:34,54.92271926,7.89378553,94.9,-0.6539999999999999,2.9939999999999998,1005.105,18.692999999999998,1.17863,7.473,0.698,-0.023000000000000003,100,0.8,3.0,1005.105,0.01795155496978662,291.4182937246725,7.505526830276473,185.3361112862249,True,43.365616094618154,-4.749493182522404,5,5,20160910_flight07
2016-09-10 09:19:35,54.92263164,7.89479222,94.9,-0.655,2.8909999999999996,1005.097,18.825,1.17876,7.332000000000001,0.612,-0.064,100,0.8,2.9,1005.097,0.01737103356854397,291.5507653128313,7.357497400611162,184.77140219176405,True,43.36540780349811,-4.81536899680004,5,5,20160910_flight07
2016-09-10 09:19:36,54.92254469,7.89579958,94.838,-0.687,2.796,1005.1110000000001,18.718,1.178855,7.351,0.7509999999999999,0.10099999999999999,100,0.9,2.8,1005.1110000000001,0.017676164358095603,291.44275976868096,7.389262615444115,185.83326876833675,True,43.36527959372938,-4.881276903733776,5,5,20160910_flight07
2016-09-10 09:19:37,54.92245864,7.89680805,94.572,-0.862,2.782,1005.137,18.963,1.1784439999999998,6.8660000000000005,0.7929999999999999,0.027000000000000003,100,1.1,2.8,1005.137,0.01720356679348156,291.6852448909775,6.911642713566725,186.58827935533884,True,43.365260925687316,-4.947241367292171,5,5,20160910_flight07
2016-09-10 09:19:38,54.922373070000006,7.897817669999999,94.223,-0.8190000000000001,2.6830000000000003,1005.172,18.774,1.178742,7.3020000000000005,0.9740000000000001,0.023,100,1.0,2.7,1005.172,0.01764024014769161,291.4936187501222,7.366673604823279,187.5977271580095,True,43.36530591384295,-5.013271725213267,5,5,20160910_flight07
2016-09-10 09:19:39,54.92228844,7.89882888,93.801,-0.965,2.7,1005.2289999999999,18.747,1.1786880000000002,7.471,0.9940000000000001,0.067,100,1.1,2.7,1005.2289999999999,0.01783871136403392,291.46193168715047,7.536834680421218,187.57856781690663,True,43.365469351824345,-5.079388730586382,5,5,20160910_flight07
2016-09-10 09:19:40,54.92220525,7.8998419,93.36,-0.9390000000000001,2.718,1005.2769999999999,18.91,1.178735,7.343,0.85,0.105,100,1.2,2.8,1005.2769999999999,0.01727866216464946,291.6207062615334,7.392032805663135,186.60297138912267,True,43.36580837548293,-5.14559840370624,5,5,20160910_flight07
2016-09-10 09:19:41,54.92212318,7.90085616,92.948,-0.743,2.822,1005.312,18.95,1.1787590000000001,7.414,0.657,0.161,100,0.8,2.9,1005.312,0.01715405955261029,291.6577419640691,7.443053472869854,185.06410215960477,True,43.366282392053975,-5.211869408300662,5,5,20160910_flight07
2016-09-10 09:19:42,54.922042069999996,7.90187139,92.62,-0.78,2.968,1005.378,18.883,1.17885,7.468999999999999,0.8270000000000001,0.20600000000000002,100,0.9,3.0,1005.378,0.017375672801364095,291.58536865181543,7.514645034863589,186.3182999901662,True,43.366871245850525,-5.278187036740075,5,5,20160910_flight07
2016-09-10 09:19:43,54.92196215,7.90288739,92.45200000000001,-0.598,3.0389999999999997,1005.3969999999999,18.851,1.178819,7.222,0.8310000000000001,0.027000000000000003,100,0.8,3.1,1005.3969999999999,0.01753315236813413,291.55184189443395,7.269652330063661,186.56387645210953,True,43.36759839416174,-5.3445347713959555,5,5,20160910_flight07
2016-09-10 09:19:44,54.92188285,7.903903840000001,92.4,-0.379,3.075,1005.391,18.784000000000002,1.178883,7.449,1.101,0.028000000000000004,100,0.5,3.2,1005.391,0.017705353526584533,291.48544245938143,7.529927091280499,188.407733550531,True,43.36839805303327,-5.410901317997126,5,5,20160910_flight07
2016-09-10 09:19:45,54.92180427,7.904920570000001,92.516,-0.47,3.2,1005.3709999999999,18.795,1.1789100000000001,7.452000000000001,1.053,-0.09300000000000001,100,0.5,3.2,1005.3709999999999,0.017623457218094662,291.4980839980762,7.526029032630688,188.0428942335053,True,43.36927964235188,-5.477274177381148,5,5,20160910_flight07
2016-09-10 09:19:46,54.92172660999999,7.90593751,92.78399999999999,-0.359,3.2510000000000003,1005.347,18.809,1.178789,7.499,1.19,-0.011000000000000001,100,0.4,3.3,1005.347,0.01765481810013214,291.51405284627907,7.59283221202734,189.01695648455205,True,43.37026453444489,-5.543645640334408,5,5,20160910_flight07
2016-09-10 09:19:47,54.921649470000006,7.90695432,93.052,-0.14300000000000002,3.2510000000000003,1005.313,18.824,1.178924,7.442,1.1179999999999999,-0.07200000000000001,100,0.3,3.3,1005.313,0.017451599239199034,291.5318497985926,7.525509152210234,188.54356543432385,True,43.371305482343644,-5.610000389086354,5,5,20160910_flight07
2016-09-10 09:19:48,54.921572409999996,7.90797073,93.359,-0.285,3.147,1005.2610000000001,18.935,1.179087,7.2860000000000005,0.858,-0.20800000000000002,100,0.5,3.2,1005.2610000000001,0.016871738554086413,291.6469962371004,7.33634513910026,186.71622439881475,True,43.37235148987594,-5.676328233600119,5,5,20160910_flight07
2016-09-10 09:19:49,54.921495750000005,7.908987160000001,93.671,-0.63,3.156,1005.2310000000001,18.851,1.17893,7.537999999999999,1.338,0.008,100,0.7,3.2,1005.2310000000001,0.01726936042465166,291.565610768756,7.655827061787642,190.0652061965746,True,43.37344174283814,-5.742650905085351,5,5,20160910_flight07
2016-09-10 09:19:50,54.921420250000004,7.91000396,93.85700000000001,-0.5660000000000001,3.158,1005.191,19.093,1.178846,7.409,0.8059999999999999,0.0030000000000000005,100,0.7,3.2,1005.191,0.016458960302622394,291.81057092197693,7.452712056694529,186.20859854708547,True,43.37466323404549,-5.808978553317051,5,5,20160910_flight07
2016-09-10 09:19:51,54.92134527,7.911020590000001,94.027,-0.393,3.196,1005.177,18.886,1.1789120000000002,7.31,0.8910000000000001,-0.05600000000000001,100,0.5,3.2,1005.177,0.017108331638507,291.6050387805393,7.36410082766389,186.94937842453203,True,43.375940405863204,-5.875286925998056,5,5,20160910_flight07
2016-09-10 09:19:52,54.921270750000005,7.91203706,94.265,-0.212,3.164,1005.1390000000001,18.86,1.1784489999999999,7.394,1.045,-0.03900000000000001,100,0.3,3.2,1005.1390000000001,0.01756006994882786,291.58222978630755,7.467480230974837,188.04438064886895,True,43.37726674341507,-5.94157763152114,5,5,20160910_flight07
2016-09-10 09:19:53,54.92119688,7.9130536199999995,94.50399999999999,-0.18400000000000002,3.0869999999999997,1005.128,18.998,1.178436,7.61,0.619,-0.07,100,0.3,3.1,1005.128,0.017079501080746518,291.72094069327767,7.635133332169125,184.65022063709068,True,43.37866551912601,-6.007863612813732,5,5,20160910_flight07
2016-09-10 09:19:54,54.92112353,7.91407012,94.726,-0.317,3.1,1005.104,18.758,1.178742,7.575,0.9840000000000001,-0.024000000000000004,100,0.4,3.1,1005.104,0.01762717157954974,291.4832820738681,7.638643924153031,187.40133348630513,True,43.380121007229704,-6.074137362267348,5,5,20160910_flight07
2016-09-10 09:19:55,54.92105045,7.91508658,94.87100000000001,-0.34700000000000003,3.1,1005.0830000000001,18.825,1.1785290000000002,7.353,0.905,-0.0030000000000000005,100,0.4,3.1,1005.0830000000001,0.01755627172728169,291.5519267725907,7.408483920479277,187.0166198353059,True,43.38160585917583,-6.140404194121582,5,5,20160910_flight07
2016-09-10 09:19:56,54.92097758,7.91610303,94.99700000000001,-0.267,3.1,1005.058,18.868,1.1785560000000002,7.416,0.904,0.03900000000000001,100,0.3,3.1,1005.058,0.01735782123872398,291.5969388578667,7.470894993238763,186.9499866199181,True,43.3831137476847,-6.206666997444324,5,5,20160910_flight07
2016-09-10 09:19:57,54.92090518,7.917119609999999,95.09199999999998,-0.20600000000000002,3.052,1005.067,18.955,1.178781,7.34,0.79,-0.006000000000000001,100,0.3,3.1,1005.067,0.016869788511643113,291.68306640102213,7.382391211524895,186.1430641873321,True,43.38467462352307,-6.272930542052505,5,5,20160910_flight07
2016-09-10 09:19:58,54.920833089999995,7.91813621,95.1,-0.17,2.91,1005.064,18.917,1.1785970000000001,7.274,0.8270000000000001,0.05600000000000001,100,0.3,3.0,1005.064,0.017157826579963675,291.6453702609125,7.320860946637356,186.4862549164049,True,43.38626983177692,-6.339190365715771,5,5,20160910_flight07
2016-09-10 09:19:59,54.920761080000005,7.91915316,95.064,-0.183,2.8989999999999996,1005.065,18.902,1.178663,7.3020000000000005,0.67,-0.07100000000000001,100,0.3,2.9,1005.065,0.017154121224745245,291.6303089290082,7.33267372791126,185.24253380811285,True,43.38787713453756,-6.405471310448796,5,5,20160910_flight07
2016-09-10 09:20:00,54.920689249999995,7.92017054,95.03699999999999,-0.004,2.8080000000000003,1005.054,18.962,1.178467,7.505,0.556,-0.239,100,0.1,2.9,1005.054,0.01710320126823417,291.69113533493885,7.52556715470668,184.2369572198995,True,43.38950829664512,-6.471776885526069,5,5,20160910_flight07
2016-09-10 09:20:01,54.920617490000005,7.92118855,95.1,0.196,2.76,1005.051,18.938,1.178307,6.981,0.911,-0.169,100,0.6,2.8,1005.051,0.017321858777858523,291.6674189057962,7.040190480377643,187.4349166780264,True,43.39115307816561,-6.538121672464195,5,5,20160910_flight07
2016-09-10 09:20:02,54.92054486,7.9222068000000005,95.0,0.6539999999999999,2.8139999999999996,1005.05,18.71,1.178402,7.292000000000001,0.9490000000000001,0.08,100,0.7,2.9,1005.05,0.018033495931810917,291.43983013871986,7.353493387499578,187.41494781792176,True,43.39270428505954,-6.6044958643057585,5,5,20160910_flight07
2016-09-10 09:20:03,54.920471150000004,7.923225159999999,94.795,0.6409999999999999,2.847,1005.0930000000001,18.891,1.178495,7.2410000000000005,0.87,0.015,100,0.7,2.9,1005.0930000000001,0.017365780752819582,291.6170013344935,7.293077608252911,186.85119765656975,True,43.394137567590874,-6.670894524857566,5,5,20160910_flight07
2016-09-10 09:20:04,54.920396499999995,7.924243659999999,94.62,0.602,2.9,1005.105,18.746,1.178711,7.321000000000001,1.025,0.07400000000000001,100,0.7,2.9,1005.105,0.017696783911452796,291.47121659610474,7.39240596828935,187.97007094047592,True,43.39546862739274,-6.737317316336397,5,5,20160910_flight07
2016-09-10 09:20:05,54.920320860000004,7.92526218,94.444,0.604,2.9,1005.137,18.842,1.178691,7.368,0.9990000000000001,0.062,100,0.7,2.9,1005.137,0.017411842864650584,291.5644220770945,7.4354169351825865,187.72143753316584,True,43.39669083166058,-6.803757361405251,5,5,20160910_flight07
2016-09-10 09:20:06,54.92024402,7.92628063,94.251,0.613,2.8859999999999997,1005.166,18.765,1.1788560000000001,7.314,1.199,0.005,100,0.7,2.9,1005.166,0.017567128042621283,291.4851296346302,7.4116258000522395,189.30981511435112,True,43.39778020584515,-6.870212285221689,5,5,20160910_flight07
2016-09-10 09:20:07,54.92016609,7.92729914,94.03,0.45899999999999996,2.734,1005.177,18.873,1.178787,7.372000000000001,0.91,0.078,100,0.5,2.8,1005.177,0.017261470492035302,291.5920579648037,7.4279528808413975,187.03699565010078,True,43.398750085229985,-6.936688637403801,5,5,20160910_flight07
2016-09-10 09:20:08,54.92008747,7.9283179299999995,93.756,0.138,2.7769999999999997,1005.225,18.81,1.178896,7.525,0.975,0.08200000000000002,100,0.3,2.8,1005.225,0.017435485598215728,291.5251695569896,7.587901554448371,187.38257635272893,True,43.39964659120623,-7.003194051672571,5,5,20160910_flight07
2016-09-10 09:20:09,54.92000865,7.92933723,93.477,-0.21600000000000003,2.8,1005.23,18.88,1.178701,7.415,1.0,0.012,100,0.4,2.8,1005.23,0.01736494572038194,291.5946504903176,7.482127037146589,187.6806692038578,True,43.4005258519785,-7.069735350002748,5,5,20160910_flight07
2016-09-10 09:20:10,54.91992973000001,7.93035695,93.26,0.0,2.8,1005.278,18.904,1.178643,7.2860000000000005,1.075,-0.09700000000000002,100,0.0,2.8,1005.278,0.01737997952257042,291.61463232230824,7.364877527834391,188.3930513559236,True,43.40139803782044,-7.136305155931468,5,5,20160910_flight07
2016-09-10 09:20:11,54.91985056000001,7.9313772700000005,93.12899999999999,0.045,2.8339999999999996,1005.2869999999999,18.813,1.178708,7.32,1.453,-0.025,100,0.1,2.9,1005.2869999999999,0.017650069551958802,291.5230227850575,7.462815085475454,191.2271199315441,True,43.40224831541257,-7.202917415671674,5,5,20160910_flight07
2016-09-10 09:20:12,54.91977157,7.93239834,92.956,0.466,2.924,1005.305,18.831,1.1786020000000001,7.321000000000001,1.672,0.11,100,0.9,3.0,1005.305,0.01769707431060974,291.53950271715837,7.509502313735578,192.86480094692394,True,43.40312545389742,-7.269574796554128,5,5,20160910_flight07
2016-09-10 09:20:13,54.91969213,7.93341989,92.772,1.2109999999999999,3.0,1005.3409999999999,18.9,1.178972,7.281000000000001,1.704,0.10300000000000001,100,1.4,3.0,1005.3409999999999,0.01717374479378031,291.6054118963348,7.47773876248696,193.17207721647736,True,43.40395752963904,-7.336270174050131,5,5,20160910_flight07
2016-09-10 09:20:14,54.91961088,7.93444122,92.58699999999999,1.439,2.93,1005.3580000000001,18.97,1.179179,7.327999999999999,1.785,0.061000000000000006,100,1.6,3.0,1005.3580000000001,0.016768677029806778,291.67389475921266,7.5422681601756905,193.68986036602325,True,43.40458818013226,-7.402980667129177,5,5,20160910_flight07
2016-09-10 09:20:15,54.91952748,7.935462189999999,92.427,1.602,3.0260000000000002,1005.382,19.095,1.179372,7.334,1.63,0.021,100,1.7,3.1,1005.382,0.01619172002585545,291.79671166660694,7.512952548765365,192.53046207866893,True,43.40497864304489,-7.469702796714567,5,5,20160910_flight07
2016-09-10 09:20:16,54.919441809999995,7.936482559999999,92.4,1.545,3.1,1005.386,19.08,1.17952,7.247000000000001,1.6030000000000002,0.025,100,1.6,3.1,1005.386,0.016120410311000866,291.78140266524184,7.422170706740718,192.47270845297857,True,43.40511344986906,-7.536423130818685,5,5,20160910_flight07
2016-09-10 09:20:17,54.919353629999996,7.93750197,92.414,1.5730000000000002,3.1,1005.396,19.081000000000003,1.179433,7.273,1.516,0.006000000000000001,100,1.6,3.1,1005.396,0.016201993788815372,291.78157110832615,7.429319282410738,191.77426602449643,True,43.40496278916964,-7.6031224895151235,5,5,20160910_flight07
2016-09-10 09:20:18,54.91926299,7.938520260000001,92.539,1.456,3.177,1005.377,19.1,1.179302,7.278,1.409,-0.034,100,1.5,3.2,1005.377,0.016229597602381185,291.80211904087633,7.413134627133113,190.95675520626008,True,43.40453066740309,-7.669789820691868,5,5,20160910_flight07
2016-09-10 09:20:19,54.91917024,7.93953727,92.726,1.496,3.2,1005.3430000000001,19.046000000000003,1.179303,7.23,1.214,-0.0030000000000000005,100,1.6,3.2,1005.3430000000001,0.016382169194278262,291.75102364545216,7.331213814914963,189.5317030794755,True,43.40385413439892,-7.736409231959403,5,5,20160910_flight07
2016-09-10 09:20:20,54.91907543,7.94055293,93.01,1.416,3.222,1005.319,19.021,1.1791559999999999,7.289,1.209,-0.062,100,1.5,3.3,1005.319,0.016571587223330297,291.72805351344556,7.38858592695517,189.41770231443684,True,43.40293804079872,-7.802975434242821,5,5,20160910_flight07
2016-09-10 09:20:21,54.91897868,7.94156701,93.37799999999999,1.278,3.3,1005.284,19.066000000000003,1.179063,7.2620000000000005,1.089,-0.084,100,1.4,3.3,1005.284,0.01645982144657565,291.77589055098525,7.343198553763885,188.5284507380775,True,43.40179344659227,-7.869471763669736,5,5,20160910_flight07
2016-09-10 09:20:22,54.91888029,7.94257939,93.84299999999999,1.047,3.3,1005.195,19.038,1.178905,7.141,0.691,-0.138,100,1.1,3.3,1005.195,0.016603459095216655,291.75532026096124,7.174354465734182,185.52702730924813,True,43.400452269572746,-7.935885695913537,5,5,20160910_flight07
2016-09-10 09:20:23,54.91878009,7.943589899999999,94.411,0.972,3.345,1005.1440000000001,19.002,1.178428,7.167999999999999,0.706,-0.095,100,1.0,3.4,1005.1440000000001,0.01708867042842699,291.72360673701894,7.202684221871731,185.62510782824336,True,43.39889419059306,-8.002209088061235,5,5,20160910_flight07
2016-09-10 09:20:24,54.91867874,7.9445986600000005,95.04,0.9540000000000001,3.3739999999999997,1005.085,19.087,1.178239,6.598,0.509,-0.23600000000000002,100,1.1,3.4,1005.085,0.016896249469067204,291.813381060301,6.617604173717252,184.41132220643965,True,43.39719303065294,-8.068438975552244,5,5,20160910_flight07
2016-09-10 09:20:25,54.918575520000005,7.94560523,95.69200000000001,0.833,3.1710000000000003,1004.99,18.903,1.178184,6.386,0.596,-0.20600000000000002,100,1.1,3.3,1004.99,0.017488236355337472,291.637531750925,6.413751788150209,185.33192169196622,True,43.395265358533926,-8.134558800204138,5,5,20160910_flight07
2016-09-10 09:20:26,54.91847114,7.94661049,96.182,0.47100000000000003,3.0260000000000002,1004.941,18.855,1.1779979999999999,6.702999999999999,0.489,0.03,100,0.6,3.1,1004.941,0.017766549188484637,291.59366620923913,6.720813194844801,184.17247359474544,True,43.393197631131166,-8.200613456389721,5,5,20160910_flight07
2016-09-10 09:20:27,54.918366809999995,7.947615369999999,96.391,0.052000000000000005,2.827,1004.9259999999999,18.796,1.178151,7.076999999999999,0.6809999999999999,0.019000000000000003,100,0.3,2.9,1004.9259999999999,0.017824840839387956,291.5359938665532,7.1096898666538175,185.49648973902697,True,43.39113184662318,-8.266642973039339,5,5,20160910_flight07
2016-09-10 09:20:28,54.91826269999999,7.9486203799999995,96.315,0.25,2.7,1004.936,18.784000000000002,1.178226,7.209,0.8710000000000001,0.068,100,0.3,2.7,1004.936,0.01781201451757619,291.5231810528377,7.261426994744214,186.88915202930735,True,43.389091513300215,-8.33267726453904,5,5,20160910_flight07
2016-09-10 09:20:29,54.9181581,7.949625579999999,96.035,0.18900000000000003,2.617,1004.957,18.812,1.1784910000000002,7.419,0.8660000000000001,0.055,100,0.2,2.7,1004.957,0.017506818489943843,291.5493992183495,7.4693719280807,186.6578536346321,True,43.386998991301816,-8.398731628236483,5,5,20160910_flight07
2016-09-10 09:20:30,54.91805323,7.950631469999999,95.641,0.125,2.6060000000000003,1005.008,18.805,1.1786500000000002,7.591,0.884,0.14200000000000002,100,0.2,2.7,1005.008,0.017445580632016622,291.538177786603,7.642299195922652,186.64238624039933,True,43.38488320234618,-8.464834531467659,5,5,20160910_flight07
2016-09-10 09:20:31,54.91794819,7.951638050000001,95.21799999999999,0.17800000000000002,2.7,1005.0740000000001,18.847,1.1786020000000001,7.425,0.6779999999999999,0.07600000000000001,100,0.3,2.7,1005.0740000000001,0.01740747486475258,291.57464161443045,7.455890892442029,185.21738812746852,True,43.38275516089207,-8.530984360806695,5,5,20160910_flight07
2016-09-10 09:20:32,54.91784262,7.9526449,94.89399999999999,0.113,2.7430000000000003,1005.086,18.797,1.178457,7.112,0.615,0.10400000000000001,100,0.3,2.8,1005.086,0.01771907647366522,291.52371848261225,7.138541097451215,184.94227591351103,True,43.38057127536508,-8.597160030413352,5,5,20160910_flight07
2016-09-10 09:20:33,54.9177364,7.9536517700000005,94.64,-0.16699999999999998,2.8989999999999996,1005.135,18.786,1.1783139999999999,6.8839999999999995,0.87,0.155,100,0.4,2.9,1005.135,0.017930562269669714,291.5086699714828,6.938757525666969,187.20285547807197,True,43.37831598345829,-8.663347467962677,5,5,20160910_flight07
2016-09-10 09:20:34,54.91763013,7.954658879999999,94.449,-0.384,2.9,1005.1419999999999,18.778,1.17831,7.018,0.782,0.032,100,0.5,2.9,1005.1419999999999,0.017969002642062692,291.5001010813529,7.061433848730723,186.35811235695854,True,43.376057435480305,-8.729551080323636,5,5,20160910_flight07
2016-09-10 09:20:35,54.91752449,7.95566648,94.337,-0.47700000000000004,2.9560000000000004,1005.1610000000001,18.73,1.178447,6.937,0.591,-0.03900000000000001,100,0.6,3.0,1005.1610000000001,0.018037289062106554,291.45059580828854,6.962129702899825,184.86957400664863,True,43.37387287470155,-8.795775904637125,5,5,20160910_flight07
2016-09-10 09:20:36,54.917419620000004,7.95667453,94.38300000000001,-0.7190000000000001,3.0,1005.1490000000001,18.706,1.178417,7.097,0.9860000000000001,-0.016,100,0.8,3.0,1005.1490000000001,0.01813476881685494,291.4276261647247,7.165166083211191,187.9095828271195,True,43.37177734617042,-8.862017120757063,5,5,20160910_flight07
2016-09-10 09:20:37,54.9173161,7.9576832,94.4,-0.584,3.0,1005.1460000000001,18.777,1.17859,7.209,1.116,0.032,100,0.7,3.0,1005.1460000000001,0.01773469803144323,291.4987707789534,7.294870595151088,188.7999055912386,True,43.369836328310925,-8.928276256550715,5,5,20160910_flight07
2016-09-10 09:20:38,54.917213849999996,7.9586925399999995,94.42800000000001,-0.662,3.0,1005.1490000000001,18.776,1.178755,7.446000000000001,1.198,0.052000000000000005,100,0.8,3.0,1005.1490000000001,0.01759876030930907,291.49752342169916,7.541758415648171,189.14008836619826,True,43.36804147854894,-8.994557804445822,5,5,20160910_flight07
2016-09-10 09:20:39,54.91711255999999,7.959702600000001,94.4,-0.8290000000000001,2.9130000000000003,1005.175,18.768,1.1788020000000001,7.337999999999999,1.2830000000000001,0.032,100,0.9,3.0,1005.175,0.017612395486685806,291.48737878681084,7.449317619755517,189.91753278888453,True,43.36635912105682,-9.060869967749696,5,5,20160910_flight07
2016-09-10 09:20:40,54.91701266,7.960713419999999,94.324,-0.777,2.9,1005.171,18.873,1.1786500000000002,7.477,1.14,-0.08,100,0.9,2.9,1005.171,0.017373638709535788,291.59255576160166,7.563407234838013,188.66898541661112,True,43.36483699319699,-9.127208370080792,5,5,20160910_flight07
2016-09-10 09:20:41,54.916914049999995,7.961725189999999,94.3,-0.6259999999999999,2.862,1005.1640000000001,18.84,1.178644,7.539,1.215,-0.10800000000000001,100,0.7,2.9,1005.1640000000001,0.01748671361232712,291.5601851059967,7.636278281990514,189.15517862173834,True,43.363465862676854,-9.193586791276944,5,5,20160910_flight07
2016-09-10 09:20:42,54.91681651,7.962737969999999,94.3,-0.5329999999999999,2.8,1005.1790000000001,18.877,1.1785670000000001,7.519,1.088,-0.086,100,0.6,2.8,1005.1790000000001,0.01743944800671815,291.5958861282635,7.597309063082797,188.23355695427324,True,43.36222206047988,-9.260012622899351,5,5,20160910_flight07
2016-09-10 09:20:43,54.91671972,7.96375138,94.3,-0.371,2.8930000000000002,1005.171,18.95,1.17863,7.599,0.863,-0.02,100,0.5,2.9,1005.171,0.017122709633496935,291.6694422629856,7.647847409565649,186.47918259231062,True,43.36106677600743,-9.326466695087507,5,5,20160910_flight07
2016-09-10 09:20:44,54.91662352,7.964765,94.301,-0.353,3.028,1005.158,18.953999999999997,1.1786450000000002,7.603,0.531,0.014000000000000002,100,0.4,3.1,1005.158,0.017082682968226237,291.6745152389612,7.621520189568483,183.99509881112442,True,43.359978446598696,-9.39292469515,5,5,20160910_flight07
2016-09-10 09:20:45,54.91652819,7.96577851,94.48700000000001,-0.29200000000000004,3.1,1005.143,18.857,1.17859,7.61,0.636,0.0030000000000000005,100,0.4,3.1,1005.143,0.017452836550926998,291.5789023206965,7.636530363980753,184.77734941099715,True,43.3589849111923,-9.45936161469612,5,5,20160910_flight07
2016-09-10 09:20:46,54.91643358,7.966791570000001,94.73299999999999,-0.076,3.1,1005.1030000000001,18.845,1.1783379999999999,7.34,0.43700000000000006,-0.002,100,0.3,3.1,1005.1030000000001,0.017671752154141185,291.5702384569773,7.352997280021257,183.40718455489787,True,43.35806645896097,-9.525758102391368,5,5,20160910_flight07
2016-09-10 09:20:47,54.91633876,7.967803730000001,95.04799999999999,0.41200000000000003,3.035,1005.097,18.874,1.178256,7.004,0.24,-0.161,100,0.6,3.1,1005.097,0.017635432676659457,291.59969411666845,7.008110729718815,181.96253696206495,True,43.35711643452463,-9.592100347910424,5,5,20160910_flight07
2016-09-10 09:20:48,54.91624307,7.9688148000000005,95.402,0.694,3.0,1005.049,18.875999999999998,1.177878,6.585,0.17400000000000002,-0.17900000000000002,100,0.8,3.0,1005.049,0.017906422481146267,291.60567414065537,6.587298459915112,181.5136137193541,True,43.35606036029497,-9.658386833451994,5,5,20160910_flight07
2016-09-10 09:20:49,54.916146319999996,7.96982481,95.71,0.83,2.8659999999999997,1005.0210000000001,18.791,1.177549,6.986000000000001,0.307,0.033,100,0.9,2.9,1005.0210000000001,0.018458896001028346,291.5231192973701,6.9927423089943765,182.51624598751823,True,43.35487759019676,-9.724622545537494,5,5,20160910_flight07
2016-09-10 09:20:50,54.91604897,7.9708342000000005,95.8,0.807,2.716,1005.013,18.7,1.177479,7.148,0.187,0.038000000000000006,100,0.9,2.8,1005.013,0.018828910877304317,291.4329130227554,7.150445650447249,181.49858246468312,True,43.353622917860385,-9.790828237255857,5,5,20160910_flight07
2016-09-10 09:20:51,54.9159505,7.97184298,95.664,0.767,2.528,1005.025,18.697,1.177602,7.12,0.201,-0.059000000000000004,100,1.0,2.6,1005.025,0.018745130287472378,291.4289221191927,7.122836583833719,181.61704968980158,True,43.35223916190258,-9.857012938758714,5,5,20160910_flight07
2016-09-10 09:20:52,54.915851460000006,7.972851550000001,95.38,0.29,2.5,1005.056,18.614,1.177859,7.409,0.21600000000000003,0.05600000000000001,100,0.5,2.5,1005.056,0.018844018828383602,291.3434709107213,7.4121479343035235,181.66991279622886,True,43.35079065377205,-9.923193389702217,5,5,20160910_flight07
2016-09-10 09:20:53,54.9157515,7.97386058,95.01700000000001,0.39,2.602,1005.105,18.735,1.178021,7.375,0.08700000000000001,-0.065,100,0.5,2.7,1005.105,0.018331252975012813,291.4602326039207,7.375513134691036,180.67586462532665,True,43.34924512734803,-9.98941813968579,5,5,20160910_flight07
2016-09-10 09:20:54,54.91565059,7.9748696500000005,94.814,0.17,2.779,1005.1340000000001,18.683999999999997,1.178004,7.499,0.031,-0.23900000000000002,100,0.3,2.8,1005.1340000000001,0.018553298842263866,291.4069021936522,7.4990640749362845,180.2368527866858,True,43.347595338768436,-10.055660778564128,5,5,20160910_flight07
2016-09-10 09:20:55,54.915549840000004,7.9758785,94.852,-0.054000000000000006,2.7709999999999995,1005.1210000000001,18.673,1.177824,7.319,0.28600000000000003,-0.0020000000000000013,100,0.1,2.8,1005.1210000000001,0.018734181655186477,291.3969961772768,7.324585790336543,182.23777291966724,True,43.34596110976035,-10.121886748537205,5,5,20160910_flight07
2016-09-10 09:20:56,54.91544901,7.9768872,94.8,-0.03900000000000001,2.739,1005.114,18.65,1.177809,7.117999999999999,0.16899999999999998,-0.03900000000000001,100,0.1,2.8,1005.114,0.01882035908164892,291.3746101141137,7.120005969098621,181.36009663953922,True,43.34431666221141,-10.188104404189298,5,5,20160910_flight07
2016-09-10 09:20:57,54.91534784,7.97789573,94.72399999999999,-0.07100000000000001,2.441,1005.1260000000001,18.64,1.178004,7.346,0.461,0.083,100,0.2,2.5,1005.1260000000001,0.01869878190718266,291.3636298242847,7.360450869342176,183.59090146863832,True,43.342633170935514,-10.254316659752474,5,5,20160910_flight07
2016-09-10 09:20:58,54.91524749999999,7.978905180000001,94.28200000000001,-0.165,2.3299999999999996,1005.186,18.692,1.178239,7.52,0.49200000000000005,0.04100000000000001,100,0.3,2.4,1005.186,0.018374915363184696,291.41057884356906,7.536077494293699,183.74327190867544,True,43.341049729098266,-10.320574434927005,5,5,20160910_flight07
2016-09-10 09:20:59,54.915147049999995,7.97991594,93.74,0.633,2.408,1005.25,18.688,1.17851,7.438,0.5760000000000001,-0.065,100,1.0,2.5,1005.25,0.018219519236494897,291.4012785866754,7.460269432131791,184.42815727977535,True,43.339466458930524,-10.38691786907535,5,5,20160910_flight07
2016-09-10 09:21:00,54.91504563,7.98092706,93.285,1.232,2.533,1005.313,18.743,1.17857,7.329,0.16699999999999998,-0.084,100,1.5,2.6,1005.313,0.018039631624034547,291.45097246076904,7.330902400114191,181.30532674178073,True,43.33777972525972,-10.453300005602044,5,5,20160910_flight07
2016-09-10 09:21:01,54.91494203,7.98193757,93.02,1.581,2.556,1005.3389999999999,18.683,1.178426,7.011,0.13,-0.099,100,1.7,2.7,1005.3389999999999,0.01839970219044962,291.3889080248178,7.012205145316273,181.0622732676016,True,43.335847154713484,-10.519678254226864,5,5,20160910_flight07
2016-09-10 09:21:02,54.91483617,7.98294725,92.9,1.349,2.8139999999999996,1005.342,18.698,1.178292,7.471,0.332,-0.057999999999999996,100,1.4,2.9,1005.342,0.018466209520523247,291.40363650255483,7.478373151962932,182.54446420318425,True,43.333657872165496,-10.586039818266254,5,5,20160910_flight07
2016-09-10 09:21:03,54.91472914,7.9839561,92.945,1.04,2.9,1005.3439999999999,18.668,1.178332,7.557,0.18600000000000003,-0.132,100,1.2,2.9,1005.3439999999999,0.018538361264160086,291.3735164001796,7.559288657009997,181.4099330125398,True,43.33133193520504,-10.652367111379371,5,5,20160910_flight07
2016-09-10 09:21:04,54.91462085999999,7.98496364,93.162,1.0070000000000001,2.8169999999999997,1005.3209999999999,18.682000000000002,1.178199,7.452999999999999,0.19399999999999998,-0.032,100,1.1,2.9,1005.3209999999999,0.018581167078810967,291.3894016623728,7.455524461766589,181.49106022239562,True,43.32885602994954,-10.71863068810918,5,5,20160910_flight07
2016-09-10 09:21:05,54.914511080000004,7.98596989,93.296,1.176,2.7110000000000003,1005.298,18.692999999999998,1.178176,7.519,0.37,-0.024,100,1.2,2.8,1005.298,0.018539355969952043,291.40229169385344,7.528098099785895,182.81717672630512,True,43.32620280785335,-10.784835862694749,5,5,20160910_flight07
2016-09-10 09:21:06,54.91439964,7.9869750999999995,93.25399999999999,1.119,2.6260000000000003,1005.307,18.673,1.178146,7.388999999999999,-0.038,-0.047,100,1.3,2.7,1005.307,0.018644218250198463,291.38157583444536,7.389097712170275,179.70534301974237,True,43.32335699073659,-10.851001225054137,5,5,20160910_flight07
2016-09-10 09:21:07,54.91428647,7.987979279999999,93.146,1.462,2.675,1005.32,18.689,1.1779669999999998,7.167999999999999,0.212,-0.08200000000000002,100,1.9,2.7,1005.32,0.01875632643081504,291.39647394434985,7.171134359360448,181.69407999507433,True,43.320310962279535,-10.91712854492247,5,5,20160910_flight07
2016-09-10 09:21:08,54.91417104,7.98898224,93.08699999999999,1.825,2.7319999999999998,1005.317,18.611,1.177903,7.292000000000001,0.40299999999999997,0.12,100,1.9,2.8,1005.317,0.019081009565673268,291.3188408477023,7.303127617671761,183.1632931602865,True,43.31700456368791,-10.983214207045155,5,5,20160910_flight07
2016-09-10 09:21:09,54.91405322,7.98998385,92.941,1.54,2.8,1005.329,18.575,1.1780439999999999,7.483,0.389,0.126,100,1.8,2.8,1005.329,0.019096943683339473,291.2819010170664,7.493104163162287,182.9758136746342,True,43.31342225678953,-11.049251984488652,5,5,20160910_flight07
2016-09-10 09:21:10,54.9139332,7.990984,92.804,1.408,2.8,1005.355,18.589000000000002,1.178319,7.381,0.45299999999999996,0.02,100,1.5,2.8,1005.355,0.01883655899744796,291.2937251940683,7.3948880992209745,183.51205432642575,True,43.30958393727362,-11.11523176803216,5,5,20160910_flight07
2016-09-10 09:21:11,54.91381087,7.9919828,92.73299999999999,1.2409999999999999,2.807,1005.3589999999999,18.576,1.178708,7.577999999999999,0.475,0.163,100,1.4,2.9,1005.3589999999999,0.01854975941134751,291.2804135862736,7.592872249682593,183.58668991286254,True,43.30547852101639,-11.181162376156031,5,5,20160910_flight07
2016-09-10 09:21:12,54.91368675,7.99298032,92.61,0.9710000000000001,2.9530000000000003,1005.368,18.618,1.178854,7.789,0.581,0.114,100,1.2,3.0,1005.368,0.01828612652218098,291.32160357254526,7.8106390263537335,184.26592800509212,True,43.301163939787195,-11.247039901408233,5,5,20160910_flight07
2016-09-10 09:21:13,54.91356149999999,7.9939767900000005,92.6,0.419,2.958,1005.373,18.732,1.1789450000000001,7.685,0.408,0.068,100,0.8,3.0,1005.373,0.017814909197498174,291.4350146297558,7.695822828002213,183.03900481266257,True,43.29671504636734,-11.312868422939854,5,5,20160910_flight07
2016-09-10 09:21:14,54.91343508,7.9949719,92.695,0.223,2.8680000000000003,1005.3509999999999,18.75,1.1787960000000002,7.331,0.433,-0.055,100,0.4,2.9,1005.3509999999999,0.017858516018874226,291.45481111211484,7.343776276548735,183.3802050529422,True,43.29212452722892,-11.378628735660076,5,5,20160910_flight07
2016-09-10 09:21:15,54.91330756,7.99596605,92.7,0.332,2.8,1005.3489999999999,18.685,1.178603,7.494,0.418,-0.037000000000000005,100,0.5,2.8,1005.3489999999999,0.01824991125515263,291.39007603444077,7.505648539600026,183.19253334473473,True,43.28740384442101,-11.444345323669054,5,5,20160910_flight07
2016-09-10 09:21:16,54.91317991,7.9969600000000005,92.738,-0.16699999999999998,2.872,1005.355,18.695,1.178539,7.534,0.73,-0.10200000000000001,100,0.3,2.9,1005.355,0.01827639196038544,291.3995634086045,7.569283717763524,185.53434533787012,True,43.282666966852375,-11.510051202382726,5,5,20160910_flight07
2016-09-10 09:21:17,54.91305255,7.997954150000001,92.789,0.214,2.7859999999999996,1005.342,18.682000000000002,1.178598,7.303999999999999,0.8190000000000001,0.077,100,0.4,2.9,1005.342,0.018257608615501297,291.3876608639209,7.349773942101892,186.39787059694444,True,43.27796390717767,-11.575765208910394,5,5,20160910_flight07
2016-09-10 09:21:18,54.912924419999996,7.998947940000001,92.62700000000001,0.132,2.7,1005.368,18.685,1.178682,7.462999999999999,0.499,0.051000000000000004,100,0.2,2.7,1005.368,0.018200906581228304,291.38850106452304,7.479663762496279,183.82528492227374,True,43.27317265943888,-11.641468586668719,5,5,20160910_flight07
2016-09-10 09:21:19,54.91279591000001,7.9999417600000005,92.432,-0.264,2.739,1005.3939999999999,18.714,1.178749,7.6979999999999995,0.512,0.0030000000000000005,100,0.5,2.8,1005.3939999999999,0.01806819582083774,291.4153013212528,7.715007971480003,183.80518273014528,True,43.268339838157125,-11.707180016457105,5,5,20160910_flight07
2016-09-10 09:21:20,54.9126678,8.00093597,92.3,-0.575,2.8489999999999998,1005.3939999999999,18.771,1.1786510000000001,7.577999999999999,0.353,-0.098,100,0.6,2.9,1005.3939999999999,0.017954041219050643,291.4722136919985,7.586217305086903,182.66703617434317,True,43.26355473283692,-11.77290996570309,5,5,20160910_flight07
2016-09-10 09:21:21,54.91254016,8.001930170000001,92.391,-0.46,2.9,1005.3839999999999,18.8,1.178382,7.27,0.07100000000000001,-0.316,100,0.6,2.9,1005.3839999999999,0.018075154062526355,291.5019983345251,7.270346690495577,180.55954209358327,True,43.25882130167061,-11.8386316915104,5,5,20160910_flight07
2016-09-10 09:21:22,54.91241264,8.00292414,92.685,-0.044000000000000004,2.9,1005.3589999999999,18.746,1.17786,6.966,0.35,-0.191,100,0.3,2.9,1005.3589999999999,0.01868943439320181,291.45015392587186,6.974787165211567,182.87635279155148,True,43.254098930494045,-11.9043367534452,5,5,20160910_flight07
2016-09-10 09:21:23,54.91228534,8.003917940000001,92.949,-0.011000000000000001,2.9,1005.322,18.686,1.177584,7.2989999999999995,0.441,-0.03,100,0.3,2.9,1005.322,0.019100172343321953,291.39331269853056,7.312310305231856,183.45756402328718,True,43.249399196553995,-11.970027380106924,5,5,20160910_flight07
2016-09-10 09:21:24,54.912158760000004,8.00491186,93.095,-0.25,2.842,1005.304,18.601000000000003,1.1778689999999998,7.722,0.634,-0.084,100,0.4,2.9,1005.304,0.019132178051985083,291.30993336951536,7.747982963326649,184.69363251996327,True,43.24477989229046,-12.035714074151986,5,5,20160910_flight07
2016-09-10 09:21:25,54.91203274,8.00590594,93.14299999999999,-0.134,2.7969999999999997,1005.3109999999999,18.522000000000002,1.1782519999999999,7.9910000000000005,0.747,0.066,100,0.2,2.8,1005.3109999999999,0.01908394154749793,291.2304728352113,8.025838896962735,185.3404989613903,True,43.24022376976173,-12.101401978412005,5,5,20160910_flight07
2016-09-10 09:21:26,54.91190686,8.00690017,93.039,-0.281,2.7140000000000004,1005.3209999999999,18.553,1.178778,7.93,0.802,-0.021,100,0.4,2.8,1005.3209999999999,0.01853108015439786,291.26059730639247,7.970451931979767,185.77496878337948,True,43.235684474448306,-12.167097228937564,5,5,20160910_flight07
2016-09-10 09:21:27,54.91178098,8.00789461,92.881,-0.261,2.7020000000000004,1005.309,18.634,1.178994,7.952000000000001,0.777,0.16,100,0.4,2.8,1005.309,0.018049630925520255,291.34246905949914,7.989870649766491,185.58072758817536,True,43.23114714889831,-12.232805926549508,5,5,20160910_flight07
2016-09-10 09:21:28,54.91165524,8.00888943,92.613,-0.205,2.796,1005.3609999999999,18.703,1.179239,8.09,0.637,0.145,100,0.3,2.8,1005.3609999999999,0.017650117748843952,291.40705380846487,8.115039679508659,184.5021340695419,True,43.22662880792278,-12.298536698188514,5,5,20160910_flight07
2016-09-10 09:21:29,54.911529540000004,8.00988429,92.43,-0.22399999999999998,2.858,1005.3789999999999,18.764,1.179241,7.803,0.418,-0.021,100,0.3,2.9,1005.3789999999999,0.01745395443228026,291.4664681428339,7.814187929657182,183.0663547551124,True,43.22211524792379,-12.36426938580692,5,5,20160910_flight07
2016-09-10 09:21:30,54.91140383,8.01087887,92.4,-0.5269999999999999,2.86,1005.3839999999999,18.651,1.1791040000000002,7.994,0.525,-0.01,100,0.7,2.9,1005.3839999999999,0.01797128996831021,291.3532269772658,8.011220943152173,183.75746176048986,True,43.217597960126916,-12.42998430531947,5,5,20160910_flight07
2016-09-10 09:21:31,54.91127907,8.01187378,92.49700000000001,-0.615,2.989,1005.372,18.749,1.178914,7.818,0.5920000000000001,-0.009000000000000001,100,0.7,3.0,1005.372,0.01778138228201187,291.45207150596195,7.840381878454646,184.33032664721108,True,43.21318840502272,-12.495705028422588,5,5,20160910_flight07
2016-09-10 09:21:32,54.911155,8.012868560000001,92.635,-0.5419999999999999,2.925,1005.362,18.777,1.1790310000000002,7.735,0.439,-0.09300000000000001,100,0.6,3.0,1005.362,0.017572652083692075,291.4808578188143,7.747447708761899,183.24833773872624,True,43.20885363030021,-12.561406294501001,5,5,20160910_flight07
2016-09-10 09:21:33,54.91103131,8.013863129999999,92.785,-0.596,2.9,1005.347,18.732,1.178846,7.752000000000001,0.67,0.032,100,0.7,2.9,1005.347,0.017874061765096094,291.4371701947109,7.780899947949466,184.9397589717661,True,43.20455874075356,-12.62708798247484,5,5,20160910_flight07
2016-09-10 09:21:34,54.91090858,8.014858030000001,92.86200000000001,-0.594,2.84,1005.322,18.755,1.178736,7.876,0.493,0.08200000000000002,100,0.7,2.9,1005.322,0.01786352961301718,291.4622080321296,7.891414638707055,183.58176916107658,True,43.200372685344725,-12.692775312697108,5,5,20160910_flight07
2016-09-10 09:21:35,54.91078692,8.015853270000001,92.803,-0.593,2.897,1005.324,18.726,1.17881,7.879,0.44199999999999995,0.18,100,0.6,2.9,1005.324,0.017902783863742888,291.43308620522794,7.891388027463862,183.21084130042783,True,43.19630767377574,-12.758467150736442,5,5,20160910_flight07
2016-09-10 09:21:36,54.91066592,8.01684858,92.71600000000001,-0.85,2.8539999999999996,1005.3409999999999,18.849,1.17866,7.285,0.20199999999999999,0.019000000000000003,100,1.1,2.9,1005.3409999999999,0.017620702884206585,291.5544895337027,7.28780001097725,181.58830235510365,True,43.192316014215955,-12.824152822527626,5,5,20160910_flight07
2016-09-10 09:21:37,54.910545240000005,8.01784389,92.6,-0.298,2.8,1005.3580000000001,18.826,1.178575,7.221,0.45899999999999996,-0.094,100,0.5,2.8,1005.3580000000001,0.01779147236825951,291.53011466594506,7.235573370507689,183.6370902544636,True,43.18835960092179,-12.889833331356293,5,5,20160910_flight07
2016-09-10 09:21:38,54.910424819999996,8.01883957,92.60600000000001,-0.094,2.883,1005.355,18.799,1.178452,7.225,0.457,-0.073,100,0.2,2.9,1005.355,0.017988802972433104,291.5034046756966,7.239438790403576,183.61928509648695,True,43.184435295752,-12.955533337763754,5,5,20160910_flight07
2016-09-10 09:21:39,54.91030508,8.01983558,92.7,-0.006000000000000002,2.908,1005.3509999999999,18.825,1.178339,7.064,0.29,-0.0020000000000000018,100,0.3,3.0,1005.3509999999999,0.017991716170603356,291.5296967264808,7.069950211988766,182.35085658603714,True,43.180588984239414,-13.021243504011313,5,5,20160910_flight07
2016-09-10 09:21:40,54.910184740000005,8.02083108,92.76,0.10700000000000001,2.8,1005.335,18.813,1.178238,6.784,0.156,0.07200000000000001,100,0.3,2.8,1005.335,0.018104620598141663,291.51904192666353,6.785793395027585,181.31730050969838,True,43.17667180226874,-13.086930693603797,5,5,20160910_flight07
2016-09-10 09:21:41,54.910064039999995,8.0218264,92.7,-0.091,2.88,1005.3559999999999,18.707,1.177986,7.516,0.847,-0.006999999999999999,100,0.2,2.9,1005.3559999999999,0.01871354318761287,291.4114621935484,7.563574882289459,186.4297019504678,True,43.17271327987952,-13.152612165455272,5,5,20160910_flight07
2016-09-10 09:21:42,54.9099445,8.0228227,92.7,0.094,2.8509999999999995,1005.363,18.737000000000002,1.178143,7.351,0.742,-0.157,100,0.3,2.9,1005.363,0.018480191261250445,291.44083604196476,7.388353334810132,185.7638362507953,True,43.16889171743234,-13.218337674637274,5,5,20160910_flight07
2016-09-10 09:21:43,54.90982438,8.02381891,92.7,0.479,2.7310000000000003,1005.3639999999999,18.747,1.178484,7.362,0.544,-0.019000000000000003,100,0.5,2.8,1005.3639999999999,0.01815162018021521,291.45073784622804,7.382071524985381,184.22607443780876,True,43.16500542694483,-13.28406677865179,5,5,20160910_flight07
2016-09-10 09:21:44,54.909703019999995,8.02481453,92.626,0.529,2.8680000000000003,1005.3759999999999,18.685,1.17854,7.484,0.43,0.054000000000000006,100,0.6,2.9,1005.3759999999999,0.018331690725986727,291.3878379307459,7.496342841679534,183.28836560114246,True,43.16097702308196,-13.34977810923704,5,5,20160910_flight07
2016-09-10 09:21:45,54.90958121,8.02580991,92.6,0.44300000000000006,2.984,1005.3639999999999,18.76,1.178577,7.562,0.47600000000000003,0.069,100,0.6,3.0,1005.3639999999999,0.01802594007568925,291.46371797138175,7.576966411434065,183.6018058727571,True,43.15689680300204,-13.415481332139255,5,5,20160910_flight07
2016-09-10 09:21:46,54.90945886,8.02680471,92.634,0.337,3.0,1005.387,18.831,1.178587,7.346,0.289,-0.113,100,0.4,3.0,1005.387,0.01779303849205105,291.5327019692809,7.351682596521696,182.2529193499575,True,43.152751664550685,-13.481156127968898,5,5,20160910_flight07
2016-09-10 09:21:47,54.90933562,8.02779855,92.81700000000001,0.11800000000000001,3.022,1005.3489999999999,18.7,1.178381,7.507999999999999,0.45299999999999996,0.0,100,0.2,3.1,1005.3489999999999,0.018389399404660445,291.4050531658353,7.5216536080837955,183.45279186343524,True,43.14849949279163,-13.54678381089301,5,5,20160910_flight07
2016-09-10 09:21:48,54.909212399999994,8.02879179,93.031,-0.091,3.0239999999999996,1005.327,18.624000000000002,1.178265,7.782,0.573,-0.029000000000000005,100,0.2,3.1,1005.327,0.018732657993992374,291.33099234944336,7.803066897060412,184.2111722905361,True,43.144243896028044,-13.61237275088516,5,5,20160910_flight07
2016-09-10 09:21:49,54.9090897,8.02978486,93.288,-0.11900000000000001,2.967,1005.317,18.724,1.178495,7.754,0.51,-0.10300000000000001,100,0.2,3.0,1005.317,0.01817474644329864,291.4316695980006,7.770753888780676,183.7630667920447,True,43.140043979876395,-13.677942415326328,5,5,20160910_flight07
2016-09-10 09:21:50,54.90896686,8.03077742,93.49799999999999,-0.036000000000000004,2.8709999999999996,1005.2589999999999,18.806,1.178572,7.255,0.402,-0.179,100,0.1,2.9,1005.2589999999999,0.017763554062655285,291.5183555583961,7.266128886828254,183.17151953751483,True,43.13582385977136,-13.743481681353948,5,5,20160910_flight07
2016-09-10 09:21:51,54.90884304,8.031769259999999,93.633,0.279,2.713,1005.25,18.8,1.178335,7.162999999999999,0.413,-0.036000000000000004,100,0.4,2.8,1005.25,0.017980064891934378,291.51311098410724,7.174896375558325,183.29987259111385,True,43.1314890445055,-13.808990654657938,5,5,20160910_flight07
2016-09-10 09:21:52,54.908718820000004,8.03276123,93.54199999999999,0.374,2.8,1005.257,18.7,1.178137,7.442,0.532,0.111,100,0.5,2.8,1005.257,0.018507101980684615,291.412680269411,7.460991086980335,184.08889957864469,True,43.127111390785984,-13.874514406052018,5,5,20160910_flight07
2016-09-10 09:21:53,54.90859459,8.03375342,93.34100000000001,0.3,2.8,1005.323,18.694000000000003,1.178305,7.728,0.529,0.085,100,0.3,2.8,1005.323,0.01844968379851908,291.4012176637683,7.746084494762499,183.91592383142194,True,43.12273469918147,-13.940052406212576,5,5,20160910_flight07
2016-09-10 09:21:54,54.90846989,8.03474544,93.182,0.324,2.8,1005.31,18.74,1.178461,7.579,0.37,0.043,100,0.4,2.8,1005.31,0.018141219618182713,291.4482257450943,7.58802615968079,182.79490973556426,True,43.118304645055204,-14.005587103737698,5,5,20160910_flight07
2016-09-10 09:21:55,54.90834393,8.03573686,93.041,0.41600000000000004,2.863,1005.3489999999999,18.637999999999998,1.178544,7.829,0.6629999999999999,0.12300000000000001,100,0.5,2.9,1005.3489999999999,0.018464910329622386,291.34314768940465,7.8570229731113805,184.84055198263394,True,43.113730180865105,-14.071103710180886,5,5,20160910_flight07
2016-09-10 09:21:56,54.908217619999995,8.03672808,92.90400000000001,0.078,2.909,1005.347,18.776,1.17848,8.008,0.6990000000000001,-0.03300000000000001,100,0.3,3.0,1005.347,0.018036717641908284,291.48110313846416,8.038449166350434,184.9885736021198,True,43.1091152901066,-14.136613156865472,5,5,20160910_flight07
2016-09-10 09:21:57,54.908091109999994,8.03771923,92.9,-0.11,2.773,1005.3659999999999,18.81,1.178598,7.343,0.647,-0.24600000000000002,100,0.2,2.9,1005.3659999999999,0.017835485632676118,291.513475673727,7.371448839949986,185.03539165749493,True,43.10447771384519,-14.202121348039508,5,5,20160910_flight07
2016-09-10 09:21:58,54.9079637,8.03871004,92.95,-0.264,2.818,1005.36,18.851999999999997,1.1783489999999999,7.122999999999999,0.414,-0.373,100,0.5,2.9,1005.36,0.017898061348153638,291.55590907949204,7.135021023094465,183.32637885227672,True,43.09973781832374,-14.267622288572177,5,5,20160910_flight07
2016-09-10 09:21:59,54.90783655,8.0397013,93.115,-0.45399999999999996,2.8689999999999998,1005.335,18.664,1.178078,7.587000000000001,0.765,-0.081,100,0.5,3.0,1005.335,0.018762807928383918,291.3702684956224,7.6254700838702405,185.7576947659485,True,43.09503078131272,-14.333147849383295,5,5,20160910_flight07
2016-09-10 09:22:00,54.9077106,8.04069344,93.25299999999999,-0.276,2.94,1005.312,18.8,1.177975,7.117000000000001,0.469,-0.185,100,0.4,3.0,1005.312,0.018353973297199344,291.5079690736391,7.132436470099121,183.7702576571271,True,43.09046417204305,-14.398710398780125,5,5,20160910_flight07
2016-09-10 09:22:01,54.90758421,8.04168503,93.4,-0.248,2.8209999999999997,1005.2959999999999,18.781,1.1781739999999998,7.367999999999999,0.184,-0.16400000000000003,100,0.4,2.9,1005.2959999999999,0.018232029108758985,291.49032466009197,7.370297144620426,181.43054189451107,True,43.085843940254684,-14.464244828690841,5,5,20160910_flight07
2016-09-10 09:22:02,54.90745786,8.04267651,93.55,-0.281,2.8909999999999996,1005.2710000000001,18.813,1.177771,7.097,-0.068,-0.161,100,0.4,2.9,1005.2710000000001,0.018443472390215376,291.5243497921754,7.097325763976176,179.45103652453304,True,43.08122708246818,-14.529771569519353,5,5,20160910_flight07
2016-09-10 09:22:03,54.90733196,8.04366794,93.726,-0.013999999999999999,2.8,1005.242,18.794,1.177131,6.8260000000000005,0.18,0.006000000000000001,100,0.3,2.8,1005.242,0.019034114251902823,291.5077834512056,6.828372866210516,181.51052605076939,True,43.07665932075081,-14.595287848244599,5,5,20160910_flight07
2016-09-10 09:22:04,54.907206020000004,8.044659189999999,93.71600000000001,0.079,2.8,1005.262,18.636000000000003,1.177193,6.9910000000000005,0.39299999999999996,0.023000000000000003,100,0.2,2.8,1005.262,0.019552498934626072,291.3483617209138,7.002037560596202,183.21750350448647,True,43.07208546488205,-14.660793246265868,5,5,20160910_flight07
2016-09-10 09:22:05,54.907080210000004,8.04565069,93.618,0.233,2.8079999999999994,1005.285,18.667,1.177322,7.032,0.613,0.15,100,0.5,2.9,1005.285,0.019355811604004236,291.3774085930005,7.058667933824341,184.9820463714635,True,43.06752827276457,-14.726312555270061,5,5,20160910_flight07
2016-09-10 09:22:06,54.90695408,8.04664328,93.383,0.344,2.796,1005.305,18.607,1.17787,7.374,0.9560000000000001,0.07100000000000001,100,0.5,2.8,1005.305,0.019111368056479394,291.31584142204446,7.435711936324591,187.38689221243249,True,43.06294605839157,-14.79190682401862,5,5,20160910_flight07
2016-09-10 09:22:07,54.90682702,8.04763733,93.079,0.524,2.6719999999999997,1005.3439999999999,18.624000000000002,1.1783709999999998,7.492999999999999,1.2610000000000001,0.184,100,0.6,2.7,1005.3439999999999,0.018658243350823556,291.3295834189324,7.598366271771847,189.55281720849007,True,43.05827510410737,-14.857609586894515,5,5,20160910_flight07
2016-09-10 09:22:08,54.906699200000006,8.04862936,92.61200000000001,0.234,2.676,1005.41,18.618,1.178698,7.8469999999999995,1.3940000000000001,0.166,100,0.5,2.7,1005.41,0.018463441397805314,291.3181229951785,7.969858530739425,190.07336261940964,True,43.053501492695695,-14.923195263641716,5,5,20160910_flight07
2016-09-10 09:22:09,54.906571050000004,8.04962216,92.095,-0.07300000000000001,2.6,1005.482,18.704,1.178965,8.307,1.544,0.043,100,0.2,2.6,1005.482,0.018005646444889445,291.3980223641533,8.449271270352256,190.52926111982197,True,43.048698756038405,-14.988835570677768,5,5,20160910_flight07
2016-09-10 09:22:10,54.90644288000001,8.05061624,91.63600000000001,-0.15600000000000003,2.6,1005.52,18.930999999999997,1.178898,7.888,1.204,-0.21899999999999997,100,0.2,2.6,1005.52,0.017310727784802138,291.6215156905657,7.979358370194936,188.67846776074714,True,43.04390582266716,-15.054558163592237,5,5,20160910_flight07
2016-09-10 09:22:11,54.90631369,8.05161073,91.365,-0.091,2.668,1005.552,19.032,1.179228,7.473,0.6,-0.201,100,0.1,2.9,1005.552,0.01670683393072747,291.71970167137516,7.497048019053899,184.59037636963967,True,43.0390043875532,-15.12032346728543,5,5,20160910_flight07
2016-09-10 09:22:12,54.90618373,8.05260535,91.338,0.0,3.1180000000000003,1005.566,18.91,1.179022,7.449,0.594,-0.099,100,0.0,3.2,1005.566,0.017323413150488687,291.59673360201737,7.472645916942673,184.55924673168514,True,43.03401936049292,-15.186109518743832,5,5,20160910_flight07
2016-09-10 09:22:13,54.90605426,8.05359975,91.648,-0.008,3.279,1005.5260000000001,18.87,1.1787260000000002,7.537000000000001,0.5489999999999999,0.0030000000000000005,100,0.1,3.4,1005.5260000000001,0.01767778338239867,291.5601140826005,7.556968307462988,184.16610425988674,True,43.02908624071329,-15.251873576992097,5,5,20160910_flight07
2016-09-10 09:22:14,54.90592533,8.05459324,92.12799999999999,-0.067,3.51,1005.457,18.823,1.178497,7.666,0.614,0.098,100,0.1,3.6,1005.457,0.017969526350371856,291.5189094591305,7.690549525229001,184.57926828770206,True,43.02420406336547,-15.317570652033194,5,5,20160910_flight07
2016-09-10 09:22:15,54.905796689999995,8.05558506,92.80799999999999,-0.276,3.5610000000000004,1005.37,18.891,1.1781719999999998,7.002999999999999,0.33899999999999997,-0.32299999999999995,100,0.4,3.7,1005.37,0.017925154363752194,291.5940199895,7.011200325193967,182.77140067417838,True,43.019338163634984,-15.38315611178569,5,5,20160910_flight07
2016-09-10 09:22:16,54.905667890000004,8.05657499,93.666,-0.507,3.3989999999999996,1005.2739999999999,18.826,1.1778689999999998,6.89,0.763,-0.09200000000000001,100,0.7,3.4,1005.2739999999999,0.01831643407631378,291.5370814337706,6.932118651610054,186.31919859806243,True,43.014436912902916,-15.448623129241453,5,5,20160910_flight07
2016-09-10 09:22:17,54.905540220000006,8.05756441,94.238,-0.503,3.25,1005.207,18.555,1.17789,7.669,1.419,0.258,100,0.7,3.3,1005.207,0.01917636817090873,291.2720410250837,7.799174443490798,190.48291574013643,True,43.00965534183247,-15.514039257776002,5,5,20160910_flight07
2016-09-10 09:22:18,54.905414199999996,8.05855423,94.4,-0.722,3.077,1005.1990000000001,18.64,1.1782599999999999,7.894,1.268,0.156,100,0.8,3.2,1005.1990000000001,0.018551419383750822,291.3575780399301,7.995189803875828,189.125375258804,True,43.00505926124508,-15.579454378283158,5,5,20160910_flight07
2016-09-10 09:22:19,54.905288950000006,8.05954448,94.32,-0.6509999999999999,2.807,1005.2090000000001,18.69,1.178744,8.015,1.579,0.08700000000000001,100,0.7,2.9,1005.2090000000001,0.01796888898739124,291.4066748321948,8.169055392149083,191.1448709068061,True,43.000552025310355,-15.644884609921538,5,5,20160910_flight07
2016-09-10 09:22:20,54.905163970000004,8.06053565,93.994,-0.588,2.7939999999999996,1005.238,18.750999999999998,1.178806,8.057,1.6640000000000001,0.136,100,0.8,2.8,1005.238,0.017731989928376546,291.4651793987746,8.227037437619936,191.66914467409714,True,42.99608315785005,-15.71036939635584,5,5,20160910_flight07
2016-09-10 09:22:21,54.9050395,8.06152828,93.575,-0.66,2.6630000000000003,1005.289,18.881,1.178852,7.966,1.558,-0.044000000000000004,100,0.8,2.7,1005.289,0.017290851786567085,291.5907543990125,8.116927990317519,191.0662870596298,True,42.99168415867025,-15.775939443585962,5,5,20160910_flight07
2016-09-10 09:22:22,54.9049156,8.0625226,93.15100000000001,-0.603,2.6,1005.3589999999999,18.926,1.1790340000000001,8.02,1.63,-0.079,100,0.7,2.6,1005.3589999999999,0.017047923626080763,291.62987899132895,8.183966031210051,191.48842342157383,True,42.98736379380617,-15.841608511317848,5,5,20160910_flight07
2016-09-10 09:22:23,54.90479221,8.06351868,92.70299999999999,-0.488,2.6460000000000004,1005.4069999999999,18.904,1.179054,7.925,1.5819999999999999,-0.028000000000000004,100,0.6,2.7,1005.4069999999999,0.01715584403724435,291.6039308620112,8.081358116059453,191.28907590463308,True,42.983116111169565,-15.907382049969232,5,5,20160910_flight07
2016-09-10 09:22:24,54.904669160000005,8.06451635,92.306,-0.42200000000000004,2.735,1005.453,18.977999999999998,1.178975,7.797000000000001,1.31,-0.057,100,0.5,2.8,1005.453,0.017012853142521323,291.674000260174,7.90628288135455,189.53737901673662,True,42.9789207916141,-15.973251916627003,5,5,20160910_flight07
2016-09-10 09:22:25,54.904546010000004,8.06551467,92.05699999999999,-0.02,2.8,1005.4889999999999,18.951,1.178814,7.44,1.149,-0.114,100,0.3,2.8,1005.4889999999999,0.017282196093921787,291.6440557774691,7.528200382561559,188.77914474121064,True,42.97472055448669,-16.039165018644876,5,5,20160910_flight07
2016-09-10 09:22:26,54.90442234,8.06651357,91.95200000000001,0.165,3.002,1005.4960000000001,18.898999999999997,1.178936,7.507000000000001,1.0979999999999999,-0.067,100,0.3,3.1,1005.4960000000001,0.017365117871239066,291.59155654490866,7.586873730331882,188.32127625899733,True,42.97046848247747,-16.105123650048778,5,5,20160910_flight07
2016-09-10 09:22:27,54.90429854,8.06751244,92.039,-0.006000000000000001,3.117,1005.48,18.941999999999997,1.178947,7.279,0.89,-0.068,100,0.2,3.2,1005.48,0.017189670274080582,291.63581643153634,7.333208097415482,186.97092807415584,True,42.966201810277916,-16.171082457894006,5,5,20160910_flight07
2016-09-10 09:22:28,54.904174510000004,8.06851067,92.26799999999999,0.162,3.2319999999999998,1005.459,18.922,1.178833,7.254,1.035,0.083,100,0.3,3.3,1005.459,0.017336450439177753,291.6175895897116,7.327464841266725,188.1201499867881,True,42.96190380173789,-16.23700399502172,5,5,20160910_flight07
2016-09-10 09:22:29,54.90405037000001,8.0695082,92.561,0.32299999999999995,3.37,1005.428,18.813,1.178579,7.445,1.49,0.18900000000000003,100,0.4,3.5,1005.428,0.017904204909988897,291.5113297090452,7.592636235195257,191.31733216137582,True,42.95758711141597,-16.302882483296383,5,5,20160910_flight07
2016-09-10 09:22:30,54.90392635999999,8.07050501,92.846,-0.19399999999999998,3.48,1005.3839999999999,18.776,1.178487,7.347,1.5759999999999998,0.10300000000000001,100,0.4,3.5,1005.3839999999999,0.018068137487452285,291.47803516288604,7.514132351775553,192.10700590965504,True,42.953277986412715,-16.368712769821567,5,5,20160910_flight07
2016-09-10 09:22:31,54.90380247,8.07150092,93.195,-0.307,3.323,1005.3439999999999,18.843,1.1787860000000001,7.553999999999999,1.3019999999999998,0.113,100,0.6,3.4,1005.3439999999999,0.01753587444507465,291.54824984832203,7.665384530472036,189.77935905971137,True,42.948973636918296,-16.434483489865052,5,5,20160910_flight07
2016-09-10 09:22:32,54.90367891,8.07249621,93.50399999999999,-0.609,3.276,1005.304,18.804000000000002,1.17884,7.769,1.411,-0.034,100,0.8,3.3,1005.304,0.017584693737509483,291.51262647587663,7.89609283126788,190.29381319728424,True,42.94469981964102,-16.500209184681882,5,5,20160910_flight07
2016-09-10 09:22:33,54.903556609999995,8.07349181,93.824,-0.679,3.2,1005.2909999999999,18.829,1.17866,7.769,1.449,0.10800000000000001,100,0.9,3.2,1005.2909999999999,0.017639793755375832,291.5386669079459,7.902971719549552,190.56487623259682,True,42.94056769227888,-16.565934400794465,5,5,20160910_flight07
2016-09-10 09:22:34,54.90343513,8.07448733,94.031,-0.491,3.1719999999999997,1005.2560000000001,18.921,1.178528,7.6339999999999995,1.4369999999999998,0.004999999999999998,100,0.6,3.2,1005.2560000000001,0.017397766674766002,291.633432085171,7.768070867338943,190.66043357108614,True,42.93652513308528,-16.631641264115924,5,5,20160910_flight07
2016-09-10 09:22:35,54.90331398,8.07548286,94.229,-0.055999999999999994,3.065,1005.229,19.031,1.1786210000000001,7.524,0.983,-0.188,100,0.6,3.2,1005.229,0.016907175814548037,291.7455083892034,7.587942079378308,187.443453038023,True,42.93251901540064,-16.69734344346966,5,5,20160910_flight07
2016-09-10 09:22:36,54.903192829999995,8.07647811,94.512,0.15600000000000003,3.108,1005.2090000000001,18.891,1.1787260000000002,7.475,0.943,-0.016,100,0.5,3.2,1005.2090000000001,0.017283796626552883,291.6073763866126,7.534246744034867,187.1901005081627,True,42.928510271364004,-16.763027693375065,5,5,20160910_flight07
2016-09-10 09:22:37,54.90307149,8.07747309,94.801,0.747,3.141,1005.1669999999999,18.805,1.17859,7.35,1.102,-0.135,100,0.9,3.2,1005.1669999999999,0.017658352960955526,291.5249877835227,7.432153389159833,188.52695366768177,True,42.92447806730593,-16.8286977196781,5,5,20160910_flight07
2016-09-10 09:22:38,54.90294916,8.07846732,95.05,0.7289999999999999,3.023,1005.132,18.799,1.1786210000000001,7.485,1.32,0.05800000000000001,100,0.8,3.1,1005.132,0.01761706573293509,291.5218997905659,7.600501628182182,190.00142946655353,True,42.920329785244824,-16.89433569358805,5,5,20160910_flight07
2016-09-10 09:22:39,54.90282588,8.07946102,95.1,0.639,2.955,1005.128,18.813,1.178763,7.539,1.1520000000000001,0.08800000000000001,100,0.7,3.0,1005.128,0.017441639053582092,291.5362111246061,7.626508047592948,188.68790177770182,True,42.91607189452744,-16.959955057158197,5,5,20160910_flight07
2016-09-10 09:22:40,54.90270167,8.0804544,95.00399999999999,0.629,2.9,1005.132,18.813,1.178822,7.468999999999999,1.1420000000000001,-0.006999999999999999,100,0.7,2.9,1005.132,0.017394764935635854,291.53587930958145,7.555800751740347,188.69312184024676,True,42.91170856780738,-17.02556893478999,5,5,20160910_flight07
2016-09-10 09:22:41,54.9025761,8.08144739,94.887,0.632,2.798,1005.1610000000001,18.83,1.1787880000000002,7.148,1.0190000000000001,-0.039,100,0.7,2.9,1005.1610000000001,0.01739422512993416,291.5504486915995,7.22026765431864,188.1132688086077,True,42.90719178632892,-17.091179781851938,5,5,20160910_flight07
2016-09-10 09:22:42,54.90244922,8.0824402,94.73100000000001,0.33,2.8489999999999998,1005.1990000000001,18.825,1.1786770000000002,7.386,1.083,0.15,100,0.5,2.9,1005.1990000000001,0.017545927608465295,291.54230387679013,7.4649772270248755,188.3417652542161,True,42.90252902708491,-17.15680023871781,5,5,20160910_flight07
2016-09-10 09:22:43,54.902322160000004,8.08343341,94.54199999999999,0.054000000000000006,2.9610000000000003,1005.2040000000001,18.773,1.178668,7.3629999999999995,1.011,0.109,100,0.2,3.0,1005.2040000000001,0.01774001566774941,291.48996626484063,7.4320851717401615,187.8182886997746,True,42.89785019374703,-17.22244921324791,5,5,20160910_flight07
2016-09-10 09:22:44,54.902194849999994,8.084426650000001,94.42200000000001,0.159,2.9789999999999996,1005.212,18.784000000000002,1.1786260000000002,7.212000000000001,0.965,0.012,100,0.3,3.0,1005.212,0.017746032738715112,291.5002864497058,7.276274390098274,187.6211812356899,True,42.89314410565789,-17.288104142355216,5,5,20160910_flight07
2016-09-10 09:22:45,54.90206712,8.08541988,94.39200000000001,0.10700000000000001,2.9810000000000003,1005.22,18.762,1.178554,7.489,1.45,0.059000000000000004,100,0.2,3.0,1005.22,0.017893016843561593,291.47765569301544,7.628081082421712,190.95786873937507,True,42.88839166304924,-17.353765207512996,5,5,20160910_flight07
2016-09-10 09:22:46,54.901939739999996,8.086413700000001,94.266,0.131,2.9560000000000004,1005.2260000000001,18.739,1.178684,7.505,1.324,0.055,100,0.2,3.0,1005.2260000000001,0.01786702448238242,291.45419237819624,7.62089240181227,190.0049311574603,True,42.883683305139506,-17.419458405590238,5,5,20160910_flight07
2016-09-10 09:22:47,54.901812,8.087407500000001,94.179,0.23800000000000002,2.8480000000000003,1005.2310000000001,18.802,1.178828,7.332999999999999,1.207,-0.05,100,0.3,2.9,1005.2310000000001,0.01752813030071887,291.51668383039737,7.431671279059643,189.34698300013292,True,42.8789351075857,-17.485156131325233,5,5,20160910_flight07
2016-09-10 09:22:48,54.90168337,8.08840127,94.082,0.37,2.859,1005.2439999999999,18.834,1.17889,7.325,1.194,0.0,100,0.5,2.9,1005.2439999999999,0.01737626333807385,291.54755778859123,7.4216750804653255,189.2579853882333,True,42.874088599962164,-17.55086629553745,5,5,20160910_flight07
2016-09-10 09:22:49,54.901554059999995,8.089395040000001,94.0,0.35,2.9,1005.263,18.796000000000003,1.178898,7.244,0.96,0.042,100,0.4,2.9,1005.263,0.017521012978594985,291.50803880837674,7.307334397713026,187.54904717097185,True,42.86916719402472,-17.616587431045286,5,5,20160910_flight07
2016-09-10 09:22:50,54.90142410000001,8.09038852,93.9,0.29100000000000004,2.986,1005.28,18.822,1.1787910000000001,7.095,0.988,0.033,100,0.4,3.0,1005.28,0.01753996357103782,291.5325898025657,7.163460686009242,187.9276286242524,True,42.8641714739638,-17.682300484034325,5,5,20160910_flight07
2016-09-10 09:22:51,54.90129355,8.09138175,93.9,0.5660000000000001,3.0,1005.28,18.863999999999997,1.178631,7.188,1.008,0.073,100,0.7,3.0,1005.28,0.017531724009419047,291.57452659366794,7.258333693073086,187.9827438820929,True,42.85910842364303,-17.748007047799824,5,5,20160910_flight07
2016-09-10 09:22:52,54.901162299999996,8.09237448,93.956,0.341,3.0,1005.2869999999999,18.86,1.178619,6.834,0.629,-0.175,100,0.5,3.0,1005.2869999999999,0.0175631078503935,291.5699519578325,6.862885471869685,185.2586762227146,True,42.85396358220524,-17.81369288867333,5,5,20160910_flight07
2016-09-10 09:22:53,54.901029900000005,8.09336623,94.19,0.611,3.029,1005.2460000000001,18.802,1.178373,6.974,0.883,-0.054000000000000006,100,0.7,3.1,1005.2460000000001,0.01793621333621309,291.51543974364074,7.029677446369783,187.2160020713829,True,42.848682882274424,-17.879334530873372,5,5,20160910_flight07
2016-09-10 09:22:54,54.90089682,8.09435746,94.398,0.299,3.1920000000000006,1005.215,18.703,1.178292,7.442,1.034,0.08900000000000001,100,0.5,3.2,1005.215,0.018320105532888098,291.41915804692263,7.513489202760592,187.91010006577432,True,42.84332240651947,-17.944953846821573,5,5,20160910_flight07
2016-09-10 09:22:55,54.9007639,8.095348249999999,94.62,0.05600000000000001,3.147,1005.197,18.711,1.178445,7.492999999999999,1.182,-0.009000000000000001,100,0.2,3.2,1005.197,0.018141754240636576,291.4286386556858,7.585655739618032,188.96438052742326,True,42.83797542677436,-18.010542406440734,5,5,20160910_flight07
2016-09-10 09:22:56,54.90063024,8.09633814,94.831,0.301,3.045,1005.17,18.902,1.17839,7.002000000000001,1.31,-0.011000000000000001,100,0.4,3.1,1005.17,0.0174960549608576,291.62159599011335,7.123489594292955,190.59692709175545,True,42.83253849819767,-18.076085275040608,5,5,20160910_flight07
2016-09-10 09:22:57,54.90049491,8.09732702,94.9,0.606,2.912,1005.148,19.000999999999998,1.178423,6.667000000000001,0.872,-0.004999999999999999,100,0.8,3.0,1005.148,0.01710051485358699,291.7222761814666,6.7237841280041115,187.4516139750234,True,42.826908154551646,-18.14159041376876,5,5,20160910_flight07
2016-09-10 09:22:58,54.90035868,8.09831558,94.9,-0.09,2.968,1005.158,18.757,1.1783679999999999,7.471,1.266,0.006,100,0.4,3.0,1005.158,0.01800833194917284,291.47780489092736,7.5775059881203655,189.61770611154466,True,42.82117567924055,-18.207089582530774,5,5,20160910_flight07
2016-09-10 09:22:59,54.90022342,8.09930506,94.9,0.043,2.952,1005.145,18.871,1.178318,7.056,1.04,0.063,100,0.2,3.0,1005.145,0.01764093796298516,291.5927158584589,7.1322321891536875,188.38458701099597,True,42.81555867361112,-18.2726320121078,5,5,20160910_flight07
2016-09-10 09:23:00,54.90008723,8.10029384,94.836,-0.03,2.946,1005.166,18.977999999999998,1.178319,7.263999999999999,1.04,0.146,100,0.2,3.0,1005.166,0.017288588627501378,291.69781597350345,7.338071681307017,188.14776987734348,True,42.80983266764442,-18.338144622923448,5,5,20160910_flight07
2016-09-10 09:23:01,54.89995021,8.10128219,94.682,-0.013999999999999999,2.843,1005.193,18.941,1.17848,7.144,0.9840000000000001,0.018000000000000002,100,0.3,2.9,1005.193,0.017305780657018044,291.65862986779155,7.211448675543632,187.84245730538353,True,42.80401120835369,-18.403643090662634,5,5,20160910_flight07
2016-09-10 09:23:02,54.89981306,8.10227082,94.48899999999999,-0.498,2.745,1005.217,18.893,1.17835,7.098,1.094,0.014000000000000002,100,0.6,2.8,1005.217,0.01760953170232038,291.6087096756017,7.181813141540233,188.76193252180997,True,42.79817805661864,-18.4691615853041,5,5,20160910_flight07
2016-09-10 09:23:03,54.899676639999996,8.1032607,94.249,-0.14,2.721,1005.235,18.861,1.178213,7.082999999999999,1.1840000000000002,-0.046,100,0.3,2.8,1005.235,0.017857610728807538,291.5752640323698,7.181277393333305,189.48986699253823,True,42.79243703520756,-18.53474834411839,5,5,20160910_flight07
2016-09-10 09:23:04,54.89954015,8.10425133,94.01899999999999,0.34299999999999997,2.755,1005.27,18.826,1.1783259999999998,6.854,0.775,-0.099,100,0.7,2.8,1005.27,0.017917441596214445,291.5374132032926,6.897676492848879,186.45118549638934,True,42.786695338546274,-18.600384257639234,5,5,20160910_flight07
2016-09-10 09:23:05,54.89940219,8.105241620000001,93.9,0.9010000000000001,2.785,1005.2869999999999,18.829,1.1782549999999998,6.711,1.226,-0.11900000000000001,100,1.0,2.8,1005.2869999999999,0.01798553518042878,291.53899867366175,6.822066915532272,190.3529228395426,True,42.78078854021409,-18.666022117046033,5,5,20160910_flight07
2016-09-10 09:23:06,54.89926295,8.10623195,93.818,0.40700000000000003,2.8859999999999997,1005.276,18.778,1.178316,7.209,1.265,-0.014000000000000002,100,0.7,2.9,1005.276,0.018099528465370884,291.48898773384497,7.319146534945177,189.95265575255908,True,42.77474113201402,-18.731683189652763,5,5,20160910_flight07
2016-09-10 09:23:07,54.89912349,8.10722265,93.77,0.195,2.9,1005.289,18.767,1.178519,7.24,1.416,0.004,100,0.3,2.9,1005.289,0.017975682153478223,291.4769262574745,7.377171273598032,191.06622582162296,True,42.76867296254265,-18.797371504281923,5,5,20160910_flight07
2016-09-10 09:23:08,54.89898341,8.108213130000001,93.7,-0.16899999999999998,2.9,1005.309,18.748,1.17875,7.474000000000001,1.428,0.004000000000000001,100,0.3,2.9,1005.309,0.017862687198345828,291.456296553374,7.609195752508935,190.81670298696775,True,42.76253443987091,-18.86305573472714,5,5,20160910_flight07
2016-09-10 09:23:09,54.89884311,8.109203599999999,93.7,-0.2,2.9760000000000004,1005.305,18.813,1.17889,7.1370000000000005,1.234,0.021,100,0.2,3.0,1005.305,0.01751118072935065,291.52152993451523,7.242894794210392,189.8095572234518,True,42.75637159159401,-18.928742874371434,5,5,20160910_flight07
2016-09-10 09:23:10,54.8987027,8.11019411,93.669,-0.36800000000000005,3.0660000000000003,1005.3209999999999,18.734,1.178951,7.542000000000001,1.334,0.10400000000000001,100,0.5,3.1,1005.3209999999999,0.017750112299534493,291.44132279811674,7.6590678283979186,190.03051399080618,True,42.750197002606335,-18.99443435013414,5,5,20160910_flight07
2016-09-10 09:23:11,54.89856305,8.11118482,93.735,-0.595,3.122,1005.3109999999999,18.750999999999998,1.1789530000000001,7.402,1.168,0.012000000000000002,100,0.7,3.2,1005.3109999999999,0.017678990170553854,291.45912617965047,7.49358579052779,188.96706167955026,True,42.744107999463175,-19.060126370609723,5,5,20160910_flight07
2016-09-10 09:23:12,54.898424000000006,8.11217533,93.92200000000001,-0.779,3.1,1005.289,18.857,1.178932,7.13,0.8490000000000001,-0.034,100,0.9,3.1,1005.289,0.017305425704713828,291.56679057974134,7.18036914092862,186.79048382267638,True,42.738083207102584,-19.125795903781416,5,5,20160910_flight07
2016-09-10 09:23:13,54.89828547,8.11316551,94.17299999999999,-0.6,3.0580000000000003,1005.253,18.792,1.1788770000000002,7.162999999999999,1.115,0.008000000000000002,100,0.8,3.1,1005.253,0.017542958057696678,291.50487415102833,7.249261617571819,188.84771525836987,True,42.732112594578666,-19.19143591600348,5,5,20160910_flight07
2016-09-10 09:23:14,54.89814786,8.1141559,94.39299999999999,-0.7490000000000001,3.1,1005.225,18.84,1.1786240000000001,7.147,0.9420000000000001,0.0010000000000000002,100,0.8,3.1,1005.225,0.01756572815493751,291.5551248765084,7.208812176773646,187.508507270899,True,42.726245284831506,-19.25707453179444,5,5,20160910_flight07
2016-09-10 09:23:15,54.89801158,8.115146600000001,94.616,-0.893,3.016,1005.2139999999999,18.777,1.178652,7.415,0.8440000000000001,-0.054000000000000006,100,1.0,3.1,1005.2139999999999,0.01775001070522375,291.49313097985805,7.462878868104453,186.49364934803705,True,42.720527375119026,-19.322711539483354,5,5,20160910_flight07
2016-09-10 09:23:16,54.89787657,8.1161376,94.833,-0.6890000000000001,3.0,1005.168,18.887999999999998,1.178385,7.1579999999999995,0.813,-0.005,100,0.9,3.0,1005.168,0.017547125579366885,291.6077825640985,7.2040220016321435,186.479840874489,True,42.71495216296851,-19.388347266788035,5,5,20160910_flight07
2016-09-10 09:23:17,54.89774192,8.1171284,94.99600000000001,-0.728,3.147,1005.153,18.868,1.17836,7.109,0.642,-0.044000000000000004,100,1.0,3.2,1005.153,0.01762321988192439,291.5890565193931,7.137930022072225,185.16027280471587,True,42.70941472690116,-19.45396437901095,5,5,20160910_flight07
2016-09-10 09:23:18,54.89760803,8.118119,95.28399999999999,-0.9490000000000001,3.137,1005.145,18.742,1.1780659999999998,7.074,1.063,-0.226,100,1.0,3.2,1005.145,0.01830845824769245,291.46390505257256,7.153421908429559,188.54581541032985,True,42.70395912474801,-19.51955642244884,5,5,20160910_flight07
2016-09-10 09:23:19,54.89747606,8.11911042,95.65100000000001,-1.02,3.063,1005.081,18.709,1.1779469999999999,7.277,1.328,-0.067,100,1.2,3.1,1005.081,0.018461629051452766,291.43626071576807,7.3971827745432925,190.342257102649,True,42.698722691642566,-19.585169995782245,5,5,20160910_flight07
2016-09-10 09:23:20,54.89734576,8.12010264,95.8,-0.607,2.785,1005.053,18.847,1.17835,6.775,0.934,-0.147,100,0.9,2.9,1005.053,0.0176037937185074,291.57638399441936,6.839077496270971,187.84930682425284,True,42.69367770384302,-19.650807851900858,5,5,20160910_flight07
2016-09-10 09:23:21,54.89721515,8.12109508,95.729,-0.35600000000000004,2.535,1005.059,18.739,1.1784569999999999,7.138,1.258,0.148,100,0.5,2.6,1005.059,0.017893958227500395,291.4680419228198,7.248007174389385,189.99515785611217,True,42.688600634786184,-19.71646479706316,5,5,20160910_flight07
2016-09-10 09:23:22,54.89708504,8.12208887,95.27,-0.495,2.6830000000000003,1005.1290000000001,18.791,1.178356,7.153,1.507,0.17400000000000002,100,0.6,2.7,1005.1290000000001,0.01787077101453316,291.5141603363427,7.310024486963091,191.89713523947998,True,42.68359130078318,-19.782200120652156,5,5,20160910_flight07
2016-09-10 09:23:23,54.89695573,8.123084219999999,94.76899999999999,-0.235,2.596,1005.193,18.783,1.178696,7.2139999999999995,1.291,-0.03,100,0.4,2.7,1005.193,0.017669841370227424,291.50086374860575,7.32860675708555,190.14611149666888,True,42.67868471497124,-19.848022429476572,5,5,20160910_flight07
2016-09-10 09:23:24,54.89682619,8.12408058,94.31200000000001,-0.29,2.506,1005.2389999999999,18.773999999999997,1.178798,6.901,0.983,0.04,100,0.4,2.6,1005.2389999999999,0.017659723962659912,291.4880621276342,6.970659222770828,188.10685391578363,True,42.67376226952984,-19.9139131232628,5,5,20160910_flight07
2016-09-10 09:23:25,54.89669627999999,8.12507777,93.861,-0.08700000000000001,2.6340000000000003,1005.307,18.967,1.178636,6.697,0.64,0.037000000000000005,100,0.2,2.7,1005.307,0.017195948169943298,291.67513111725486,6.727511352647426,185.45890349013513,True,42.66880685584966,-19.9798629347328,5,5,20160910_flight07
2016-09-10 09:23:26,54.896566039999996,8.12607529,93.545,-0.132,2.7969999999999997,1005.3430000000001,18.796,1.178511,6.745,0.8109999999999999,-0.04,100,0.2,2.9,1005.3430000000001,0.017936149108176647,291.50140436280844,6.793581235254349,186.85617138956712,True,42.66381818980205,-20.045839201643396,5,5,20160910_flight07
2016-09-10 09:23:27,54.89643637,8.12707369,93.417,-0.285,2.948,1005.3709999999999,18.71,1.178226,7.115,1.3619999999999999,0.07200000000000001,100,0.4,3.0,1005.3709999999999,0.018510762168338912,291.4132141179966,7.24418863641747,190.83683461559582,True,42.65890056041125,-20.111862621722473,5,5,20160910_flight07
2016-09-10 09:23:28,54.89630764,8.128073,93.4,-0.215,2.86,1005.37,18.883,1.1783379999999999,6.768,1.306,-0.064,100,0.4,2.9,1005.37,0.017809634026475063,291.5860322338084,6.892855721687492,190.92194558816837,True,42.65409500256468,-20.177929146307058,5,5,20160910_flight07
2016-09-10 09:23:29,54.8961785,8.12907196,93.373,0.35,2.735,1005.375,18.82,1.178579,6.486000000000001,1.247,-0.074,100,0.5,2.8,1005.375,0.01782614420697759,291.52271400766745,6.604786521909698,190.88290588685055,True,42.64924100250136,-20.24397987412664,5,5,20160910_flight07
2016-09-10 09:23:30,54.89604839,8.130071000000001,93.227,0.10800000000000001,3.002,1005.373,18.782,1.178468,7.101,1.252,0.006999999999999998,100,0.3,3.1,1005.373,0.01805248827293071,291.48493806022253,7.210527373223126,189.99923397060016,True,42.644280912583774,-20.310051374876128,5,5,20160910_flight07
2016-09-10 09:23:31,54.89591899,8.131070999999999,93.266,0.095,3.0,1005.373,18.747,1.178493,6.982,1.057,-0.11600000000000002,100,0.4,3.0,1005.373,0.018152959091717102,291.44999165889584,7.0615559900067355,188.6085983706477,True,42.63940802994969,-20.376172892697237,5,5,20160910_flight07
2016-09-10 09:23:32,54.89578926,8.13206993,93.45800000000001,0.387,3.1069999999999998,1005.357,18.805,1.1785610000000002,6.872999999999999,0.9570000000000001,-0.043,100,0.5,3.2,1005.357,0.01787575963589405,291.5092296630215,6.9393067377080255,187.9269266826896,True,42.634488763191335,-20.442231218716714,5,5,20160910_flight07
2016-09-10 09:23:33,54.89565855,8.1330679,93.74,0.338,3.1660000000000004,1005.322,18.892,1.178377,6.812,0.995,-0.157,100,0.4,3.2,1005.322,0.017695992120744908,291.59900021623196,6.88428420389513,188.31018463602885,True,42.629452550113186,-20.508243883913888,5,5,20160910_flight07
2016-09-10 09:23:34,54.895527490000006,8.134065,94.102,0.52,3.1,1005.284,18.709,1.17812,6.954,1.4769999999999999,0.124,100,0.6,3.1,1005.284,0.018517746275061864,291.4194282322665,7.109124067000097,191.99118381179125,True,42.624369625984926,-20.574206486743158,5,5,20160910_flight07
2016-09-10 09:23:35,54.89539607,8.13506152,94.275,0.318,3.113,1005.273,18.695,1.1781719999999998,7.178,1.524,0.009999999999999998,100,0.6,3.2,1005.273,0.018510504775222092,291.40636126706084,7.338001090215236,191.98677954985516,True,42.61924160950782,-20.640137758333644,5,5,20160910_flight07
2016-09-10 09:23:36,54.89526406,8.13605729,94.4,0.20200000000000004,2.944,1005.252,18.73,1.1785940000000001,7.164,1.2009999999999998,0.005,100,0.3,3.0,1005.252,0.01800246870989608,291.44304990103825,7.263972535741031,189.51678462773322,True,42.61404157286185,-20.706030523827334,5,5,20160910_flight07
2016-09-10 09:23:37,54.89513123,8.13705242,94.491,0.11100000000000002,2.8289999999999997,1005.2330000000001,18.832,1.1787400000000001,7.055,1.015,-0.121,100,0.2,2.9,1005.2330000000001,0.01750156446753648,291.5464732021214,7.127639861833649,188.18694338661277,True,42.608745214572,-20.77189553781602,5,5,20160910_flight07
2016-09-10 09:23:38,54.89499774,8.13804731,94.5,-0.037000000000000005,2.8909999999999996,1005.235,18.816,1.1787230000000002,6.937,0.882,-0.032,100,0.2,2.9,1005.235,0.017574024626210383,291.53033118093106,6.992845844146717,187.24595337462873,True,42.60337390970333,-20.837755832316024,5,5,20160910_flight07
2016-09-10 09:23:39,54.89486466,8.1390424,94.5,-0.295,2.995,1005.2410000000001,18.781,1.178512,7.153,0.9620000000000001,0.059000000000000004,100,0.6,3.0,1005.2410000000001,0.017884306023222107,291.4948858083637,7.217399323856204,187.65969316402104,True,42.59804964007672,-20.9036223185193,5,5,20160910_flight07
2016-09-10 09:23:40,54.8947324,8.14003778,94.59299999999999,-0.518,2.921,1005.2230000000001,18.769000000000002,1.178332,7.068,0.916,0.04,100,0.7,3.0,1005.2230000000001,0.018063415239413905,291.48439648287524,7.1271088107310385,187.3842715004032,True,42.59281840915343,-20.969494144417183,5,5,20160910_flight07
2016-09-10 09:23:41,54.89460056,8.14103306,94.6,-0.541,2.878,1005.2339999999999,18.840999999999998,1.1783679999999999,6.6739999999999995,0.7829999999999999,-0.025999999999999995,100,0.7,2.9,1005.2339999999999,0.017792420681156162,291.5553768267957,6.719774177753297,186.69140636046885,True,42.58763250097034,-21.03535279055218,5,5,20160910_flight07
2016-09-10 09:23:42,54.89446892,8.14202847,94.57699999999998,-0.6789999999999999,2.832,1005.24,18.848,1.1784139999999999,6.7410000000000005,0.769,0.044000000000000004,100,0.7,2.9,1005.24,0.017734366854957218,291.5618686693874,6.7847212175593485,186.50805545898925,True,42.5824698410805,-21.101216534222395,5,5,20160910_flight07
2016-09-10 09:23:43,54.89433836,8.14302451,94.507,0.21,2.923,1005.2339999999999,18.840999999999998,1.1782149999999998,6.779,0.698,-0.07,100,0.6,3.0,1005.2339999999999,0.017924588613464243,291.5553768267957,6.814840056817181,185.87874549437828,True,42.57743204662512,-21.167103194153366,5,5,20160910_flight07
2016-09-10 09:23:44,54.89420782,8.14402053,94.545,0.22400000000000003,2.884,1005.2439999999999,18.733999999999998,1.178175,6.69,0.888,0.192,100,0.5,3.0,1005.2439999999999,0.01834244580421185,291.4477072632924,6.74867720371926,187.56098155499598,True,42.57239626746496,-21.232988250724265,5,5,20160910_flight07
2016-09-10 09:23:45,54.89407668,8.14501613,94.425,0.45,2.9189999999999996,1005.2639999999999,18.803,1.178243,6.716,1.147,-0.037000000000000005,100,0.6,3.0,1005.2639999999999,0.018063268234616903,291.51494537061643,6.813241886209531,189.69181931330678,True,42.567290462031025,-21.298856093677028,5,5,20160910_flight07
2016-09-10 09:23:46,54.893944950000005,8.14601159,94.36399999999999,0.32899999999999996,2.9,1005.265,18.757,1.178391,6.933,1.272,0.113,100,0.4,2.9,1005.265,0.018096828135068188,291.4689314667567,7.048721373412343,190.39645333195233,True,42.56211835812118,-21.36472449111762,5,5,20160910_flight07
2016-09-10 09:23:47,54.89381305,8.14700719,94.21799999999999,0.402,2.9,1005.2909999999999,18.834,1.178477,6.846,1.248,0.14800000000000002,100,0.5,2.9,1005.2909999999999,0.017780389122793006,291.5436593674534,6.958823176371132,190.33135797123725,True,42.556928842807096,-21.43060459610652,5,5,20160910_flight07
2016-09-10 09:23:48,54.89368028,8.14800243,94.073,0.392,2.8280000000000003,1005.295,18.792,1.1785990000000002,7.056,1.24,-0.121,100,0.6,2.9,1005.295,0.017825492751167404,291.50139098561385,7.1641284187261745,189.96721044583785,True,42.55164012497332,-21.496475685751605,5,5,20160910_flight07
2016-09-10 09:23:49,54.89354665,8.14899762,94.0,0.698,2.816,1005.307,18.79,1.178583,6.957000000000001,1.325,0.023,100,0.8,2.9,1005.307,0.01785843312466029,291.4983988551553,7.082052950945793,190.78316252578887,True,42.54625621381093,-21.56235744917124,5,5,20160910_flight07
2016-09-10 09:23:50,54.893411779999994,8.14999236,93.915,0.847,2.898,1005.31,18.881,1.1785590000000001,6.5889999999999995,0.965,-0.126,100,0.9,2.9,1005.31,0.01756501512072206,291.5890123422029,6.65929020241647,188.33208714855488,True,42.54073150244956,-21.628230403885706,5,5,20160910_flight07
2016-09-10 09:23:51,54.89327538,8.15098634,93.9,0.543,2.8959999999999995,1005.323,18.78,1.178593,7.188,1.3159999999999998,0.126,100,0.9,2.9,1005.323,0.017900863316498317,291.48708718556446,7.30747562431788,190.37497590683273,True,42.535031141216756,-21.69407937836845,5,5,20160910_flight07
2016-09-10 09:23:52,54.89313902,8.1519805,93.822,0.253,2.991,1005.323,18.766,1.178646,7.136,1.251,0.07200000000000001,100,0.4,3.0,1005.323,0.017903906833508954,291.4731084262023,7.244825532750944,189.94338377946474,True,42.52933687413532,-21.759939233555162,5,5,20160910_flight07
2016-09-10 09:23:53,54.89300218,8.15297427,93.8,-1.4269999999999998,3.0,1005.323,18.761,1.1788610000000002,7.156000000000001,1.2570000000000001,0.035,100,4.9,3.0,1005.323,0.017735694092539944,291.46811601214443,7.265561574991985,189.96275459558774,True,42.52358607952456,-21.82578186002502,5,5,20160910_flight07
