case_id,leg_id,crosswind_bin_km,observed_speed_mps,latitude,longitude,altitude_m,time_start,time_end,one_second_count,mean_u_east_mps,mean_v_north_mps,observed_speed_smoothed_mps,background_speed_mps,background_fit_slope_mps_per_km,background_fit_intercept_mps,is_background_shoulder,observed_u_over_background,background_west_mps,background_east_mps,flight_label,source_file,nominal_downstream_distance_km,actual_downstream_distance_km,wind_from_deg,measurement_height_m,transect_role,u_ref_mps,observed_u_over_uref,selection_frame_wind_from_deg,park_downstream_edge_km,park_crosswind_center_km
20160910_flight07,1,-20.400000000000002,7.3241549000550235,54.5515842,8.04493482,92.568,2016-09-10 08:30:27,2016-09-10 08:30:29,3,1.293,7.175666666666667,7.3241549000550235,7.12260499908135,0.04814213661207803,8.104704585967742,True,1.0282972172399942,8.872028911134137,7.359093218596975,Flight 07,20160910_flight07_airborne.tab,5.0,4.277678605960469,188.2586987799501,90.0,downstream wake,8.104704585967742,0.9036917783204411,188.3335639642,10.138099379067574,-0.2594775629409831
20160910_flight07,1,-20.200000000000003,7.4197235123689085,54.5518475,8.04191002,92.384,2016-09-10 08:30:24,2016-09-10 08:30:26,3,1.1776666666666669,7.1930000000000005,7.371939206211966,7.132233426403765,0.04814213661207803,8.104704585967742,True,1.0403085637804346,8.872028911134137,7.359093218596975,Flight 07,20160910_flight07_airborne.tab,5.0,4.277678605960469,188.2586987799501,90.0,downstream wake,8.104704585967742,0.915483523633324,188.3335639642,10.138099379067574,-0.2594775629409831
20160910_flight07,1,-20.0,7.087502874778958,54.55210091,8.03888134,92.943,2016-09-10 08:30:21,2016-09-10 08:30:23,3,1.37,7.035666666666667,7.3241549000550235,7.141861853726181,0.04814213661207803,8.104704585967742,True,0.9923886823827514,8.872028911134137,7.359093218596975,Flight 07,20160910_flight07_airborne.tab,5.0,4.277678605960469,188.2586987799501,90.0,downstream wake,8.104704585967742,0.8744924382623472,188.3335639642,10.138099379067574,-0.2594775629409831
20160910_flight07,1,-19.8,7.451365579543122,54.55235691,8.03585603,93.4,2016-09-10 08:30:18,2016-09-10 08:30:20,3,1.2716666666666667,7.256666666666667,7.31519657972361,7.151490281048597,0.04814213661207803,8.104704585967742,True,1.0419318612917916,8.872028911134137,7.359093218596975,Flight 07,20160910_flight07_airborne.tab,5.0,4.277678605960469,188.2586987799501,90.0,downstream wake,8.104704585967742,0.9193876840920528,188.3335639642,10.138099379067574,-0.2594775629409831
20160910_flight07,1,-19.6,7.31519657972361,54.55261663,8.032833890000001,93.46300000000001,2016-09-10 08:30:15,2016-09-10 08:30:17,3,1.264,7.2636666666666665,7.230685306386939,7.161118708371012,0.04814213661207803,8.104704585967742,True,1.021515894042154,8.872028911134137,7.359093218596975,Flight 07,20160910_flight07_airborne.tab,5.0,4.277678605960469,188.2586987799501,90.0,downstream wake,8.104704585967742,0.9025864548337685,188.3335639642,10.138099379067574,-0.2594775629409831
20160910_flight07,1,-19.400000000000002,7.230685306386939,54.552881369999994,8.02981396,93.3,2016-09-10 08:30:12,2016-09-10 08:30:14,3,1.0796666666666666,7.175333333333334,7.31519657972361,7.170747135693428,0.04814213661207803,8.104704585967742,True,1.0083587065000745,8.872028911134137,7.359093218596975,Flight 07,20160910_flight07_airborne.tab,5.0,4.277678605960469,188.2586987799501,90.0,downstream wake,8.104704585967742,0.8921590206885449,188.3335639642,10.138099379067574,-0.2594775629409831
20160910_flight07,1,-19.200000000000003,7.154857161397423,54.553145130000004,8.02679102,93.1,2016-09-10 08:30:09,2016-09-10 08:30:11,3,1.0690000000000002,7.0456666666666665,7.31519657972361,7.1803755630158435,0.04814213661207803,8.104704585967742,True,0.9964460909607766,8.872028911134137,7.359093218596975,Flight 07,20160910_flight07_airborne.tab,5.0,4.277678605960469,188.2586987799501,90.0,downstream wake,8.104704585967742,0.8828029554322242,188.3335639642,10.138099379067574,-0.2594775629409831
20160910_flight07,1,-19.0,7.359093218596975,54.553410809999995,8.02376624,92.914,2016-09-10 08:30:06,2016-09-10 08:30:08,3,1.3626666666666667,7.290333333333333,7.359093218596975,7.190003990338259,0.04814213661207803,8.104704585967742,True,1.0235172648702189,8.872028911134137,7.359093218596975,Flight 07,20160910_flight07_airborne.tab,5.0,4.277678605960469,188.2586987799501,90.0,downstream wake,8.104704585967742,0.9080026471709163,188.3335639642,10.138099379067574,-0.2594775629409831
20160910_flight07,1,-18.8,7.559187116206807,54.553720915,8.020235785,93.2515,2016-09-10 08:30:02,2016-09-10 08:30:05,4,1.34575,7.392250000000001,7.410526836871991,7.199632417660674,0.04814213661207803,8.104704585967742,True,1.0499407022036495,8.872028911134137,7.359093218596975,Flight 07,20160910_flight07_airborne.tab,5.0,4.277678605960469,188.2586987799501,90.0,downstream wake,8.104704585967742,0.9326912580249467,188.3335639642,10.138099379067574,-0.2594775629409831
20160910_flight07,1,-18.6,7.410526836871991,54.55402858,8.01670415,93.4,2016-09-10 08:29:59,2016-09-10 08:30:01,3,1.2076666666666667,7.253,7.410526836871991,7.20926084498309,0.04814213661207803,8.104704585967742,True,1.0279177014421612,8.872028911134137,7.359093218596975,Flight 07,20160910_flight07_airborne.tab,5.0,4.277678605960469,188.2586987799501,90.0,downstream wake,8.104704585967742,0.914348790664421,188.3335639642,10.138099379067574,-0.2594775629409831
20160910_flight07,1,-18.400000000000002,7.556435998537934,54.554286700000006,8.01367664,93.742,2016-09-10 08:29:56,2016-09-10 08:29:58,3,1.3076666666666668,7.413666666666667,7.410526836871991,7.218889272305506,0.04814213661207803,8.104704585967742,True,1.0467588175271492,8.872028911134137,7.359093218596975,Flight 07,20160910_flight07_airborne.tab,5.0,4.277678605960469,188.2586987799501,90.0,downstream wake,8.104704585967742,0.9323518110235548,188.3335639642,10.138099379067574,-0.2594775629409831
20160910_flight07,1,-18.2,6.613759369677732,54.55454796,8.01065094,93.588,2016-09-10 08:29:53,2016-09-10 08:29:55,3,0.984,6.690333333333334,7.410526836871991,7.228517699627922,0.04814213661207803,8.104704585967742,True,0.914953749095498,8.872028911134137,7.359093218596975,Flight 07,20160910_flight07_airborne.tab,5.0,4.277678605960469,188.2586987799501,90.0,downstream wake,8.104704585967742,0.8160395359910599,188.3335639642,10.138099379067574,-0.2594775629409831
20160910_flight07,1,-18.0,7.3049101979422035,54.554814889999996,8.00762629,93.3,2016-09-10 08:29:50,2016-09-10 08:29:52,3,1.1243333333333334,7.319666666666667,7.411436028193187,7.238146126950337,0.04814213661207803,8.104704585967742,True,1.0092239186417193,8.872028911134137,7.359093218596975,Flight 07,20160910_flight07_airborne.tab,5.0,4.277678605960469,188.2586987799501,90.0,downstream wake,8.104704585967742,0.9013172683171846,188.3335639642,10.138099379067574,-0.2594775629409831
20160910_flight07,1,-17.8,7.411436028193187,54.5550759,8.004597,93.3,2016-09-10 08:29:47,2016-09-10 08:29:49,3,1.2036666666666667,7.2763333333333335,7.314074445888557,7.247774554272753,0.04814213661207803,8.104704585967742,True,1.0225809277999618,8.872028911134137,7.359093218596975,Flight 07,20160910_flight07_airborne.tab,5.0,4.277678605960469,188.2586987799501,90.0,downstream wake,8.104704585967742,0.9144609713505337,188.3335639642,10.138099379067574,-0.2594775629409831
20160910_flight07,1,-17.6,7.487610633573302,54.55533647,8.001566219999999,93.52799999999999,2016-09-10 08:29:44,2016-09-10 08:29:46,3,1.2409999999999999,7.361999999999999,7.411436028193187,7.257402981595169,0.04814213661207803,8.104704585967742,True,1.031720389864245,8.872028911134137,7.359093218596975,Flight 07,20160910_flight07_airborne.tab,5.0,4.277678605960469,188.2586987799501,90.0,downstream wake,8.104704585967742,0.9238597846659509,188.3335639642,10.138099379067574,-0.2594775629409831
20160910_flight07,1,-17.400000000000002,7.314074445888557,54.55560416,7.99853933,93.9,2016-09-10 08:29:41,2016-09-10 08:29:43,3,1.2383333333333335,7.198666666666667,7.411436028193187,7.267031408917584,0.04814213661207803,8.104704585967742,True,1.0064734874976935,8.872028911134137,7.359093218596975,Flight 07,20160910_flight07_airborne.tab,5.0,4.277678605960469,188.2586987799501,90.0,downstream wake,8.104704585967742,0.9024480002086616,188.3335639642,10.138099379067574,-0.2594775629409831
20160910_flight07,1,-17.2,7.816222681065325,54.55587244,7.9955149400000005,93.82,2016-09-10 08:29:38,2016-09-10 08:29:40,3,1.6520000000000001,7.6113333333333335,7.361916190775334,7.2766598362399995,0.04814213661207803,8.104704585967742,True,1.0741497963307474,8.872028911134137,7.359093218596975,Flight 07,20160910_flight07_airborne.tab,5.0,4.277678605960469,188.2586987799501,90.0,downstream wake,8.104704585967742,0.9644056236914684,188.3335639642,10.138099379067574,-0.2594775629409831
20160910_flight07,1,-17.0,7.361916190775334,54.556144880000005,7.99249282,93.514,2016-09-10 08:29:35,2016-09-10 08:29:37,3,1.414,7.369666666666667,7.361916190775334,7.286288263562415,0.04814213661207803,8.104704585967742,True,1.0103794860259814,8.872028911134137,7.359093218596975,Flight 07,20160910_flight07_airborne.tab,5.0,4.277678605960469,188.2586987799501,90.0,downstream wake,8.104704585967742,0.9083509599500454,188.3335639642,10.138099379067574,-0.2594775629409831
20160910_flight07,1,-16.8,7.302475744567729,54.55642379,7.9894716400000005,93.175,2016-09-10 08:29:32,2016-09-10 08:29:34,3,1.2486666666666666,7.0873333333333335,7.662225851539486,7.29591669088483,0.04814213661207803,8.104704585967742,True,1.0008990033687053,8.872028911134137,7.359093218596975,Flight 07,20160910_flight07_airborne.tab,5.0,4.277678605960469,188.2586987799501,90.0,downstream wake,8.104704585967742,0.9010168929797923,188.3335639642,10.138099379067574,-0.2594775629409831
20160910_flight07,1,-16.6,7.781325144215476,54.556707859999996,7.9864527,93.24,2016-09-10 08:29:29,2016-09-10 08:29:31,3,1.6616666666666668,7.5906666666666665,7.361916190775334,7.305545118207246,0.04814213661207803,8.104704585967742,True,1.0651258760721998,8.872028911134137,7.359093218596975,Flight 07,20160910_flight07_airborne.tab,5.0,4.277678605960469,188.2586987799501,90.0,downstream wake,8.104704585967742,0.9600997866952293,188.3335639642,10.138099379067574,-0.2594775629409831
20160910_flight07,1,-16.400000000000002,7.662225851539486,54.556994949999996,7.983437380000001,93.391,2016-09-10 08:29:26,2016-09-10 08:29:28,3,1.461,7.477666666666667,7.341074648850808,7.315173545529662,0.04814213661207803,8.104704585967742,True,1.0474427987046062,8.872028911134137,7.359093218596975,Flight 07,20160910_flight07_airborne.tab,5.0,4.277678605960469,188.2586987799501,90.0,downstream wake,8.104704585967742,0.9454047054109349,188.3335639642,10.138099379067574,-0.2594775629409831
20160910_flight07,1,-16.2,7.334816834795536,54.55728002,7.98042012,93.2,2016-09-10 08:29:23,2016-09-10 08:29:25,3,1.192,7.127666666666666,7.463872051422103,7.324801972852077,0.04814213661207803,8.104704585967742,True,1.0013672536104836,8.872028911134137,7.359093218596975,Flight 07,20160910_flight07_airborne.tab,5.0,4.277678605960469,188.2586987799501,90.0,downstream wake,8.104704585967742,0.9050073024863647,188.3335639642,10.138099379067574,-0.2594775629409831
20160910_flight07,1,-16.0,7.341074648850808,54.557562090000005,7.97740225,93.384,2016-09-10 08:29:20,2016-09-10 08:29:22,3,1.3703333333333332,7.217666666666666,7.341074648850808,7.334430400174493,0.04814213661207803,8.104704585967742,True,1.0009058983879862,8.872028911134137,7.359093218596975,Flight 07,20160910_flight07_airborne.tab,5.0,4.277678605960469,188.2586987799501,90.0,downstream wake,8.104704585967742,0.9057794236647364,188.3335639642,10.138099379067574,-0.2594775629409831
20160910_flight07,1,-15.8,7.463872051422103,54.55783602,7.97438308,93.57699999999998,2016-09-10 08:29:17,2016-09-10 08:29:19,3,1.304,7.357666666666667,7.341074648850808,7.344058827496909,0.04814213661207803,8.104704585967742,True,1.0163143061268247,8.872028911134137,7.359093218596975,Flight 07,20160910_flight07_airborne.tab,5.0,4.277678605960469,188.2586987799501,90.0,downstream wake,8.104704585967742,0.9209307967060073,188.3335639642,10.138099379067574,-0.2594775629409831
20160910_flight07,1,-15.600000000000001,6.988633628972118,54.55810191,7.97135854,93.27600000000001,2016-09-10 08:29:14,2016-09-10 08:29:16,3,0.9716666666666667,7.0566666666666675,7.463872051422103,7.353687254819324,0.04814213661207803,8.104704585967742,True,0.9503577439184725,8.872028911134137,7.359093218596975,Flight 07,20160910_flight07_airborne.tab,5.0,4.277678605960469,188.2586987799501,90.0,downstream wake,8.104704585967742,0.8622934438686441,188.3335639642,10.138099379067574,-0.2594775629409831
20160910_flight07,1,-15.4,7.887675956832912,54.55837117,7.96833343,93.5,2016-09-10 08:29:11,2016-09-10 08:29:13,3,1.4353333333333333,7.590333333333334,7.463872051422103,7.36331568214174,0.04814213661207803,8.104704585967742,True,1.071212521278003,8.872028911134137,7.359093218596975,Flight 07,20160910_flight07_airborne.tab,5.0,4.277678605960469,188.2586987799501,90.0,downstream wake,8.104704585967742,0.9732218951557362,188.3335639642,10.138099379067574,-0.2594775629409831
20160910_flight07,1,-15.200000000000001,7.506485862239401,54.55864756,7.96531412,94.05699999999999,2016-09-10 08:29:08,2016-09-10 08:29:10,3,1.5739999999999998,7.347666666666666,7.473070386394069,7.3729441094641555,0.04814213661207803,8.104704585967742,True,1.018112405409913,8.872028911134137,7.359093218596975,Flight 07,20160910_flight07_airborne.tab,5.0,4.277678605960469,188.2586987799501,90.0,downstream wake,8.104704585967742,0.926188707141272,188.3335639642,10.138099379067574,-0.2594775629409831
20160910_flight07,1,-15.0,6.948181488706235,54.55892882,7.9623015399999995,94.4,2016-09-10 08:29:05,2016-09-10 08:29:07,3,1.0176666666666667,6.859666666666667,7.473070386394069,7.382572536786571,0.04814213661207803,8.104704585967742,True,0.9411599349798716,8.872028911134137,7.359093218596975,Flight 07,20160910_flight07_airborne.tab,5.0,4.277678605960469,188.2586987799501,90.0,downstream wake,8.104704585967742,0.8573022514276611,188.3335639642,10.138099379067574,-0.2594775629409831
20160910_flight07,1,-14.8,7.473070386394069,54.559213820000004,7.959290190000001,94.1,2016-09-10 08:29:02,2016-09-10 08:29:04,3,1.1016666666666668,7.431,7.473070386394069,7.392200964108986,0.04814213661207803,8.104704585967742,True,1.01093983005572,8.872028911134137,7.359093218596975,Flight 07,20160910_flight07_airborne.tab,5.0,4.277678605960469,188.2586987799501,90.0,downstream wake,8.104704585967742,0.922065734429449,188.3335639642,10.138099379067574,-0.2594775629409831
20160910_flight07,1,-14.600000000000001,7.200621153761667,54.55949665,7.956274059999999,93.941,2016-09-10 08:28:59,2016-09-10 08:29:01,3,1.0616666666666668,7.092333333333333,7.200621153761667,7.401829391431402,0.04814213661207803,8.104704585967742,True,0.9728164178030555,8.872028911134137,7.359093218596975,Flight 07,20160910_flight07_airborne.tab,5.0,4.277678605960469,188.2586987799501,90.0,downstream wake,8.104704585967742,0.8884495514159295,188.3335639642,10.138099379067574,-0.2594775629409831
20160910_flight07,1,-14.4,7.576844329930503,54.559778189999996,7.953256199999999,94.2,2016-09-10 08:28:56,2016-09-10 08:28:58,3,1.4160000000000001,7.4126666666666665,7.200621153761667,7.411457818753818,0.04814213661207803,8.104704585967742,True,1.022314977055957,8.872028911134137,7.359093218596975,Flight 07,20160910_flight07_airborne.tab,5.0,4.277678605960469,188.2586987799501,90.0,downstream wake,8.104704585967742,0.9348698955726084,188.3335639642,10.138099379067574,-0.2594775629409831
20160910_flight07,1,-14.200000000000001,7.057234727568582,54.56005941,7.9502366900000006,94.0,2016-09-10 08:28:53,2016-09-10 08:28:55,3,1.082,6.864333333333334,7.200621153761667,7.421086246076234,0.04814213661207803,8.104704585967742,True,0.9509705848385697,8.872028911134137,7.359093218596975,Flight 07,20160910_flight07_airborne.tab,5.0,4.277678605960469,188.2586987799501,90.0,downstream wake,8.104704585967742,0.8707577990920582,188.3335639642,10.138099379067574,-0.2594775629409831
20160910_flight07,1,-14.0,7.101606085949854,54.56033858,7.94721391,94.084,2016-09-10 08:28:50,2016-09-10 08:28:52,3,1.2463333333333335,7.044666666666667,7.248250685510264,7.430714673398649,0.04814213661207803,8.104704585967742,True,0.9557096992800737,8.872028911134137,7.359093218596975,Flight 07,20160910_flight07_airborne.tab,5.0,4.277678605960469,188.2586987799501,90.0,downstream wake,8.104704585967742,0.8762325647557069,188.3335639642,10.138099379067574,-0.2594775629409831
20160910_flight07,1,-13.8,7.248250685510264,54.56061557,7.94418961,94.2,2016-09-10 08:28:47,2016-09-10 08:28:49,3,1.3503333333333334,6.980333333333334,7.248250685510264,7.440343100721065,0.04814213661207803,8.104704585967742,True,0.9741823175879908,8.872028911134137,7.359093218596975,Flight 07,20160910_flight07_airborne.tab,5.0,4.277678605960469,188.2586987799501,90.0,downstream wake,8.104704585967742,0.8943263272124294,188.3335639642,10.138099379067574,-0.2594775629409831
20160910_flight07,1,-13.600000000000001,7.252642690771412,54.560901050000005,7.94116952,94.08,2016-09-10 08:28:44,2016-09-10 08:28:46,3,1.6036666666666666,7.1370000000000005,7.252642690771412,7.449971528043481,0.04814213661207803,8.104704585967742,True,0.9735128065215719,8.872028911134137,7.359093218596975,Flight 07,20160910_flight07_airborne.tab,5.0,4.277678605960469,188.2586987799501,90.0,downstream wake,8.104704585967742,0.894868235336848,188.3335639642,10.138099379067574,-0.2594775629409831
20160910_flight07,1,-13.4,7.34584950839588,54.561189000000006,7.93815172,93.781,2016-09-10 08:28:41,2016-09-10 08:28:43,3,1.2616666666666667,7.209666666666667,7.3360208560226985,7.459599955365896,0.04814213661207803,8.104704585967742,True,0.9847511330834583,8.872028911134137,7.359093218596975,Flight 07,20160910_flight07_airborne.tab,5.0,4.277678605960469,188.2586987799501,90.0,downstream wake,8.104704585967742,0.9063685703133805,188.3335639642,10.138099379067574,-0.2594775629409831
20160910_flight07,1,-13.200000000000001,7.549894370122009,54.56147341,7.93513255,93.76799999999999,2016-09-10 08:28:38,2016-09-10 08:28:40,3,1.591,7.366333333333333,7.3360208560226985,7.4692283826883115,0.04814213661207803,8.104704585967742,True,1.0107997751977513,8.872028911134137,7.359093218596975,Flight 07,20160910_flight07_airborne.tab,5.0,4.277678605960469,188.2586987799501,90.0,downstream wake,8.104704585967742,0.9315446713744119,188.3335639642,10.138099379067574,-0.2594775629409831
20160910_flight07,1,-13.0,7.3360208560226985,54.56175554000001,7.9321147199999995,93.911,2016-09-10 08:28:35,2016-09-10 08:28:37,3,1.39,7.097333333333334,7.34584950839588,7.478856810010727,0.04814213661207803,8.104704585967742,True,0.9809013653267384,8.872028911134137,7.359093218596975,Flight 07,20160910_flight07_airborne.tab,5.0,4.277678605960469,188.2586987799501,90.0,downstream wake,8.104704585967742,0.9051558607977,188.3335639642,10.138099379067574,-0.2594775629409831
20160910_flight07,1,-12.8,7.1681545742262,54.56203971,7.92910128,93.926,2016-09-10 08:28:32,2016-09-10 08:28:34,3,1.4513333333333334,6.917666666666666,7.4117662532796125,7.488485237333142,0.04814213661207803,8.104704585967742,True,0.9572235701941477,8.872028911134137,7.359093218596975,Flight 07,20160910_flight07_airborne.tab,5.0,4.277678605960469,188.2586987799501,90.0,downstream wake,8.104704585967742,0.8844436583952662,188.3335639642,10.138099379067574,-0.2594775629409831
20160910_flight07,1,-12.600000000000001,7.4117662532796125,54.562359435000005,7.9255797,93.585,2016-09-10 08:28:28,2016-09-10 08:28:31,4,1.44225,7.312250000000001,7.4117662532796125,7.498113664655558,0.04814213661207803,8.104704585967742,True,0.9884841154405316,8.872028911134137,7.359093218596975,Flight 07,20160910_flight07_airborne.tab,5.0,4.277678605960469,188.2586987799501,90.0,downstream wake,8.104704585967742,0.9145017162145721,188.3335639642,10.138099379067574,-0.2594775629409831
20160910_flight07,1,-12.4,7.599923420666816,54.562671460000004,7.92205515,93.54199999999999,2016-09-10 08:28:25,2016-09-10 08:28:27,3,1.6059999999999999,7.4430000000000005,7.4117662532796125,7.507742091977974,0.04814213661207803,8.104704585967742,True,1.012278169329676,8.872028911134137,7.359093218596975,Flight 07,20160910_flight07_airborne.tab,5.0,4.277678605960469,188.2586987799501,90.0,downstream wake,8.104704585967742,0.9377175121009481,188.3335639642,10.138099379067574,-0.2594775629409831
20160910_flight07,1,-12.200000000000001,7.683114537737935,54.562946659999994,7.9190380000000005,93.46600000000001,2016-09-10 08:28:22,2016-09-10 08:28:24,3,1.468,7.603666666666666,7.4117662532796125,7.517370519300389,0.04814213661207803,8.104704585967742,True,1.0220481374454018,8.872028911134137,7.359093218596975,Flight 07,20160910_flight07_airborne.tab,5.0,4.277678605960469,188.2586987799501,90.0,downstream wake,8.104704585967742,0.9479820585984422,188.3335639642,10.138099379067574,-0.2594775629409831
20160910_flight07,1,-12.0,7.20593200078935,54.56322911,7.91602303,93.7,2016-09-10 08:28:19,2016-09-10 08:28:21,3,1.5490000000000002,7.219666666666666,7.395045976868568,7.526998946622805,0.04814213661207803,8.104704585967742,True,0.9573446272398496,8.872028911134137,7.359093218596975,Flight 07,20160910_flight07_airborne.tab,5.0,4.277678605960469,188.2586987799501,90.0,downstream wake,8.104704585967742,0.8891048309478791,188.3335639642,10.138099379067574,-0.2594775629409831
20160910_flight07,1,-11.8,7.395045976868568,54.563509059999994,7.91300861,93.65899999999999,2016-09-10 08:28:16,2016-09-10 08:28:18,3,1.4776666666666667,7.225999999999999,7.20593200078935,7.536627373945221,0.04814213661207803,8.104704585967742,True,0.9812142235443254,8.872028911134137,7.359093218596975,Flight 07,20160910_flight07_airborne.tab,5.0,4.277678605960469,188.2586987799501,90.0,downstream wake,8.104704585967742,0.9124386827956867,188.3335639642,10.138099379067574,-0.2594775629409831
20160910_flight07,1,-11.600000000000001,7.059483338035441,54.56378375,7.90999277,93.76899999999999,2016-09-10 08:28:13,2016-09-10 08:28:15,3,1.3133333333333335,6.999333333333333,7.20593200078935,7.546255801267637,0.04814213661207803,8.104704585967742,True,0.9354948366380017,8.872028911134137,7.359093218596975,Flight 07,20160910_flight07_airborne.tab,5.0,4.277678605960469,188.2586987799501,90.0,downstream wake,8.104704585967742,0.8710352441787986,188.3335639642,10.138099379067574,-0.2594775629409831
20160910_flight07,1,-11.4,6.713790285673213,54.56405142,7.90697485,93.9,2016-09-10 08:28:10,2016-09-10 08:28:12,3,1.1820000000000002,6.862666666666667,7.322389227567735,7.555884228590052,0.04814213661207803,8.104704585967742,True,0.8885512380231405,8.872028911134137,7.359093218596975,Flight 07,20160910_flight07_airborne.tab,5.0,4.277678605960469,188.2586987799501,90.0,downstream wake,8.104704585967742,0.8283818632078559,188.3335639642,10.138099379067574,-0.2594775629409831
20160910_flight07,1,-11.200000000000001,7.456629935835625,54.564321060000005,7.90396033,94.0,2016-09-10 08:28:07,2016-09-10 08:28:09,3,1.273,7.342,7.322389227567735,7.5655126559124675,0.04814213661207803,8.104704585967742,True,0.98560801824953,8.872028911134137,7.359093218596975,Flight 07,20160910_flight07_airborne.tab,5.0,4.277678605960469,188.2586987799501,90.0,downstream wake,8.104704585967742,0.9200372273587646,188.3335639642,10.138099379067574,-0.2594775629409831
20160910_flight07,1,-11.0,7.322389227567735,54.56459642,7.90094992,94.0,2016-09-10 08:28:04,2016-09-10 08:28:06,3,1.1493333333333333,7.223,7.456629935835625,7.575141083234883,0.04814213661207803,8.104704585967742,True,0.966634039829762,8.872028911134137,7.359093218596975,Flight 07,20160910_flight07_airborne.tab,5.0,4.277678605960469,188.2586987799501,90.0,downstream wake,8.104704585967742,0.9034739205973669,188.3335639642,10.138099379067574,-0.2594775629409831
20160910_flight07,1,-10.8,7.602075111441612,54.56487368,7.897940599999999,93.67699999999999,2016-09-10 08:28:01,2016-09-10 08:28:03,3,1.2636666666666665,7.441666666666666,7.5912803926610435,7.584769510557299,0.04814213661207803,8.104704585967742,True,1.0022816251515916,8.872028911134137,7.359093218596975,Flight 07,20160910_flight07_airborne.tab,5.0,4.277678605960469,188.2586987799501,90.0,downstream wake,8.104704585967742,0.93798299873923,188.3335639642,10.138099379067574,-0.2594775629409831
20160910_flight07,1,-10.600000000000001,7.591582509595742,54.56515193,7.89492869,93.116,2016-09-10 08:27:58,2016-09-10 08:28:00,3,1.2383333333333333,7.524666666666666,7.5912803926610435,7.594397937879714,0.04814213661207803,8.104704585967742,True,0.9996292756440995,8.872028911134137,7.359093218596975,Flight 07,20160910_flight07_airborne.tab,5.0,4.277678605960469,188.2586987799501,90.0,downstream wake,8.104704585967742,0.9366883677339203,188.3335639642,10.138099379067574,-0.2594775629409831
20160910_flight07,1,-10.4,7.5912803926610435,54.56543192,7.8919152,93.12899999999999,2016-09-10 08:27:55,2016-09-10 08:27:57,3,1.6543333333333334,7.318666666666666,7.5912803926610435,7.60402636520213,0.04814213661207803,8.104704585967742,True,0.9983237863825124,8.872028911134137,7.359093218596975,Flight 07,20160910_flight07_airborne.tab,5.0,4.277678605960469,188.2586987799501,90.0,downstream wake,8.104704585967742,0.9366510909977365,188.3335639642,10.138099379067574,-0.2594775629409831
20160910_flight07,1,-10.200000000000001,7.386752534097782,54.56571404,7.888904800000001,93.4,2016-09-10 08:27:52,2016-09-10 08:27:54,3,1.2703333333333333,7.218666666666667,7.386752534097782,7.613654792524546,0.04814213661207803,8.104704585967742,True,0.9701979844621341,8.872028911134137,7.359093218596975,Flight 07,20160910_flight07_airborne.tab,5.0,4.277678605960469,188.2586987799501,90.0,downstream wake,8.104704585967742,0.9114153953108912,188.3335639642,10.138099379067574,-0.2594775629409831
20160910_flight07,1,-10.0,7.317855765181493,54.56600107,7.88589816,93.56,2016-09-10 08:27:49,2016-09-10 08:27:51,3,1.3583333333333332,7.164333333333334,7.330399716250131,7.623283219846961,0.04814213661207803,8.104704585967742,True,0.9599349196589866,8.872028911134137,7.359093218596975,Flight 07,20160910_flight07_airborne.tab,5.0,4.277678605960469,188.2586987799501,90.0,downstream wake,8.104704585967742,0.9029145587676846,188.3335639642,10.138099379067574,-0.2594775629409831
20160910_flight07,1,-9.8,7.330399716250131,54.56628800000001,7.88289225,93.06199999999998,2016-09-10 08:27:46,2016-09-10 08:27:48,3,1.2606666666666666,7.320333333333334,7.330399716250131,7.632911647169377,0.04814213661207803,8.104704585967742,False,0.9603674266252734,8.872028911134137,7.359093218596975,Flight 07,20160910_flight07_airborne.tab,5.0,4.277678605960469,188.2586987799501,90.0,downstream wake,8.104704585967742,0.9044622957561932,188.3335639642,10.138099379067574,-0.2594775629409831
20160910_flight07,1,-9.600000000000001,7.099528223762478,54.566575400000005,7.87988486,92.941,2016-09-10 08:27:43,2016-09-10 08:27:45,3,1.1493333333333333,7.141000000000001,7.317855765181493,7.642540074491793,0.04814213661207803,8.104704585967742,False,0.9289487728639194,8.872028911134137,7.359093218596975,Flight 07,20160910_flight07_airborne.tab,5.0,4.277678605960469,188.2586987799501,90.0,downstream wake,8.104704585967742,0.8759761874670179,188.3335639642,10.138099379067574,-0.2594775629409831
20160910_flight07,1,-9.4,7.667016629693717,54.56685909,7.8768759,93.46799999999999,2016-09-10 08:27:40,2016-09-10 08:27:42,3,1.6873333333333334,7.427,7.330399716250131,7.652168501814208,0.04814213661207803,8.104704585967742,False,1.0019403817200299,8.872028911134137,7.359093218596975,Flight 07,20160910_flight07_airborne.tab,5.0,4.277678605960469,188.2586987799501,90.0,downstream wake,8.104704585967742,0.9459958161791825,188.3335639642,10.138099379067574,-0.2594775629409831
20160910_flight07,1,-9.200000000000001,7.2848562099742225,54.56714,7.87386949,93.604,2016-09-10 08:27:37,2016-09-10 08:27:39,3,0.953,7.1000000000000005,7.2848562099742225,7.6617969291366235,0.04814213661207803,8.104704585967742,False,0.9508025698607393,8.872028911134137,7.359093218596975,Flight 07,20160910_flight07_airborne.tab,5.0,4.277678605960469,188.2586987799501,90.0,downstream wake,8.104704585967742,0.8988429044763727,188.3335639642,10.138099379067574,-0.2594775629409831
20160910_flight07,1,-9.0,7.495764470686096,54.56741726,7.8708623499999995,93.597,2016-09-10 08:27:34,2016-09-10 08:27:36,3,1.2300000000000002,7.350333333333334,7.2848562099742225,7.671425356459039,0.04814213661207803,8.104704585967742,False,0.9771019233570403,8.872028911134137,7.359093218596975,Flight 07,20160910_flight07_airborne.tab,5.0,4.277678605960469,188.2586987799501,90.0,downstream wake,8.104704585967742,0.924865846888985,188.3335639642,10.138099379067574,-0.2594775629409831
20160910_flight07,1,-8.8,7.158634855892568,54.567690080000006,7.86785333,93.4,2016-09-10 08:27:31,2016-09-10 08:27:33,3,1.142,7.089333333333333,7.202013954443576,7.681053783781455,0.04814213661207803,8.104704585967742,False,0.9319860343912739,8.872028911134137,7.359093218596975,Flight 07,20160910_flight07_airborne.tab,5.0,4.277678605960469,188.2586987799501,90.0,downstream wake,8.104704585967742,0.8832690667451134,188.3335639642,10.138099379067574,-0.2594775629409831
20160910_flight07,1,-8.6,6.893606095506183,54.5679626,7.86484388,93.304,2016-09-10 08:27:28,2016-09-10 08:27:30,3,1.0393333333333334,6.954666666666667,7.202013954443576,7.69068221110387,0.04814213661207803,8.104704585967742,False,0.8963582041594617,8.872028911134137,7.359093218596975,Flight 07,20160910_flight07_airborne.tab,5.0,4.277678605960469,188.2586987799501,90.0,downstream wake,8.104704585967742,0.850568459637823,188.3335639642,10.138099379067574,-0.2594775629409831
20160910_flight07,1,-8.4,7.202013954443576,54.56823194,7.86183377,93.375,2016-09-10 08:27:25,2016-09-10 08:27:27,3,1.1159999999999999,7.186,7.202013954443576,7.700310638426286,0.04814213661207803,8.104704585967742,False,0.9352887555605747,8.872028911134137,7.359093218596975,Flight 07,20160910_flight07_airborne.tab,5.0,4.277678605960469,188.2586987799501,90.0,downstream wake,8.104704585967742,0.8886214023041556,188.3335639642,10.138099379067574,-0.2594775629409831
20160910_flight07,1,-8.200000000000001,7.287814006957094,54.56850345,7.8588244199999995,93.413,2016-09-10 08:27:22,2016-09-10 08:27:24,3,1.306,7.088,7.287814006957094,7.709939065748702,0.04814213661207803,8.104704585967742,False,0.9452492354100575,8.872028911134137,7.359093218596975,Flight 07,20160910_flight07_airborne.tab,5.0,4.277678605960469,188.2586987799501,90.0,downstream wake,8.104704585967742,0.8992078526310522,188.3335639642,10.138099379067574,-0.2594775629409831
20160910_flight07,1,-8.0,7.41525589578674,54.56877974,7.85581464,92.391,2016-09-10 08:27:19,2016-09-10 08:27:21,3,1.027,7.3340000000000005,7.41525589578674,7.719567493071117,0.04814213661207803,8.104704585967742,False,0.9605791907956607,8.872028911134137,7.359093218596975,Flight 07,20160910_flight07_airborne.tab,5.0,4.277678605960469,188.2586987799501,90.0,downstream wake,8.104704585967742,0.914932286196502,188.3335639642,10.138099379067574,-0.2594775629409831
20160910_flight07,1,-7.800000000000001,7.787440705761483,54.56911357,7.852307894999999,93.0795,2016-09-10 08:27:15,2016-09-10 08:27:18,4,1.4049999999999998,7.644749999999999,7.41525589578674,7.729195920393533,0.04814213661207803,8.104704585967742,False,1.0075356849493582,8.872028911134137,7.359093218596975,Flight 07,20160910_flight07_airborne.tab,5.0,4.277678605960469,188.2586987799501,90.0,downstream wake,8.104704585967742,0.9608543560297608,188.3335639642,10.138099379067574,-0.2594775629409831
20160910_flight07,1,-7.6000000000000005,7.421498837835926,54.569444759999996,7.84880334,93.785,2016-09-10 08:27:12,2016-09-10 08:27:14,3,0.9743333333333334,7.213,7.41525589578674,7.738824347715949,0.04814213661207803,8.104704585967742,False,0.9589956438313942,8.872028911134137,7.359093218596975,Flight 07,20160910_flight07_airborne.tab,5.0,4.277678605960469,188.2586987799501,90.0,downstream wake,8.104704585967742,0.9157025723905224,188.3335639642,10.138099379067574,-0.2594775629409831
20160910_flight07,1,-7.4,7.220608353871577,54.56972789,7.8458007499999995,93.691,2016-09-10 08:27:09,2016-09-10 08:27:11,3,0.8293333333333334,7.138333333333333,7.406285168692872,7.7484527750383645,0.04814213661207803,8.104704585967742,False,0.931877442311162,8.872028911134137,7.359093218596975,Flight 07,20160910_flight07_airborne.tab,5.0,4.277678605960469,188.2586987799501,90.0,downstream wake,8.104704585967742,0.8909156746284295,188.3335639642,10.138099379067574,-0.2594775629409831
20160910_flight07,1,-7.2,7.406285168692872,54.5700074,7.84279192,93.5,2016-09-10 08:27:06,2016-09-10 08:27:08,3,1.175,7.311,7.2701650600244285,7.7580812023607795,0.04814213661207803,8.104704585967742,False,0.9546542470371596,8.872028911134137,7.359093218596975,Flight 07,20160910_flight07_airborne.tab,5.0,4.277678605960469,188.2586987799501,90.0,downstream wake,8.104704585967742,0.9138254318998753,188.3335639642,10.138099379067574,-0.2594775629409831
20160910_flight07,1,-7.0,7.26269405936943,54.57028302,7.83978036,93.4,2016-09-10 08:27:03,2016-09-10 08:27:05,3,1.2033333333333334,7.213333333333334,7.2701650600244285,7.767709629683195,0.04814213661207803,8.104704585967742,False,0.9349852666500406,8.872028911134137,7.359093218596975,Flight 07,20160910_flight07_airborne.tab,5.0,4.277678605960469,188.2586987799501,90.0,downstream wake,8.104704585967742,0.8961084247220873,188.3335639642,10.138099379067574,-0.2594775629409831
20160910_flight07,1,-6.800000000000001,7.2701650600244285,54.57055813,7.836768889999999,93.44,2016-09-10 08:27:00,2016-09-10 08:27:02,3,0.9563333333333334,7.205000000000001,7.395866751098211,7.777338057005611,0.04814213661207803,8.104704585967742,False,0.9347883564705877,8.872028911134137,7.359093218596975,Flight 07,20160910_flight07_airborne.tab,5.0,4.277678605960469,188.2586987799501,90.0,downstream wake,8.104704585967742,0.8970302350824468,188.3335639642,10.138099379067574,-0.2594775629409831
20160910_flight07,1,-6.6000000000000005,7.395866751098211,54.57083955,7.83375915,93.759,2016-09-10 08:26:57,2016-09-10 08:26:59,3,1.045,7.321333333333334,7.2701650600244285,7.786966484328026,0.04814213661207803,8.104704585967742,False,0.9497750845573898,8.872028911134137,7.359093218596975,Flight 07,20160910_flight07_airborne.tab,5.0,4.277678605960469,188.2586987799501,90.0,downstream wake,8.104704585967742,0.91253995412778,188.3335639642,10.138099379067574,-0.2594775629409831
20160910_flight07,1,-6.4,7.418396929256347,54.57113231,7.83075279,93.61,2016-09-10 08:26:54,2016-09-10 08:26:56,3,0.9536666666666668,7.371666666666667,7.2701650600244285,7.796594911650442,0.04814213661207803,8.104704585967742,False,0.9514919029807546,8.872028911134137,7.359093218596975,Flight 07,20160910_flight07_airborne.tab,5.0,4.277678605960469,188.2586987799501,90.0,downstream wake,8.104704585967742,0.9153198430082635,188.3335639642,10.138099379067574,-0.2594775629409831
20160910_flight07,1,-6.2,7.255988216638723,54.571430060000004,7.82774704,93.88,2016-09-10 08:26:51,2016-09-10 08:26:53,3,1.0390000000000001,7.166999999999999,7.255988216638723,7.806223338972858,0.04814213661207803,8.104704585967742,False,0.9295132744169559,8.872028911134137,7.359093218596975,Flight 07,20160910_flight07_airborne.tab,5.0,4.277678605960469,188.2586987799501,90.0,downstream wake,8.104704585967742,0.8952810234689538,188.3335639642,10.138099379067574,-0.2594775629409831
20160910_flight07,1,-6.0,7.052285941451892,54.57172557,7.8247401000000005,93.9,2016-09-10 08:26:48,2016-09-10 08:26:50,3,0.676,7.003666666666667,7.052285941451892,7.815851766295273,0.04814213661207803,8.104704585967742,False,0.9023054879141711,8.872028911134137,7.359093218596975,Flight 07,20160910_flight07_airborne.tab,5.0,4.277678605960469,188.2586987799501,90.0,downstream wake,8.104704585967742,0.8701471924913861,188.3335639642,10.138099379067574,-0.2594775629409831
20160910_flight07,1,-5.800000000000001,6.881725946301554,54.57202265,7.82173254,94.03299999999999,2016-09-10 08:26:45,2016-09-10 08:26:47,3,0.9006666666666666,6.809666666666668,6.8869390878677015,7.825480193617689,0.04814213661207803,8.104704585967742,False,0.8793998292800175,8.872028911134137,7.359093218596975,Flight 07,20160910_flight07_airborne.tab,5.0,4.277678605960469,188.2586987799501,90.0,downstream wake,8.104704585967742,0.8491026259262282,188.3335639642,10.138099379067574,-0.2594775629409831
20160910_flight07,1,-5.6000000000000005,6.8869390878677015,54.57231909,7.81872625,94.54899999999999,2016-09-10 08:26:42,2016-09-10 08:26:44,3,0.7966666666666667,6.821333333333333,6.8869390878677015,7.835108620940105,0.04814213661207803,8.104704585967742,False,0.8789845069233213,8.872028911134137,7.359093218596975,Flight 07,20160910_flight07_airborne.tab,5.0,4.277678605960469,188.2586987799501,90.0,downstream wake,8.104704585967742,0.8497458500574536,188.3335639642,10.138099379067574,-0.2594775629409831
20160910_flight07,1,-5.4,6.812745995558618,54.572612209999996,7.81571851,94.333,2016-09-10 08:26:39,2016-09-10 08:26:41,3,0.5776666666666667,6.813,6.881725946301554,7.8447370482625205,0.04814213661207803,8.104704585967742,False,0.868447973927632,8.872028911134137,7.359093218596975,Flight 07,20160910_flight07_airborne.tab,5.0,4.277678605960469,188.2586987799501,90.0,downstream wake,8.104704585967742,0.8405915259828243,188.3335639642,10.138099379067574,-0.2594775629409831
20160910_flight07,1,-5.2,6.916654104406263,54.57290481,7.81270719,93.91,2016-09-10 08:26:36,2016-09-10 08:26:38,3,0.8816666666666667,6.862333333333333,6.8745708956996,7.8543654755849355,0.04814213661207803,8.104704585967742,False,0.8806127147898171,8.872028911134137,7.359093218596975,Flight 07,20160910_flight07_airborne.tab,5.0,4.277678605960469,188.2586987799501,90.0,downstream wake,8.104704585967742,0.8534122411298696,188.3335639642,10.138099379067574,-0.2594775629409831
20160910_flight07,1,-5.0,6.841230664142234,54.573197099999994,7.8096923,93.9,2016-09-10 08:26:33,2016-09-10 08:26:35,3,1.0623333333333334,6.766333333333333,6.8745708956996,7.863993902907351,0.04814213661207803,8.104704585967742,False,0.8699435361480892,8.872028911134137,7.359093218596975,Flight 07,20160910_flight07_airborne.tab,5.0,4.277678605960469,188.2586987799501,90.0,downstream wake,8.104704585967742,0.8441061104172691,188.3335639642,10.138099379067574,-0.2594775629409831
20160910_flight07,1,-4.800000000000001,6.8745708956996,54.5734886,7.806677140000001,94.163,2016-09-10 08:26:30,2016-09-10 08:26:32,3,1.1413333333333333,6.791999999999999,6.916654104406263,7.873622330229767,0.04814213661207803,8.104704585967742,False,0.8731141280812471,8.872028911134137,7.359093218596975,Flight 07,20160910_flight07_airborne.tab,5.0,4.277678605960469,188.2586987799501,90.0,downstream wake,8.104704585967742,0.8482197991031085,188.3335639642,10.138099379067574,-0.2594775629409831
20160910_flight07,1,-4.6000000000000005,7.380608985713849,54.57378385,7.80366583,94.35600000000001,2016-09-10 08:26:27,2016-09-10 08:26:29,3,1.4400000000000002,7.208000000000001,6.8745708956996,7.883250757552182,0.04814213661207803,8.104704585967742,False,0.9362392764993805,8.872028911134137,7.359093218596975,Flight 07,20160910_flight07_airborne.tab,5.0,4.277678605960469,188.2586987799501,90.0,downstream wake,8.104704585967742,0.910657372816824,188.3335639642,10.138099379067574,-0.2594775629409831
20160910_flight07,1,-4.4,6.968664506202032,54.57408493,7.8006576700000005,94.1,2016-09-10 08:26:24,2016-09-10 08:26:26,3,1.3203333333333334,6.886666666666667,6.8745708956996,7.892879184874598,0.04814213661207803,8.104704585967742,False,0.8829052545940813,8.872028911134137,7.359093218596975,Flight 07,20160910_flight07_airborne.tab,5.0,4.277678605960469,188.2586987799501,90.0,downstream wake,8.104704585967742,0.8598295511310039,188.3335639642,10.138099379067574,-0.2594775629409831
20160910_flight07,1,-4.2,6.336846534357605,54.57439342,7.79765221,94.0,2016-09-10 08:26:21,2016-09-10 08:26:23,3,1.0856666666666666,6.269666666666666,6.336846534357605,7.902507612197014,0.04814213661207803,8.104704585967742,False,0.8018779411964233,8.872028911134137,7.359093218596975,Flight 07,20160910_flight07_airborne.tab,5.0,4.277678605960469,188.2586987799501,90.0,downstream wake,8.104704585967742,0.7818726107955919,188.3335639642,10.138099379067574,-0.2594775629409831
20160910_flight07,1,-4.0,6.073765388949429,54.574703310000004,7.79464706,93.858,2016-09-10 08:26:18,2016-09-10 08:26:20,3,1.1726666666666665,5.910333333333334,6.073765388949429,7.91213603951943,0.04814213661207803,8.104704585967742,False,0.7676517894298415,8.872028911134137,7.359093218596975,Flight 07,20160910_flight07_airborne.tab,5.0,4.277678605960469,188.2586987799501,90.0,downstream wake,8.104704585967742,0.7494123104086207,188.3335639642,10.138099379067574,-0.2594775629409831
20160910_flight07,1,-3.8000000000000003,5.759128493096851,54.5750085,7.79164076,93.7,2016-09-10 08:26:15,2016-09-10 08:26:17,3,1.1496666666666666,5.833333333333333,6.073765388949429,7.921764466841845,0.04814213661207803,8.104704585967742,False,0.7270007227812508,8.872028911134137,7.359093218596975,Flight 07,20160910_flight07_airborne.tab,5.0,4.277678605960469,188.2586987799501,90.0,downstream wake,8.104704585967742,0.7105907972349843,188.3335639642,10.138099379067574,-0.2594775629409831
20160910_flight07,1,-3.6,5.884122449439679,54.57530935,7.78863383,93.814,2016-09-10 08:26:12,2016-09-10 08:26:14,3,1.032,5.903,6.073765388949429,7.931392894164261,0.04814213661207803,8.104704585967742,False,0.7418775652595754,8.872028911134137,7.359093218596975,Flight 07,20160910_flight07_airborne.tab,5.0,4.277678605960469,188.2586987799501,90.0,downstream wake,8.104704585967742,0.7260131923410612,188.3335639642,10.138099379067574,-0.2594775629409831
20160910_flight07,1,-3.4000000000000004,6.291140596108149,54.5756075,7.78562755,94.166,2016-09-10 08:26:09,2016-09-10 08:26:11,3,0.7626666666666667,6.264,6.202201947695674,7.9410213214866765,0.04814213661207803,8.104704585967742,False,0.7922331827879231,8.872028911134137,7.359093218596975,Flight 07,20160910_flight07_airborne.tab,5.0,4.277678605960469,188.2586987799501,90.0,downstream wake,8.104704585967742,0.7762331778261793,188.3335639642,10.138099379067574,-0.2594775629409831
20160910_flight07,1,-3.2,6.406077270842117,54.57590777,7.78262212,94.42,2016-09-10 08:26:06,2016-09-10 08:26:08,3,0.5273333333333333,6.373,6.202201947695674,7.9506497488090915,0.04814213661207803,8.104704585967742,False,0.8057300312847598,8.872028911134137,7.359093218596975,Flight 07,20160910_flight07_airborne.tab,5.0,4.277678605960469,188.2586987799501,90.0,downstream wake,8.104704585967742,0.7904146539694266,188.3335639642,10.138099379067574,-0.2594775629409831
20160910_flight07,1,-3.0,6.202201947695674,54.576219259999995,7.77962182,94.91300000000001,2016-09-10 08:26:03,2016-09-10 08:26:05,3,0.863,6.076666666666667,6.202201947695674,7.960278176131507,0.04814213661207803,8.104704585967742,False,0.7791438704105421,8.872028911134137,7.359093218596975,Flight 07,20160910_flight07_airborne.tab,5.0,4.277678605960469,188.2586987799501,90.0,downstream wake,8.104704585967742,0.765259471447484,188.3335639642,10.138099379067574,-0.2594775629409831
20160910_flight07,1,-2.8000000000000003,5.678479058185979,54.576592364999996,7.776127209999999,94.4,2016-09-10 08:25:59,2016-09-10 08:26:02,4,0.5725,5.645,6.134952322553127,7.969906603453923,0.04814213661207803,8.104704585967742,False,0.7124900379290634,8.872028911134137,7.359093218596975,Flight 07,20160910_flight07_airborne.tab,5.0,4.277678605960469,188.2586987799501,90.0,downstream wake,8.104704585967742,0.7006398565121718,188.3335639642,10.138099379067574,-0.2594775629409831
20160910_flight07,1,-2.6,6.134952322553127,54.5769772,7.77263601,93.695,2016-09-10 08:25:56,2016-09-10 08:25:58,3,0.7826666666666666,6.070666666666667,5.831638706230008,7.979535030776338,0.04814213661207803,8.104704585967742,False,0.7688358154818765,8.872028911134137,7.359093218596975,Flight 07,20160910_flight07_airborne.tab,5.0,4.277678605960469,188.2586987799501,90.0,downstream wake,8.104704585967742,0.7569618679470453,188.3335639642,10.138099379067574,-0.2594775629409831
20160910_flight07,1,-2.4000000000000004,5.831638706230008,54.57731563,7.769644110000001,93.527,2016-09-10 08:25:53,2016-09-10 08:25:55,3,0.7743333333333333,5.736000000000001,5.678479058185979,7.989163458098754,0.04814213661207803,8.104704585967742,False,0.7299435963246407,8.872028911134137,7.359093218596975,Flight 07,20160910_flight07_airborne.tab,5.0,4.277678605960469,188.2586987799501,90.0,downstream wake,8.104704585967742,0.7195374790497291,188.3335639642,10.138099379067574,-0.2594775629409831
20160910_flight07,1,-2.2,5.319082721672976,54.577662860000004,7.7666558299999995,94.583,2016-09-10 08:25:50,2016-09-10 08:25:52,3,0.8993333333333333,5.320666666666667,5.831638706230008,7.99879188542117,0.04814213661207803,8.104704585967742,False,0.6649857625834334,8.872028911134137,7.359093218596975,Flight 07,20160910_flight07_airborne.tab,5.0,4.277678605960469,188.2586987799501,90.0,downstream wake,8.104704585967742,0.6562956940938091,188.3335639642,10.138099379067574,-0.2594775629409831
20160910_flight07,1,-2.0,5.489421463141631,54.57801495,7.76367525,95.029,2016-09-10 08:25:47,2016-09-10 08:25:49,3,1.0843333333333334,5.3709999999999996,5.781233864842348,8.008420312743585,0.04814213661207803,8.104704585967742,False,0.6854562134315629,8.872028911134137,7.359093218596975,Flight 07,20160910_flight07_airborne.tab,5.0,4.277678605960469,188.2586987799501,90.0,downstream wake,8.104704585967742,0.6773129612454797,188.3335639642,10.138099379067574,-0.2594775629409831
20160910_flight07,1,-1.8,6.00234795725806,54.57836967,7.760695950000001,94.075,2016-09-10 08:25:44,2016-09-10 08:25:46,3,0.6813333333333333,5.896333333333334,5.489421463141631,8.018048740066002,0.04814213661207803,8.104704585967742,False,0.7486045734873708,8.872028911134137,7.359093218596975,Flight 07,20160910_flight07_airborne.tab,5.0,4.277678605960469,188.2586987799501,90.0,downstream wake,8.104704585967742,0.7406004615702289,188.3335639642,10.138099379067574,-0.2594775629409831
20160910_flight07,1,-1.6,5.781233864842348,54.57872125,7.75771387,93.94300000000001,2016-09-10 08:25:41,2016-09-10 08:25:43,3,0.9943333333333332,5.727666666666667,5.781233864842348,8.027677167388417,0.04814213661207803,8.104704585967742,False,0.7201627250692136,8.872028911134137,7.359093218596975,Flight 07,20160910_flight07_airborne.tab,5.0,4.277678605960469,188.2586987799501,90.0,downstream wake,8.104704585967742,0.7133182713225371,188.3335639642,10.138099379067574,-0.2594775629409831
20160910_flight07,1,-1.4000000000000001,5.480599419771527,54.579060250000005,7.754725130000001,93.98299999999999,2016-09-10 08:25:38,2016-09-10 08:25:40,3,0.8903333333333334,5.448666666666665,5.937817780969707,8.037305594710832,0.04814213661207803,8.104704585967742,False,0.6818951146237596,8.872028911134137,7.359093218596975,Flight 07,20160910_flight07_airborne.tab,5.0,4.277678605960469,188.2586987799501,90.0,downstream wake,8.104704585967742,0.6762244523089075,188.3335639642,10.138099379067574,-0.2594775629409831
20160910_flight07,1,-1.2000000000000002,5.937817780969707,54.57938017000001,7.75172817,94.35,2016-09-10 08:25:35,2016-09-10 08:25:37,3,0.9283333333333333,5.885666666666666,5.8148231271466875,8.046934022033248,0.04814213661207803,8.104704585967742,False,0.7378981565788179,8.872028911134137,7.359093218596975,Flight 07,20160910_flight07_airborne.tab,5.0,4.277678605960469,188.2586987799501,90.0,downstream wake,8.104704585967742,0.732638397610479,188.3335639642,10.138099379067574,-0.2594775629409831
20160910_flight07,1,-1.0,5.97247528249385,54.57969577,7.74873212,94.882,2016-09-10 08:25:32,2016-09-10 08:25:34,3,0.8573333333333334,5.871666666666667,5.937817780969707,8.056562449355663,0.04814213661207803,8.104704585967742,False,0.7413180646258762,8.872028911134137,7.359093218596975,Flight 07,20160910_flight07_airborne.tab,5.0,4.277678605960469,188.2586987799501,90.0,downstream wake,8.104704585967742,0.7369146178177087,188.3335639642,10.138099379067574,-0.2594775629409831
20160910_flight07,1,-0.8,5.8148231271466875,54.58001591,7.74573831,94.434,2016-09-10 08:25:29,2016-09-10 08:25:31,3,0.5766666666666667,5.817333333333333,5.937817780969707,8.066190876678078,0.04814213661207803,8.104704585967742,False,0.7208883618114207,8.872028911134137,7.359093218596975,Flight 07,20160910_flight07_airborne.tab,5.0,4.277678605960469,188.2586987799501,90.0,downstream wake,8.104704585967742,0.7174626866985762,188.3335639642,10.138099379067574,-0.2594775629409831
20160910_flight07,1,-0.6000000000000001,6.04184417210507,54.580355929999996,7.742751009999999,94.689,2016-09-10 08:25:26,2016-09-10 08:25:28,3,0.9163333333333332,5.967666666666666,5.97247528249385,8.075819304000495,0.04814213661207803,8.104704585967742,False,0.7481400889086435,8.872028911134137,7.359093218596975,Flight 07,20160910_flight07_airborne.tab,5.0,4.277678605960469,188.2586987799501,90.0,downstream wake,8.104704585967742,0.7454737070325487,188.3335639642,10.138099379067574,-0.2594775629409831
20160910_flight07,1,-0.4,5.832011745530011,54.58070352,7.73977049,95.291,2016-09-10 08:25:23,2016-09-10 08:25:25,3,0.705,5.934,6.04184417210507,8.08544773132291,0.04814213661207803,8.104704585967742,False,0.7212973157858507,8.872028911134137,7.359093218596975,Flight 07,20160910_flight07_airborne.tab,5.0,4.277678605960469,188.2586987799501,90.0,downstream wake,8.104704585967742,0.7195835065509225,188.3335639642,10.138099379067574,-0.2594775629409831
20160910_flight07,1,-0.2,6.497482358575512,54.581042939999996,7.73678857,95.15100000000001,2016-09-10 08:25:20,2016-09-10 08:25:22,3,0.9786666666666667,6.527333333333334,6.042566093970343,8.095076158645325,0.04814213661207803,8.104704585967742,False,0.8026462297870262,8.872028911134137,7.359093218596975,Flight 07,20160910_flight07_airborne.tab,5.0,4.277678605960469,188.2586987799501,90.0,downstream wake,8.104704585967742,0.8016926822755601,188.3335639642,10.138099379067574,-0.2594775629409831
20160910_flight07,1,0.0,6.544984415565861,54.58137678,7.73380365,94.709,2016-09-10 08:25:17,2016-09-10 08:25:19,3,1.0076666666666667,6.332666666666667,6.042566093970343,8.104704585967742,0.04814213661207803,8.104704585967742,False,0.8075537295828973,8.872028911134137,7.359093218596975,Flight 07,20160910_flight07_airborne.tab,5.0,4.277678605960469,188.2586987799501,90.0,downstream wake,8.104704585967742,0.8075537295828973,188.3335639642,10.138099379067574,-0.2594775629409831
20160910_flight07,1,0.2,6.042566093970343,54.581698749999994,7.730809000000001,93.897,2016-09-10 08:25:14,2016-09-10 08:25:16,3,0.7376666666666667,5.994,6.042566093970343,8.114333013290157,0.04814213661207803,8.104704585967742,False,0.7446781003532212,8.872028911134137,7.359093218596975,Flight 07,20160910_flight07_airborne.tab,5.0,4.277678605960469,188.2586987799501,90.0,downstream wake,8.104704585967742,0.7455627814531665,188.3335639642,10.138099379067574,-0.2594775629409831
20160910_flight07,1,0.4,5.953148158747605,54.58201715,7.727809,93.90700000000001,2016-09-10 08:25:11,2016-09-10 08:25:13,3,1.0846666666666667,5.853999999999999,6.042566093970343,8.123961440612574,0.04814213661207803,8.104704585967742,False,0.7327888250413357,8.872028911134137,7.359093218596975,Flight 07,20160910_flight07_airborne.tab,5.0,4.277678605960469,188.2586987799501,90.0,downstream wake,8.104704585967742,0.7345299382107916,188.3335639642,10.138099379067574,-0.2594775629409831
20160910_flight07,1,0.6000000000000001,5.828960198869091,54.582336999999995,7.72481335,94.2,2016-09-10 08:25:08,2016-09-10 08:25:10,3,1.3303333333333334,5.648,6.035395016069784,8.133589867934989,0.04814213661207803,8.104704585967742,False,0.7166528302402575,8.872028911134137,7.359093218596975,Flight 07,20160910_flight07_airborne.tab,5.0,4.277678605960469,188.2586987799501,90.0,downstream wake,8.104704585967742,0.7192069910803646,188.3335639642,10.138099379067574,-0.2594775629409831
20160910_flight07,1,0.8,6.303899110867814,54.582659240000005,7.72182431,94.14299999999999,2016-09-10 08:25:05,2016-09-10 08:25:07,3,1.1433333333333333,6.117999999999999,5.953148158747605,8.143218295257403,0.04814213661207803,8.104704585967742,False,0.7741287145082668,8.872028911134137,7.359093218596975,Flight 07,20160910_flight07_airborne.tab,5.0,4.277678605960469,188.2586987799501,90.0,downstream wake,8.104704585967742,0.7778073887828322,188.3335639642,10.138099379067574,-0.2594775629409831
20160910_flight07,1,1.0,6.035395016069784,54.58298148,7.71883544,93.98299999999999,2016-09-10 08:25:02,2016-09-10 08:25:04,3,0.9156666666666666,5.952666666666666,6.035395016069784,8.15284672257982,0.04814213661207803,8.104704585967742,False,0.7402806923076793,8.872028911134137,7.359093218596975,Flight 07,20160910_flight07_airborne.tab,5.0,4.277678605960469,188.2586987799501,90.0,downstream wake,8.104704585967742,0.744677977099782,188.3335639642,10.138099379067574,-0.2594775629409831
20160910_flight07,1,1.2000000000000002,5.9281776808313715,54.58335665,7.71534847,94.67599999999999,2016-09-10 08:24:58,2016-09-10 08:25:01,4,0.774,5.8825,6.035515305257704,8.162475149902235,0.04814213661207803,8.104704585967742,False,0.7262720647795633,8.872028911134137,7.359093218596975,Flight 07,20160910_flight07_airborne.tab,5.0,4.277678605960469,188.2586987799501,90.0,downstream wake,8.104704585967742,0.7314489526361333,188.3335639642,10.138099379067574,-0.2594775629409831
20160910_flight07,1,1.4000000000000001,6.035515305257704,54.58372588,7.71186074,95.486,2016-09-10 08:24:55,2016-09-10 08:24:57,3,0.7523333333333334,5.946333333333333,6.035515305257704,8.17210357722465,0.04814213661207803,8.104704585967742,False,0.7385510044290752,8.872028911134137,7.359093218596975,Flight 07,20160910_flight07_airborne.tab,5.0,4.277678605960469,188.2586987799501,90.0,downstream wake,8.104704585967742,0.7446928189964414,188.3335639642,10.138099379067574,-0.2594775629409831
20160910_flight07,1,1.6,6.4740380752664715,54.584041150000004,7.7088747699999995,95.48899999999999,2016-09-10 08:24:52,2016-09-10 08:24:54,3,0.7446666666666667,6.384,6.035515305257704,8.181732004547067,0.04814213661207803,8.104704585967742,False,0.7912796546829535,8.872028911134137,7.359093218596975,Flight 07,20160910_flight07_airborne.tab,5.0,4.277678605960469,188.2586987799501,90.0,downstream wake,8.104704585967742,0.7988000064154639,188.3335639642,10.138099379067574,-0.2594775629409831
20160910_flight07,1,1.8,6.2971769071545065,54.58435546,7.70588862,94.714,2016-09-10 08:24:49,2016-09-10 08:24:51,3,0.7153333333333333,6.226666666666667,6.035515305257704,8.191360431869482,0.04814213661207803,8.104704585967742,False,0.7687583716441747,8.872028911134137,7.359093218596975,Flight 07,20160910_flight07_airborne.tab,5.0,4.277678605960469,188.2586987799501,90.0,downstream wake,8.104704585967742,0.7769779688277919,188.3335639642,10.138099379067574,-0.2594775629409831
20160910_flight07,1,2.0,6.030833441573396,54.58467638,7.70290282,94.131,2016-09-10 08:24:46,2016-09-10 08:24:48,3,0.6900000000000001,5.967,6.23450799983447,8.200988859191897,0.04814213661207803,8.104704585967742,False,0.7353788116434117,8.872028911134137,7.359093218596975,Flight 07,20160910_flight07_airborne.tab,5.0,4.277678605960469,188.2586987799501,90.0,downstream wake,8.104704585967742,0.744115146653835,188.3335639642,10.138099379067574,-0.2594775629409831
20160910_flight07,1,2.2,5.918773521600569,54.58500521,7.69991744,94.455,2016-09-10 08:24:43,2016-09-10 08:24:45,3,0.6509999999999999,5.872,6.23450799983447,8.210617286514314,0.04814213661207803,8.104704585967742,False,0.720868275193142,8.872028911134137,7.359093218596975,Flight 07,20160910_flight07_airborne.tab,5.0,4.277678605960469,188.2586987799501,90.0,downstream wake,8.104704585967742,0.7302886192604932,188.3335639642,10.138099379067574,-0.2594775629409831
20160910_flight07,1,2.4000000000000004,6.23450799983447,54.58533995,7.69693786,95.569,2016-09-10 08:24:40,2016-09-10 08:24:42,3,0.952,6.042666666666666,6.23450799983447,8.220245713836729,0.04814213661207803,8.104704585967742,False,0.758433289815198,8.872028911134137,7.359093218596975,Flight 07,20160910_flight07_airborne.tab,5.0,4.277678605960469,188.2586987799501,90.0,downstream wake,8.104704585967742,0.7692455577750141,188.3335639642,10.138099379067574,-0.2594775629409831
20160910_flight07,1,2.6,6.247099326887639,54.585677450000006,7.6939658,95.927,2016-09-10 08:24:37,2016-09-10 08:24:39,3,0.6389999999999999,6.2123333333333335,6.23450799983447,8.229874141159144,0.04814213661207803,8.104704585967742,False,0.7590759250672771,8.872028911134137,7.359093218596975,Flight 07,20160910_flight07_airborne.tab,5.0,4.277678605960469,188.2586987799501,90.0,downstream wake,8.104704585967742,0.7707991402553638,188.3335639642,10.138099379067574,-0.2594775629409831
20160910_flight07,1,2.8000000000000003,6.307830451113918,54.58601273,7.6909944900000005,95.32800000000002,2016-09-10 08:24:34,2016-09-10 08:24:36,3,0.6903333333333334,6.169666666666667,6.23450799983447,8.23950256848156,0.04814213661207803,8.104704585967742,False,0.765559619490036,8.872028911134137,7.359093218596975,Flight 07,20160910_flight07_airborne.tab,5.0,4.277678605960469,188.2586987799501,90.0,downstream wake,8.104704585967742,0.7782924576961285,188.3335639642,10.138099379067574,-0.2594775629409831
20160910_flight07,1,3.0,6.233538401261358,54.58634419,7.68802029,94.375,2016-09-10 08:24:31,2016-09-10 08:24:33,3,0.8873333333333333,6.105,6.233538401261358,8.249130995803975,0.04814213661207803,8.104704585967742,False,0.7556600088460379,8.872028911134137,7.359093218596975,Flight 07,20160910_flight07_airborne.tab,5.0,4.277678605960469,188.2586987799501,90.0,downstream wake,8.104704585967742,0.7691259237324863,188.3335639642,10.138099379067574,-0.2594775629409831
20160910_flight07,1,3.2,6.057957163929108,54.586671210000006,7.68504214,94.1,2016-09-10 08:24:28,2016-09-10 08:24:30,3,0.8150000000000001,6.085666666666666,6.16153982377782,8.25875942312639,0.04814213661207803,8.104704585967742,False,0.7335190255046612,8.872028911134137,7.359093218596975,Flight 07,20160910_flight07_airborne.tab,5.0,4.277678605960469,188.2586987799501,90.0,downstream wake,8.104704585967742,0.7474618105658885,188.3335639642,10.138099379067574,-0.2594775629409831
20160910_flight07,1,3.4000000000000004,6.16153982377782,54.586992959999996,7.682061790000001,94.15100000000001,2016-09-10 08:24:25,2016-09-10 08:24:27,3,1.0256666666666667,6.2,6.16153982377782,8.268387850448807,0.04814213661207803,8.104704585967742,False,0.7451924045197483,8.872028911134137,7.359093218596975,Flight 07,20160910_flight07_airborne.tab,5.0,4.277678605960469,188.2586987799501,90.0,downstream wake,8.104704585967742,0.7602423701470546,188.3335639642,10.138099379067574,-0.2594775629409831
20160910_flight07,1,3.6,6.112951251237,54.58731429,7.6790831100000005,94.54,2016-09-10 08:24:22,2016-09-10 08:24:24,3,0.6273333333333334,5.974666666666667,6.16153982377782,8.278016277771222,0.04814213661207803,8.104704585967742,False,0.7384560559094303,8.872028911134137,7.359093218596975,Flight 07,20160910_flight07_airborne.tab,5.0,4.277678605960469,188.2586987799501,90.0,downstream wake,8.104704585967742,0.754247262981157,188.3335639642,10.138099379067574,-0.2594775629409831
20160910_flight07,1,3.8000000000000003,6.792918739393252,54.587629230000005,7.67610302,94.85600000000001,2016-09-10 08:24:19,2016-09-10 08:24:21,3,1.0516666666666667,6.747666666666667,6.792918739393252,8.287644705093639,0.04814213661207803,8.104704585967742,False,0.8196440582471255,8.872028911134137,7.359093218596975,Flight 07,20160910_flight07_airborne.tab,5.0,4.277678605960469,188.2586987799501,90.0,downstream wake,8.104704585967742,0.8381451374741432,188.3335639642,10.138099379067574,-0.2594775629409831
20160910_flight07,1,4.0,7.148877534270677,54.5879345,7.673118769999999,94.796,2016-09-10 08:24:16,2016-09-10 08:24:18,3,1.0196666666666667,7.005333333333334,6.792918739393252,8.297273132416054,0.04814213661207803,8.104704585967742,False,0.8615936127667309,8.872028911134137,7.359093218596975,Flight 07,20160910_flight07_airborne.tab,5.0,4.277678605960469,188.2586987799501,90.0,downstream wake,8.104704585967742,0.8820651583831992,188.3335639642,10.138099379067574,-0.2594775629409831
20160910_flight07,1,4.2,7.159083879938829,54.58823425,7.6701329099999995,94.6,2016-09-10 08:24:13,2016-09-10 08:24:15,3,1.0146666666666666,7.064666666666667,7.148877534270677,8.306901559738469,0.04814213661207803,8.104704585967742,False,0.8618236087733563,8.872028911134137,7.359093218596975,Flight 07,20160910_flight07_airborne.tab,5.0,4.277678605960469,188.2586987799501,90.0,downstream wake,8.104704585967742,0.8833244696338305,188.3335639642,10.138099379067574,-0.2594775629409831
20160910_flight07,1,4.4,6.676309908924241,54.588534499999994,7.66714762,94.615,2016-09-10 08:24:10,2016-09-10 08:24:12,3,0.602,6.803666666666667,7.159083879938829,8.316529987060886,0.04814213661207803,8.104704585967742,False,0.8027759076575747,8.872028911134137,7.359093218596975,Flight 07,20160910_flight07_airborne.tab,5.0,4.277678605960469,188.2586987799501,90.0,downstream wake,8.104704585967742,0.8237573421841206,188.3335639642,10.138099379067574,-0.2594775629409831
20160910_flight07,1,4.6000000000000005,7.782216872184472,54.588882049999995,7.66366104,95.0805,2016-09-10 08:24:06,2016-09-10 08:24:09,4,0.98025,7.65325,7.782216872184472,8.3261584143833,0.04814213661207803,8.104704585967742,False,0.9346707671020072,8.872028911134137,7.359093218596975,Flight 07,20160910_flight07_airborne.tab,5.0,4.277678605960469,188.2586987799501,90.0,downstream wake,8.104704585967742,0.9602098126634232,188.3335639642,10.138099379067574,-0.2594775629409831
20160910_flight07,1,4.800000000000001,7.9648524154562965,54.58922337,7.66017253,95.47,2016-09-10 08:24:03,2016-09-10 08:24:05,3,1.3113333333333335,7.9173333333333344,7.782216872184472,8.335786841705715,0.04814213661207803,8.104704585967742,False,0.9555009702991019,8.872028911134137,7.359093218596975,Flight 07,20160910_flight07_airborne.tab,5.0,4.277678605960469,188.2586987799501,90.0,downstream wake,8.104704585967742,0.9827443222602362,188.3335639642,10.138099379067574,-0.2594775629409831
20160910_flight07,1,5.0,7.988643001161086,54.589511300000005,7.65718081,94.721,2016-09-10 08:24:00,2016-09-10 08:24:02,3,0.856,7.678666666666667,7.9648524154562965,8.345415269028132,0.04814213661207803,8.104704585967742,False,0.9572493091876308,8.872028911134137,7.359093218596975,Flight 07,20160910_flight07_airborne.tab,5.0,4.277678605960469,188.2586987799501,90.0,downstream wake,8.104704585967742,0.9856797266852142,188.3335639642,10.138099379067574,-0.2594775629409831
20160910_flight07,1,5.2,7.49824572816869,54.58979398,7.65418583,94.3,2016-09-10 08:23:57,2016-09-10 08:23:59,3,1.0246666666666666,7.507666666666666,7.988643001161086,8.355043696350547,0.04814213661207803,8.104704585967742,False,0.8974514078776029,8.872028911134137,7.359093218596975,Flight 07,20160910_flight07_airborne.tab,5.0,4.277678605960469,188.2586987799501,90.0,downstream wake,8.104704585967742,0.9251719971571749,188.3335639642,10.138099379067574,-0.2594775629409831
20160910_flight07,1,5.4,8.219336530401952,54.59006531,7.651189759999999,94.91799999999999,2016-09-10 08:23:54,2016-09-10 08:23:56,3,1.2896666666666665,8.174666666666667,8.202908996203725,8.364672123672962,0.04814213661207803,8.104704585967742,False,0.982625069922383,8.872028911134137,7.359093218596975,Flight 07,20160910_flight07_airborne.tab,5.0,4.277678605960469,188.2586987799501,90.0,downstream wake,8.104704585967742,1.0141438769566853,188.3335639642,10.138099379067574,-0.2594775629409831
20160910_flight07,1,5.6000000000000005,8.202908996203725,54.590331,7.64819625,95.745,2016-09-10 08:23:51,2016-09-10 08:23:53,3,1.1046666666666667,8.289666666666667,8.202908996203725,8.374300550995379,0.04814213661207803,8.104704585967742,False,0.9795336274656058,8.872028911134137,7.359093218596975,Flight 07,20160910_flight07_airborne.tab,5.0,4.277678605960469,188.2586987799501,90.0,downstream wake,8.104704585967742,1.0121169635727392,188.3335639642,10.138099379067574,-0.2594775629409831
20160910_flight07,1,5.800000000000001,8.347314118924722,54.590595560000004,7.645208790000001,95.945,2016-09-10 08:23:48,2016-09-10 08:23:50,3,0.8026666666666666,8.305,8.219336530401952,8.383928978317794,0.04814213661207803,8.104704585967742,False,0.9956327326379119,8.872028911134137,7.359093218596975,Flight 07,20160910_flight07_airborne.tab,5.0,4.277678605960469,188.2586987799501,90.0,downstream wake,8.104704585967742,1.0299344078964985,188.3335639642,10.138099379067574,-0.2594775629409831
20160910_flight07,1,6.0,7.79785438438036,54.59085888,7.64222199,95.455,2016-09-10 08:23:45,2016-09-10 08:23:47,3,0.7366666666666667,7.881333333333334,8.202908996203725,8.393557405640209,0.04814213661207803,8.104704585967742,False,0.9290285402873929,8.872028911134137,7.359093218596975,Flight 07,20160910_flight07_airborne.tab,5.0,4.277678605960469,188.2586987799501,90.0,downstream wake,8.104704585967742,0.9621392490827299,188.3335639642,10.138099379067574,-0.2594775629409831
20160910_flight07,1,6.2,8.301506369328402,54.591121300000005,7.6392344,95.3,2016-09-10 08:23:42,2016-09-10 08:23:44,3,0.9483333333333334,8.228,8.301506369328402,8.403185832962626,0.04814213661207803,8.104704585967742,False,0.987899891106136,8.872028911134137,7.359093218596975,Flight 07,20160910_flight07_airborne.tab,5.0,4.277678605960469,188.2586987799501,90.0,downstream wake,8.104704585967742,1.0242824129211814,188.3335639642,10.138099379067574,-0.2594775629409831
20160910_flight07,1,6.4,8.076114907553011,54.591389879999994,7.6362492799999995,94.839,2016-09-10 08:23:39,2016-09-10 08:23:41,3,0.8726666666666666,8.065333333333333,8.076114907553011,8.41281426028504,0.04814213661207803,8.104704585967742,False,0.9599777978789441,8.872028911134137,7.359093218596975,Flight 07,20160910_flight07_airborne.tab,5.0,4.277678605960469,188.2586987799501,90.0,downstream wake,8.104704585967742,0.9964724589142668,188.3335639642,10.138099379067574,-0.2594775629409831
20160910_flight07,1,6.6000000000000005,8.429914353064332,54.59166226,7.633264779999999,94.94200000000001,2016-09-10 08:23:36,2016-09-10 08:23:38,3,0.916,8.378,8.076114907553011,8.422442687607456,0.04814213661207803,8.104704585967742,False,1.0008871138378739,8.872028911134137,7.359093218596975,Flight 07,20160910_flight07_airborne.tab,5.0,4.277678605960469,188.2586987799501,90.0,downstream wake,8.104704585967742,1.0401260482287842,188.3335639642,10.138099379067574,-0.2594775629409831
20160910_flight07,1,6.800000000000001,7.723815119485965,54.59193232,7.63028118,95.319,2016-09-10 08:23:33,2016-09-10 08:23:35,3,1.061,7.859999999999999,7.9857538153890015,8.432071114929872,0.04814213661207803,8.104704585967742,False,0.9160045040192005,8.872028911134137,7.359093218596975,Flight 07,20160910_flight07_airborne.tab,5.0,4.277678605960469,188.2586987799501,90.0,downstream wake,8.104704585967742,0.9530039050231099,188.3335639642,10.138099379067574,-0.2594775629409831
20160910_flight07,1,7.0,7.9857538153890015,54.592197420000005,7.62729751,95.175,2016-09-10 08:23:30,2016-09-10 08:23:32,3,0.9153333333333333,7.9383333333333335,7.887140483090181,8.441699542252287,0.04814213661207803,8.104704585967742,False,0.9459888705371244,8.872028911134137,7.359093218596975,Flight 07,20160910_flight07_airborne.tab,5.0,4.277678605960469,188.2586987799501,90.0,downstream wake,8.104704585967742,0.9853232441334521,188.3335639642,10.138099379067574,-0.2594775629409831
20160910_flight07,1,7.2,7.698262206498295,54.59246014,7.62430929,94.5,2016-09-10 08:23:27,2016-09-10 08:23:29,3,0.725,7.588,7.887140483090181,8.451327969574704,0.04814213661207803,8.104704585967742,False,0.9108937949411628,8.872028911134137,7.359093218596975,Flight 07,20160910_flight07_airborne.tab,5.0,4.277678605960469,188.2586987799501,90.0,downstream wake,8.104704585967742,0.9498510556235263,188.3335639642,10.138099379067574,-0.2594775629409831
20160910_flight07,1,7.4,7.887140483090181,54.592725810000005,7.62131789,94.31299999999999,2016-09-10 08:23:24,2016-09-10 08:23:26,3,0.7966666666666667,7.752,7.9857538153890015,8.460956396897119,0.04814213661207803,8.104704585967742,False,0.9321807267536122,8.872028911134137,7.359093218596975,Flight 07,20160910_flight07_airborne.tab,5.0,4.277678605960469,188.2586987799501,90.0,downstream wake,8.104704585967742,0.9731558256602906,188.3335639642,10.138099379067574,-0.2594775629409831
20160910_flight07,1,7.6000000000000005,8.655589842434164,54.59303732,7.61783095,94.7615,2016-09-10 08:23:20,2016-09-10 08:23:23,4,1.284,8.565249999999999,8.269484687693666,8.470584824219534,0.04814213661207803,8.104704585967742,False,1.021840879001135,8.872028911134137,7.359093218596975,Flight 07,20160910_flight07_airborne.tab,5.0,4.277678605960469,188.2586987799501,90.0,downstream wake,8.104704585967742,1.0679710470163477,188.3335639642,10.138099379067574,-0.2594775629409831
20160910_flight07,1,7.800000000000001,8.675040345727504,54.59335471,7.61435234,95.006,2016-09-10 08:23:17,2016-09-10 08:23:19,3,1.0999999999999999,8.439666666666666,8.269484687693666,8.48021325154195,0.04814213661207803,8.104704585967742,False,1.0229743154336512,8.872028911134137,7.359093218596975,Flight 07,20160910_flight07_airborne.tab,5.0,4.277678605960469,188.2586987799501,90.0,downstream wake,8.104704585967742,1.0703709498242817,188.3335639642,10.138099379067574,-0.2594775629409831
20160910_flight07,1,8.0,8.269484687693666,54.59363282,7.61137397,94.74,2016-09-10 08:23:14,2016-09-10 08:23:16,3,0.896,8.152,8.269484687693666,8.489841678864366,0.04814213661207803,8.104704585967742,False,0.9740446289217285,8.872028911134137,7.359093218596975,Flight 07,20160910_flight07_airborne.tab,5.0,4.277678605960469,188.2586987799501,90.0,downstream wake,8.104704585967742,1.020331413684247,188.3335639642,10.138099379067574,-0.2594775629409831
20160910_flight07,1,8.200000000000001,7.957241984506943,54.59390875,7.60839245,94.7,2016-09-10 08:23:11,2016-09-10 08:23:13,3,0.887,7.939666666666667,8.269484687693666,8.49947010618678,0.04814213661207803,8.104704585967742,False,0.936204479231576,8.872028911134137,7.359093218596975,Flight 07,20160910_flight07_airborne.tab,5.0,4.277678605960469,188.2586987799501,90.0,downstream wake,8.104704585967742,0.9818053082753798,188.3335639642,10.138099379067574,-0.2594775629409831
20160910_flight07,1,8.4,7.867790668288017,54.594176680000004,7.60540627,94.6,2016-09-10 08:23:08,2016-09-10 08:23:10,3,0.927,8.012333333333332,8.269484687693666,8.509098533509198,0.04814213661207803,8.104704585967742,False,0.9246326902085241,8.872028911134137,7.359093218596975,Flight 07,20160910_flight07_airborne.tab,5.0,4.277678605960469,188.2586987799501,90.0,downstream wake,8.104704585967742,0.9707683463145701,188.3335639642,10.138099379067574,-0.2594775629409831
20160910_flight07,1,8.6,8.680168719558393,54.59443528,7.6024180999999995,94.694,2016-09-10 08:23:05,2016-09-10 08:23:07,3,1.1846666666666668,8.556333333333333,8.074127816674691,8.518726960831613,0.04814213661207803,8.104704585967742,False,1.018951394905492,8.872028911134137,7.359093218596975,Flight 07,20160910_flight07_airborne.tab,5.0,4.277678605960469,188.2586987799501,90.0,downstream wake,8.104704585967742,1.0710037148777753,188.3335639642,10.138099379067574,-0.2594775629409831
20160910_flight07,1,8.8,8.591602237068473,54.59468496,7.599427990000001,94.99,2016-09-10 08:23:02,2016-09-10 08:23:04,3,0.9966666666666667,8.536333333333333,8.074127816674691,8.528355388154027,0.04814213661207803,8.104704585967742,False,1.0074160662913152,8.872028911134137,7.359093218596975,Flight 07,20160910_flight07_airborne.tab,5.0,4.277678605960469,188.2586987799501,90.0,downstream wake,8.104704585967742,1.0600759282384866,188.3335639642,10.138099379067574,-0.2594775629409831
20160910_flight07,1,9.0,8.074127816674691,54.594929730000004,7.5964371,95.147,2016-09-10 08:22:59,2016-09-10 08:23:01,3,0.77,8.015666666666666,8.447888730327831,8.537983815476444,0.04814213661207803,8.104704585967742,False,0.9456714830073886,8.872028911134137,7.359093218596975,Flight 07,20160910_flight07_airborne.tab,5.0,4.277678605960469,188.2586987799501,90.0,downstream wake,8.104704585967742,0.9962272814550218,188.3335639642,10.138099379067574,-0.2594775629409831
20160910_flight07,1,9.200000000000001,7.998641947230793,54.59516996,7.593445020000001,94.94800000000001,2016-09-10 08:22:56,2016-09-10 08:22:58,3,0.7966666666666667,8.023000000000001,8.447888730327831,8.54761224279886,0.04814213661207803,8.104704585967742,False,0.9357750117840734,8.872028911134137,7.359093218596975,Flight 07,20160910_flight07_airborne.tab,5.0,4.277678605960469,188.2586987799501,90.0,downstream wake,8.104704585967742,0.9869134479101702,188.3335639642,10.138099379067574,-0.2594775629409831
20160910_flight07,1,9.4,8.447888730327831,54.5954094,7.59045283,94.385,2016-09-10 08:22:53,2016-09-10 08:22:55,3,0.8706666666666667,8.487666666666668,8.447888730327831,8.557240670121274,0.04814213661207803,8.104704585967742,False,0.9872211213860959,8.872028911134137,7.359093218596975,Flight 07,20160910_flight07_airborne.tab,5.0,4.277678605960469,188.2586987799501,90.0,downstream wake,8.104704585967742,1.0423438190399028,188.3335639642,10.138099379067574,-0.2594775629409831
20160910_flight07,1,9.600000000000001,8.685195967852424,54.59564865,7.58745725,93.734,2016-09-10 08:22:50,2016-09-10 08:22:52,3,1.18,8.630666666666666,8.63749419681426,8.566869097443691,0.04814213661207803,8.104704585967742,False,1.0138121487631977,8.872028911134137,7.359093218596975,Flight 07,20160910_flight07_airborne.tab,5.0,4.277678605960469,188.2586987799501,90.0,downstream wake,8.104704585967742,1.0716240025441186,188.3335639642,10.138099379067574,-0.2594775629409831
20160910_flight07,1,9.8,8.63749419681426,54.59589013,7.58446,93.345,2016-09-10 08:22:47,2016-09-10 08:22:49,3,0.883,8.545666666666667,8.685195967852424,8.576497524766106,0.04814213661207803,8.104704585967742,False,1.0071120724832037,8.872028911134137,7.359093218596975,Flight 07,20160910_flight07_airborne.tab,5.0,4.277678605960469,188.2586987799501,90.0,downstream wake,8.104704585967742,1.0657383134937422,188.3335639642,10.138099379067574,-0.2594775629409831
20160910_flight07,1,10.0,8.914506940936219,54.59613456,7.58146411,93.75399999999999,2016-09-10 08:22:44,2016-09-10 08:22:46,3,1.0123333333333333,8.808,8.775778313061469,8.586125952088523,0.04814213661207803,8.104704585967742,True,1.038245535958836,8.872028911134137,7.359093218596975,Flight 07,20160910_flight07_airborne.tab,5.0,4.277678605960469,188.2586987799501,90.0,downstream wake,8.104704585967742,1.0999175659493556,188.3335639642,10.138099379067574,-0.2594775629409831
20160910_flight07,1,10.200000000000001,8.775778313061469,54.596398719999996,7.57848327,94.786,2016-09-10 08:22:41,2016-09-10 08:22:43,3,1.0776666666666668,8.768333333333333,8.849792564456362,8.595754379410938,0.04814213661207803,8.104704585967742,True,1.0209433547893987,8.872028911134137,7.359093218596975,Flight 07,20160910_flight07_airborne.tab,5.0,4.277678605960469,188.2586987799501,90.0,downstream wake,8.104704585967742,1.0828005166598675,188.3335639642,10.138099379067574,-0.2594775629409831
20160910_flight07,1,10.4,8.849792564456362,54.596733285,7.57502916,95.535,2016-09-10 08:22:37,2016-09-10 08:22:40,4,0.91425,8.76225,8.849792564456362,8.605382806733353,0.04814213661207803,8.104704585967742,True,1.0284019622615472,8.872028911134137,7.359093218596975,Flight 07,20160910_flight07_airborne.tab,5.0,4.277678605960469,188.2586987799501,90.0,downstream wake,8.104704585967742,1.091932774425689,188.3335639642,10.138099379067574,-0.2594775629409831
20160910_flight07,1,10.600000000000001,8.886233510323708,54.597085150000005,7.57158736,94.285,2016-09-10 08:22:34,2016-09-10 08:22:36,3,0.85,8.719000000000001,8.818941546466899,8.61501123405577,0.04814213661207803,8.104704585967742,True,1.0314825214847982,8.872028911134137,7.359093218596975,Flight 07,20160910_flight07_airborne.tab,5.0,4.277678605960469,188.2586987799501,90.0,downstream wake,8.104704585967742,1.096429045138682,188.3335639642,10.138099379067574,-0.2594775629409831
20160910_flight07,1,10.8,8.54087595039291,54.59739486,7.568629499999999,92.084,2016-09-10 08:22:31,2016-09-10 08:22:33,3,0.421,8.399666666666667,8.849792564456362,8.624639661378184,0.04814213661207803,8.104704585967742,True,0.9902878596354148,8.872028911134137,7.359093218596975,Flight 07,20160910_flight07_airborne.tab,5.0,4.277678605960469,188.2586987799501,90.0,downstream wake,8.104704585967742,1.053817058943807,188.3335639642,10.138099379067574,-0.2594775629409831
20160910_flight07,1,11.0,8.818941546466899,54.597718619999995,7.56566632,91.53,2016-09-10 08:22:28,2016-09-10 08:22:30,3,1.0363333333333333,8.778,8.818941546466899,8.6342680887006,0.04814213661207803,8.104704585967742,True,1.021388432217894,8.872028911134137,7.359093218596975,Flight 07,20160910_flight07_airborne.tab,5.0,4.277678605960469,188.2586987799501,90.0,downstream wake,8.104704585967742,1.0881262176706312,188.3335639642,10.138099379067574,-0.2594775629409831
20160910_flight07,1,11.200000000000001,8.930370261081004,54.59805643,7.56270902,91.7,2016-09-10 08:22:25,2016-09-10 08:22:27,3,1.2583333333333333,8.840333333333334,8.658930245705873,8.643896516023016,0.04814213661207803,8.104704585967742,True,1.033141737007952,8.872028911134137,7.359093218596975,Flight 07,20160910_flight07_airborne.tab,5.0,4.277678605960469,188.2586987799501,90.0,downstream wake,8.104704585967742,1.1018748637109854,188.3335639642,10.138099379067574,-0.2594775629409831
20160910_flight07,1,11.4,8.658930245705873,54.59840394,7.55975739,91.618,2016-09-10 08:22:22,2016-09-10 08:22:24,3,0.8863333333333333,8.695666666666666,8.658930245705873,8.653524943345431,0.04814213661207803,8.104704585967742,True,1.0006246359022284,8.872028911134137,7.359093218596975,Flight 07,20160910_flight07_airborne.tab,5.0,4.277678605960469,188.2586987799501,90.0,downstream wake,8.104704585967742,1.0683832030963476,188.3335639642,10.138099379067574,-0.2594775629409831
20160910_flight07,1,11.600000000000001,8.318597297621759,54.598760240000004,7.556808220000001,91.9,2016-09-10 08:22:19,2016-09-10 08:22:21,3,0.6646666666666667,8.326,8.438347527804245,8.663153370667846,0.04814213661207803,8.104704585967742,True,0.960227407007164,8.872028911134137,7.359093218596975,Flight 07,20160910_flight07_airborne.tab,5.0,4.277678605960469,188.2586987799501,90.0,downstream wake,8.104704585967742,1.0263911792694265,188.3335639642,10.138099379067574,-0.2594775629409831
20160910_flight07,1,11.8,8.313049260048928,54.5991153,7.55385817,92.21799999999999,2016-09-10 08:22:16,2016-09-10 08:22:18,3,0.9546666666666667,8.248333333333333,8.438347527804245,8.672781797990263,0.04814213661207803,8.104704585967742,True,0.9585216662519175,8.872028911134137,7.359093218596975,Flight 07,20160910_flight07_airborne.tab,5.0,4.277678605960469,188.2586987799501,90.0,downstream wake,8.104704585967742,1.0257066339520762,188.3335639642,10.138099379067574,-0.2594775629409831
20160910_flight07,1,12.0,8.438347527804245,54.599465030000005,7.55090862,92.4,2016-09-10 08:22:13,2016-09-10 08:22:15,3,0.7163333333333334,8.408666666666667,8.438347527804245,8.682410225312678,0.04814213661207803,8.104704585967742,True,0.9718899831757669,8.872028911134137,7.359093218596975,Flight 07,20160910_flight07_airborne.tab,5.0,4.277678605960469,188.2586987799501,90.0,downstream wake,8.104704585967742,1.0411665765602565,188.3335639642,10.138099379067574,-0.2594775629409831
20160910_flight07,1,12.200000000000001,8.748210902807498,54.59981417,7.54795943,92.07799999999999,2016-09-10 08:22:10,2016-09-10 08:22:12,3,0.6789999999999999,8.662333333333333,8.438347527804245,8.692038652635093,0.04814213661207803,8.104704585967742,True,1.0064624942912992,8.872028911134137,7.359093218596975,Flight 07,20160910_flight07_airborne.tab,5.0,4.277678605960469,188.2586987799501,90.0,downstream wake,8.104704585967742,1.079399108260393,188.3335639642,10.138099379067574,-0.2594775629409831
20160910_flight07,1,12.4,8.465002835203306,54.60016982,7.54501174,92.37899999999999,2016-09-10 08:22:07,2016-09-10 08:22:09,3,0.6156666666666667,8.524666666666667,8.438347527804245,8.70166707995751,0.04814213661207803,8.104704585967742,True,0.9728024248021037,8.872028911134137,7.359093218596975,Flight 07,20160910_flight07_airborne.tab,5.0,4.277678605960469,188.2586987799501,90.0,downstream wake,8.104704585967742,1.0444554450336627,188.3335639642,10.138099379067574,-0.2594775629409831
20160910_flight07,1,12.600000000000001,8.345230973436266,54.60052711,7.542068339999999,93.476,2016-09-10 08:22:04,2016-09-10 08:22:06,3,0.8843333333333333,8.437,8.465002835203306,8.711295507279925,0.04814213661207803,8.104704585967742,True,0.9579781751706457,8.872028911134137,7.359093218596975,Flight 07,20160910_flight07_airborne.tab,5.0,4.277678605960469,188.2586987799501,90.0,downstream wake,8.104704585967742,1.0296773787270377,188.3335639642,10.138099379067574,-0.2594775629409831
20160910_flight07,1,12.8,8.427730700686638,54.600933755,7.53863215,93.4845,2016-09-10 08:22:00,2016-09-10 08:22:03,4,0.40549999999999997,8.344999999999999,8.465002835203306,8.72092393460234,0.04814213661207803,8.104704585967742,True,0.966380484898809,8.872028911134137,7.359093218596975,Flight 07,20160910_flight07_airborne.tab,5.0,4.277678605960469,188.2586987799501,90.0,downstream wake,8.104704585967742,1.039856618004088,188.3335639642,10.138099379067574,-0.2594775629409831
20160910_flight07,1,13.0,8.470863533312292,54.60133036,7.53518853,93.22,2016-09-10 08:21:57,2016-09-10 08:21:59,3,0.8326666666666666,8.520333333333333,8.470863533312292,8.730552361924756,0.04814213661207803,8.104704585967742,True,0.9702551662429738,8.872028911134137,7.359093218596975,Flight 07,20160910_flight07_airborne.tab,5.0,4.277678605960469,188.2586987799501,90.0,downstream wake,8.104704585967742,1.0451785680107955,188.3335639642,10.138099379067574,-0.2594775629409831
20160910_flight07,1,13.200000000000001,8.94553995016511,54.60166235,7.532233270000001,93.58,2016-09-10 08:21:54,2016-09-10 08:21:56,3,0.9386666666666668,8.882333333333333,8.470863533312292,8.740180789247171,0.04814213661207803,8.104704585967742,True,1.0234959854801386,8.872028911134137,7.359093218596975,Flight 07,20160910_flight07_airborne.tab,5.0,4.277678605960469,188.2586987799501,90.0,downstream wake,8.104704585967742,1.103746577716499,188.3335639642,10.138099379067574,-0.2594775629409831
20160910_flight07,1,13.4,8.84979547786275,54.60199353,7.52927823,93.454,2016-09-10 08:21:51,2016-09-10 08:21:53,3,0.9556666666666667,8.643,8.833656377740759,8.749809216569588,0.04814213661207803,8.104704585967742,True,1.0114272504483661,8.872028911134137,7.359093218596975,Flight 07,20160910_flight07_airborne.tab,5.0,4.277678605960469,188.2586987799501,90.0,downstream wake,8.104704585967742,1.0919331338967047,188.3335639642,10.138099379067574,-0.2594775629409831
20160910_flight07,1,13.600000000000001,8.347449730306856,54.60232359,7.526318740000001,92.647,2016-09-10 08:21:48,2016-09-10 08:21:50,3,0.832,8.376333333333333,8.84979547786275,8.759437643892003,0.04814213661207803,8.104704585967742,True,0.9529663968927927,8.872028911134137,7.359093218596975,Flight 07,20160910_flight07_airborne.tab,5.0,4.277678605960469,188.2586987799501,90.0,downstream wake,8.104704585967742,1.0299511403240282,188.3335639642,10.138099379067574,-0.2594775629409831
20160910_flight07,1,13.8,8.833656377740759,54.60265047,7.52335357,92.99700000000001,2016-09-10 08:21:45,2016-09-10 08:21:47,3,1.4749999999999999,8.597,8.833656377740759,8.769066071214418,0.04814213661207803,8.104704585967742,True,1.0073656996083502,8.872028911134137,7.359093218596975,Flight 07,20160910_flight07_airborne.tab,5.0,4.277678605960469,188.2586987799501,90.0,downstream wake,8.104704585967742,1.089941808987721,188.3335639642,10.138099379067574,-0.2594775629409831
20160910_flight07,1,14.0,9.160814210538273,54.60297112,7.52038566,93.25399999999999,2016-09-10 08:21:42,2016-09-10 08:21:44,3,1.5036666666666667,8.986666666666666,8.833656377740759,8.778694498536835,0.04814213661207803,8.104704585967742,True,1.0435280794957755,8.872028911134137,7.359093218596975,Flight 07,20160910_flight07_airborne.tab,5.0,4.277678605960469,188.2586987799501,90.0,downstream wake,8.104704585967742,1.1303082195493035,188.3335639642,10.138099379067574,-0.2594775629409831
20160910_flight07,1,14.200000000000001,8.567654988385096,54.603296799999995,7.5174210200000005,93.3,2016-09-10 08:21:39,2016-09-10 08:21:41,3,1.096,8.550666666666666,8.835056819285318,8.78832292585925,0.04814213661207803,8.104704585967742,True,0.9748907795792473,8.872028911134137,7.359093218596975,Flight 07,20160910_flight07_airborne.tab,5.0,4.277678605960469,188.2586987799501,90.0,downstream wake,8.104704585967742,1.057121193932089,188.3335639642,10.138099379067574,-0.2594775629409831
20160910_flight07,1,14.4,8.835056819285318,54.603627210000006,7.51445872,93.5,2016-09-10 08:21:36,2016-09-10 08:21:38,3,1.069,8.675666666666666,8.835056819285318,8.797951353181665,0.04814213661207803,8.104704585967742,True,1.0042175120791315,8.872028911134137,7.359093218596975,Flight 07,20160910_flight07_airborne.tab,5.0,4.277678605960469,188.2586987799501,90.0,downstream wake,8.104704585967742,1.0901146026447512,188.3335639642,10.138099379067574,-0.2594775629409831
20160910_flight07,1,14.600000000000001,8.97040523053446,54.603967190000006,7.51150161,93.546,2016-09-10 08:21:33,2016-09-10 08:21:35,3,1.0576666666666668,8.899666666666667,8.835056819285318,8.807579780504081,0.04814213661207803,8.104704585967742,True,1.0184869685076028,8.872028911134137,7.359093218596975,Flight 07,20160910_flight07_airborne.tab,5.0,4.277678605960469,188.2586987799501,90.0,downstream wake,8.104704585967742,1.1068145834785352,188.3335639642,10.138099379067574,-0.2594775629409831
20160910_flight07,1,14.8,8.565174137167324,54.604323,7.50855233,93.579,2016-09-10 08:21:30,2016-09-10 08:21:32,3,1.1856666666666669,8.611666666666666,8.97040523053446,8.817208207826496,0.04814213661207803,8.104704585967742,True,0.9714156607490047,8.872028911134137,7.359093218596975,Flight 07,20160910_flight07_airborne.tab,5.0,4.277678605960469,188.2586987799501,90.0,downstream wake,8.104704585967742,1.0568150937909355,188.3335639642,10.138099379067574,-0.2594775629409831
20160910_flight07,1,15.0,9.20767386477171,54.60468097,7.5056027,94.18700000000001,2016-09-10 08:21:27,2016-09-10 08:21:29,3,1.2813333333333334,8.973333333333334,9.038909502810613,8.826836635148911,0.04814213661207803,8.104704585967742,True,1.0431453809971156,8.872028911134137,7.359093218596975,Flight 07,20160910_flight07_airborne.tab,5.0,4.277678605960469,188.2586987799501,90.0,downstream wake,8.104704585967742,1.1360900039112614,188.3335639642,10.138099379067574,-0.2594775629409831
20160910_flight07,1,15.200000000000001,9.038909502810613,54.605027639999996,7.50264941,94.78299999999999,2016-09-10 08:21:24,2016-09-10 08:21:26,3,0.9493333333333335,8.893666666666666,9.038909502810613,8.836465062471328,0.04814213661207803,8.104704585967742,True,1.0229101160823995,8.872028911134137,7.359093218596975,Flight 07,20160910_flight07_airborne.tab,5.0,4.277678605960469,188.2586987799501,90.0,downstream wake,8.104704585967742,1.1152669917741762,188.3335639642,10.138099379067574,-0.2594775629409831
20160910_flight07,1,15.4,9.082167101894967,54.605409585000004,7.499193705,94.9,2016-09-10 08:21:20,2016-09-10 08:21:23,4,0.83525,9.0335,9.038909502810613,8.846093489793743,0.04814213661207803,8.104704585967742,True,1.026686764318464,8.872028911134137,7.359093218596975,Flight 07,20160910_flight07_airborne.tab,5.0,4.277678605960469,188.2586987799501,90.0,downstream wake,8.104704585967742,1.1206043361061644,188.3335639642,10.138099379067574,-0.2594775629409831
20160910_flight07,1,15.600000000000001,8.771256751458141,54.6057607,7.495719289999999,94.88600000000001,2016-09-10 08:21:17,2016-09-10 08:21:19,3,1.0016666666666667,8.738666666666667,9.038909502810613,8.855721917116158,0.04814213661207803,8.104704585967742,True,0.990462080172734,8.872028911134137,7.359093218596975,Flight 07,20160910_flight07_airborne.tab,5.0,4.277678605960469,188.2586987799501,90.0,downstream wake,8.104704585967742,1.0822426232097897,188.3335639642,10.138099379067574,-0.2594775629409831
20160910_flight07,1,15.8,8.726909705044507,54.60602833,7.492722639999999,94.57600000000001,2016-09-10 08:21:14,2016-09-10 08:21:16,3,0.638,8.634666666666666,9.082167101894967,8.865350344438575,0.04814213661207803,8.104704585967742,True,0.9843840757538799,8.872028911134137,7.359093218596975,Flight 07,20160910_flight07_airborne.tab,5.0,4.277678605960469,188.2586987799501,90.0,downstream wake,8.104704585967742,1.0767708572813417,188.3335639642,10.138099379067574,-0.2594775629409831
20160910_flight07,1,16.0,9.09838914313957,54.60627583,7.489715230000001,95.12200000000001,2016-09-10 08:21:11,2016-09-10 08:21:13,3,1.3046666666666666,8.986333333333334,8.890456118782657,8.87497877176099,0.04814213661207803,8.104704585967742,True,1.0251730598037534,8.872028911134137,7.359093218596975,Flight 07,20160910_flight07_airborne.tab,5.0,4.277678605960469,188.2586987799501,90.0,downstream wake,8.104704585967742,1.1226058947160475,188.3335639642,10.138099379067574,-0.2594775629409831
20160910_flight07,1,16.2,9.12087106585769,54.60651345,7.48670628,95.3,2016-09-10 08:21:08,2016-09-10 08:21:10,3,1.188,9.038666666666666,8.890456118782657,8.884607199083405,0.04814213661207803,8.104704585967742,True,1.0265924943534543,8.872028911134137,7.359093218596975,Flight 07,20160910_flight07_airborne.tab,5.0,4.277678605960469,188.2586987799501,90.0,downstream wake,8.104704585967742,1.1253798295929638,188.3335639642,10.138099379067574,-0.2594775629409831
20160910_flight07,1,16.400000000000002,8.890456118782657,54.606742249999996,7.48369593,95.3,2016-09-10 08:21:05,2016-09-10 08:21:07,3,1.2276666666666667,8.838666666666667,8.890456118782657,8.894235626405822,0.04814213661207803,8.104704585967742,True,0.9995750609965915,8.872028911134137,7.359093218596975,Flight 07,20160910_flight07_airborne.tab,5.0,4.277678605960469,188.2586987799501,90.0,downstream wake,8.104704585967742,1.0969500522172446,188.3335639642,10.138099379067574,-0.2594775629409831
20160910_flight07,1,16.6,8.819963718746239,54.606972660000004,7.4806893500000005,94.98200000000001,2016-09-10 08:21:02,2016-09-10 08:21:04,3,0.9003333333333333,8.781,8.877539805599296,8.903864053728237,0.04814213661207803,8.104704585967742,True,0.9905770871527552,8.872028911134137,7.359093218596975,Flight 07,20160910_flight07_airborne.tab,5.0,4.277678605960469,188.2586987799501,90.0,downstream wake,8.104704585967742,1.0882523385265488,188.3335639642,10.138099379067574,-0.2594775629409831
20160910_flight07,1,16.8,8.872028911134137,54.60720474,7.477684470000001,94.9,2016-09-10 08:20:59,2016-09-10 08:21:01,3,1.0536666666666668,8.763333333333334,8.872028911134137,8.913492481050653,0.04814213661207803,8.104704585967742,True,0.9953482240541893,8.872028911134137,7.359093218596975,Flight 07,20160910_flight07_airborne.tab,5.0,4.277678605960469,188.2586987799501,90.0,downstream wake,8.104704585967742,1.09467640887182,188.3335639642,10.138099379067574,-0.2594775629409831
20160910_flight07,1,17.0,8.877539805599296,54.607436230000005,7.4746790999999995,94.749,2016-09-10 08:20:56,2016-09-10 08:20:58,3,1.1106666666666667,8.744333333333332,8.872028911134137,8.923120908373068,0.04814213661207803,8.104704585967742,True,0.9948917981453103,8.872028911134137,7.359093218596975,Flight 07,20160910_flight07_airborne.tab,5.0,4.277678605960469,188.2586987799501,90.0,downstream wake,8.104704585967742,1.0953563712821341,188.3335639642,10.138099379067574,-0.2594775629409831
20160910_flight07,1,17.2,8.845018541529464,54.60766165,7.4716694,94.77,2016-09-10 08:20:53,2016-09-10 08:20:55,3,1.201,8.785333333333334,8.872028911134137,8.932749335695483,0.04814213661207803,8.104704585967742,True,0.9901787466692428,8.872028911134137,7.359093218596975,Flight 07,20160910_flight07_airborne.tab,5.0,4.277678605960469,188.2586987799501,90.0,downstream wake,8.104704585967742,1.0913437310032843,188.3335639642,10.138099379067574,-0.2594775629409831
20160910_flight07,1,17.400000000000002,9.01958324979597,54.60788074,7.468658420000001,94.959,2016-09-10 08:20:50,2016-09-10 08:20:52,3,1.314,8.992666666666667,8.845018541529464,8.9423777630179,0.04814213661207803,8.104704585967742,True,1.0086336642025302,8.872028911134137,7.359093218596975,Flight 07,20160910_flight07_airborne.tab,5.0,4.277678605960469,188.2586987799501,90.0,downstream wake,8.104704585967742,1.1128824196025877,188.3335639642,10.138099379067574,-0.2594775629409831
20160910_flight07,1,17.6,8.648205016071254,54.60810375,7.46565069,94.988,2016-09-10 08:20:47,2016-09-10 08:20:49,3,1.097,8.495,8.845018541529464,8.952006190340315,0.04814213661207803,8.104704585967742,True,0.9660633418018769,8.872028911134137,7.359093218596975,Flight 07,20160910_flight07_airborne.tab,5.0,4.277678605960469,188.2586987799501,90.0,downstream wake,8.104704585967742,1.0670598692819122,188.3335639642,10.138099379067574,-0.2594775629409831
20160910_flight07,1,17.8,8.576703154476084,54.60832155,7.46264189,94.7,2016-09-10 08:20:44,2016-09-10 08:20:46,3,1.2413333333333334,8.692,9.01958324979597,8.96163461766273,0.04814213661207803,8.104704585967742,True,0.9570467353770512,8.872028911134137,7.359093218596975,Flight 07,20160910_flight07_airborne.tab,5.0,4.277678605960469,188.2586987799501,90.0,downstream wake,8.104704585967742,1.0582376030491656,188.3335639642,10.138099379067574,-0.2594775629409831
20160910_flight07,1,18.0,9.41696554097975,54.60853647,7.45963348,94.715,2016-09-10 08:20:41,2016-09-10 08:20:43,3,1.237,9.335333333333333,8.932002071204417,8.971263044985147,0.04814213661207803,8.104704585967742,True,1.049681131158421,8.872028911134137,7.359093218596975,Flight 07,20160910_flight07_airborne.tab,5.0,4.277678605960469,188.2586987799501,90.0,downstream wake,8.104704585967742,1.1619134838404868,188.3335639642,10.138099379067574,-0.2594775629409831
20160910_flight07,1,18.2,9.309728674886287,54.608754360000006,7.456625669999999,94.3,2016-09-10 08:20:38,2016-09-10 08:20:40,3,1.3860000000000001,9.154333333333334,9.026359842151209,8.980891472307562,0.04814213661207803,8.104704585967742,True,1.0366152072533878,8.872028911134137,7.359093218596975,Flight 07,20160910_flight07_airborne.tab,5.0,4.277678605960469,188.2586987799501,90.0,downstream wake,8.104704585967742,1.1486820495598187,188.3335639642,10.138099379067574,-0.2594775629409831
20160910_flight07,1,18.400000000000002,8.932002071204417,54.60897759,7.453620079999999,94.494,2016-09-10 08:20:35,2016-09-10 08:20:37,3,1.433,8.734,9.088506416516207,8.990519899629977,0.04814213661207803,8.104704585967742,True,0.9934911630162825,8.872028911134137,7.359093218596975,Flight 07,20160910_flight07_airborne.tab,5.0,4.277678605960469,188.2586987799501,90.0,downstream wake,8.104704585967742,1.102076204809369,188.3335639642,10.138099379067574,-0.2594775629409831
20160910_flight07,1,18.6,9.026359842151209,54.60919344,7.45061418,94.62,2016-09-10 08:20:32,2016-09-10 08:20:34,3,1.2406666666666666,8.904333333333334,9.06194780386645,9.000148326952393,0.04814213661207803,8.104704585967742,True,1.0029123425799906,8.872028911134137,7.359093218596975,Flight 07,20160910_flight07_airborne.tab,5.0,4.277678605960469,188.2586987799501,90.0,downstream wake,8.104704585967742,1.113718550307089,188.3335639642,10.138099379067574,-0.2594775629409831
20160910_flight07,1,18.8,9.088506416516207,54.609437425,7.447107535,94.52000000000001,2016-09-10 08:20:28,2016-09-10 08:20:31,4,1.16375,9.00625,9.03839864135235,9.009776754274808,0.04814213661207803,8.104704585967742,True,1.0087382478377218,8.872028911134137,7.359093218596975,Flight 07,20160910_flight07_airborne.tab,5.0,4.277678605960469,188.2586987799501,90.0,downstream wake,8.104704585967742,1.121386513242172,188.3335639642,10.138099379067574,-0.2594775629409831
20160910_flight07,1,19.0,9.06194780386645,54.609673439999995,7.44359929,94.321,2016-09-10 08:20:25,2016-09-10 08:20:27,3,1.306,8.922666666666666,9.06194780386645,9.019405181597223,0.04814213661207803,8.104704585967742,True,1.004716788015692,8.872028911134137,7.359093218596975,Flight 07,20160910_flight07_airborne.tab,5.0,4.277678605960469,188.2586987799501,90.0,downstream wake,8.104704585967742,1.1181095754626336,188.3335639642,10.138099379067574,-0.2594775629409831
20160910_flight07,1,19.200000000000003,9.03839864135235,54.60987931,7.440596,94.142,2016-09-10 08:20:22,2016-09-10 08:20:24,3,1.181,8.675666666666666,9.088506416516207,9.02903360891964,0.04814213661207803,8.104704585967742,True,1.0010372131546235,8.872028911134137,7.359093218596975,Flight 07,20160910_flight07_airborne.tab,5.0,4.277678605960469,188.2586987799501,90.0,downstream wake,8.104704585967742,1.1152039590685612,188.3335639642,10.138099379067574,-0.2594775629409831
20160910_flight07,1,19.400000000000002,9.31201374569432,54.61008014,7.437595,94.454,2016-09-10 08:20:19,2016-09-10 08:20:21,3,1.3773333333333333,9.229999999999999,9.195667947463088,9.038662036242055,0.04814213661207803,8.104704585967742,True,1.0302424969930521,8.872028911134137,7.359093218596975,Flight 07,20160910_flight07_airborne.tab,5.0,4.277678605960469,188.2586987799501,90.0,downstream wake,8.104704585967742,1.1489639933103646,188.3335639642,10.138099379067574,-0.2594775629409831
20160910_flight07,1,19.6,9.28552448707126,54.610277169999996,7.434597559999999,94.625,2016-09-10 08:20:16,2016-09-10 08:20:18,3,1.266,9.090666666666666,9.195667947463088,9.04829046356447,0.04814213661207803,8.104704585967742,True,1.0262186569343767,8.872028911134137,7.359093218596975,Flight 07,20160910_flight07_airborne.tab,5.0,4.277678605960469,188.2586987799501,90.0,downstream wake,8.104704585967742,1.1456956127861782,188.3335639642,10.138099379067574,-0.2594775629409831
20160910_flight07,1,19.8,9.195667947463088,54.61048083,7.431607410000001,94.40899999999999,2016-09-10 08:20:13,2016-09-10 08:20:15,3,0.884,9.025333333333334,9.195667947463088,9.057918890886887,0.04814213661207803,8.104704585967742,True,1.0152075833572312,8.872028911134137,7.359093218596975,Flight 07,20160910_flight07_airborne.tab,5.0,4.277678605960469,188.2586987799501,90.0,downstream wake,8.104704585967742,1.1346086522862548,188.3335639642,10.138099379067574,-0.2594775629409831
20160910_flight07,1,20.0,8.911087251284211,54.61070855,7.42863252,95.068,2016-09-10 08:20:10,2016-09-10 08:20:12,3,0.9826666666666667,8.856666666666667,9.195667947463088,9.067547318209302,0.04814213661207803,8.104704585967742,True,0.982745050956515,8.872028911134137,7.359093218596975,Flight 07,20160910_flight07_airborne.tab,5.0,4.277678605960469,188.2586987799501,90.0,downstream wake,8.104704585967742,1.0994956271092986,188.3335639642,10.138099379067574,-0.2594775629409831
20160910_flight07,1,20.200000000000003,8.851988985533138,54.61096122,7.42567811,95.7,2016-09-10 08:20:07,2016-09-10 08:20:09,3,0.8433333333333334,8.584,9.189424465112054,9.077175745531719,0.04814213661207803,8.104704585967742,True,0.9751919797179833,8.872028911134137,7.359093218596975,Flight 07,20160910_flight07_airborne.tab,5.0,4.277678605960469,188.2586987799501,90.0,downstream wake,8.104704585967742,1.0922037801179358,188.3335639642,10.138099379067574,-0.2594775629409831
20160910_flight07,1,20.400000000000002,9.318122182070805,54.61124867,7.42275027,95.96,2016-09-10 08:20:04,2016-09-10 08:20:06,3,0.7013333333333334,9.098,8.911087251284211,9.086804172854134,0.04814213661207803,8.104704585967742,True,1.0254564756559528,8.872028911134137,7.359093218596975,Flight 07,20160910_flight07_airborne.tab,5.0,4.277678605960469,188.2586987799501,90.0,downstream wake,8.104704585967742,1.1497176835049534,188.3335639642,10.138099379067574,-0.2594775629409831
20160910_flight07,1,20.6,9.189424465112054,54.611553709999995,7.41983612,95.92,2016-09-10 08:20:01,2016-09-10 08:20:03,3,0.8676666666666666,9.127666666666666,9.020706725322597,9.096432600176549,0.04814213661207803,8.104704585967742,True,1.010222893855521,8.872028911134137,7.359093218596975,Flight 07,20160910_flight07_airborne.tab,5.0,4.277678605960469,188.2586987799501,90.0,downstream wake,8.104704585967742,1.1338382994270224,188.3335639642,10.138099379067574,-0.2594775629409831
20160910_flight07,1,20.8,8.74652024681649,54.61180195,7.41740609,95.55799999999999,2016-09-10 08:19:59,2016-09-10 08:20:00,2,0.715,8.7155,9.189424465112054,9.106061027498965,0.04814213661207803,8.104704585967742,True,0.9605163220851787,8.872028911134137,7.359093218596975,Flight 07,20160910_flight07_airborne.tab,5.0,4.277678605960469,188.2586987799501,90.0,downstream wake,8.104704585967742,1.0791905064571963,188.3335639642,10.138099379067574,-0.2594775629409831
20160910_flight07,2,-20.200000000000003,7.428066406186156,54.63341164,8.06208534,95.60650000000001,2016-09-10 08:33:04,2016-09-10 08:33:05,2,1.97,7.162,7.428066406186156,7.564189320393561,0.043344167597204344,8.43974150585709,True,0.9820042957094677,9.171479106447336,7.7631162329222825,Flight 07,20160910_flight07_airborne.tab,15.0,14.136438440482165,191.81292513558674,90.0,downstream wake,8.43974150585709,0.8801296107269587,188.3335639642,10.138099379067574,-0.2594775629409831
20160910_flight07,2,-20.0,7.531885676621762,54.633797339999994,8.05916663,95.7195,2016-09-10 08:33:06,2016-09-10 08:33:09,4,1.73325,7.3767499999999995,7.4276207542355035,7.572858153913002,0.043344167597204344,8.43974150585709,True,0.9945895622949086,9.171479106447336,7.7631162329222825,Flight 07,20160910_flight07_airborne.tab,15.0,14.136438440482165,191.81292513558674,90.0,downstream wake,8.43974150585709,0.8924308489062982,188.3335639642,10.138099379067574,-0.2594775629409831
20160910_flight07,2,-19.8,7.427175102284852,54.634240309999996,8.05574708,94.45299999999999,2016-09-10 08:33:10,2016-09-10 08:33:12,3,1.7376666666666667,7.347999999999999,7.427175102284852,7.581526987432444,0.043344167597204344,8.43974150585709,True,0.9796410557657509,9.171479106447336,7.7631162329222825,Flight 07,20160910_flight07_airborne.tab,15.0,14.136438440482165,191.81292513558674,90.0,downstream wake,8.43974150585709,0.8800240027648326,188.3335639642,10.138099379067574,-0.2594775629409831
20160910_flight07,2,-19.6,7.246919138502926,54.63463975,8.052807340000001,93.044,2016-09-10 08:33:13,2016-09-10 08:33:15,3,1.6900000000000002,7.108666666666667,7.427175102284852,7.590195820951884,0.043344167597204344,8.43974150585709,True,0.9547736724392035,9.171479106447336,7.7631162329222825,Flight 07,20160910_flight07_airborne.tab,15.0,14.136438440482165,191.81292513558674,90.0,downstream wake,8.43974150585709,0.8586660069474453,188.3335639642,10.138099379067574,-0.2594775629409831
20160910_flight07,2,-19.400000000000002,7.223745981137487,54.635060599999996,8.04986327,92.6,2016-09-10 08:33:16,2016-09-10 08:33:18,3,1.6006666666666665,6.975666666666666,7.427175102284852,7.598864654471325,0.043344167597204344,8.43974150585709,True,0.9506349052929755,9.171479106447336,7.7631162329222825,Flight 07,20160910_flight07_airborne.tab,15.0,14.136438440482165,191.81292513558674,90.0,downstream wake,8.43974150585709,0.8559202880946396,188.3335639642,10.138099379067574,-0.2594775629409831
20160910_flight07,2,-19.200000000000003,7.427907174971965,54.63549731,8.046919769999999,92.536,2016-09-10 08:33:19,2016-09-10 08:33:21,3,1.6083333333333334,7.164666666666666,7.248209985920661,7.607533487990766,0.043344167597204344,8.43974150585709,True,0.9763883638103784,9.171479106447336,7.7631162329222825,Flight 07,20160910_flight07_airborne.tab,15.0,14.136438440482165,191.81292513558674,90.0,downstream wake,8.43974150585709,0.8801107438915134,188.3335639642,10.138099379067574,-0.2594775629409831
20160910_flight07,2,-19.0,7.7594619014465165,54.635951000000006,8.04397981,92.719,2016-09-10 08:33:22,2016-09-10 08:33:24,3,1.75,7.509333333333333,7.427907174971965,7.616202321510207,0.043344167597204344,8.43974150585709,True,1.0188098443146272,9.171479106447336,7.7631162329222825,Flight 07,20160910_flight07_airborne.tab,15.0,14.136438440482165,191.81292513558674,90.0,downstream wake,8.43974150585709,0.9193956824461429,188.3335639642,10.138099379067574,-0.2594775629409831
20160910_flight07,2,-18.8,7.248209985920661,54.636427139999995,8.04104854,93.256,2016-09-10 08:33:25,2016-09-10 08:33:27,3,1.756,7.178,7.7594619014465165,7.6248711550296475,0.043344167597204344,8.43974150585709,True,0.9506009791574607,9.171479106447336,7.7631162329222825,Flight 07,20160910_flight07_airborne.tab,15.0,14.136438440482165,191.81292513558674,90.0,downstream wake,8.43974150585709,0.8588189556386865,188.3335639642,10.138099379067574,-0.2594775629409831
20160910_flight07,2,-18.6,7.856949153456449,54.63691608,8.03812367,93.8,2016-09-10 08:33:28,2016-09-10 08:33:30,3,1.9433333333333334,7.597666666666666,7.7594619014465165,7.633539988549089,0.043344167597204344,8.43974150585709,True,1.0292667838568332,9.171479106447336,7.7631162329222825,Flight 07,20160910_flight07_airborne.tab,15.0,14.136438440482165,191.81292513558674,90.0,downstream wake,8.43974150585709,0.9309466584970417,188.3335639642,10.138099379067574,-0.2594775629409831
20160910_flight07,2,-18.400000000000002,8.154314256882671,54.63741597999999,8.03520166,94.073,2016-09-10 08:33:31,2016-09-10 08:33:33,3,2.114,7.876666666666668,7.474013714196676,7.642208822068529,0.043344167597204344,8.43974150585709,True,1.0670101336848226,9.171479106447336,7.7631162329222825,Flight 07,20160910_flight07_airborne.tab,15.0,14.136438440482165,191.81292513558674,90.0,downstream wake,8.43974150585709,0.9661805697749943,188.3335639642,10.138099379067574,-0.2594775629409831
20160910_flight07,2,-18.2,7.474013714196676,54.63791991,8.03227892,93.917,2016-09-10 08:33:34,2016-09-10 08:33:36,3,1.5270000000000001,7.347666666666666,7.679090115371742,7.65087765558797,0.043344167597204344,8.43974150585709,True,0.9768831826421747,9.171479106447336,7.7631162329222825,Flight 07,20160910_flight07_airborne.tab,15.0,14.136438440482165,191.81292513558674,90.0,downstream wake,8.43974150585709,0.8855737713068335,188.3335639642,10.138099379067574,-0.2594775629409831
20160910_flight07,2,-18.0,6.900451362048718,54.63842021000001,8.02934783,93.32,2016-09-10 08:33:37,2016-09-10 08:33:39,3,1.5896666666666668,6.788333333333334,7.679090115371742,7.659546489107411,0.043344167597204344,8.43974150585709,True,0.9008955519575216,9.171479106447336,7.7631162329222825,Flight 07,20160910_flight07_airborne.tab,15.0,14.136438440482165,191.81292513558674,90.0,downstream wake,8.43974150585709,0.8176140652246137,188.3335639642,10.138099379067574,-0.2594775629409831
20160910_flight07,2,-17.8,7.679090115371742,54.63892032,8.02640694,92.88,2016-09-10 08:33:40,2016-09-10 08:33:42,3,1.727,7.521333333333334,7.5456482822882744,7.668215322626852,0.043344167597204344,8.43974150585709,True,1.001418164760293,9.171479106447336,7.7631162329222825,Flight 07,20160910_flight07_airborne.tab,15.0,14.136438440482165,191.81292513558674,90.0,downstream wake,8.43974150585709,0.90987266731363,188.3335639642,10.138099379067574,-0.2594775629409831
20160910_flight07,2,-17.6,7.736682105398929,54.63941997,8.02346376,92.87899999999999,2016-09-10 08:33:43,2016-09-10 08:33:45,3,1.8306666666666667,7.672999999999999,7.679090115371742,7.6768841561462935,0.043344167597204344,8.43974150585709,True,1.0077893515176675,9.171479106447336,7.7631162329222825,Flight 07,20160910_flight07_airborne.tab,15.0,14.136438440482165,191.81292513558674,90.0,downstream wake,8.43974150585709,0.9166965718120342,188.3335639642,10.138099379067574,-0.2594775629409831
20160910_flight07,2,-17.400000000000002,7.5456482822882744,54.639917880000006,8.02052069,93.015,2016-09-10 08:33:46,2016-09-10 08:33:48,3,1.6996666666666667,7.191,7.736682105398929,7.685552989665734,0.043344167597204344,8.43974150585709,True,0.9817964032561378,9.171479106447336,7.7631162329222825,Flight 07,20160910_flight07_airborne.tab,15.0,14.136438440482165,191.81292513558674,90.0,downstream wake,8.43974150585709,0.8940615393317054,188.3335639642,10.138099379067574,-0.2594775629409831
20160910_flight07,2,-17.2,7.798664024625054,54.640488305,8.017085675,92.9625,2016-09-10 08:33:49,2016-09-10 08:33:52,4,1.5422500000000001,7.602,7.7374763973791865,7.694221823185175,0.043344167597204344,8.43974150585709,True,1.0135741084465697,9.171479106447336,7.7631162329222825,Flight 07,20160910_flight07_airborne.tab,15.0,14.136438440482165,191.81292513558674,90.0,downstream wake,8.43974150585709,0.9240406260325468,188.3335639642,10.138099379067574,-0.2594775629409831
20160910_flight07,2,-17.0,7.7374763973791865,54.641060589999995,8.01364897,92.8,2016-09-10 08:33:53,2016-09-10 08:33:55,3,1.7903333333333336,7.638333333333333,7.7374763973791865,7.702890656704616,0.043344167597204344,8.43974150585709,True,1.0044899690539508,9.171479106447336,7.7631162329222825,Flight 07,20160910_flight07_airborne.tab,15.0,14.136438440482165,191.81292513558674,90.0,downstream wake,8.43974150585709,0.9167906851186688,188.3335639642,10.138099379067574,-0.2594775629409831
20160910_flight07,2,-16.8,8.135364036108033,54.64155513,8.01070291,92.8,2016-09-10 08:33:56,2016-09-10 08:33:58,3,1.8656666666666666,7.811333333333333,7.7374763973791865,7.711559490224056,0.043344167597204344,8.43974150585709,True,1.0549570481069663,9.171479106447336,7.7631162329222825,Flight 07,20160910_flight07_airborne.tab,15.0,14.136438440482165,191.81292513558674,90.0,downstream wake,8.43974150585709,0.9639352141842471,188.3335639642,10.138099379067574,-0.2594775629409831
20160910_flight07,2,-16.6,7.5462431050159,54.642050399999995,8.00775665,92.597,2016-09-10 08:33:59,2016-09-10 08:34:01,3,1.7193333333333334,7.289999999999999,7.7374763973791865,7.720228323743497,0.043344167597204344,8.43974150585709,True,0.97746372109326,9.171479106447336,7.7631162329222825,Flight 07,20160910_flight07_airborne.tab,15.0,14.136438440482165,191.81292513558674,90.0,downstream wake,8.43974150585709,0.8941320181167739,188.3335639642,10.138099379067574,-0.2594775629409831
20160910_flight07,2,-16.400000000000002,7.718986721066438,54.64254657000001,8.00480816,92.416,2016-09-10 08:34:02,2016-09-10 08:34:04,3,1.656,7.508333333333333,7.86700991482787,7.728897157262938,0.043344167597204344,8.43974150585709,True,0.9987177425194244,9.171479106447336,7.7631162329222825,Flight 07,20160910_flight07_airborne.tab,15.0,14.136438440482165,191.81292513558674,90.0,downstream wake,8.43974150585709,0.914599898078578,188.3335639642,10.138099379067574,-0.2594775629409831
20160910_flight07,2,-16.2,7.86700991482787,54.64303669,8.00186096,93.309,2016-09-10 08:34:05,2016-09-10 08:34:07,3,1.824,7.742,7.845743113306731,7.737565990782379,0.043344167597204344,8.43974150585709,True,1.0167292820765206,9.171479106447336,7.7631162329222825,Flight 07,20160910_flight07_airborne.tab,15.0,14.136438440482165,191.81292513558674,90.0,downstream wake,8.43974150585709,0.9321387283447307,188.3335639642,10.138099379067574,-0.2594775629409831
20160910_flight07,2,-16.0,8.346592118942915,54.64352625000001,7.9989252099999995,95.37100000000001,2016-09-10 08:34:08,2016-09-10 08:34:10,3,2.3379999999999996,7.831666666666666,7.86700991482787,7.74623482430182,0.043344167597204344,8.43974150585709,True,1.0775031106412665,9.171479106447336,7.7631162329222825,Flight 07,20160910_flight07_airborne.tab,15.0,14.136438440482165,191.81292513558674,90.0,downstream wake,8.43974150585709,0.988963004749668,188.3335639642,10.138099379067574,-0.2594775629409831
20160910_flight07,2,-15.8,7.845743113306731,54.64401576,7.99600766,98.03299999999999,2016-09-10 08:34:11,2016-09-10 08:34:13,3,2.042333333333333,7.696333333333333,8.244826256507773,7.754903657821261,0.043344167597204344,8.43974150585709,True,1.0117138083841768,9.171479106447336,7.7631162329222825,Flight 07,20160910_flight07_airborne.tab,15.0,14.136438440482165,191.81292513558674,90.0,downstream wake,8.43974150585709,0.9296188879554984,188.3335639642,10.138099379067574,-0.2594775629409831
20160910_flight07,2,-15.600000000000001,8.326052245812537,54.64451004000001,7.99309668,98.303,2016-09-10 08:34:14,2016-09-10 08:34:16,3,2.093,7.762999999999999,8.285419723828117,7.763572491340701,0.043344167597204344,8.43974150585709,True,1.0724511499183156,9.171479106447336,7.7631162329222825,Flight 07,20160910_flight07_airborne.tab,15.0,14.136438440482165,191.81292513558674,90.0,downstream wake,8.43974150585709,0.9865292959546624,188.3335639642,10.138099379067574,-0.2594775629409831
20160910_flight07,2,-15.4,8.244826256507773,54.644994399999995,7.99017487,97.479,2016-09-10 08:34:17,2016-09-10 08:34:19,3,2.1940000000000004,7.914999999999999,8.285419723828117,7.7722413248601425,0.043344167597204344,8.43974150585709,True,1.0608042020177666,9.171479106447336,7.7631162329222825,Flight 07,20160910_flight07_airborne.tab,15.0,14.136438440482165,191.81292513558674,90.0,downstream wake,8.43974150585709,0.9769050688087962,188.3335639642,10.138099379067574,-0.2594775629409831
20160910_flight07,2,-15.200000000000001,8.285419723828117,54.645443349999994,7.9872355200000005,96.84899999999999,2016-09-10 08:34:20,2016-09-10 08:34:22,3,2.1926666666666663,7.860333333333333,8.285419723828117,7.780910158379584,0.043344167597204344,8.43974150585709,True,1.0648394024836807,9.171479106447336,7.7631162329222825,Flight 07,20160910_flight07_airborne.tab,15.0,14.136438440482165,191.81292513558674,90.0,downstream wake,8.43974150585709,0.9817148686459325,188.3335639642,10.138099379067574,-0.2594775629409831
20160910_flight07,2,-15.0,8.334737548357477,54.645856880000004,7.9842853300000005,96.8,2016-09-10 08:34:23,2016-09-10 08:34:25,3,2.0100000000000002,8.127666666666668,8.244826256507773,7.789578991899024,0.043344167597204344,8.43974150585709,True,1.0699856252854494,9.171479106447336,7.7631162329222825,Flight 07,20160910_flight07_airborne.tab,15.0,14.136438440482165,191.81292513558674,90.0,downstream wake,8.43974150585709,0.9875583917556313,188.3335639642,10.138099379067574,-0.2594775629409831
20160910_flight07,2,-14.8,7.613309201654692,54.646248189999994,7.98132905,96.62899999999999,2016-09-10 08:34:26,2016-09-10 08:34:28,3,1.9446666666666668,7.458333333333333,8.099618262609663,7.798247825418465,0.043344167597204344,8.43974150585709,True,0.9762845926541391,9.171479106447336,7.7631162329222825,Flight 07,20160910_flight07_airborne.tab,15.0,14.136438440482165,191.81292513558674,90.0,downstream wake,8.43974150585709,0.9020784814761373,188.3335639642,10.138099379067574,-0.2594775629409831
20160910_flight07,2,-14.600000000000001,7.932151347522311,54.64662881,7.97836647,96.242,2016-09-10 08:34:29,2016-09-10 08:34:31,3,1.9233333333333331,7.531666666666666,8.050596810175007,7.806916658937906,0.043344167597204344,8.43974150585709,True,1.0160415044832107,9.171479106447336,7.7631162329222825,Flight 07,20160910_flight07_airborne.tab,15.0,14.136438440482165,191.81292513558674,90.0,downstream wake,8.43974150585709,0.9398571439679146,188.3335639642,10.138099379067574,-0.2594775629409831
20160910_flight07,2,-14.4,8.099618262609663,54.646995450000006,7.97539894,96.1,2016-09-10 08:34:32,2016-09-10 08:34:34,3,2.14,7.797666666666667,7.932151347522311,7.8155854924573465,0.043344167597204344,8.43974150585709,True,1.0363418416222854,9.171479106447336,7.7631162329222825,Flight 07,20160910_flight07_airborne.tab,15.0,14.136438440482165,191.81292513558674,90.0,downstream wake,8.43974150585709,0.9596998032449946,188.3335639642,10.138099379067574,-0.2594775629409831
20160910_flight07,2,-14.200000000000001,8.050596810175007,54.64735915999999,7.97243117,96.1,2016-09-10 08:34:35,2016-09-10 08:34:37,3,2.3213333333333335,7.701666666666667,8.050596810175007,7.824254325976788,0.043344167597204344,8.43974150585709,True,1.0289283137751228,9.171479106447336,7.7631162329222825,Flight 07,20160910_flight07_airborne.tab,15.0,14.136438440482165,191.81292513558674,90.0,downstream wake,8.43974150585709,0.9538913963879083,188.3335639642,10.138099379067574,-0.2594775629409831
20160910_flight07,2,-14.0,7.845999268340508,54.647781065000004,7.968970185,95.91850000000001,2016-09-10 08:34:38,2016-09-10 08:34:41,4,1.9772500000000002,7.58975,8.050596810175007,7.832923159496229,0.043344167597204344,8.43974150585709,True,1.0016693779037558,9.171479106447336,7.7631162329222825,Flight 07,20160910_flight07_airborne.tab,15.0,14.136438440482165,191.81292513558674,90.0,downstream wake,8.43974150585709,0.9296492390075537,188.3335639642,10.138099379067574,-0.2594775629409831
20160910_flight07,2,-13.8,8.10073607766603,54.648208000000004,7.96551233,95.95100000000001,2016-09-10 08:34:42,2016-09-10 08:34:44,3,1.809,7.9093333333333335,7.845999268340508,7.841591993015669,0.043344167597204344,8.43974150585709,True,1.0330473818175154,9.171479106447336,7.7631162329222825,Flight 07,20160910_flight07_airborne.tab,15.0,14.136438440482165,191.81292513558674,90.0,downstream wake,8.43974150585709,0.9598322498436956,188.3335639642,10.138099379067574,-0.2594775629409831
20160910_flight07,2,-13.600000000000001,7.720600559541984,54.648574239999995,7.96254621,95.493,2016-09-10 08:34:45,2016-09-10 08:34:47,3,1.5493333333333332,7.459666666666666,7.766770564398049,7.85026082653511,0.043344167597204344,8.43974150585709,True,0.9834833173243297,9.171479106447336,7.7631162329222825,Flight 07,20160910_flight07_airborne.tab,15.0,14.136438440482165,191.81292513558674,90.0,downstream wake,8.43974150585709,0.9147911170246116,188.3335639642,10.138099379067574,-0.2594775629409831
20160910_flight07,2,-13.4,7.766770564398049,54.64894169,7.9595740699999995,94.861,2016-09-10 08:34:48,2016-09-10 08:34:50,3,1.8646666666666667,7.517,7.750057870751675,7.858929660054551,0.043344167597204344,8.43974150585709,True,0.9882733273304469,9.171479106447336,7.7631162329222825,Flight 07,20160910_flight07_airborne.tab,15.0,14.136438440482165,191.81292513558674,90.0,downstream wake,8.43974150585709,0.9202616642948122,188.3335639642,10.138099379067574,-0.2594775629409831
20160910_flight07,2,-13.200000000000001,7.569527594242588,54.64931248,7.95659915,94.5,2016-09-10 08:34:51,2016-09-10 08:34:53,3,1.7383333333333333,7.332,7.750057870751675,7.867598493573992,0.043344167597204344,8.43974150585709,True,0.9621141191209924,9.171479106447336,7.7631162329222825,Flight 07,20160910_flight07_airborne.tab,15.0,14.136438440482165,191.81292513558674,90.0,downstream wake,8.43974150585709,0.8968909283524167,188.3335639642,10.138099379067574,-0.2594775629409831
20160910_flight07,2,-13.0,7.750057870751675,54.6496852,7.95362523,94.556,2016-09-10 08:34:54,2016-09-10 08:34:56,3,1.7363333333333333,7.659666666666666,7.766770564398049,7.876267327093433,0.043344167597204344,8.43974150585709,True,0.983975981121462,9.171479106447336,7.7631162329222825,Flight 07,20160910_flight07_airborne.tab,15.0,14.136438440482165,191.81292513558674,90.0,downstream wake,8.43974150585709,0.9182814266732244,188.3335639642,10.138099379067574,-0.2594775629409831
20160910_flight07,2,-12.8,8.457690760485393,54.6500586,7.9506516,94.7,2016-09-10 08:34:57,2016-09-10 08:34:59,3,2.058333333333333,8.090666666666666,7.8146240472590875,7.884936160612874,0.043344167597204344,8.43974150585709,True,1.0726390915799122,9.171479106447336,7.7631162329222825,Flight 07,20160910_flight07_airborne.tab,15.0,14.136438440482165,191.81292513558674,90.0,downstream wake,8.43974150585709,1.00212675407367,188.3335639642,10.138099379067574,-0.2594775629409831
20160910_flight07,2,-12.600000000000001,8.17259181655367,54.65043732,7.9476797999999995,94.8,2016-09-10 08:35:00,2016-09-10 08:35:02,3,1.9873333333333332,7.964333333333333,7.8146240472590875,7.893604994132315,0.043344167597204344,8.43974150585709,True,1.035343397931457,9.171479106447336,7.7631162329222825,Flight 07,20160910_flight07_airborne.tab,15.0,14.136438440482165,191.81292513558674,90.0,downstream wake,8.43974150585709,0.9683462237418029,188.3335639642,10.138099379067574,-0.2594775629409831
20160910_flight07,2,-12.4,7.8146240472590875,54.650819330000004,7.944708950000001,94.82,2016-09-10 08:35:03,2016-09-10 08:35:05,3,1.8956666666666668,7.5456666666666665,7.8146240472590875,7.902273827651755,0.043344167597204344,8.43974150585709,True,0.9889082835770684,9.171479106447336,7.7631162329222825,Flight 07,20160910_flight07_airborne.tab,15.0,14.136438440482165,191.81292513558674,90.0,downstream wake,8.43974150585709,0.9259316818928427,188.3335639642,10.138099379067574,-0.2594775629409831
20160910_flight07,2,-12.200000000000001,7.592365244112008,54.65120590000001,7.94173661,94.69800000000001,2016-09-10 08:35:06,2016-09-10 08:35:08,3,1.7173333333333334,7.435333333333333,7.592365244112008,7.910942661171196,0.043344167597204344,8.43974150585709,True,0.9597295252027495,9.171479106447336,7.7631162329222825,Flight 07,20160910_flight07_airborne.tab,15.0,14.136438440482165,191.81292513558674,90.0,downstream wake,8.43974150585709,0.8995968939146998,188.3335639642,10.138099379067574,-0.2594775629409831
20160910_flight07,2,-12.0,7.530251589422495,54.651601,7.938761469999999,94.06700000000001,2016-09-10 08:35:09,2016-09-10 08:35:11,3,1.7543333333333333,7.453,7.530251589422495,7.9196114946906375,0.043344167597204344,8.43974150585709,True,0.950835984122558,9.171479106447336,7.7631162329222825,Flight 07,20160910_flight07_airborne.tab,15.0,14.136438440482165,191.81292513558674,90.0,downstream wake,8.43974150585709,0.8922372307489017,188.3335639642,10.138099379067574,-0.2594775629409831
20160910_flight07,2,-11.8,6.810642921193271,54.651986029999996,7.935780210000001,93.759,2016-09-10 08:35:12,2016-09-10 08:35:14,3,1.455,6.839333333333333,7.530251589422495,7.928280328210079,0.043344167597204344,8.43974150585709,True,0.8590315477317222,9.171479106447336,7.7631162329222825,Flight 07,20160910_flight07_airborne.tab,15.0,14.136438440482165,191.81292513558674,90.0,downstream wake,8.43974150585709,0.8069729287877784,188.3335639642,10.138099379067574,-0.2594775629409831
20160910_flight07,2,-11.600000000000001,7.396877314110327,54.6523593,7.93279467,93.786,2016-09-10 08:35:15,2016-09-10 08:35:17,3,1.8336666666666666,7.314333333333334,7.530251589422495,7.936949161729519,0.043344167597204344,8.43974150585709,True,0.9319547301344303,9.171479106447336,7.7631162329222825,Flight 07,20160910_flight07_airborne.tab,15.0,14.136438440482165,191.81292513558674,90.0,downstream wake,8.43974150585709,0.8764341074874122,188.3335639642,10.138099379067574,-0.2594775629409831
20160910_flight07,2,-11.4,7.820928653299427,54.6527218,7.929809410000001,94.04,2016-09-10 08:35:18,2016-09-10 08:35:20,3,1.6623333333333334,7.361999999999999,7.647896050548804,7.94561799524896,0.043344167597204344,8.43974150585709,True,0.9843071562181708,9.171479106447336,7.7631162329222825,Flight 07,20160910_flight07_airborne.tab,15.0,14.136438440482165,191.81292513558674,90.0,downstream wake,8.43974150585709,0.9266786960088514,188.3335639642,10.138099379067574,-0.2594775629409831
20160910_flight07,2,-11.200000000000001,8.157970335812701,54.65307885,7.92682459,94.166,2016-09-10 08:35:21,2016-09-10 08:35:23,3,1.9456666666666667,7.846,7.820928653299427,7.954286828768401,0.043344167597204344,8.43974150585709,True,1.0256067591512585,9.171479106447336,7.7631162329222825,Flight 07,20160910_flight07_airborne.tab,15.0,14.136438440482165,191.81292513558674,90.0,downstream wake,8.43974150585709,0.9666137677500144,188.3335639642,10.138099379067574,-0.2594775629409831
20160910_flight07,2,-11.0,7.647896050548804,54.65343486,7.92384054,94.00399999999999,2016-09-10 08:35:24,2016-09-10 08:35:26,3,1.7169999999999999,7.44,7.820928653299427,7.9629556622878415,0.043344167597204344,8.43974150585709,True,0.9604343380648037,9.171479106447336,7.7631162329222825,Flight 07,20160910_flight07_airborne.tab,15.0,14.136438440482165,191.81292513558674,90.0,downstream wake,8.43974150585709,0.9061765748679917,188.3335639642,10.138099379067574,-0.2594775629409831
20160910_flight07,2,-10.8,8.00702703879536,54.65379782,7.92085638,93.727,2016-09-10 08:35:27,2016-09-10 08:35:29,3,2.1856666666666666,7.649333333333334,7.7890806902997225,7.971624495807283,0.043344167597204344,8.43974150585709,True,1.0044410700738222,9.171479106447336,7.7631162329222825,Flight 07,20160910_flight07_airborne.tab,15.0,14.136438440482165,191.81292513558674,90.0,downstream wake,8.43974150585709,0.9487289430889051,188.3335639642,10.138099379067574,-0.2594775629409831
20160910_flight07,2,-10.600000000000001,7.782420510355374,54.65416232,7.91787377,94.09599999999999,2016-09-10 08:35:30,2016-09-10 08:35:32,3,2.021333333333333,7.533333333333332,7.782420510355374,7.980293329326724,0.043344167597204344,8.43974150585709,True,0.9752048188198561,9.171479106447336,7.7631162329222825,Flight 07,20160910_flight07_airborne.tab,15.0,14.136438440482165,191.81292513558674,90.0,downstream wake,8.43974150585709,0.9221159800871221,188.3335639642,10.138099379067574,-0.2594775629409831
20160910_flight07,2,-10.4,7.7890806902997225,54.654525379999995,7.91489235,94.1,2016-09-10 08:35:33,2016-09-10 08:35:35,3,2.1806666666666668,7.376333333333334,7.7890806902997225,7.988962162846164,0.043344167597204344,8.43974150585709,True,0.9749802955037115,9.171479106447336,7.7631162329222825,Flight 07,20160910_flight07_airborne.tab,15.0,14.136438440482165,191.81292513558674,90.0,downstream wake,8.43974150585709,0.922905125102965,188.3335639642,10.138099379067574,-0.2594775629409831
20160910_flight07,2,-10.200000000000001,7.552677129970267,54.654921335,7.91140873,93.50550000000001,2016-09-10 08:35:36,2016-09-10 08:35:39,4,1.8922499999999998,7.29475,7.7890806902997225,7.997630996365605,0.043344167597204344,8.43974150585709,True,0.944364291551143,9.171479106447336,7.7631162329222825,Flight 07,20160910_flight07_airborne.tab,15.0,14.136438440482165,191.81292513558674,90.0,downstream wake,8.43974150585709,0.8948943666969883,188.3335639642,10.138099379067574,-0.2594775629409831
20160910_flight07,2,-10.0,7.791314715758824,54.655286239999995,7.90791695,93.03299999999999,2016-09-10 08:35:40,2016-09-10 08:35:42,3,1.7616666666666667,7.306,7.791314715758824,8.006299829885046,0.043344167597204344,8.43974150585709,True,0.9731480061084211,9.171479106447336,7.7631162329222825,Flight 07,20160910_flight07_airborne.tab,15.0,14.136438440482165,191.81292513558674,90.0,downstream wake,8.43974150585709,0.9231698281697058,188.3335639642,10.138099379067574,-0.2594775629409831
20160910_flight07,2,-9.8,8.015994074349107,54.65558156,7.904922299999999,92.71600000000001,2016-09-10 08:35:43,2016-09-10 08:35:45,3,1.771,7.600666666666666,7.791314715758824,8.014968663404487,0.043344167597204344,8.43974150585709,False,1.000127936987365,9.171479106447336,7.7631162329222825,Flight 07,20160910_flight07_airborne.tab,15.0,14.136438440482165,191.81292513558674,90.0,downstream wake,8.43974150585709,0.9497914206005118,188.3335639642,10.138099379067574,-0.2594775629409831
20160910_flight07,2,-9.600000000000001,7.907409247029017,54.655867259999994,7.90192654,92.837,2016-09-10 08:35:46,2016-09-10 08:35:48,3,1.9320000000000004,7.664666666666666,7.791314715758824,8.023637496923929,0.043344167597204344,8.43974150585709,False,0.9855142695642132,9.171479106447336,7.7631162329222825,Flight 07,20160910_flight07_airborne.tab,15.0,14.136438440482165,191.81292513558674,90.0,downstream wake,8.43974150585709,0.9369255256859894,188.3335639642,10.138099379067574,-0.2594775629409831
20160910_flight07,2,-9.4,7.396329427493072,54.65614296,7.89893456,93.2,2016-09-10 08:35:49,2016-09-10 08:35:51,3,1.8236666666666668,7.213,7.689103458791539,8.032306330443369,0.043344167597204344,8.43974150585709,False,0.9208226284224407,9.171479106447336,7.7631162329222825,Flight 07,20160910_flight07_airborne.tab,15.0,14.136438440482165,191.81292513558674,90.0,downstream wake,8.43974150585709,0.8763691900231896,188.3335639642,10.138099379067574,-0.2594775629409831
20160910_flight07,2,-9.200000000000001,7.689103458791539,54.656415800000005,7.895943959999999,93.14399999999999,2016-09-10 08:35:52,2016-09-10 08:35:54,3,1.7963333333333331,7.477,7.582377001969765,8.040975163962809,0.043344167597204344,8.43974150585709,False,0.9562401701290845,9.171479106447336,7.7631162329222825,Flight 07,20160910_flight07_airborne.tab,15.0,14.136438440482165,191.81292513558674,90.0,downstream wake,8.43974150585709,0.9110591187485285,188.3335639642,10.138099379067574,-0.2594775629409831
20160910_flight07,2,-9.0,7.582377001969765,54.65669183,7.892951450000001,92.87200000000001,2016-09-10 08:35:55,2016-09-10 08:35:57,3,1.6786666666666665,7.273333333333333,7.396329427493072,8.049643997482251,0.043344167597204344,8.43974150585709,False,0.9419518433785846,9.171479106447336,7.7631162329222825,Flight 07,20160910_flight07_airborne.tab,15.0,14.136438440482165,191.81292513558674,90.0,downstream wake,8.43974150585709,0.8984134166559103,188.3335639642,10.138099379067574,-0.2594775629409831
20160910_flight07,2,-8.8,7.336962654941076,54.65697077,7.88995512,92.677,2016-09-10 08:35:58,2016-09-10 08:36:00,3,1.5916666666666668,7.136,7.582377001969765,8.058312831001691,0.043344167597204344,8.43974150585709,False,0.9104837214453304,9.171479106447336,7.7631162329222825,Flight 07,20160910_flight07_airborne.tab,15.0,14.136438440482165,191.81292513558674,90.0,downstream wake,8.43974150585709,0.8693349967945468,188.3335639642,10.138099379067574,-0.2594775629409831
20160910_flight07,2,-8.6,7.263799832043832,54.6572562,7.88696094,92.49600000000001,2016-09-10 08:36:01,2016-09-10 08:36:03,3,1.4486666666666668,7.177,7.582377001969765,8.066981664521132,0.043344167597204344,8.43974150585709,False,0.900435892149139,9.171479106447336,7.7631162329222825,Flight 07,20160910_flight07_airborne.tab,15.0,14.136438440482165,191.81292513558674,90.0,downstream wake,8.43974150585709,0.8606661503794676,188.3335639642,10.138099379067574,-0.2594775629409831
20160910_flight07,2,-8.4,7.657742813649463,54.65754207,7.88396603,92.3,2016-09-10 08:36:04,2016-09-10 08:36:06,3,1.7196666666666667,7.460999999999999,7.657742813649463,8.075650498040574,0.043344167597204344,8.43974150585709,False,0.9482508951455354,9.171479106447336,7.7631162329222825,Flight 07,20160910_flight07_airborne.tab,15.0,14.136438440482165,191.81292513558674,90.0,downstream wake,8.43974150585709,0.907343288693744,188.3335639642,10.138099379067574,-0.2594775629409831
20160910_flight07,2,-8.200000000000001,7.981670125982406,54.65782593,7.88097181,92.49,2016-09-10 08:36:07,2016-09-10 08:36:09,3,2.14,7.708333333333333,7.657742813649463,8.084319331560014,0.043344167597204344,8.43974150585709,False,0.98730267801559,9.171479106447336,7.7631162329222825,Flight 07,20160910_flight07_airborne.tab,15.0,14.136438440482165,191.81292513558674,90.0,downstream wake,8.43974150585709,0.9457244775142951,188.3335639642,10.138099379067574,-0.2594775629409831
20160910_flight07,2,-8.0,7.827420775708944,54.658105109999994,7.87798268,92.87899999999999,2016-09-10 08:36:10,2016-09-10 08:36:12,3,2.009,7.550666666666667,7.827420775708944,8.092988165079454,0.043344167597204344,8.43974150585709,False,0.9671854963885391,9.171479106447336,7.7631162329222825,Flight 07,20160910_flight07_airborne.tab,15.0,14.136438440482165,191.81292513558674,90.0,downstream wake,8.43974150585709,0.9274479283846311,188.3335639642,10.138099379067574,-0.2594775629409831
20160910_flight07,2,-7.800000000000001,7.605159432911318,54.65838186,7.87499519,93.068,2016-09-10 08:36:13,2016-09-10 08:36:15,3,1.9133333333333333,7.3,7.827420775708944,8.101656998598896,0.043344167597204344,8.43974150585709,False,0.9387165408541187,9.171479106447336,7.7631162329222825,Flight 07,20160910_flight07_airborne.tab,15.0,14.136438440482165,191.81292513558674,90.0,downstream wake,8.43974150585709,0.901112839490809,188.3335639642,10.138099379067574,-0.2594775629409831
20160910_flight07,2,-7.6000000000000005,7.874257425306847,54.658663669999996,7.872006300000001,92.726,2016-09-10 08:36:16,2016-09-10 08:36:18,3,1.915,7.416333333333333,7.6157043666360895,8.110325832118336,0.043344167597204344,8.43974150585709,False,0.9708928578582359,9.171479106447336,7.7631162329222825,Flight 07,20160910_flight07_airborne.tab,15.0,14.136438440482165,191.81292513558674,90.0,downstream wake,8.43974150585709,0.9329974644178612,188.3335639642,10.138099379067574,-0.2594775629409831
20160910_flight07,2,-7.4,7.6157043666360895,54.658949140000004,7.86901484,92.495,2016-09-10 08:36:19,2016-09-10 08:36:21,3,1.904,7.415666666666667,7.605159432911318,8.118994665637777,0.043344167597204344,8.43974150585709,False,0.9380107612175463,9.171479106447336,7.7631162329222825,Flight 07,20160910_flight07_airborne.tab,15.0,14.136438440482165,191.81292513558674,90.0,downstream wake,8.43974150585709,0.9023622774881047,188.3335639642,10.138099379067574,-0.2594775629409831
20160910_flight07,2,-7.2,7.291920803190337,54.659231659999996,7.8660247000000005,91.96300000000001,2016-09-10 08:36:22,2016-09-10 08:36:24,3,1.6246666666666665,7.1896666666666675,7.599505731089408,8.127663499157219,0.043344167597204344,8.43974150585709,False,0.897173068735739,9.171479106447336,7.7631162329222825,Flight 07,20160910_flight07_airborne.tab,15.0,14.136438440482165,191.81292513558674,90.0,downstream wake,8.43974150585709,0.8639981210478808,188.3335639642,10.138099379067574,-0.2594775629409831
20160910_flight07,2,-7.0,7.43479629848727,54.6595074,7.863034320000001,92.005,2016-09-10 08:36:25,2016-09-10 08:36:27,3,1.542,7.304666666666667,7.43479629848727,8.136332332676659,0.043344167597204344,8.43974150585709,False,0.913777362390678,9.171479106447336,7.7631162329222825,Flight 07,20160910_flight07_airborne.tab,15.0,14.136438440482165,191.81292513558674,90.0,downstream wake,8.43974150585709,0.8809270157536936,188.3335639642,10.138099379067574,-0.2594775629409831
20160910_flight07,2,-6.800000000000001,7.599505731089408,54.659817355,7.85954627,92.2805,2016-09-10 08:36:28,2016-09-10 08:36:31,4,1.4212500000000001,7.39725,7.43479629848727,8.1450011661961,0.043344167597204344,8.43974150585709,False,0.9330269666049109,9.171479106447336,7.7631162329222825,Flight 07,20160910_flight07_airborne.tab,15.0,14.136438440482165,191.81292513558674,90.0,downstream wake,8.43974150585709,0.9004429490897836,188.3335639642,10.138099379067574,-0.2594775629409831
20160910_flight07,2,-6.6000000000000005,7.4259016960905155,54.6601253,7.85605622,92.205,2016-09-10 08:36:32,2016-09-10 08:36:34,3,1.4536666666666669,7.222,7.571081890984933,8.153669999715541,0.043344167597204344,8.43974150585709,False,0.9107434684442202,9.171479106447336,7.7631162329222825,Flight 07,20160910_flight07_airborne.tab,15.0,14.136438440482165,191.81292513558674,90.0,downstream wake,8.43974150585709,0.8798731206325479,188.3335639642,10.138099379067574,-0.2594775629409831
20160910_flight07,2,-6.4,7.571081890984933,54.66038996,7.853063550000001,92.131,2016-09-10 08:36:35,2016-09-10 08:36:37,3,1.3176666666666665,7.478333333333334,7.571081890984933,8.162338833234982,0.043344167597204344,8.43974150585709,False,0.9275628034647865,9.171479106447336,7.7631162329222825,Flight 07,20160910_flight07_airborne.tab,15.0,14.136438440482165,191.81292513558674,90.0,downstream wake,8.43974150585709,0.897075092374652,188.3335639642,10.138099379067574,-0.2594775629409831
20160910_flight07,2,-6.2,7.588204003583456,54.66065883,7.85006831,91.94800000000001,2016-09-10 08:36:38,2016-09-10 08:36:40,3,1.5889999999999997,7.346333333333334,7.515188354259658,8.171007666754422,0.043344167597204344,8.43974150585709,False,0.9286741994451635,9.171479106447336,7.7631162329222825,Flight 07,20160910_flight07_airborne.tab,15.0,14.136438440482165,191.81292513558674,90.0,downstream wake,8.43974150585709,0.8991038408365144,188.3335639642,10.138099379067574,-0.2594775629409831
20160910_flight07,2,-6.0,7.515188354259658,54.66093218,7.84707407,92.23700000000001,2016-09-10 08:36:41,2016-09-10 08:36:43,3,1.442,7.378333333333333,7.515188354259658,8.179676500273864,0.043344167597204344,8.43974150585709,False,0.9187635176046439,9.171479106447336,7.7631162329222825,Flight 07,20160910_flight07_airborne.tab,15.0,14.136438440482165,191.81292513558674,90.0,downstream wake,8.43974150585709,0.890452432582704,188.3335639642,10.138099379067574,-0.2594775629409831
20160910_flight07,2,-5.800000000000001,7.3277392147919675,54.66120887,7.844079880000001,92.35,2016-09-10 08:36:44,2016-09-10 08:36:46,3,1.4113333333333333,7.236,7.397115248527632,8.188345333793304,0.043344167597204344,8.43974150585709,False,0.8948986536450027,9.171479106447336,7.7631162329222825,Flight 07,20160910_flight07_airborne.tab,15.0,14.136438440482165,191.81292513558674,90.0,downstream wake,8.43974150585709,0.868242138661071,188.3335639642,10.138099379067574,-0.2594775629409831
20160910_flight07,2,-5.6000000000000005,7.397115248527632,54.661486169999996,7.841084509999999,91.994,2016-09-10 08:36:47,2016-09-10 08:36:49,3,1.3563333333333334,7.256,7.3277392147919675,8.197014167312744,0.043344167597204344,8.43974150585709,False,0.902415818436075,9.171479106447336,7.7631162329222825,Flight 07,20160910_flight07_airborne.tab,15.0,14.136438440482165,191.81292513558674,90.0,downstream wake,8.43974150585709,0.8764622996325319,188.3335639642,10.138099379067574,-0.2594775629409831
20160910_flight07,2,-5.4,7.306329379380593,54.661764149999996,7.83808548,91.554,2016-09-10 08:36:50,2016-09-10 08:36:52,3,1.3659999999999999,7.1626666666666665,7.306329379380593,8.205683000832186,0.043344167597204344,8.43974150585709,False,0.8903986881579041,9.171479106447336,7.7631162329222825,Flight 07,20160910_flight07_airborne.tab,15.0,14.136438440482165,191.81292513558674,90.0,downstream wake,8.43974150585709,0.8657053506093852,188.3335639642,10.138099379067574,-0.2594775629409831
20160910_flight07,2,-5.2,7.0438776252856625,54.66204011,7.835085,91.65,2016-09-10 08:36:53,2016-09-10 08:36:55,3,1.245,7.004333333333334,7.24929031009243,8.214351834351627,0.043344167597204344,8.43974150585709,False,0.8575086345618709,9.171479106447336,7.7631162329222825,Flight 07,20160910_flight07_airborne.tab,15.0,14.136438440482165,191.81292513558674,90.0,downstream wake,8.43974150585709,0.8346082187940576,188.3335639642,10.138099379067574,-0.2594775629409831
20160910_flight07,2,-5.0,7.058399606143024,54.662307010000006,7.832084999999999,92.166,2016-09-10 08:36:56,2016-09-10 08:36:58,3,1.3796666666666664,6.894000000000001,7.058399606143024,8.223020667871067,0.043344167597204344,8.43974150585709,False,0.8583706512767939,9.171479106447336,7.7631162329222825,Flight 07,20160910_flight07_airborne.tab,15.0,14.136438440482165,191.81292513558674,90.0,downstream wake,8.43974150585709,0.8363288853390322,188.3335639642,10.138099379067574,-0.2594775629409831
20160910_flight07,2,-4.800000000000001,7.24929031009243,54.662565279999995,7.82908546,92.38600000000001,2016-09-10 08:36:59,2016-09-10 08:37:01,3,1.3176666666666665,7.128333333333333,7.049786521590565,8.231689501390509,0.043344167597204344,8.43974150585709,False,0.8806564325425381,9.171479106447336,7.7631162329222825,Flight 07,20160910_flight07_airborne.tab,15.0,14.136438440482165,191.81292513558674,90.0,downstream wake,8.43974150585709,0.8589469600533975,188.3335639642,10.138099379067574,-0.2594775629409831
20160910_flight07,2,-4.6000000000000005,6.969186537896657,54.662819330000005,7.82608642,92.4,2016-09-10 08:37:02,2016-09-10 08:37:04,3,1.3230000000000002,6.878,7.049786521590565,8.24035833490995,0.043344167597204344,8.43974150585709,False,0.8457382864495074,9.171479106447336,7.7631162329222825,Flight 07,20160910_flight07_airborne.tab,15.0,14.136438440482165,191.81292513558674,90.0,downstream wake,8.43974150585709,0.8257582928410919,188.3335639642,10.138099379067574,-0.2594775629409831
20160910_flight07,2,-4.4,7.049786521590565,54.66307543,7.823087,91.991,2016-09-10 08:37:05,2016-09-10 08:37:07,3,1.3526666666666667,6.8629999999999995,6.969186537896657,8.24902716842939,0.043344167597204344,8.43974150585709,False,0.8546203543335935,9.171479106447336,7.7631162329222825,Flight 07,20160910_flight07_airborne.tab,15.0,14.136438440482165,191.81292513558674,90.0,downstream wake,8.43974150585709,0.8353083464343178,188.3335639642,10.138099379067574,-0.2594775629409831
20160910_flight07,2,-4.2,6.839354501705553,54.663332940000004,7.82008441,91.8,2016-09-10 08:37:08,2016-09-10 08:37:10,3,1.328,6.695333333333333,6.839354501705553,8.257696001948831,0.043344167597204344,8.43974150585709,False,0.8282400442074221,9.171479106447336,7.7631162329222825,Flight 07,20160910_flight07_airborne.tab,15.0,14.136438440482165,191.81292513558674,90.0,downstream wake,8.43974150585709,0.810374879012481,188.3335639642,10.138099379067574,-0.2594775629409831
20160910_flight07,2,-4.0,6.670165290305781,54.66359076,7.817082,92.259,2016-09-10 08:37:11,2016-09-10 08:37:13,3,1.4313333333333336,6.506666666666667,6.676649534010303,8.266364835468272,0.043344167597204344,8.43974150585709,False,0.8069042950640505,9.171479106447336,7.7631162329222825,Flight 07,20160910_flight07_airborne.tab,15.0,14.136438440482165,191.81292513558674,90.0,downstream wake,8.43974150585709,0.7903281499411752,188.3335639642,10.138099379067574,-0.2594775629409831
20160910_flight07,2,-3.8000000000000003,6.676649534010303,54.6638431,7.814081,92.3,2016-09-10 08:37:14,2016-09-10 08:37:16,3,1.2973333333333334,6.542999999999999,6.670165290305781,8.275033668987714,0.043344167597204344,8.43974150585709,False,0.806842582288497,9.171479106447336,7.7631162329222825,Flight 07,20160910_flight07_airborne.tab,15.0,14.136438440482165,191.81292513558674,90.0,downstream wake,8.43974150585709,0.7910964487925111,188.3335639642,10.138099379067574,-0.2594775629409831
20160910_flight07,2,-3.6,6.559180207922328,54.66408993,7.8110782400000005,91.895,2016-09-10 08:37:17,2016-09-10 08:37:19,3,1.1456666666666668,6.4750000000000005,6.596909301656428,8.283702502507154,0.043344167597204344,8.43974150585709,False,0.7918174519107994,9.171479106447336,7.7631162329222825,Flight 07,20160910_flight07_airborne.tab,15.0,14.136438440482165,191.81292513558674,90.0,downstream wake,8.43974150585709,0.7771778559059336,188.3335639642,10.138099379067574,-0.2594775629409831
20160910_flight07,2,-3.4000000000000004,6.56959694349661,54.66433486,7.8080708,91.324,2016-09-10 08:37:20,2016-09-10 08:37:22,3,1.0706666666666667,6.5,6.56959694349661,8.292371336026594,0.043344167597204344,8.43974150585709,False,0.7922458700027928,9.171479106447336,7.7631162329222825,Flight 07,20160910_flight07_airborne.tab,15.0,14.136438440482165,191.81292513558674,90.0,downstream wake,8.43974150585709,0.7784121040836832,188.3335639642,10.138099379067574,-0.2594775629409831
20160910_flight07,2,-3.2,6.596909301656428,54.664621115,7.80455829,91.246,2016-09-10 08:37:23,2016-09-10 08:37:26,4,1.15125,6.479,6.559180207922328,8.301040169546036,0.043344167597204344,8.43974150585709,False,0.7947087553989269,9.171479106447336,7.7631162329222825,Flight 07,20160910_flight07_airborne.tab,15.0,14.136438440482165,191.81292513558674,90.0,downstream wake,8.43974150585709,0.7816482645917822,188.3335639642,10.138099379067574,-0.2594775629409831
20160910_flight07,2,-3.0,6.450867306029477,54.66490756,7.80104603,91.4,2016-09-10 08:37:27,2016-09-10 08:37:29,3,1.0593333333333332,6.286666666666666,6.450867306029477,8.309709003065477,0.043344167597204344,8.43974150585709,False,0.7763048385508725,9.171479106447336,7.7631162329222825,Flight 07,20160910_flight07_airborne.tab,15.0,14.136438440482165,191.81292513558674,90.0,downstream wake,8.43974150585709,0.7643441806307273,188.3335639642,10.138099379067574,-0.2594775629409831
20160910_flight07,2,-2.8000000000000003,6.095013043464304,54.66515294,7.798034619999999,91.09100000000001,2016-09-10 08:37:30,2016-09-10 08:37:32,3,0.8809999999999999,5.946666666666666,6.450867306029477,8.318377836584917,0.043344167597204344,8.43974150585709,False,0.7327165419990819,9.171479106447336,7.7631162329222825,Flight 07,20160910_flight07_airborne.tab,15.0,14.136438440482165,191.81292513558674,90.0,downstream wake,8.43974150585709,0.7221800619408107,188.3335639642,10.138099379067574,-0.2594775629409831
20160910_flight07,2,-2.6,6.052260569407103,54.66539558,7.79502047,90.9,2016-09-10 08:37:33,2016-09-10 08:37:35,3,0.8776666666666667,6.163999999999999,6.450867306029477,8.327046670104359,0.043344167597204344,8.43974150585709,False,0.7268195807207183,9.171479106447336,7.7631162329222825,Flight 07,20160910_flight07_airborne.tab,15.0,14.136438440482165,191.81292513558674,90.0,downstream wake,8.43974150585709,0.7171144477833711,188.3335639642,10.138099379067574,-0.2594775629409831
20160910_flight07,2,-2.4000000000000004,6.689204586496065,54.66563367,7.79200268,90.96600000000001,2016-09-10 08:37:36,2016-09-10 08:37:38,3,1.3096666666666665,6.5696666666666665,6.689204586496065,8.335715503623799,0.043344167597204344,8.43974150585709,False,0.8024751544829063,9.171479106447336,7.7631162329222825,Flight 07,20160910_flight07_airborne.tab,15.0,14.136438440482165,191.81292513558674,90.0,downstream wake,8.43974150585709,0.7925840598143711,188.3335639642,10.138099379067574,-0.2594775629409831
20160910_flight07,2,-2.2,6.870829498685001,54.66586798,7.78898635,91.508,2016-09-10 08:37:39,2016-09-10 08:37:41,3,1.3099999999999998,6.739999999999999,6.836857830904487,8.34438433714324,0.043344167597204344,8.43974150585709,False,0.8234076021763493,9.171479106447336,7.7631162329222825,Flight 07,20160910_flight07_airborne.tab,15.0,14.136438440482165,191.81292513558674,90.0,downstream wake,8.43974150585709,0.814104258278138,188.3335639642,10.138099379067574,-0.2594775629409831
20160910_flight07,2,-2.0,6.917029564777066,54.66610568,7.7859725200000005,91.7,2016-09-10 08:37:42,2016-09-10 08:37:44,3,1.308,6.790333333333334,6.836857830904487,8.353053170662681,0.043344167597204344,8.43974150585709,False,0.8280839859933886,9.171479106447336,7.7631162329222825,Flight 07,20160910_flight07_airborne.tab,15.0,14.136438440482165,191.81292513558674,90.0,downstream wake,8.43974150585709,0.8195783674152488,188.3335639642,10.138099379067574,-0.2594775629409831
20160910_flight07,2,-1.8,6.836857830904487,54.6663507,7.78295889,91.59299999999999,2016-09-10 08:37:45,2016-09-10 08:37:47,3,1.3773333333333333,6.691666666666666,6.836857830904487,8.361722004182122,0.043344167597204344,8.43974150585709,False,0.8176375425402839,9.171479106447336,7.7631162329222825,Flight 07,20160910_flight07_airborne.tab,15.0,14.136438440482165,191.81292513558674,90.0,downstream wake,8.43974150585709,0.8100790558762708,188.3335639642,10.138099379067574,-0.2594775629409831
20160910_flight07,2,-1.6,6.646489148415124,54.666602139999995,7.77994584,91.32600000000001,2016-09-10 08:37:48,2016-09-10 08:37:50,3,1.2006666666666668,6.495,6.646489148415124,8.370390837701562,0.043344167597204344,8.43974150585709,False,0.7940476469125297,9.171479106447336,7.7631162329222825,Flight 07,20160910_flight07_airborne.tab,15.0,14.136438440482165,191.81292513558674,90.0,downstream wake,8.43974150585709,0.7875228339401784,188.3335639642,10.138099379067574,-0.2594775629409831
20160910_flight07,2,-1.4000000000000001,6.431613250188478,54.666854130000004,7.77693281,91.1,2016-09-10 08:37:51,2016-09-10 08:37:53,3,1.2993333333333335,6.321666666666666,6.646489148415124,8.379059671221004,0.043344167597204344,8.43974150585709,False,0.7675817457511026,9.171479106447336,7.7631162329222825,Flight 07,20160910_flight07_airborne.tab,15.0,14.136438440482165,191.81292513558674,90.0,downstream wake,8.43974150585709,0.7620628245219369,188.3335639642,10.138099379067574,-0.2594775629409831
20160910_flight07,2,-1.2000000000000002,6.517477809705224,54.66710761,7.773920540000001,91.16,2016-09-10 08:37:54,2016-09-10 08:37:56,3,1.2866666666666668,6.399666666666666,6.646489148415124,8.387728504740444,0.043344167597204344,8.43974150585709,False,0.7770253658093224,9.171479106447336,7.7631162329222825,Flight 07,20160910_flight07_airborne.tab,15.0,14.136438440482165,191.81292513558674,90.0,downstream wake,8.43974150585709,0.7722366621278821,188.3335639642,10.138099379067574,-0.2594775629409831
20160910_flight07,2,-1.0,6.655644521757453,54.667370760000004,7.77091104,91.53699999999999,2016-09-10 08:37:57,2016-09-10 08:37:59,3,1.2283333333333333,6.572,6.655644521757453,8.396397338259884,0.043344167597204344,8.43974150585709,False,0.7926786041234211,9.171479106447336,7.7631162329222825,Flight 07,20160910_flight07_airborne.tab,15.0,14.136438440482165,191.81292513558674,90.0,downstream wake,8.43974150585709,0.788607627039111,188.3335639642,10.138099379067574,-0.2594775629409831
20160910_flight07,2,-0.8,6.772912593559732,54.667652260000004,7.767902830000001,91.5,2016-09-10 08:38:00,2016-09-10 08:38:02,3,1.4400000000000002,6.671666666666667,6.655644521757453,8.405066171779326,0.043344167597204344,8.43974150585709,False,0.8058131197467928,9.171479106447336,7.7631162329222825,Flight 07,20160910_flight07_airborne.tab,15.0,14.136438440482165,191.81292513558674,90.0,downstream wake,8.43974150585709,0.8025023739008361,188.3335639642,10.138099379067574,-0.2594775629409831
20160910_flight07,2,-0.6000000000000001,6.907737256149802,54.667948870000004,7.76489606,91.35600000000001,2016-09-10 08:38:03,2016-09-10 08:38:05,3,1.42,6.627,6.772912593559732,8.413735005298767,0.043344167597204344,8.43974150585709,False,0.8210072282760839,9.171479106447336,7.7631162329222825,Flight 07,20160910_flight07_airborne.tab,15.0,14.136438440482165,191.81292513558674,90.0,downstream wake,8.43974150585709,0.8184773492595605,188.3335639642,10.138099379067574,-0.2594775629409831
20160910_flight07,2,-0.4,6.598917032362204,54.66825747,7.7618898000000005,91.046,2016-09-10 08:38:06,2016-09-10 08:38:08,3,1.3223333333333334,6.416,6.808269236744387,8.422403838818207,0.043344167597204344,8.43974150585709,False,0.783495681119956,9.171479106447336,7.7631162329222825,Flight 07,20160910_flight07_airborne.tab,15.0,14.136438440482165,191.81292513558674,90.0,downstream wake,8.43974150585709,0.7818861546627497,188.3335639642,10.138099379067574,-0.2594775629409831
20160910_flight07,2,-0.2,6.808269236744387,54.66857277,7.75888281,91.13,2016-09-10 08:38:09,2016-09-10 08:38:11,3,1.4319999999999997,6.640333333333333,6.808269236744387,8.431072672337649,0.043344167597204344,8.43974150585709,False,0.8075211187637273,9.171479106447336,7.7631162329222825,Flight 07,20160910_flight07_airborne.tab,15.0,14.136438440482165,191.81292513558674,90.0,downstream wake,8.43974150585709,0.8066916779405532,188.3335639642,10.138099379067574,-0.2594775629409831
20160910_flight07,2,-0.0,6.831904566078188,54.66889166,7.75587619,91.45700000000001,2016-09-10 08:38:12,2016-09-10 08:38:14,3,1.4173333333333333,6.649666666666666,6.782005750513634,8.43974150585709,0.043344167597204344,8.43974150585709,False,0.8094921581824419,9.171479106447336,7.7631162329222825,Flight 07,20160910_flight07_airborne.tab,15.0,14.136438440482165,191.81292513558674,90.0,downstream wake,8.43974150585709,0.8094921581824419,188.3335639642,10.138099379067574,-0.2594775629409831
20160910_flight07,2,0.2,6.729010699946911,54.66921115,7.75286963,91.31700000000001,2016-09-10 08:38:15,2016-09-10 08:38:17,3,1.5056666666666665,6.605,6.808269236744387,8.44841033937653,0.043344167597204344,8.43974150585709,False,0.7964824658887834,9.171479106447336,7.7631162329222825,Flight 07,20160910_flight07_airborne.tab,15.0,14.136438440482165,191.81292513558674,90.0,downstream wake,8.43974150585709,0.7973005684210885,188.3335639642,10.138099379067574,-0.2594775629409831
20160910_flight07,2,0.4,6.782005750513634,54.66952612,7.7498616600000005,91.0,2016-09-10 08:38:18,2016-09-10 08:38:20,3,1.4986666666666668,6.626,6.831904566078188,8.457079172895972,0.043344167597204344,8.43974150585709,False,0.8019323943719521,9.171479106447336,7.7631162329222825,Flight 07,20160910_flight07_airborne.tab,15.0,14.136438440482165,191.81292513558674,90.0,downstream wake,8.43974150585709,0.8035797951639865,188.3335639642,10.138099379067574,-0.2594775629409831
20160910_flight07,2,0.6000000000000001,6.998295578210454,54.669832500000005,7.746852219999999,91.0,2016-09-10 08:38:21,2016-09-10 08:38:23,3,1.4763333333333335,6.763333333333333,6.840007309937614,8.465748006415412,0.043344167597204344,8.43974150585709,False,0.8266600391255551,9.171479106447336,7.7631162329222825,Flight 07,20160910_flight07_airborne.tab,15.0,14.136438440482165,191.81292513558674,90.0,downstream wake,8.43974150585709,0.8292073369016946,188.3335639642,10.138099379067574,-0.2594775629409831
20160910_flight07,2,0.8,7.015746931011694,54.67013068,7.74384288,91.0,2016-09-10 08:38:24,2016-09-10 08:38:26,3,1.532333333333333,6.829000000000001,6.840007309937614,8.474416839934852,0.043344167597204344,8.43974150585709,False,0.8278737125545537,9.171479106447336,7.7631162329222825,Flight 07,20160910_flight07_airborne.tab,15.0,14.136438440482165,191.81292513558674,90.0,downstream wake,8.43974150585709,0.8312750960610396,188.3335639642,10.138099379067574,-0.2594775629409831
20160910_flight07,2,1.0,6.840007309937614,54.6704242,7.74083494,91.1,2016-09-10 08:38:27,2016-09-10 08:38:29,3,1.5530000000000002,6.653333333333333,6.840007309937614,8.483085673454294,0.043344167597204344,8.43974150585709,False,0.8063112378249008,9.171479106447336,7.7631162329222825,Flight 07,20160910_flight07_airborne.tab,15.0,14.136438440482165,191.81292513558674,90.0,downstream wake,8.43974150585709,0.8104522283284059,188.3335639642,10.138099379067574,-0.2594775629409831
20160910_flight07,2,1.2000000000000002,6.826054863535745,54.67071532,7.73782749,90.99799999999999,2016-09-10 08:38:30,2016-09-10 08:38:32,3,1.3056666666666665,6.698333333333333,6.840007309937614,8.491754506973734,0.043344167597204344,8.43974150585709,False,0.8038450543912855,9.171479106447336,7.7631162329222825,Flight 07,20160910_flight07_airborne.tab,15.0,14.136438440482165,191.81292513558674,90.0,downstream wake,8.43974150585709,0.8087990442359564,188.3335639642,10.138099379067574,-0.2594775629409831
20160910_flight07,2,1.4000000000000001,6.730826472284069,54.67100762,7.73481919,90.7,2016-09-10 08:38:33,2016-09-10 08:38:35,3,1.3096666666666668,6.650333333333333,6.840007309937614,8.500423340493176,0.043344167597204344,8.43974150585709,False,0.7918225013830383,9.171479106447336,7.7631162329222825,Flight 07,20160910_flight07_airborne.tab,15.0,14.136438440482165,191.81292513558674,90.0,downstream wake,8.43974150585709,0.7975157139129141,188.3335639642,10.138099379067574,-0.2594775629409831
20160910_flight07,2,1.6,6.8697002535911915,54.67134861,7.7313082600000005,90.60249999999999,2016-09-10 08:38:36,2016-09-10 08:38:39,4,1.3112499999999998,6.7175,6.8697002535911915,8.509092174012617,0.043344167597204344,8.43974150585709,False,0.8073364482490568,9.171479106447336,7.7631162329222825,Flight 07,20160910_flight07_airborne.tab,15.0,14.136438440482165,191.81292513558674,90.0,downstream wake,8.43974150585709,0.8139704573681189,188.3335639642,10.138099379067574,-0.2594775629409831
20160910_flight07,2,1.8,6.930731851687813,54.67169281,7.72779991,90.947,2016-09-10 08:38:40,2016-09-10 08:38:42,3,1.362,6.782666666666667,6.8697002535911915,8.517761007532057,0.043344167597204344,8.43974150585709,False,0.8136800088144207,9.171479106447336,7.7631162329222825,Flight 07,20160910_flight07_airborne.tab,15.0,14.136438440482165,191.81292513558674,90.0,downstream wake,8.43974150585709,0.821201910849753,188.3335639642,10.138099379067574,-0.2594775629409831
20160910_flight07,2,2.0,6.935120258510302,54.6719905,7.72479553,91.2,2016-09-10 08:38:43,2016-09-10 08:38:45,3,1.3643333333333334,6.797,6.8697002535911915,8.526429841051499,0.043344167597204344,8.43974150585709,False,0.8133674219801059,9.171479106447336,7.7631162329222825,Flight 07,20160910_flight07_airborne.tab,15.0,14.136438440482165,191.81292513558674,90.0,downstream wake,8.43974150585709,0.8217218801899802,188.3335639642,10.138099379067574,-0.2594775629409831
20160910_flight07,2,2.2,6.784090285366196,54.6722905,7.72179097,91.145,2016-09-10 08:38:46,2016-09-10 08:38:48,3,1.1226666666666667,6.696666666666666,6.817792971336106,8.53509867457094,0.043344167597204344,8.43974150585709,False,0.7948461457836905,9.171479106447336,7.7631162329222825,Flight 07,20160910_flight07_airborne.tab,15.0,14.136438440482165,191.81292513558674,90.0,downstream wake,8.43974150585709,0.8038267855310629,188.3335639642,10.138099379067574,-0.2594775629409831
20160910_flight07,2,2.4000000000000004,6.817792971336106,54.6725905,7.7187823700000004,90.734,2016-09-10 08:38:49,2016-09-10 08:38:51,3,1.1673333333333333,6.75,6.784090285366196,8.54376750809038,0.043344167597204344,8.43974150585709,False,0.7979843745607672,9.171479106447336,7.7631162329222825,Flight 07,20160910_flight07_airborne.tab,15.0,14.136438440482165,191.81292513558674,90.0,downstream wake,8.43974150585709,0.8078201170740397,188.3335639642,10.138099379067574,-0.2594775629409831
20160910_flight07,2,2.6,6.7337808844660225,54.67288904,7.71577188,90.8,2016-09-10 08:38:52,2016-09-10 08:38:54,3,1.436,6.580000000000001,6.7337808844660225,8.552436341609821,0.043344167597204344,8.43974150585709,False,0.7873523538204467,9.171479106447336,7.7631162329222825,Flight 07,20160910_flight07_airborne.tab,15.0,14.136438440482165,191.81292513558674,90.0,downstream wake,8.43974150585709,0.7978657734710064,188.3335639642,10.138099379067574,-0.2594775629409831
20160910_flight07,2,2.8000000000000003,6.561414862664911,54.6731895,7.71276527,91.02600000000001,2016-09-10 08:38:55,2016-09-10 08:38:57,3,1.3646666666666665,6.408666666666666,6.7337808844660225,8.561105175129262,0.043344167597204344,8.43974150585709,False,0.7664214757840353,9.171479106447336,7.7631162329222825,Flight 07,20160910_flight07_airborne.tab,15.0,14.136438440482165,191.81292513558674,90.0,downstream wake,8.43974150585709,0.7774426335346124,188.3335639642,10.138099379067574,-0.2594775629409831
20160910_flight07,2,3.0,6.320552507494895,54.67349227,7.70976273,91.1,2016-09-10 08:38:58,2016-09-10 08:39:00,3,1.3013333333333332,6.282666666666667,6.7337808844660225,8.569774008648702,0.043344167597204344,8.43974150585709,False,0.737540161632749,9.171479106447336,7.7631162329222825,Flight 07,20160910_flight07_airborne.tab,15.0,14.136438440482165,191.81292513558674,90.0,downstream wake,8.43974150585709,0.7489035657204074,188.3335639642,10.138099379067574,-0.2594775629409831
20160910_flight07,2,3.2,7.0787688195052665,54.6737955,7.70675709,91.133,2016-09-10 08:39:01,2016-09-10 08:39:03,3,1.627,6.966333333333334,7.0787688195052665,8.578442842168144,0.043344167597204344,8.43974150585709,False,0.8251810905248341,9.171479106447336,7.7631162329222825,Flight 07,20160910_flight07_airborne.tab,15.0,14.136438440482165,191.81292513558674,90.0,downstream wake,8.43974150585709,0.8387423731630498,188.3335639642,10.138099379067574,-0.2594775629409831
20160910_flight07,2,3.4000000000000004,7.639947643799661,54.67409462,7.7037515800000005,91.447,2016-09-10 08:39:04,2016-09-10 08:39:06,3,1.7726666666666666,7.363666666666667,7.615933101071727,8.587111675687584,0.043344167597204344,8.43974150585709,False,0.8896993462225956,9.171479106447336,7.7631162329222825,Flight 07,20160910_flight07_airborne.tab,15.0,14.136438440482165,191.81292513558674,90.0,downstream wake,8.43974150585709,0.9052347916695813,188.3335639642,10.138099379067574,-0.2594775629409831
20160910_flight07,2,3.6,7.7767772888260085,54.6743983,7.700748999999999,91.338,2016-09-10 08:39:07,2016-09-10 08:39:09,3,1.937,7.510333333333333,7.639947643799661,8.595780509207025,0.043344167597204344,8.43974150585709,False,0.9047203195214474,9.171479106447336,7.7631162329222825,Flight 07,20160910_flight07_airborne.tab,15.0,14.136438440482165,191.81292513558674,90.0,downstream wake,8.43974150585709,0.9214473314649517,188.3335639642,10.138099379067574,-0.2594775629409831
20160910_flight07,2,3.8000000000000003,7.615933101071727,54.67470945,7.697749,91.4,2016-09-10 08:39:10,2016-09-10 08:39:12,3,1.6686666666666667,7.442,7.7767772888260085,8.604449342726467,0.043344167597204344,8.43974150585709,False,0.885115688142164,9.171479106447336,7.7631162329222825,Flight 07,20160910_flight07_airborne.tab,15.0,14.136438440482165,191.81292513558674,90.0,downstream wake,8.43974150585709,0.902389379554617,188.3335639642,10.138099379067574,-0.2594775629409831
20160910_flight07,2,4.0,7.9372698706797165,54.67502856,7.69474912,91.005,2016-09-10 08:39:13,2016-09-10 08:39:15,3,1.7956666666666667,7.7459999999999996,7.7767772888260085,8.613118176245907,0.043344167597204344,8.43974150585709,False,0.9215326793692312,9.171479106447336,7.7631162329222825,Flight 07,20160910_flight07_airborne.tab,15.0,14.136438440482165,191.81292513558674,90.0,downstream wake,8.43974150585709,0.9404636226324393,188.3335639642,10.138099379067574,-0.2594775629409831
20160910_flight07,2,4.2,8.195783428080563,54.675352270000005,7.691751,91.11,2016-09-10 08:39:16,2016-09-10 08:39:18,3,1.7406666666666666,7.955666666666667,7.742610025049694,8.621787009765347,0.043344167597204344,8.43974150585709,False,0.9505898740942827,9.171479106447336,7.7631162329222825,Flight 07,20160910_flight07_airborne.tab,15.0,14.136438440482165,191.81292513558674,90.0,downstream wake,8.43974150585709,0.9710941291735983,188.3335639642,10.138099379067574,-0.2594775629409831
20160910_flight07,2,4.4,7.742610025049694,54.67568077,7.68875398,90.988,2016-09-10 08:39:19,2016-09-10 08:39:21,3,1.5303333333333333,7.6080000000000005,7.9372698706797165,8.630455843284789,0.043344167597204344,8.43974150585709,False,0.8971264282725098,9.171479106447336,7.7631162329222825,Flight 07,20160910_flight07_airborne.tab,15.0,14.136438440482165,191.81292513558674,90.0,downstream wake,8.43974150585709,0.9173989534722605,188.3335639642,10.138099379067574,-0.2594775629409831
20160910_flight07,2,4.6000000000000005,7.167750344424672,54.67601354000001,7.6857564400000005,90.335,2016-09-10 08:39:22,2016-09-10 08:39:24,3,1.3793333333333333,7.160666666666667,8.195783428080563,8.63912467680423,0.043344167597204344,8.43974150585709,False,0.8296847901350295,9.171479106447336,7.7631162329222825,Flight 07,20160910_flight07_airborne.tab,15.0,14.136438440482165,191.81292513558674,90.0,downstream wake,8.43974150585709,0.8492855307772555,188.3335639642,10.138099379067574,-0.2594775629409831
20160910_flight07,2,4.800000000000001,8.599295901409603,54.67634355,7.682758,90.015,2016-09-10 08:39:25,2016-09-10 08:39:27,3,1.4153333333333336,8.191666666666666,8.599295901409603,8.64779351032367,0.043344167597204344,8.43974150585709,False,0.9943919094672912,9.171479106447336,7.7631162329222825,Flight 07,20160910_flight07_airborne.tab,15.0,14.136438440482165,191.81292513558674,90.0,downstream wake,8.43974150585709,1.0189051282485115,188.3335639642,10.138099379067574,-0.2594775629409831
20160910_flight07,2,5.0,9.034936690425672,54.67667206,7.67976104,90.557,2016-09-10 08:39:28,2016-09-10 08:39:30,3,1.9513333333333334,8.750666666666666,8.599295901409603,8.656462343843112,0.043344167597204344,8.43974150585709,False,1.0437215956760615,9.171479106447336,7.7631162329222825,Flight 07,20160910_flight07_airborne.tab,15.0,14.136438440482165,191.81292513558674,90.0,downstream wake,8.43974150585709,1.0705229163897405,188.3335639642,10.138099379067574,-0.2594775629409831
20160910_flight07,2,5.2,8.613344298238637,54.67701049,7.67677043,90.902,2016-09-10 08:39:31,2016-09-10 08:39:33,3,1.8496666666666668,8.538,8.613344298238637,8.665131177362552,0.043344167597204344,8.43974150585709,False,0.9940235320084702,9.171479106447336,7.7631162329222825,Flight 07,20160910_flight07_airborne.tab,15.0,14.136438440482165,191.81292513558674,90.0,downstream wake,8.43974150585709,1.020569681223183,188.3335639642,10.138099379067574,-0.2594775629409831
20160910_flight07,2,5.4,8.495961216954795,54.67736048,7.6737822200000005,90.554,2016-09-10 08:39:34,2016-09-10 08:39:36,3,1.6156666666666666,8.433666666666667,8.745478946289905,8.673800010881992,0.043344167597204344,8.43974150585709,False,0.9794970147220268,9.171479106447336,7.7631162329222825,Flight 07,20160910_flight07_airborne.tab,15.0,14.136438440482165,191.81292513558674,90.0,downstream wake,8.43974150585709,1.006661307228271,188.3335639642,10.138099379067574,-0.2594775629409831
20160910_flight07,2,5.6000000000000005,8.745478946289905,54.67772057,7.67079195,90.141,2016-09-10 08:39:37,2016-09-10 08:39:39,3,1.547,8.673333333333332,8.745478946289905,8.682468844401434,0.043344167597204344,8.43974150585709,False,1.0072571641796446,9.171479106447336,7.7631162329222825,Flight 07,20160910_flight07_airborne.tab,15.0,14.136438440482165,191.81292513558674,90.0,downstream wake,8.43974150585709,1.0362259247182675,188.3335639642,10.138099379067574,-0.2594775629409831
20160910_flight07,2,5.800000000000001,9.052021431702425,54.6780825,7.66779994,89.902,2016-09-10 08:39:40,2016-09-10 08:39:42,3,1.648666666666667,8.895333333333333,8.747966325531234,8.691137677920874,0.043344167597204344,8.43974150585709,False,1.0415231891560464,9.171479106447336,7.7631162329222825,Flight 07,20160910_flight07_airborne.tab,15.0,14.136438440482165,191.81292513558674,90.0,downstream wake,8.43974150585709,1.0725472368342586,188.3335639642,10.138099379067574,-0.2594775629409831
20160910_flight07,2,6.0,9.163535835036603,54.67844803,7.66480975,89.9,2016-09-10 08:39:43,2016-09-10 08:39:45,3,1.9526666666666668,8.808333333333332,8.747966325531234,8.699806511440315,0.043344167597204344,8.43974150585709,False,1.0533034065742128,9.171479106447336,7.7631162329222825,Flight 07,20160910_flight07_airborne.tab,15.0,14.136438440482165,191.81292513558674,90.0,downstream wake,8.43974150585709,1.0857602485428266,188.3335639642,10.138099379067574,-0.2594775629409831
20160910_flight07,2,6.2,8.747966325531234,54.678883479999996,7.6613288950000005,90.1,2016-09-10 08:39:46,2016-09-10 08:39:49,4,1.79325,8.60175,8.747966325531234,8.708475344959757,0.043344167597204344,8.43974150585709,False,1.004534775492513,9.171479106447336,7.7631162329222825,Flight 07,20160910_flight07_airborne.tab,15.0,14.136438440482165,191.81292513558674,90.0,downstream wake,8.43974150585709,1.0365206469250556,188.3335639642,10.138099379067574,-0.2594775629409831
20160910_flight07,2,6.4,8.316865094493236,54.67931641999999,7.65785001,90.1,2016-09-10 08:39:50,2016-09-10 08:39:52,3,1.2106666666666668,8.203000000000001,8.721539141688236,8.717144178479197,0.043344167597204344,8.43974150585709,False,0.9540813968668586,9.171479106447336,7.7631162329222825,Flight 07,20160910_flight07_airborne.tab,15.0,14.136438440482165,191.81292513558674,90.0,downstream wake,8.43974150585709,0.9854407375772614,188.3335639642,10.138099379067574,-0.2594775629409831
20160910_flight07,2,6.6000000000000005,8.167598239384697,54.67967657,7.65486393,90.145,2016-09-10 08:39:53,2016-09-10 08:39:55,3,1.546,8.098,8.721539141688236,8.725813011998639,0.043344167597204344,8.43974150585709,False,0.9360271906071841,9.171479106447336,7.7631162329222825,Flight 07,20160910_flight07_airborne.tab,15.0,14.136438440482165,191.81292513558674,90.0,downstream wake,8.43974150585709,0.9677545495577645,188.3335639642,10.138099379067574,-0.2594775629409831
20160910_flight07,2,6.800000000000001,8.721539141688236,54.680026500000004,7.65187583,91.01,2016-09-10 08:39:56,2016-09-10 08:39:58,3,1.4276666666666669,8.326,8.721539141688236,8.73448184551808,0.043344167597204344,8.43974150585709,False,0.9985182058811555,9.171479106447336,7.7631162329222825,Flight 07,20160910_flight07_airborne.tab,15.0,14.136438440482165,191.81292513558674,90.0,downstream wake,8.43974150585709,1.0333893681027533,188.3335639642,10.138099379067574,-0.2594775629409831
20160910_flight07,2,7.0,9.241779157716332,54.68037101,7.64889333,92.13600000000001,2016-09-10 08:39:59,2016-09-10 08:40:01,3,1.8663333333333334,8.976333333333335,8.721539141688236,8.74315067903752,0.043344167597204344,8.43974150585709,False,1.0570307543565867,9.171479106447336,7.7631162329222825,Flight 07,20160910_flight07_airborne.tab,15.0,14.136438440482165,191.81292513558674,90.0,downstream wake,8.43974150585709,1.0950310683452376,188.3335639642,10.138099379067574,-0.2594775629409831
20160910_flight07,2,7.2,8.821197481067976,54.68071628,7.645921100000001,94.02600000000001,2016-09-10 08:40:02,2016-09-10 08:40:04,3,1.4740000000000002,8.574333333333334,8.722987160371154,8.751819512556962,0.043344167597204344,8.43974150585709,False,1.0079272622580335,9.171479106447336,7.7631162329222825,Flight 07,20160910_flight07_airborne.tab,15.0,14.136438440482165,191.81292513558674,90.0,downstream wake,8.43974150585709,1.0451975898724102,188.3335639642,10.138099379067574,-0.2594775629409831
20160910_flight07,2,7.4,8.657883863854956,54.68106744,7.64295511,94.7,2016-09-10 08:40:05,2016-09-10 08:40:07,3,1.763,8.524666666666667,8.821197481067976,8.760488346076402,0.043344167597204344,8.43974150585709,False,0.9882878124862297,9.171479106447336,7.7631162329222825,Flight 07,20160910_flight07_airborne.tab,15.0,14.136438440482165,191.81292513558674,90.0,downstream wake,8.43974150585709,1.0258470425719173,188.3335639642,10.138099379067574,-0.2594775629409831
20160910_flight07,2,7.6000000000000005,8.722987160371154,54.68142032,7.63998966,94.65,2016-09-10 08:40:08,2016-09-10 08:40:10,3,1.6416666666666666,8.476,8.821197481067976,8.769157179595842,0.043344167597204344,8.43974150585709,False,0.9947349536244924,9.171479106447336,7.7631162329222825,Flight 07,20160910_flight07_airborne.tab,15.0,14.136438440482165,191.81292513558674,90.0,downstream wake,8.43974150585709,1.0335609395521765,188.3335639642,10.138099379067574,-0.2594775629409831
20160910_flight07,2,7.800000000000001,9.067460559605431,54.68177506,7.63701963,94.046,2016-09-10 08:40:11,2016-09-10 08:40:13,3,1.8666666666666665,8.846666666666666,8.722987160371154,8.777826013115284,0.043344167597204344,8.43974150585709,False,1.0329961594200423,9.171479106447336,7.7631162329222825,Flight 07,20160910_flight07_airborne.tab,15.0,14.136438440482165,191.81292513558674,90.0,downstream wake,8.43974150585709,1.0743765734190687,188.3335639642,10.138099379067574,-0.2594775629409831
20160910_flight07,2,8.0,8.833763637317901,54.6821378,7.63404678,94.17299999999999,2016-09-10 08:40:14,2016-09-10 08:40:16,3,1.92,8.601666666666667,8.833763637317901,8.786494846634724,0.043344167597204344,8.43974150585709,False,1.0053797096007266,9.171479106447336,7.7631162329222825,Flight 07,20160910_flight07_airborne.tab,15.0,14.136438440482165,191.81292513558674,90.0,downstream wake,8.43974150585709,1.0466865165464327,188.3335639642,10.138099379067574,-0.2594775629409831
20160910_flight07,2,8.200000000000001,8.671795661799234,54.68250688,7.631075399999999,94.524,2016-09-10 08:40:17,2016-09-10 08:40:19,3,1.8783333333333332,8.433333333333334,8.878217501278058,8.795163680154165,0.043344167597204344,8.43974150585709,False,0.9859731981300922,9.171479106447336,7.7631162329222825,Flight 07,20160910_flight07_airborne.tab,15.0,14.136438440482165,191.81292513558674,90.0,downstream wake,8.43974150585709,1.0274954103488954,188.3335639642,10.138099379067574,-0.2594775629409831
20160910_flight07,2,8.4,8.89113412338381,54.68287634,7.62810416,94.515,2016-09-10 08:40:20,2016-09-10 08:40:22,3,1.9126666666666665,8.534666666666666,8.878217501278058,8.803832513673607,0.043344167597204344,8.43974150585709,False,1.0099163187821454,9.171479106447336,7.7631162329222825,Flight 07,20160910_flight07_airborne.tab,15.0,14.136438440482165,191.81292513558674,90.0,downstream wake,8.43974150585709,1.0534841756958386,188.3335639642,10.138099379067574,-0.2594775629409831
20160910_flight07,2,8.6,8.878217501278058,54.68324309,7.62512967,94.089,2016-09-10 08:40:23,2016-09-10 08:40:25,3,1.8623333333333332,8.567,8.89113412338381,8.812501347193047,0.043344167597204344,8.43974150585709,False,1.0074571510966002,9.171479106447336,7.7631162329222825,Flight 07,20160910_flight07_airborne.tab,15.0,14.136438440482165,191.81292513558674,90.0,downstream wake,8.43974150585709,1.0519537233594976,188.3335639642,10.138099379067574,-0.2594775629409831
20160910_flight07,2,8.8,9.254561523918895,54.68360966,7.62215072,93.6,2016-09-10 08:40:26,2016-09-10 08:40:28,3,2.3786666666666667,8.891333333333334,8.89113412338381,8.821170180712487,0.043344167597204344,8.43974150585709,False,1.0491308221389968,9.171479106447336,7.7631162329222825,Flight 07,20160910_flight07_airborne.tab,15.0,14.136438440482165,191.81292513558674,90.0,downstream wake,8.43974150585709,1.0965456130968383,188.3335639642,10.138099379067574,-0.2594775629409831
20160910_flight07,2,9.0,9.011387518024069,54.68397489,7.61917419,93.7,2016-09-10 08:40:29,2016-09-10 08:40:31,3,2.114333333333333,8.741333333333332,8.98470750776006,8.82983901423193,0.043344167597204344,8.43974150585709,False,1.0205607943134094,9.171479106447336,7.7631162329222825,Flight 07,20160910_flight07_airborne.tab,15.0,14.136438440482165,191.81292513558674,90.0,downstream wake,8.43974150585709,1.0677326446278317,188.3335639642,10.138099379067574,-0.2594775629409831
20160910_flight07,2,9.200000000000001,8.81407476709836,54.68433384,7.61619941,93.8,2016-09-10 08:40:32,2016-09-10 08:40:34,3,1.9966666666666668,8.485999999999999,8.98470750776006,8.83850784775137,0.043344167597204344,8.43974150585709,False,0.9972356102326451,9.171479106447336,7.7631162329222825,Flight 07,20160910_flight07_airborne.tab,15.0,14.136438440482165,191.81292513558674,90.0,downstream wake,8.43974150585709,1.044353640568433,188.3335639642,10.138099379067574,-0.2594775629409831
20160910_flight07,2,9.4,8.98470750776006,54.684693530000004,7.613224249999999,93.444,2016-09-10 08:40:35,2016-09-10 08:40:37,3,2.0116666666666667,8.888333333333334,8.98470750776006,8.84717668127081,0.043344167597204344,8.43974150585709,False,1.015545165587164,9.171479106447336,7.7631162329222825,Flight 07,20160910_flight07_airborne.tab,15.0,14.136438440482165,191.81292513558674,90.0,downstream wake,8.43974150585709,1.0645714091509522,188.3335639642,10.138099379067574,-0.2594775629409831
20160910_flight07,2,9.600000000000001,8.948584077942163,54.68505213,7.61024776,93.34100000000001,2016-09-10 08:40:38,2016-09-10 08:40:40,3,2.244666666666667,8.590000000000002,8.948584077942163,8.855845514790252,0.043344167597204344,8.43974150585709,False,1.0104720168161276,9.171479106447336,7.7631162329222825,Flight 07,20160910_flight07_airborne.tab,15.0,14.136438440482165,191.81292513558674,90.0,downstream wake,8.43974150585709,1.060291250831787,188.3335639642,10.138099379067574,-0.2594775629409831
20160910_flight07,2,9.8,9.355406634139984,54.685472274999995,7.606777405000001,93.674,2016-09-10 08:40:41,2016-09-10 08:40:44,4,2.317,9.052,8.948584077942163,8.864514348309692,0.043344167597204344,8.43974150585709,False,1.0553772340527483,9.171479106447336,7.7631162329222825,Flight 07,20160910_flight07_airborne.tab,15.0,14.136438440482165,191.81292513558674,90.0,downstream wake,8.43974150585709,1.1084944518321365,188.3335639642,10.138099379067574,-0.2594775629409831
20160910_flight07,2,10.0,8.916806883632727,54.68589134,7.60330877,93.57799999999999,2016-09-10 08:40:45,2016-09-10 08:40:47,3,1.756,8.699666666666667,8.948584077942163,8.873183181829132,0.043344167597204344,8.43974150585709,True,1.0049163531181153,9.171479106447336,7.7631162329222825,Flight 07,20160910_flight07_airborne.tab,15.0,14.136438440482165,191.81292513558674,90.0,downstream wake,8.43974150585709,1.0565260650986241,188.3335639642,10.138099379067574,-0.2594775629409831
20160910_flight07,2,10.200000000000001,8.8178378869199,54.68624785,7.6003294200000004,93.24,2016-09-10 08:40:48,2016-09-10 08:40:50,3,1.7690000000000001,8.684333333333333,9.022361996727907,8.881852015348574,0.043344167597204344,8.43974150585709,True,0.9927927049090604,9.171479106447336,7.7631162329222825,Flight 07,20160910_flight07_airborne.tab,15.0,14.136438440482165,191.81292513558674,90.0,downstream wake,8.43974150585709,1.0447995215019816,188.3335639642,10.138099379067574,-0.2594775629409831
20160910_flight07,2,10.4,9.022361996727907,54.686609049999994,7.59734583,92.725,2016-09-10 08:40:51,2016-09-10 08:40:53,3,1.9113333333333333,8.963666666666667,8.916806883632727,8.890520848868015,0.043344167597204344,8.43974150585709,True,1.0148294065219676,9.171479106447336,7.7631162329222825,Flight 07,20160910_flight07_airborne.tab,15.0,14.136438440482165,191.81292513558674,90.0,downstream wake,8.43974150585709,1.0690329781387837,188.3335639642,10.138099379067574,-0.2594775629409831
20160910_flight07,2,10.600000000000001,9.463062612072267,54.68698052,7.59436271,92.743,2016-09-10 08:40:54,2016-09-10 08:40:56,3,2.2593333333333336,9.128333333333332,9.022361996727907,8.899189682387455,0.043344167597204344,8.43974150585709,True,1.0633622778937708,9.171479106447336,7.7631162329222825,Flight 07,20160910_flight07_airborne.tab,15.0,14.136438440482165,191.81292513558674,90.0,downstream wake,8.43974150585709,1.1212502901309245,188.3335639642,10.138099379067574,-0.2594775629409831
20160910_flight07,2,10.8,8.900647673062899,54.68735445,7.59138369,92.962,2016-09-10 08:40:57,2016-09-10 08:40:59,3,1.721,8.676,9.149602013202543,8.907858515906897,0.043344167597204344,8.43974150585709,True,0.9991905077038301,9.171479106447336,7.7631162329222825,Flight 07,20160910_flight07_airborne.tab,15.0,14.136438440482165,191.81292513558674,90.0,downstream wake,8.43974150585709,1.054611408049162,188.3335639642,10.138099379067574,-0.2594775629409831
20160910_flight07,2,11.0,9.149602013202543,54.68772251,7.58840235,92.44800000000001,2016-09-10 08:41:00,2016-09-10 08:41:02,3,1.8933333333333333,8.839,9.240233763276771,8.916527349426337,0.043344167597204344,8.43974150585709,True,1.026139623044077,9.171479106447336,7.7631162329222825,Flight 07,20160910_flight07_airborne.tab,15.0,14.136438440482165,191.81292513558674,90.0,downstream wake,8.43974150585709,1.0841092712203115,188.3335639642,10.138099379067574,-0.2594775629409831
20160910_flight07,2,11.200000000000001,9.240233763276771,54.688073610000004,7.58541635,92.682,2016-09-10 08:41:03,2016-09-10 08:41:05,3,1.9526666666666668,8.979999999999999,9.149602013202543,8.925196182945777,0.043344167597204344,8.43974150585709,True,1.035297552442933,9.171479106447336,7.7631162329222825,Flight 07,20160910_flight07_airborne.tab,15.0,14.136438440482165,191.81292513558674,90.0,downstream wake,8.43974150585709,1.0948479591305196,188.3335639642,10.138099379067574,-0.2594775629409831
20160910_flight07,2,11.4,9.426195043600574,54.68840371,7.58242937,92.9,2016-09-10 08:41:06,2016-09-10 08:41:08,3,2.3716666666666666,9.182666666666668,9.22488807520178,8.93386501646522,0.043344167597204344,8.43974150585709,True,1.0551082903343607,9.171479106447336,7.7631162329222825,Flight 07,20160910_flight07_airborne.tab,15.0,14.136438440482165,191.81292513558674,90.0,downstream wake,8.43974150585709,1.1168819610243863,188.3335639642,10.138099379067574,-0.2594775629409831
20160910_flight07,2,11.600000000000001,9.119385944239886,54.688713299999996,7.57944348,92.757,2016-09-10 08:41:09,2016-09-10 08:41:11,3,2.0980000000000003,8.873,9.240233763276771,8.94253384998466,0.043344167597204344,8.43974150585709,True,1.019776508227087,9.171479106447336,7.7631162329222825,Flight 07,20160910_flight07_airborne.tab,15.0,14.136438440482165,191.81292513558674,90.0,downstream wake,8.43974150585709,1.0805290586105192,188.3335639642,10.138099379067574,-0.2594775629409831
20160910_flight07,2,11.8,9.22488807520178,54.68901011,7.57645682,92.6,2016-09-10 08:41:12,2016-09-10 08:41:14,3,2.005333333333333,9.083333333333334,9.345315457489917,8.9512026835041,0.043344167597204344,8.43974150585709,True,1.0305752647297381,9.171479106447336,7.7631162329222825,Flight 07,20160910_flight07_airborne.tab,15.0,14.136438440482165,191.81292513558674,90.0,downstream wake,8.43974150585709,1.0930296939544664,188.3335639642,10.138099379067574,-0.2594775629409831
20160910_flight07,2,12.0,9.345315457489917,54.689299520000006,7.573470019999999,92.38,2016-09-10 08:41:15,2016-09-10 08:41:17,3,2.031,9.026333333333334,9.345315457489917,8.959871517023542,0.043344167597204344,8.43974150585709,True,1.0430189138018375,9.171479106447336,7.7631162329222825,Flight 07,20160910_flight07_airborne.tab,15.0,14.136438440482165,191.81292513558674,90.0,downstream wake,8.43974150585709,1.1072987781680719,188.3335639642,10.138099379067574,-0.2594775629409831
20160910_flight07,2,12.200000000000001,9.44084387118016,54.689585699999995,7.57048302,92.28,2016-09-10 08:41:18,2016-09-10 08:41:20,3,2.035,9.169333333333334,9.345315457489917,8.968540350542982,0.043344167597204344,8.43974150585709,True,1.0526622507316459,9.171479106447336,7.7631162329222825,Flight 07,20160910_flight07_airborne.tab,15.0,14.136438440482165,191.81292513558674,90.0,downstream wake,8.43974150585709,1.1186176572621704,188.3335639642,10.138099379067574,-0.2594775629409831
20160910_flight07,2,12.4,9.376927961758051,54.68987416,7.5674969899999995,92.0,2016-09-10 08:41:21,2016-09-10 08:41:23,3,2.051,9.117666666666667,9.345315457489917,8.977209184062424,0.043344167597204344,8.43974150585709,True,1.0445259511614438,9.171479106447336,7.7631162329222825,Flight 07,20160910_flight07_airborne.tab,15.0,14.136438440482165,191.81292513558674,90.0,downstream wake,8.43974150585709,1.1110444502655163,188.3335639642,10.138099379067574,-0.2594775629409831
20160910_flight07,2,12.600000000000001,9.200232660101591,54.6901674,7.5645117100000006,91.851,2016-09-10 08:41:24,2016-09-10 08:41:26,3,2.013333333333333,9.038666666666666,9.200232660101591,8.985878017581864,0.043344167597204344,8.43974150585709,True,1.0238546129938908,9.171479106447336,7.7631162329222825,Flight 07,20160910_flight07_airborne.tab,15.0,14.136438440482165,191.81292513558674,90.0,downstream wake,8.43974150585709,1.0901083467682902,188.3335639642,10.138099379067574,-0.2594775629409831
20160910_flight07,2,12.8,9.107401660188266,54.690465780000004,7.561527559999999,91.8,2016-09-10 08:41:27,2016-09-10 08:41:29,3,1.7139999999999997,8.970666666666666,9.197082363445485,8.994546851101305,0.043344167597204344,8.43974150585709,True,1.0125470255428313,9.171479106447336,7.7631162329222825,Flight 07,20160910_flight07_airborne.tab,15.0,14.136438440482165,191.81292513558674,90.0,downstream wake,8.43974150585709,1.0791090762516633,188.3335639642,10.138099379067574,-0.2594775629409831
20160910_flight07,2,13.0,9.049912817259623,54.69076792,7.55854331,91.556,2016-09-10 08:41:30,2016-09-10 08:41:32,3,1.7813333333333334,8.812,9.107401660188266,9.003215684620747,0.043344167597204344,8.43974150585709,True,1.005186717088056,9.171479106447336,7.7631162329222825,Flight 07,20160910_flight07_airborne.tab,15.0,14.136438440482165,191.81292513558674,90.0,downstream wake,8.43974150585709,1.0722973933477797,188.3335639642,10.138099379067574,-0.2594775629409831
20160910_flight07,2,13.200000000000001,9.197082363445485,54.69107381,7.55555766,91.333,2016-09-10 08:41:33,2016-09-10 08:41:35,3,1.5693333333333335,8.97,9.107401660188266,9.011884518140187,0.043344167597204344,8.43974150585709,True,1.0205504015206264,9.171479106447336,7.7631162329222825,Flight 07,20160910_flight07_airborne.tab,15.0,14.136438440482165,191.81292513558674,90.0,downstream wake,8.43974150585709,1.0897350774384273,188.3335639642,10.138099379067574,-0.2594775629409831
20160910_flight07,2,13.4,9.02196426443771,54.6914247,7.552071614999999,91.4425,2016-09-10 08:41:36,2016-09-10 08:41:39,4,1.47925,8.828,9.165590542894659,9.020553351659627,0.043344167597204344,8.43974150585709,True,1.0001564108900063,9.171479106447336,7.7631162329222825,Flight 07,20160910_flight07_airborne.tab,15.0,14.136438440482165,191.81292513558674,90.0,downstream wake,8.43974150585709,1.0689858520165059,188.3335639642,10.138099379067574,-0.2594775629409831
20160910_flight07,2,13.600000000000001,9.231627429657244,54.691773569999995,7.54858368,91.44800000000001,2016-09-10 08:41:40,2016-09-10 08:41:42,3,1.7026666666666668,9.011000000000001,9.165590542894659,9.02922218517907,0.043344167597204344,8.43974150585709,True,1.0224166866566216,9.171479106447336,7.7631162329222825,Flight 07,20160910_flight07_airborne.tab,15.0,14.136438440482165,191.81292513558674,90.0,downstream wake,8.43974150585709,1.093828220123874,188.3335639642,10.138099379067574,-0.2594775629409831
20160910_flight07,2,13.8,9.165590542894659,54.692070949999994,7.54559499,91.6,2016-09-10 08:41:43,2016-09-10 08:41:45,3,1.5983333333333334,9.015333333333333,9.02196426443771,9.03789101869851,0.043344167597204344,8.43974150585709,True,1.0141293498596025,9.171479106447336,7.7631162329222825,Flight 07,20160910_flight07_airborne.tab,15.0,14.136438440482165,191.81292513558674,90.0,downstream wake,8.43974150585709,1.0860037047975744,188.3335639642,10.138099379067574,-0.2594775629409831
20160910_flight07,2,14.0,8.59374150181398,54.692370499999996,7.542605549999999,91.27,2016-09-10 08:41:46,2016-09-10 08:41:48,3,1.514,8.654333333333334,9.165590542894659,9.04655985221795,0.043344167597204344,8.43974150585709,True,0.949945796214132,9.171479106447336,7.7631162329222825,Flight 07,20160910_flight07_airborne.tab,15.0,14.136438440482165,191.81292513558674,90.0,downstream wake,8.43974150585709,1.0182470038744689,188.3335639642,10.138099379067574,-0.2594775629409831
20160910_flight07,2,14.200000000000001,8.719248591478511,54.69267508,7.53961312,90.65899999999999,2016-09-10 08:41:49,2016-09-10 08:41:51,3,1.1263333333333334,8.775,8.855214791296708,9.055228685737392,0.043344167597204344,8.43974150585709,True,0.9628965644138758,9.171479106447336,7.7631162329222825,Flight 07,20160910_flight07_airborne.tab,15.0,14.136438440482165,191.81292513558674,90.0,downstream wake,8.43974150585709,1.033117967585553,188.3335639642,10.138099379067574,-0.2594775629409831
20160910_flight07,2,14.4,9.21247464039929,54.6929773,7.536616,90.296,2016-09-10 08:41:52,2016-09-10 08:41:54,3,1.4750000000000003,9.061666666666666,8.855214791296708,9.063897519256832,0.043344167597204344,8.43974150585709,True,1.0163921889922956,9.171479106447336,7.7631162329222825,Flight 07,20160910_flight07_airborne.tab,15.0,14.136438440482165,191.81292513558674,90.0,downstream wake,8.43974150585709,1.0915588627928867,188.3335639642,10.138099379067574,-0.2594775629409831
20160910_flight07,2,14.600000000000001,8.855214791296708,54.6932805,7.53361813,90.63,2016-09-10 08:41:55,2016-09-10 08:41:57,3,1.228,8.836666666666666,9.099903570917661,9.072566352776272,0.043344167597204344,8.43974150585709,True,0.9760429901498541,9.171479106447336,7.7631162329222825,Flight 07,20160910_flight07_airborne.tab,15.0,14.136438440482165,191.81292513558674,90.0,downstream wake,8.43974150585709,1.0492282003129225,188.3335639642,10.138099379067574,-0.2594775629409831
20160910_flight07,2,14.8,9.132351832907007,54.69358194,7.5306169999999995,90.84200000000001,2016-09-10 08:41:58,2016-09-10 08:42:00,3,1.159,9.158999999999999,9.099903570917661,9.081235186295714,0.043344167597204344,8.43974150585709,True,1.0056288209216773,9.171479106447336,7.7631162329222825,Flight 07,20160910_flight07_airborne.tab,15.0,14.136438440482165,191.81292513558674,90.0,downstream wake,8.43974150585709,1.0820653483959495,188.3335639642,10.138099379067574,-0.2594775629409831
20160910_flight07,2,15.0,9.099903570917661,54.69386424,7.527614549999999,90.53399999999999,2016-09-10 08:42:01,2016-09-10 08:42:03,3,1.3103333333333333,8.981,9.027077323253634,9.089904019815155,0.043344167597204344,8.43974150585709,True,1.0011000722428651,9.171479106447336,7.7631162329222825,Flight 07,20160910_flight07_airborne.tab,15.0,14.136438440482165,191.81292513558674,90.0,downstream wake,8.43974150585709,1.078220649838911,188.3335639642,10.138099379067574,-0.2594775629409831
20160910_flight07,2,15.200000000000001,9.027077323253634,54.69411369,7.524608789999999,90.598,2016-09-10 08:42:04,2016-09-10 08:42:06,3,1.539,8.793333333333335,9.099903570917661,9.098572853334595,0.043344167597204344,8.43974150585709,True,0.9921421159962732,9.171479106447336,7.7631162329222825,Flight 07,20160910_flight07_airborne.tab,15.0,14.136438440482165,191.81292513558674,90.0,downstream wake,8.43974150585709,1.0695916832273762,188.3335639642,10.138099379067574,-0.2594775629409831
20160910_flight07,2,15.4,8.937993343027282,54.694345219999995,7.521606,91.39800000000001,2016-09-10 08:42:07,2016-09-10 08:42:09,3,0.9703333333333334,8.911666666666667,9.099903570917661,9.107241686854037,0.043344167597204344,8.43974150585709,True,0.9814160697995905,9.171479106447336,7.7631162329222825,Flight 07,20160910_flight07_airborne.tab,15.0,14.136438440482165,191.81292513558674,90.0,downstream wake,8.43974150585709,1.0590363859869891,188.3335639642,10.138099379067574,-0.2594775629409831
20160910_flight07,2,15.600000000000001,9.36824215101211,54.69457485,7.518602459999999,91.18299999999999,2016-09-10 08:42:10,2016-09-10 08:42:12,3,1.329,9.318,9.36824215101211,9.115910520373477,0.043344167597204344,8.43974150585709,True,1.0276803540441395,9.171479106447336,7.7631162329222825,Flight 07,20160910_flight07_airborne.tab,15.0,14.136438440482165,191.81292513558674,90.0,downstream wake,8.43974150585709,1.1100152942493144,188.3335639642,10.138099379067574,-0.2594775629409831
20160910_flight07,2,15.8,9.416616642934978,54.69479558,7.51559692,91.2,2016-09-10 08:42:13,2016-09-10 08:42:15,3,1.5330000000000001,9.287666666666667,9.36824215101211,9.124579353892917,0.043344167597204344,8.43974150585709,True,1.0320055618692674,9.171479106447336,7.7631162329222825,Flight 07,20160910_flight07_airborne.tab,15.0,14.136438440482165,191.81292513558674,90.0,downstream wake,8.43974150585709,1.1157470446695492,188.3335639642,10.138099379067574,-0.2594775629409831
20160910_flight07,2,16.0,9.530690636045218,54.6950134,7.512592150000001,91.625,2016-09-10 08:42:16,2016-09-10 08:42:18,3,1.601,9.458666666666668,9.36824215101211,9.13324818741236,0.043344167597204344,8.43974150585709,True,1.043516002245578,9.171479106447336,7.7631162329222825,Flight 07,20160910_flight07_airborne.tab,15.0,14.136438440482165,191.81292513558674,90.0,downstream wake,8.43974150585709,1.1292633345975136,188.3335639642,10.138099379067574,-0.2594775629409831
20160910_flight07,2,16.2,9.298177939790138,54.69523201,7.50958949,92.005,2016-09-10 08:42:19,2016-09-10 08:42:21,3,1.332,9.200000000000001,9.416616642934978,9.1419170209318,0.043344167597204344,8.43974150585709,True,1.0170927955811189,9.171479106447336,7.7631162329222825,Flight 07,20160910_flight07_airborne.tab,15.0,14.136438440482165,191.81292513558674,90.0,downstream wake,8.43974150585709,1.1017135931636417,188.3335639642,10.138099379067574,-0.2594775629409831
20160910_flight07,2,16.400000000000002,9.22521208428294,54.69545335,7.5065842599999995,91.8,2016-09-10 08:42:22,2016-09-10 08:42:24,3,1.6023333333333334,9.042333333333334,9.298177939790138,9.15058585445124,0.043344167597204344,8.43974150585709,True,1.0081553499435667,9.171479106447336,7.7631162329222825,Flight 07,20160910_flight07_airborne.tab,15.0,14.136438440482165,191.81292513558674,90.0,downstream wake,8.43974150585709,1.0930680848318333,188.3335639642,10.138099379067574,-0.2594775629409831
20160910_flight07,2,16.6,9.43127668982307,54.69567007,7.5035777900000005,91.932,2016-09-10 08:42:25,2016-09-10 08:42:27,3,2.0260000000000002,9.198,9.298177939790138,9.159254687970682,0.043344167597204344,8.43974150585709,True,1.0296991415916896,9.171479106447336,7.7631162329222825,Flight 07,20160910_flight07_airborne.tab,15.0,14.136438440482165,191.81292513558674,90.0,downstream wake,8.43974150585709,1.117484070250003,188.3335639642,10.138099379067574,-0.2594775629409831
20160910_flight07,2,16.8,9.246368422250976,54.69589268,7.500573409999999,91.96799999999999,2016-09-10 08:42:28,2016-09-10 08:42:30,3,1.929,9.119666666666667,9.247575357897874,9.167923521490122,0.043344167597204344,8.43974150585709,True,1.008556452350085,9.171479106447336,7.7631162329222825,Flight 07,20160910_flight07_airborne.tab,15.0,14.136438440482165,191.81292513558674,90.0,downstream wake,8.43974150585709,1.0955748367214915,188.3335639642,10.138099379067574,-0.2594775629409831
20160910_flight07,2,17.0,9.333283910008413,54.696169385000005,7.497070245,91.97200000000001,2016-09-10 08:42:31,2016-09-10 08:42:34,4,1.96475,9.22175,9.333283910008413,9.176592355009562,0.043344167597204344,8.43974150585709,True,1.0170751351849374,9.171479106447336,7.7631162329222825,Flight 07,20160910_flight07_airborne.tab,15.0,14.136438440482165,191.81292513558674,90.0,downstream wake,8.43974150585709,1.1058731957052494,188.3335639642,10.138099379067574,-0.2594775629409831
20160910_flight07,2,17.2,9.247575357897874,54.696456639999994,7.49356818,91.55,2016-09-10 08:42:35,2016-09-10 08:42:37,3,2.0189999999999997,9.013666666666667,9.247575357897874,9.185261188529005,0.043344167597204344,8.43974150585709,True,1.0067841477874022,9.171479106447336,7.7631162329222825,Flight 07,20160910_flight07_airborne.tab,15.0,14.136438440482165,191.81292513558674,90.0,downstream wake,8.43974150585709,1.0957178429552799,188.3335639642,10.138099379067574,-0.2594775629409831
20160910_flight07,2,17.400000000000002,9.537669579095304,54.69670273,7.490568,91.581,2016-09-10 08:42:38,2016-09-10 08:42:40,3,1.891,9.349333333333334,9.247575357897874,9.193930022048445,0.043344167597204344,8.43974150585709,True,1.0373876629713865,9.171479106447336,7.7631162329222825,Flight 07,20160910_flight07_airborne.tab,15.0,14.136438440482165,191.81292513558674,90.0,downstream wake,8.43974150585709,1.130090248910617,188.3335639642,10.138099379067574,-0.2594775629409831
20160910_flight07,2,17.6,8.849093964920929,54.69694748,7.487568,91.941,2016-09-10 08:42:41,2016-09-10 08:42:43,3,1.7356666666666667,8.733333333333334,9.21720575879697,9.202598855567887,0.043344167597204344,8.43974150585709,True,0.9615864066015357,9.171479106447336,7.7631162329222825,Flight 07,20160910_flight07_airborne.tab,15.0,14.136438440482165,191.81292513558674,90.0,downstream wake,8.43974150585709,1.0485029617056107,188.3335639642,10.138099379067574,-0.2594775629409831
20160910_flight07,2,17.8,9.100016318666686,54.6971923,7.484566979999999,91.433,2016-09-10 08:42:44,2016-09-10 08:42:46,3,2.109666666666667,8.898333333333333,9.100016318666686,9.211267689087327,0.043344167597204344,8.43974150585709,True,0.9879222519444917,9.171479106447336,7.7631162329222825,Flight 07,20160910_flight07_airborne.tab,15.0,14.136438440482165,191.81292513558674,90.0,downstream wake,8.43974150585709,1.0782340089861013,188.3335639642,10.138099379067574,-0.2594775629409831
20160910_flight07,2,18.0,9.21720575879697,54.69743981,7.48156532,91.3,2016-09-10 08:42:47,2016-09-10 08:42:49,3,1.4809999999999999,9.049,9.100016318666686,9.219936522606767,0.043344167597204344,8.43974150585709,True,0.9997038196734759,9.171479106447336,7.7631162329222825,Flight 07,20160910_flight07_airborne.tab,15.0,14.136438440482165,191.81292513558674,90.0,downstream wake,8.43974150585709,1.0921194390136628,188.3335639642,10.138099379067574,-0.2594775629409831
20160910_flight07,2,18.2,8.573105854939621,54.69768722,7.478561620000001,90.818,2016-09-10 08:42:50,2016-09-10 08:42:52,3,1.4353333333333333,8.515,9.183350423456572,9.22860535612621,0.043344167597204344,8.43974150585709,True,0.9289709034148428,9.171479106447336,7.7631162329222825,Flight 07,20160910_flight07_airborne.tab,15.0,14.136438440482165,191.81292513558674,90.0,downstream wake,8.43974150585709,1.015801947131909,188.3335639642,10.138099379067574,-0.2594775629409831
20160910_flight07,2,18.400000000000002,9.183350423456572,54.69793505,7.475554140000001,90.6,2016-09-10 08:42:53,2016-09-10 08:42:55,3,1.5919999999999999,9.048333333333334,9.21720575879697,9.23727418964565,0.043344167597204344,8.43974150585709,True,0.9941623724616162,9.171479106447336,7.7631162329222825,Flight 07,20160910_flight07_airborne.tab,15.0,14.136438440482165,191.81292513558674,90.0,downstream wake,8.43974150585709,1.088108020498427,188.3335639642,10.138099379067574,-0.2594775629409831
20160910_flight07,2,18.6,9.358822254963496,54.698184039999994,7.47254912,90.9,2016-09-10 08:42:56,2016-09-10 08:42:58,3,1.6423333333333332,9.27,9.183350423456572,9.24594302316509,0.043344167597204344,8.43974150585709,True,1.0122085147524265,9.171479106447336,7.7631162329222825,Flight 07,20160910_flight07_airborne.tab,15.0,14.136438440482165,191.81292513558674,90.0,downstream wake,8.43974150585709,1.108899158637569,188.3335639642,10.138099379067574,-0.2594775629409831
20160910_flight07,2,18.8,9.31254642941446,54.698438290000006,7.46954702,90.9,2016-09-10 08:42:59,2016-09-10 08:43:01,3,1.397,9.053666666666667,9.228047680847775,9.254611856684532,0.043344167597204344,8.43974150585709,True,1.0062600759088651,9.171479106447336,7.7631162329222825,Flight 07,20160910_flight07_airborne.tab,15.0,14.136438440482165,191.81292513558674,90.0,downstream wake,8.43974150585709,1.1034160729865548,188.3335639642,10.138099379067574,-0.2594775629409831
20160910_flight07,2,19.0,9.171479106447336,54.69869697,7.4665428899999995,90.7,2016-09-10 08:43:02,2016-09-10 08:43:04,3,1.5533333333333335,8.917333333333334,9.228047680847775,9.263280690203972,0.043344167597204344,8.43974150585709,True,0.9900897331273015,9.171479106447336,7.7631162329222825,Flight 07,20160910_flight07_airborne.tab,15.0,14.136438440482165,191.81292513558674,90.0,downstream wake,8.43974150585709,1.086701423270183,188.3335639642,10.138099379067574,-0.2594775629409831
20160910_flight07,2,19.200000000000003,9.228047680847775,54.69895832,7.4635387,90.8,2016-09-10 08:43:05,2016-09-10 08:43:07,3,1.3383333333333336,9.117333333333333,9.173872737290397,9.271949523723412,0.043344167597204344,8.43974150585709,True,0.9952650903929848,9.171479106447336,7.7631162329222825,Flight 07,20160910_flight07_airborne.tab,15.0,14.136438440482165,191.81292513558674,90.0,downstream wake,8.43974150585709,1.0934040662789979,188.3335639642,10.138099379067574,-0.2594775629409831
20160910_flight07,2,19.400000000000002,9.072848119526745,54.69921832,7.46053358,90.96300000000001,2016-09-10 08:43:08,2016-09-10 08:43:10,3,1.2786666666666666,8.99,9.171479106447336,9.280618357242854,0.043344167597204344,8.43974150585709,True,0.9776124575197126,9.171479106447336,7.7631162329222825,Flight 07,20160910_flight07_airborne.tab,15.0,14.136438440482165,191.81292513558674,90.0,downstream wake,8.43974150585709,1.075014929453738,188.3335639642,10.138099379067574,-0.2594775629409831
20160910_flight07,2,19.6,9.173872737290397,54.699476860000004,7.457525540000001,90.66,2016-09-10 08:43:11,2016-09-10 08:43:13,3,1.3036666666666668,9.147,9.072848119526745,9.289287190762295,0.043344167597204344,8.43974150585709,True,0.987575531781742,9.171479106447336,7.7631162329222825,Flight 07,20160910_flight07_airborne.tab,15.0,14.136438440482165,191.81292513558674,90.0,downstream wake,8.43974150585709,1.0869850375066379,188.3335639642,10.138099379067574,-0.2594775629409831
20160910_flight07,2,19.8,9.043097367605858,54.69974475,7.454515689999999,90.73100000000001,2016-09-10 08:43:14,2016-09-10 08:43:16,3,1.2173333333333334,8.918,9.068919064585371,9.297956024281735,0.043344167597204344,8.43974150585709,True,0.972589819094615,9.171479106447336,7.7631162329222825,Flight 07,20160910_flight07_airborne.tab,15.0,14.136438440482165,191.81292513558674,90.0,downstream wake,8.43974150585709,1.0714898508834716,188.3335639642,10.138099379067574,-0.2594775629409831
20160910_flight07,2,20.0,9.008106571305648,54.70001018,7.45150482,90.88,2016-09-10 08:43:17,2016-09-10 08:43:19,3,1.3816666666666668,8.805,9.043097367605858,9.306624857801177,0.043344167597204344,8.43974150585709,True,0.9679241087873764,9.171479106447336,7.7631162329222825,Flight 07,20160910_flight07_airborne.tab,15.0,14.136438440482165,191.81292513558674,90.0,downstream wake,8.43974150585709,1.0673438949586453,188.3335639642,10.138099379067574,-0.2594775629409831
20160910_flight07,2,20.200000000000003,9.068919064585371,54.700269559999995,7.44849205,90.569,2016-09-10 08:43:20,2016-09-10 08:43:22,3,1.3666666666666665,8.949666666666667,9.043097367605858,9.315293691320617,0.043344167597204344,8.43974150585709,True,0.9735515985969608,9.171479106447336,7.7631162329222825,Flight 07,20160910_flight07_airborne.tab,15.0,14.136438440482165,191.81292513558674,90.0,downstream wake,8.43974150585709,1.0745493873588,188.3335639642,10.138099379067574,-0.2594775629409831
20160910_flight07,2,20.400000000000002,8.51189344388192,54.700514590000004,7.44547818,90.4,2016-09-10 08:43:23,2016-09-10 08:43:25,3,1.2786666666666666,8.610333333333335,9.068919064585371,9.323962524840057,0.043344167597204344,8.43974150585709,True,0.9129051539198386,9.171479106447336,7.7631162329222825,Flight 07,20160910_flight07_airborne.tab,15.0,14.136438440482165,191.81292513558674,90.0,downstream wake,8.43974150585709,1.008549069657496,188.3335639642,10.138099379067574,-0.2594775629409831
20160910_flight07,2,20.6,9.083466573946314,54.70075301,7.44246433,90.215,2016-09-10 08:43:26,2016-09-10 08:43:28,3,1.6056666666666668,8.951,9.07812952907016,9.3326313583595,0.043344167597204344,8.43974150585709,True,0.973301765081506,9.171479106447336,7.7631162329222825,Flight 07,20160910_flight07_airborne.tab,15.0,14.136438440482165,191.81292513558674,90.0,downstream wake,8.43974150585709,1.0762730787006316,188.3335639642,10.138099379067574,-0.2594775629409831
20160910_flight07,2,20.8,9.07812952907016,54.7010321,7.438951435,90.5455,2016-09-10 08:43:29,2016-09-10 08:43:32,4,1.42275,8.9395,9.083466573946314,9.34130019187894,0.043344167597204344,8.43974150585709,True,0.9718271913542001,9.171479106447336,7.7631162329222825,Flight 07,20160910_flight07_airborne.tab,15.0,14.136438440482165,191.81292513558674,90.0,downstream wake,8.43974150585709,1.075640708044202,188.3335639642,10.138099379067574,-0.2594775629409831
20160910_flight07,2,21.0,9.502304773053746,54.701306089999996,7.435440310000001,90.705,2016-09-10 08:43:33,2016-09-10 08:43:35,3,1.6440000000000001,9.202,9.094600870846396,9.34996902539838,0.043344167597204344,8.43974150585709,True,1.0162926473062701,9.171479106447336,7.7631162329222825,Flight 07,20160910_flight07_airborne.tab,15.0,14.136438440482165,191.81292513558674,90.0,downstream wake,8.43974150585709,1.1258999776781373,188.3335639642,10.138099379067574,-0.2594775629409831
20160910_flight07,2,21.200000000000003,9.276563210586128,54.70153651,7.432431790000001,90.8,2016-09-10 08:43:36,2016-09-10 08:43:38,3,1.3666666666666665,9.047666666666666,9.094600870846396,9.358637858917822,0.043344167597204344,8.43974150585709,True,0.9912300647199971,9.171479106447336,7.7631162329222825,Flight 07,20160910_flight07_airborne.tab,15.0,14.136438440482165,191.81292513558674,90.0,downstream wake,8.43974150585709,1.0991525278526946,188.3335639642,10.138099379067574,-0.2594775629409831
20160910_flight07,2,21.400000000000002,9.094600870846396,54.70176783,7.42942182,90.7,2016-09-10 08:43:39,2016-09-10 08:43:41,3,1.596,9.047,9.185582040716262,9.367306692437262,0.043344167597204344,8.43974150585709,True,0.9708874887366464,9.171479106447336,7.7631162329222825,Flight 07,20160910_flight07_airborne.tab,15.0,14.136438440482165,191.81292513558674,90.0,downstream wake,8.43974150585709,1.0775923485967953,188.3335639642,10.138099379067574,-0.2594775629409831
20160910_flight07,2,21.6,9.043027866815406,54.70200152,7.42641201,90.72399999999999,2016-09-10 08:43:42,2016-09-10 08:43:44,3,1.3543333333333332,8.936,9.094600870846396,9.375975525956704,0.043344167597204344,8.43974150585709,True,0.9644892781322266,9.171479106447336,7.7631162329222825,Flight 07,20160910_flight07_airborne.tab,15.0,14.136438440482165,191.81292513558674,90.0,downstream wake,8.43974150585709,1.0714816159404459,188.3335639642,10.138099379067574,-0.2594775629409831
20160910_flight07,3,-21.0,6.98133081869066,54.72321001,8.097134590000001,94.0,2016-09-10 08:57:03,2016-09-10 08:57:05,3,1.6576666666666666,6.764,6.98133081869066,6.564339331591417,0.0645567507851973,7.92003109808056,True,1.0635237555579184,9.019385012294352,6.886060855343668,Flight 07,20160910_flight07_airborne.tab,25.0,23.856110979734023,190.395179413653,90.0,downstream wake,7.92003109808056,0.8814777028315713,188.3335639642,10.138099379067574,-0.2594775629409831
20160910_flight07,3,-20.8,7.103434943743767,54.723531519999995,8.09409567,93.736,2016-09-10 08:57:00,2016-09-10 08:57:02,3,1.8226666666666667,6.545999999999999,6.8743150661508325,6.577250681748456,0.0645567507851973,7.92003109808056,True,1.0800006396982018,9.019385012294352,6.886060855343668,Flight 07,20160910_flight07_airborne.tab,25.0,23.856110979734023,190.395179413653,90.0,downstream wake,7.92003109808056,0.8968948298025373,188.3335639642,10.138099379067574,-0.2594775629409831
20160910_flight07,3,-20.6,6.767299313611005,54.72385792,8.09106007,93.566,2016-09-10 08:56:57,2016-09-10 08:56:59,3,1.5416666666666667,6.410333333333333,6.767299313611005,6.590162031905496,0.0645567507851973,7.92003109808056,True,1.0268790480185341,9.019385012294352,6.886060855343668,Flight 07,20160910_flight07_airborne.tab,25.0,23.856110979734023,190.395179413653,90.0,downstream wake,7.92003109808056,0.8544536290079817,188.3335639642,10.138099379067574,-0.2594775629409831
20160910_flight07,3,-20.400000000000002,6.505365477819059,54.72418484,8.08802406,93.6,2016-09-10 08:56:54,2016-09-10 08:56:56,3,1.5776666666666666,6.320666666666667,6.682156313646067,6.603073382062536,0.0645567507851973,7.92003109808056,True,0.9852026626708552,9.019385012294352,6.886060855343668,Flight 07,20160910_flight07_airborne.tab,25.0,23.856110979734023,190.395179413653,90.0,downstream wake,7.92003109808056,0.8213813048531654,188.3335639642,10.138099379067574,-0.2594775629409831
20160910_flight07,3,-20.200000000000003,6.628685012881514,54.72450857,8.08498595,93.44300000000001,2016-09-10 08:56:51,2016-09-10 08:56:53,3,1.461,6.400333333333333,6.628685012881514,6.615984732219575,0.0645567507851973,7.92003109808056,True,1.0019196357271034,9.019385012294352,6.886060855343668,Flight 07,20160910_flight07_airborne.tab,25.0,23.856110979734023,190.395179413653,90.0,downstream wake,7.92003109808056,0.8369518920813319,188.3335639642,10.138099379067574,-0.2594775629409831
20160910_flight07,3,-20.0,6.682156313646067,54.72482728,8.081945990000001,93.446,2016-09-10 08:56:48,2016-09-10 08:56:50,3,1.6783333333333335,6.3870000000000005,6.628685012881514,6.628896082376614,0.0645567507851973,7.92003109808056,True,1.0080345551668926,9.019385012294352,6.886060855343668,Flight 07,20160910_flight07_airborne.tab,25.0,23.856110979734023,190.395179413653,90.0,downstream wake,7.92003109808056,0.8437032924359987,188.3335639642,10.138099379067574,-0.2594775629409831
20160910_flight07,3,-19.8,6.528090685644617,54.72514118,8.07890277,93.41300000000001,2016-09-10 08:56:45,2016-09-10 08:56:47,3,1.5726666666666667,6.34,6.682156313646067,6.641807432533653,0.0645567507851973,7.92003109808056,True,0.9828786443985088,9.019385012294352,6.886060855343668,Flight 07,20160910_flight07_airborne.tab,25.0,23.856110979734023,190.395179413653,90.0,downstream wake,7.92003109808056,0.824250638009075,188.3335639642,10.138099379067574,-0.2594775629409831
20160910_flight07,3,-19.6,7.259358442727566,54.7254595,8.075861600000001,93.68799999999999,2016-09-10 08:56:42,2016-09-10 08:56:44,3,1.6606666666666667,6.803666666666667,6.682156313646067,6.6547187826906935,0.0645567507851973,7.92003109808056,True,1.0908587845379094,9.019385012294352,6.886060855343668,Flight 07,20160910_flight07_airborne.tab,25.0,23.856110979734023,190.395179413653,90.0,downstream wake,7.92003109808056,0.9165820629778701,188.3335639642,10.138099379067574,-0.2594775629409831
20160910_flight07,3,-19.400000000000002,7.0280527175029075,54.7257783,8.07282375,94.42399999999999,2016-09-10 08:56:39,2016-09-10 08:56:41,3,1.8583333333333334,6.719333333333334,6.528090685644617,6.667630132847733,0.0645567507851973,7.92003109808056,True,1.0540555755904293,9.019385012294352,6.886060855343668,Flight 07,20160910_flight07_airborne.tab,25.0,23.856110979734023,190.395179413653,90.0,downstream wake,7.92003109808056,0.8873769093161987,188.3335639642,10.138099379067574,-0.2594775629409831
20160910_flight07,3,-19.200000000000003,6.5045468712278485,54.72609418,8.069786749999999,94.273,2016-09-10 08:56:36,2016-09-10 08:56:38,3,1.1756666666666666,6.305,6.6415921283981305,6.680541483004772,0.0645567507851973,7.92003109808056,True,0.9736556367137825,9.019385012294352,6.886060855343668,Flight 07,20160910_flight07_airborne.tab,25.0,23.856110979734023,190.395179413653,90.0,downstream wake,7.92003109808056,0.8212779458409251,188.3335639642,10.138099379067574,-0.2594775629409831
20160910_flight07,3,-19.0,6.411647214250017,54.726410939999994,8.06674665,93.881,2016-09-10 08:56:33,2016-09-10 08:56:35,3,1.3760000000000001,6.254333333333332,6.6415921283981305,6.693452833161812,0.0645567507851973,7.92003109808056,True,0.9578983185605452,9.019385012294352,6.886060855343668,Flight 07,20160910_flight07_airborne.tab,25.0,23.856110979734023,190.395179413653,90.0,downstream wake,7.92003109808056,0.8095482372290048,188.3335639642,10.138099379067574,-0.2594775629409831
20160910_flight07,3,-18.8,6.6415921283981305,54.726726369999994,8.063701290000001,93.64299999999999,2016-09-10 08:56:30,2016-09-10 08:56:32,3,1.4583333333333333,6.410666666666667,6.6415921283981305,6.706364183318851,0.0645567507851973,7.92003109808056,True,0.9903417033208796,9.019385012294352,6.886060855343668,Flight 07,20160910_flight07_airborne.tab,25.0,23.856110979734023,190.395179413653,90.0,downstream wake,7.92003109808056,0.8385815719849556,188.3335639642,10.138099379067574,-0.2594775629409831
20160910_flight07,3,-18.6,6.850183063247288,54.72703829,8.06065628,94.302,2016-09-10 08:56:27,2016-09-10 08:56:29,3,1.841,6.675666666666667,6.6415921283981305,6.719275533475891,0.0645567507851973,7.92003109808056,True,1.0194823875162147,9.019385012294352,6.886060855343668,Flight 07,20160910_flight07_airborne.tab,25.0,23.856110979734023,190.395179413653,90.0,downstream wake,7.92003109808056,0.8649187078201558,188.3335639642,10.138099379067574,-0.2594775629409831
20160910_flight07,3,-18.400000000000002,6.729150986565838,54.72734349,8.05761414,95.014,2016-09-10 08:56:24,2016-09-10 08:56:26,3,1.5353333333333332,6.5683333333333325,6.69098333580349,6.73218688363293,0.0645567507851973,7.92003109808056,True,0.999549047416602,9.019385012294352,6.886060855343668,Flight 07,20160910_flight07_airborne.tab,25.0,23.856110979734023,190.395179413653,90.0,downstream wake,7.92003109808056,0.8496369399605848,188.3335639642,10.138099379067574,-0.2594775629409831
20160910_flight07,3,-18.2,6.462862910506457,54.72765326,8.054576970000001,94.88600000000001,2016-09-10 08:56:21,2016-09-10 08:56:23,3,1.1733333333333336,6.402,6.729150986565838,6.745098233789969,0.0645567507851973,7.92003109808056,True,0.9581569736272131,9.019385012294352,6.886060855343668,Flight 07,20160910_flight07_airborne.tab,25.0,23.856110979734023,190.395179413653,90.0,downstream wake,7.92003109808056,0.8160148401529318,188.3335639642,10.138099379067574,-0.2594775629409831
20160910_flight07,3,-18.0,6.69098333580349,54.72797192,8.05154174,94.04199999999999,2016-09-10 08:56:18,2016-09-10 08:56:20,3,1.4493333333333334,6.469,6.729150986565838,6.758009583947009,0.0645567507851973,7.92003109808056,True,0.9900819542631704,9.019385012294352,6.886060855343668,Flight 07,20160910_flight07_airborne.tab,25.0,23.856110979734023,190.395179413653,90.0,downstream wake,7.92003109808056,0.8448178110594877,188.3335639642,10.138099379067574,-0.2594775629409831
20160910_flight07,3,-17.8,7.216938478329991,54.72829886,8.04850929,94.119,2016-09-10 08:56:15,2016-09-10 08:56:17,3,1.5943333333333334,6.988333333333333,6.69098333580349,6.770920934104049,0.0645567507851973,7.92003109808056,True,1.0658725081221112,9.019385012294352,6.886060855343668,Flight 07,20160910_flight07_airborne.tab,25.0,23.856110979734023,190.395179413653,90.0,downstream wake,7.92003109808056,0.9112260278976725,188.3335639642,10.138099379067574,-0.2594775629409831
20160910_flight07,3,-17.6,6.7418337268135,54.728628310000005,8.04547891,94.60600000000001,2016-09-10 08:56:12,2016-09-10 08:56:14,3,1.7696666666666667,6.552333333333333,6.69098333580349,6.783832284261088,0.0645567507851973,7.92003109808056,True,0.9938090218496369,9.019385012294352,6.886060855343668,Flight 07,20160910_flight07_airborne.tab,25.0,23.856110979734023,190.395179413653,90.0,downstream wake,7.92003109808056,0.8512382897647208,188.3335639642,10.138099379067574,-0.2594775629409831
20160910_flight07,3,-17.400000000000002,6.191012275872176,54.7289563,8.04244984,94.635,2016-09-10 08:56:09,2016-09-10 08:56:11,3,1.2806666666666668,6.071999999999999,6.7418337268135,6.796743634418127,0.0645567507851973,7.92003109808056,True,0.9108791811009939,9.019385012294352,6.886060855343668,Flight 07,20160910_flight07_airborne.tab,25.0,23.856110979734023,190.395179413653,90.0,downstream wake,7.92003109808056,0.7816903998486299,188.3335639642,10.138099379067574,-0.2594775629409831
20160910_flight07,3,-17.2,6.672077937194679,54.729273119999995,8.03941313,94.083,2016-09-10 08:56:06,2016-09-10 08:56:08,3,1.3310000000000002,6.435333333333333,6.672077937194679,6.809654984575166,0.0645567507851973,7.92003109808056,True,0.9797967668417682,9.019385012294352,6.886060855343668,Flight 07,20160910_flight07_airborne.tab,25.0,23.856110979734023,190.395179413653,90.0,downstream wake,7.92003109808056,0.8424307751533544,188.3335639642,10.138099379067574,-0.2594775629409831
20160910_flight07,3,-17.0,7.30856901178336,54.729576189999996,8.03636477,93.8,2016-09-10 08:56:03,2016-09-10 08:56:05,3,1.7553333333333334,7.075666666666667,6.672077937194679,6.8225663347322065,0.0645567507851973,7.92003109808056,True,1.0712345843494433,9.019385012294352,6.886060855343668,Flight 07,20160910_flight07_airborne.tab,25.0,23.856110979734023,190.395179413653,90.0,downstream wake,7.92003109808056,0.9227954942695378,188.3335639642,10.138099379067574,-0.2594775629409831
20160910_flight07,3,-16.8,6.6060491218276605,54.729869390000005,8.03330902,93.99,2016-09-10 08:56:00,2016-09-10 08:56:02,3,1.8283333333333331,6.372666666666667,6.8323727210977,6.835477684889246,0.0645567507851973,7.92003109808056,True,0.966435621087789,9.019385012294352,6.886060855343668,Flight 07,20160910_flight07_airborne.tab,25.0,23.856110979734023,190.395179413653,90.0,downstream wake,7.92003109808056,0.8340938362513063,188.3335639642,10.138099379067574,-0.2594775629409831
20160910_flight07,3,-16.6,6.8323727210977,54.73016354000001,8.03025653,94.351,2016-09-10 08:55:57,2016-09-10 08:55:59,3,1.6963333333333335,6.550666666666667,6.869361906319975,6.848389035046285,0.0645567507851973,7.92003109808056,True,0.9976613019694672,9.019385012294352,6.886060855343668,Flight 07,20160910_flight07_airborne.tab,25.0,23.856110979734023,190.395179413653,90.0,downstream wake,7.92003109808056,0.8626699360755721,188.3335639642,10.138099379067574,-0.2594775629409831
20160910_flight07,3,-16.400000000000002,6.893995068173462,54.730463719999996,8.02720866,94.464,2016-09-10 08:55:54,2016-09-10 08:55:56,3,1.5546666666666666,6.801666666666667,6.869361906319975,6.861300385203324,0.0645567507851973,7.92003109808056,True,1.0047650854990469,9.019385012294352,6.886060855343668,Flight 07,20160910_flight07_airborne.tab,25.0,23.856110979734023,190.395179413653,90.0,downstream wake,7.92003109808056,0.8704505049032243,188.3335639642,10.138099379067574,-0.2594775629409831
20160910_flight07,3,-16.2,6.869361906319975,54.73077248,8.02416347,94.27,2016-09-10 08:55:51,2016-09-10 08:55:53,3,1.6106666666666667,6.823,6.888589986346989,6.8742117353603645,0.0645567507851973,7.92003109808056,True,0.9992944894299018,9.019385012294352,6.886060855343668,Flight 07,20160910_flight07_airborne.tab,25.0,23.856110979734023,190.395179413653,90.0,downstream wake,7.92003109808056,0.8673402694068691,188.3335639642,10.138099379067574,-0.2594775629409831
20160910_flight07,3,-16.0,7.1581099460681665,54.73108507,8.02112168,94.595,2016-09-10 08:55:48,2016-09-10 08:55:50,3,1.6713333333333333,6.989,6.888589986346989,6.887123085517404,0.0645567507851973,7.92003109808056,True,1.0393468879800636,9.019385012294352,6.886060855343668,Flight 07,20160910_flight07_airborne.tab,25.0,23.856110979734023,190.395179413653,90.0,downstream wake,7.92003109808056,0.9037982120806258,188.3335639642,10.138099379067574,-0.2594775629409831
20160910_flight07,3,-15.8,6.888589986346989,54.73140319,8.01808454,94.639,2016-09-10 08:55:45,2016-09-10 08:55:47,3,1.687,6.483666666666667,6.888589986346989,6.900034435674443,0.0645567507851973,7.92003109808056,True,0.9983413924330168,9.019385012294352,6.886060855343668,Flight 07,20160910_flight07_airborne.tab,25.0,23.856110979734023,190.395179413653,90.0,downstream wake,7.92003109808056,0.8697680477563347,188.3335639642,10.138099379067574,-0.2594775629409831
20160910_flight07,3,-15.600000000000001,6.739866244963619,54.73171757,8.015049340000001,94.579,2016-09-10 08:55:42,2016-09-10 08:55:44,3,1.5079999999999998,6.484999999999999,6.888589986346989,6.912945785831482,0.0645567507851973,7.92003109808056,True,0.9749629830422509,9.019385012294352,6.886060855343668,Flight 07,20160910_flight07_airborne.tab,25.0,23.856110979734023,190.395179413653,90.0,downstream wake,7.92003109808056,0.8509898713146522,188.3335639642,10.138099379067574,-0.2594775629409831
20160910_flight07,3,-15.4,7.067536628840348,54.73203613,8.01201725,94.70300000000002,2016-09-10 08:55:39,2016-09-10 08:55:41,3,1.4006666666666667,6.675333333333334,6.888589986346989,6.925857135988522,0.0645567507851973,7.92003109808056,True,1.0204566005434363,9.019385012294352,6.886060855343668,Flight 07,20160910_flight07_airborne.tab,25.0,23.856110979734023,190.395179413653,90.0,downstream wake,7.92003109808056,0.8923622320817887,188.3335639642,10.138099379067574,-0.2594775629409831
20160910_flight07,3,-15.200000000000001,6.683527885780085,54.73235737,8.00898479,94.499,2016-09-10 08:55:36,2016-09-10 08:55:38,3,1.5756666666666668,6.577333333333333,7.067536628840348,6.938768486145562,0.0645567507851973,7.92003109808056,True,0.9632152880046209,9.019385012294352,6.886060855343668,Flight 07,20160910_flight07_airborne.tab,25.0,23.856110979734023,190.395179413653,90.0,downstream wake,7.92003109808056,0.843876470055762,188.3335639642,10.138099379067574,-0.2594775629409831
20160910_flight07,3,-15.0,7.1278216167353685,54.73267442,8.00595169,94.567,2016-09-10 08:55:33,2016-09-10 08:55:35,3,1.5040000000000002,6.997666666666667,7.067536628840348,6.951679836302601,0.0645567507851973,7.92003109808056,True,1.0253380167931399,9.019385012294352,6.886060855343668,Flight 07,20160910_flight07_airborne.tab,25.0,23.856110979734023,190.395179413653,90.0,downstream wake,7.92003109808056,0.8999739430900485,188.3335639642,10.138099379067574,-0.2594775629409831
20160910_flight07,3,-14.8,7.106858940488407,54.73299203,8.00292056,95.112,2016-09-10 08:55:30,2016-09-10 08:55:32,3,1.5336666666666667,6.7796666666666665,6.949550848795914,6.96459118645964,0.0645567507851973,7.92003109808056,True,1.0204272943263863,9.019385012294352,6.886060855343668,Flight 07,20160910_flight07_airborne.tab,25.0,23.856110979734023,190.395179413653,90.0,downstream wake,7.92003109808056,0.8973271509263104,188.3335639642,10.138099379067574,-0.2594775629409831
20160910_flight07,3,-14.600000000000001,6.335463676795883,54.73330603,7.99989011,94.993,2016-09-10 08:55:27,2016-09-10 08:55:29,3,1.28,6.144000000000001,7.106858940488407,6.977502536616679,0.0645567507851973,7.92003109808056,True,0.9079844319007422,9.019385012294352,6.886060855343668,Flight 07,20160910_flight07_airborne.tab,25.0,23.856110979734023,190.395179413653,90.0,downstream wake,7.92003109808056,0.7999291414816918,188.3335639642,10.138099379067574,-0.2594775629409831
20160910_flight07,3,-14.4,6.949550848795914,54.73361388,7.99685477,94.07600000000001,2016-09-10 08:55:24,2016-09-10 08:55:26,3,1.4233333333333331,6.742,7.106858940488407,6.9904138867737196,0.0645567507851973,7.92003109808056,True,0.9941544179443909,9.019385012294352,6.886060855343668,Flight 07,20160910_flight07_airborne.tab,25.0,23.856110979734023,190.395179413653,90.0,downstream wake,7.92003109808056,0.8774650961257153,188.3335639642,10.138099379067574,-0.2594775629409831
20160910_flight07,3,-14.200000000000001,7.276845264261155,54.73391304,7.99380982,93.5,2016-09-10 08:55:21,2016-09-10 08:55:23,3,1.8536666666666666,6.973,7.061302500247388,7.003325236930759,0.0645567507851973,7.92003109808056,True,1.0390557368217084,9.019385012294352,6.886060855343668,Flight 07,20160910_flight07_airborne.tab,25.0,23.856110979734023,190.395179413653,90.0,downstream wake,7.92003109808056,0.91878998632022,188.3335639642,10.138099379067574,-0.2594775629409831
20160910_flight07,3,-14.0,7.244952035728049,54.73420897,7.99076259,93.639,2016-09-10 08:55:18,2016-09-10 08:55:20,3,1.7386666666666668,7.146333333333334,7.061302500247388,7.016236587087798,0.0645567507851973,7.92003109808056,True,1.0325980239978172,9.019385012294352,6.886060855343668,Flight 07,20160910_flight07_airborne.tab,25.0,23.856110979734023,190.395179413653,90.0,downstream wake,7.92003109808056,0.9147630793373881,188.3335639642,10.138099379067574,-0.2594775629409831
20160910_flight07,3,-13.8,7.061302500247388,54.734507119999996,7.98772079,94.80799999999999,2016-09-10 08:55:15,2016-09-10 08:55:17,3,1.8730000000000002,6.708666666666667,7.061302500247388,7.029147937244837,0.0645567507851973,7.92003109808056,True,1.0045744609858296,9.019385012294352,6.886060855343668,Flight 07,20160910_flight07_airborne.tab,25.0,23.856110979734023,190.395179413653,90.0,downstream wake,7.92003109808056,0.8915750977238855,188.3335639642,10.138099379067574,-0.2594775629409831
20160910_flight07,3,-13.600000000000001,6.771619673313024,54.734807419999996,7.98468686,95.09299999999999,2016-09-10 08:55:12,2016-09-10 08:55:14,3,1.5046666666666668,6.6129999999999995,6.861057134290603,7.042059287401877,0.0645567507851973,7.92003109808056,True,0.9615965155856236,9.019385012294352,6.886060855343668,Flight 07,20160910_flight07_airborne.tab,25.0,23.856110979734023,190.395179413653,90.0,downstream wake,7.92003109808056,0.8549991268284468,188.3335639642,10.138099379067574,-0.2594775629409831
20160910_flight07,3,-13.4,6.861057134290603,54.73511773,7.981658650000001,94.376,2016-09-10 08:55:09,2016-09-10 08:55:11,3,1.204,6.750666666666667,6.861057134290603,7.054970637558917,0.0645567507851973,7.92003109808056,True,0.9725139177424827,9.019385012294352,6.886060855343668,Flight 07,20160910_flight07_airborne.tab,25.0,23.856110979734023,190.395179413653,90.0,downstream wake,7.92003109808056,0.8662916911971972,188.3335639642,10.138099379067574,-0.2594775629409831
20160910_flight07,3,-13.200000000000001,6.693993800415413,54.73543642,7.9786338599999995,94.29199999999999,2016-09-10 08:55:06,2016-09-10 08:55:08,3,1.5956666666666666,6.480666666666667,6.771619673313024,7.067881987715956,0.0645567507851973,7.92003109808056,True,0.947100391892456,9.019385012294352,6.886060855343668,Flight 07,20160910_flight07_airborne.tab,25.0,23.856110979734023,190.395179413653,90.0,downstream wake,7.92003109808056,0.8451979187351574,188.3335639642,10.138099379067574,-0.2594775629409831
20160910_flight07,3,-13.0,7.0115645187076465,54.73576023,7.97561349,94.37899999999999,2016-09-10 08:55:03,2016-09-10 08:55:05,3,1.6806666666666665,6.723333333333333,6.861057134290603,7.080793337872995,0.0645567507851973,7.92003109808056,True,0.9902230137412619,9.019385012294352,6.886060855343668,Flight 07,20160910_flight07_airborne.tab,25.0,23.856110979734023,190.395179413653,90.0,downstream wake,7.92003109808056,0.8852950742083471,188.3335639642,10.138099379067574,-0.2594775629409831
20160910_flight07,3,-12.8,6.486772155702711,54.73608170000001,7.97259307,94.28399999999999,2016-09-10 08:55:00,2016-09-10 08:55:02,3,1.4743333333333333,6.347666666666666,6.870715319382692,7.093704688030035,0.0645567507851973,7.92003109808056,True,0.9144406824051379,9.019385012294352,6.886060855343668,Flight 07,20160910_flight07_airborne.tab,25.0,23.856110979734023,190.395179413653,90.0,downstream wake,7.92003109808056,0.8190336723898467,188.3335639642,10.138099379067574,-0.2594775629409831
20160910_flight07,3,-12.600000000000001,6.924926136790196,54.736403179999996,7.96957411,94.333,2016-09-10 08:54:57,2016-09-10 08:54:59,3,1.4106666666666667,6.68,6.870715319382692,7.106616038187075,0.0645567507851973,7.92003109808056,True,0.9744336966538538,9.019385012294352,6.886060855343668,Flight 07,20160910_flight07_airborne.tab,25.0,23.856110979734023,190.395179413653,90.0,downstream wake,7.92003109808056,0.8743559275251419,188.3335639642,10.138099379067574,-0.2594775629409831
20160910_flight07,3,-12.4,6.870715319382692,54.736724519999996,7.9665576399999996,94.711,2016-09-10 08:54:54,2016-09-10 08:54:56,3,1.4853333333333332,6.8276666666666666,6.870715319382692,7.119527388344114,0.0645567507851973,7.92003109808056,True,0.9650521649275808,9.019385012294352,6.886060855343668,Flight 07,20160910_flight07_airborne.tab,25.0,23.856110979734023,190.395179413653,90.0,downstream wake,7.92003109808056,0.8675111542236025,188.3335639642,10.138099379067574,-0.2594775629409831
20160910_flight07,3,-12.200000000000001,6.364297683169762,54.73705084,7.96354749,94.82700000000001,2016-09-10 08:54:51,2016-09-10 08:54:53,3,1.116,6.361666666666667,6.924926136790196,7.132438738501153,0.0645567507851973,7.92003109808056,True,0.8923031681737498,9.019385012294352,6.886060855343668,Flight 07,20160910_flight07_airborne.tab,25.0,23.856110979734023,190.395179413653,90.0,downstream wake,7.92003109808056,0.8035697845570539,188.3335639642,10.138099379067574,-0.2594775629409831
20160910_flight07,3,-12.0,6.978547484971354,54.73737059,7.96053444,94.433,2016-09-10 08:54:48,2016-09-10 08:54:50,3,1.1436666666666666,7.011,6.883531724340347,7.145350088658192,0.0645567507851973,7.92003109808056,True,0.9766557829053605,9.019385012294352,6.886060855343668,Flight 07,20160910_flight07_airborne.tab,25.0,23.856110979734023,190.395179413653,90.0,downstream wake,7.92003109808056,0.8811262731863038,188.3335639642,10.138099379067574,-0.2594775629409831
20160910_flight07,3,-11.8,7.29417918617304,54.7376765,7.95751114,94.23,2016-09-10 08:54:45,2016-09-10 08:54:47,3,1.3746666666666665,6.945,6.978547484971354,7.158261438815233,0.0645567507851973,7.92003109808056,True,1.0189875360825469,9.019385012294352,6.886060855343668,Flight 07,20160910_flight07_airborne.tab,25.0,23.856110979734023,190.395179413653,90.0,downstream wake,7.92003109808056,0.9209786042305823,188.3335639642,10.138099379067574,-0.2594775629409831
20160910_flight07,3,-11.600000000000001,6.883531724340347,54.737968359999996,7.9544826,94.589,2016-09-10 08:54:42,2016-09-10 08:54:44,3,1.4576666666666667,6.6450000000000005,6.990659053336817,7.171172788972272,0.0645567507851973,7.92003109808056,True,0.9598892575738441,9.019385012294352,6.886060855343668,Flight 07,20160910_flight07_airborne.tab,25.0,23.856110979734023,190.395179413653,90.0,downstream wake,7.92003109808056,0.8691293808187935,188.3335639642,10.138099379067574,-0.2594775629409831
20160910_flight07,3,-11.4,6.990659053336817,54.73825172,7.95145513,94.9,2016-09-10 08:54:39,2016-09-10 08:54:41,3,1.3093333333333332,6.77,7.0231333463063335,7.184084139129311,0.0645567507851973,7.92003109808056,True,0.9730758880260084,9.019385012294352,6.886060855343668,Flight 07,20160910_flight07_airborne.tab,25.0,23.856110979734023,190.395179413653,90.0,downstream wake,7.92003109808056,0.8826555056117167,188.3335639642,10.138099379067574,-0.2594775629409831
20160910_flight07,3,-11.200000000000001,7.0231333463063335,54.738528079999995,7.948427820000001,94.9,2016-09-10 08:54:36,2016-09-10 08:54:38,3,1.1366666666666667,6.926333333333333,6.990659053336817,7.19699548928635,0.0645567507851973,7.92003109808056,True,0.9758423993402757,9.019385012294352,6.886060855343668,Flight 07,20160910_flight07_airborne.tab,25.0,23.856110979734023,190.395179413653,90.0,downstream wake,7.92003109808056,0.8867557790282424,188.3335639642,10.138099379067574,-0.2594775629409831
20160910_flight07,3,-11.0,7.460988473386084,54.738800659999995,7.9454040699999995,95.213,2016-09-10 08:54:33,2016-09-10 08:54:35,3,1.3836666666666666,7.289666666666666,7.0231333463063335,7.2099068394433905,0.0645567507851973,7.92003109808056,True,1.0348245323461178,9.019385012294352,6.886060855343668,Flight 07,20160910_flight07_airborne.tab,25.0,23.856110979734023,190.395179413653,90.0,downstream wake,7.92003109808056,0.9420403002198152,188.3335639642,10.138099379067574,-0.2594775629409831
20160910_flight07,3,-10.8,6.950916630200653,54.73908442,7.942389960000001,95.3,2016-09-10 08:54:30,2016-09-10 08:54:32,3,1.1206666666666667,6.774,7.0231333463063335,7.22281818960043,0.0645567507851973,7.92003109808056,True,0.9623551981702563,9.019385012294352,6.886060855343668,Flight 07,20160910_flight07_airborne.tab,25.0,23.856110979734023,190.395179413653,90.0,downstream wake,7.92003109808056,0.877637542595663,188.3335639642,10.138099379067574,-0.2594775629409831
20160910_flight07,3,-10.600000000000001,7.281233137319529,54.739379150000005,7.93938036,94.25299999999999,2016-09-10 08:54:27,2016-09-10 08:54:29,3,1.1463333333333334,7.266333333333333,7.005952683254434,7.235729539757469,0.0645567507851973,7.92003109808056,True,1.0062887366521973,9.019385012294352,6.886060855343668,Flight 07,20160910_flight07_airborne.tab,25.0,23.856110979734023,190.395179413653,90.0,downstream wake,7.92003109808056,0.9193440085208952,188.3335639642,10.138099379067574,-0.2594775629409831
20160910_flight07,3,-10.4,7.005952683254434,54.7396761,7.9363634,93.26700000000001,2016-09-10 08:54:24,2016-09-10 08:54:26,3,1.32,6.823333333333334,7.005952683254434,7.248640889914508,0.0645567507851973,7.92003109808056,True,0.9665194882260285,9.019385012294352,6.886060855343668,Flight 07,20160910_flight07_airborne.tab,25.0,23.856110979734023,190.395179413653,90.0,downstream wake,7.92003109808056,0.8845865119080586,188.3335639642,10.138099379067574,-0.2594775629409831
20160910_flight07,3,-10.200000000000001,6.952513574240613,54.739970590000006,7.933337679999999,93.02,2016-09-10 08:54:21,2016-09-10 08:54:23,3,1.417,6.7620000000000005,7.005952683254434,7.261552240071548,0.0645567507851973,7.92003109808056,True,0.9574417899074578,9.019385012294352,6.886060855343668,Flight 07,20160910_flight07_airborne.tab,25.0,23.856110979734023,190.395179413653,90.0,downstream wake,7.92003109808056,0.8778391761524235,188.3335639642,10.138099379067574,-0.2594775629409831
20160910_flight07,3,-10.0,7.349122563992757,54.740305985,7.929812755,93.71349999999998,2016-09-10 08:54:17,2016-09-10 08:54:20,4,1.50325,7.10325,7.005952683254434,7.274463590228588,0.0645567507851973,7.92003109808056,True,1.0102631586285558,9.019385012294352,6.886060855343668,Flight 07,20160910_flight07_airborne.tab,25.0,23.856110979734023,190.395179413653,90.0,downstream wake,7.92003109808056,0.9279158721704812,188.3335639642,10.138099379067574,-0.2594775629409831
20160910_flight07,3,-9.8,6.82698440015795,54.74063076,7.926291539999999,94.3,2016-09-10 08:54:14,2016-09-10 08:54:16,3,1.0993333333333333,6.813333333333333,7.140131721474051,7.287374940385627,0.0645567507851973,7.92003109808056,False,0.9368235415367122,9.019385012294352,6.886060855343668,Flight 07,20160910_flight07_airborne.tab,25.0,23.856110979734023,190.395179413653,90.0,downstream wake,7.92003109808056,0.861989595193949,188.3335639642,10.138099379067574,-0.2594775629409831
20160910_flight07,3,-9.600000000000001,7.363863795589921,54.74090534,7.92327293,94.24700000000001,2016-09-10 08:54:11,2016-09-10 08:54:13,3,1.4313333333333331,7.2989999999999995,7.349122563992757,7.300286290542666,0.0645567507851973,7.92003109808056,False,1.0087089057219054,9.019385012294352,6.886060855343668,Flight 07,20160910_flight07_airborne.tab,25.0,23.856110979734023,190.395179413653,90.0,downstream wake,7.92003109808056,0.929777131478003,188.3335639642,10.138099379067574,-0.2594775629409831
20160910_flight07,3,-9.4,7.140131721474051,54.741181100000006,7.92025709,93.62899999999999,2016-09-10 08:54:08,2016-09-10 08:54:10,3,1.4806666666666668,7.036333333333334,7.140131721474051,7.3131976406997055,0.0645567507851973,7.92003109808056,False,0.9763351234674008,9.019385012294352,6.886060855343668,Flight 07,20160910_flight07_airborne.tab,25.0,23.856110979734023,190.395179413653,90.0,downstream wake,7.92003109808056,0.9015282431409241,188.3335639642,10.138099379067574,-0.2594775629409831
20160910_flight07,3,-9.200000000000001,7.396138451922058,54.74145542,7.91724006,92.637,2016-09-10 08:54:05,2016-09-10 08:54:07,3,1.6763333333333332,7.2010000000000005,7.140131721474051,7.326108990856746,0.0645567507851973,7.92003109808056,False,1.0095588887843072,9.019385012294352,6.886060855343668,Flight 07,20160910_flight07_airborne.tab,25.0,23.856110979734023,190.395179413653,90.0,downstream wake,7.92003109808056,0.933852198347369,188.3335639642,10.138099379067574,-0.2594775629409831
20160910_flight07,3,-9.0,6.896339318798053,54.741732250000005,7.914217740000001,91.477,2016-09-10 08:54:02,2016-09-10 08:54:04,3,1.393,7.0040000000000004,7.140131721474051,7.339020341013785,0.0645567507851973,7.92003109808056,False,0.939681183366964,9.019385012294352,6.886060855343668,Flight 07,20160910_flight07_airborne.tab,25.0,23.856110979734023,190.395179413653,90.0,downstream wake,7.92003109808056,0.8707464949814905,188.3335639642,10.138099379067574,-0.2594775629409831
20160910_flight07,3,-8.8,7.032140854675765,54.7420195,7.9111953900000005,91.63799999999999,2016-09-10 08:53:59,2016-09-10 08:54:01,3,1.5946666666666667,6.744666666666667,7.231359761483313,7.351931691170824,0.0645567507851973,7.92003109808056,False,0.9565024744613574,9.019385012294352,6.886060855343668,Flight 07,20160910_flight07_airborne.tab,25.0,23.856110979734023,190.395179413653,90.0,downstream wake,7.92003109808056,0.8878930862253839,188.3335639642,10.138099379067574,-0.2594775629409831
20160910_flight07,3,-8.6,7.320623607316524,54.7423195,7.90818445,92.625,2016-09-10 08:53:56,2016-09-10 08:53:58,3,1.47,7.163666666666667,7.17012831126473,7.364843041327863,0.0645567507851973,7.92003109808056,False,0.9939958755722014,9.019385012294352,6.886060855343668,Flight 07,20160910_flight07_airborne.tab,25.0,23.856110979734023,190.395179413653,90.0,downstream wake,7.92003109808056,0.9243175331837643,188.3335639642,10.138099379067574,-0.2594775629409831
20160910_flight07,3,-8.4,7.231359761483313,54.74262158,7.905180189999999,93.43,2016-09-10 08:53:53,2016-09-10 08:53:55,3,1.2153333333333334,7.110666666666667,7.17012831126473,7.377754391484903,0.0645567507851973,7.92003109808056,False,0.9801572914692644,9.019385012294352,6.886060855343668,Flight 07,20160910_flight07_airborne.tab,25.0,23.856110979734023,190.395179413653,90.0,downstream wake,7.92003109808056,0.9130468898330275,188.3335639642,10.138099379067574,-0.2594775629409831
20160910_flight07,3,-8.200000000000001,7.17012831126473,54.74292278,7.902181000000001,93.9,2016-09-10 08:53:50,2016-09-10 08:53:52,3,1.1853333333333333,7.083666666666667,7.17012831126473,7.390665741641943,0.0645567507851973,7.92003109808056,False,0.9701600047835179,9.019385012294352,6.886060855343668,Flight 07,20160910_flight07_airborne.tab,25.0,23.856110979734023,190.395179413653,90.0,downstream wake,7.92003109808056,0.9053156764753649,188.3335639642,10.138099379067574,-0.2594775629409831
20160910_flight07,3,-8.0,7.072035986899388,54.743213420000004,7.8991808500000005,93.819,2016-09-10 08:53:47,2016-09-10 08:53:49,3,0.7863333333333333,6.990333333333333,7.115674599080539,7.403577091798982,0.0645567507851973,7.92003109808056,False,0.9552187948084114,9.019385012294352,6.886060855343668,Flight 07,20160910_flight07_airborne.tab,25.0,23.856110979734023,190.395179413653,90.0,downstream wake,7.92003109808056,0.8929303306161656,188.3335639642,10.138099379067574,-0.2594775629409831
20160910_flight07,3,-7.800000000000001,6.903716752590594,54.74349822999999,7.896176329999999,93.303,2016-09-10 08:53:44,2016-09-10 08:53:46,3,0.7693333333333333,6.823333333333334,7.115674599080539,7.416488441956021,0.0645567507851973,7.92003109808056,False,0.9308605826896982,9.019385012294352,6.886060855343668,Flight 07,20160910_flight07_airborne.tab,25.0,23.856110979734023,190.395179413653,90.0,downstream wake,7.92003109808056,0.8716779854896942,188.3335639642,10.138099379067574,-0.2594775629409831
20160910_flight07,3,-7.6000000000000005,7.115674599080539,54.74378275,7.89317121,93.1,2016-09-10 08:53:41,2016-09-10 08:53:43,3,0.959,7.012666666666667,7.072035986899388,7.4293997921130615,0.0645567507851973,7.92003109808056,False,0.9577724712882502,9.019385012294352,6.886060855343668,Flight 07,20160910_flight07_airborne.tab,25.0,23.856110979734023,190.395179413653,90.0,downstream wake,7.92003109808056,0.8984402347618359,188.3335639642,10.138099379067574,-0.2594775629409831
20160910_flight07,3,-7.4,7.205715301064843,54.74406839,7.890167279999999,93.1,2016-09-10 08:53:38,2016-09-10 08:53:40,3,0.867,7.177,6.903716752590594,7.442311142270101,0.0645567507851973,7.92003109808056,False,0.9682093590710735,9.019385012294352,6.886060855343668,Flight 07,20160910_flight07_airborne.tab,25.0,23.856110979734023,190.395179413653,90.0,downstream wake,7.92003109808056,0.9098089656252949,188.3335639642,10.138099379067574,-0.2594775629409831
20160910_flight07,3,-7.2,6.651419472563732,54.74436068,7.88716671,93.256,2016-09-10 08:53:35,2016-09-10 08:53:37,3,0.735,6.729333333333333,6.7993459244253796,7.45522249242714,0.0645567507851973,7.92003109808056,False,0.8921825578405078,9.019385012294352,6.886060855343668,Flight 07,20160910_flight07_airborne.tab,25.0,23.856110979734023,190.395179413653,90.0,downstream wake,7.92003109808056,0.8398223933963744,188.3335639642,10.138099379067574,-0.2594775629409831
20160910_flight07,3,-7.0,6.7993459244253796,54.744660190000005,7.88417194,93.436,2016-09-10 08:53:32,2016-09-10 08:53:34,3,0.6643333333333333,6.769666666666667,6.7993459244253796,7.468133842584179,0.0645567507851973,7.92003109808056,False,0.9104477862534691,9.019385012294352,6.886060855343668,Flight 07,20160910_flight07_airborne.tab,25.0,23.856110979734023,190.395179413653,90.0,downstream wake,7.92003109808056,0.8584999023644261,188.3335639642,10.138099379067574,-0.2594775629409831
20160910_flight07,3,-6.800000000000001,6.786984087206924,54.74496687,7.8811816199999996,93.704,2016-09-10 08:53:29,2016-09-10 08:53:31,3,0.37233333333333335,6.825666666666667,6.7993459244253796,7.4810451927412185,0.0645567507851973,7.92003109808056,False,0.9072240458849606,9.019385012294352,6.886060855343668,Flight 07,20160910_flight07_airborne.tab,25.0,23.856110979734023,190.395179413653,90.0,downstream wake,7.92003109808056,0.8569390704604388,188.3335639642,10.138099379067574,-0.2594775629409831
20160910_flight07,3,-6.6000000000000005,7.00198150525978,54.74527988,7.8781940399999995,93.89900000000002,2016-09-10 08:53:26,2016-09-10 08:53:28,3,0.39366666666666666,7.032,6.898853310514727,7.493956542898259,0.0645567507851973,7.92003109808056,False,0.9343504282654661,9.019385012294352,6.886060855343668,Flight 07,20160910_flight07_airborne.tab,25.0,23.856110979734023,190.395179413653,90.0,downstream wake,7.92003109808056,0.8840851025138938,188.3335639642,10.138099379067574,-0.2594775629409831
20160910_flight07,3,-6.4,6.898853310514727,54.74559945,7.875208249999999,93.60600000000001,2016-09-10 08:53:23,2016-09-10 08:53:25,3,0.38533333333333336,6.833333333333333,6.898853310514727,7.506867893055298,0.0645567507851973,7.92003109808056,False,0.9190055571507988,9.019385012294352,6.886060855343668,Flight 07,20160910_flight07_airborne.tab,25.0,23.856110979734023,190.395179413653,90.0,downstream wake,7.92003109808056,0.8710639169316748,188.3335639642,10.138099379067574,-0.2594775629409831
20160910_flight07,3,-6.2,6.974962437174841,54.74591508,7.87221771,93.016,2016-09-10 08:53:20,2016-09-10 08:53:22,3,0.7026666666666666,6.907,6.898853310514727,7.519779243212337,0.0645567507851973,7.92003109808056,False,0.9275488297705986,9.019385012294352,6.886060855343668,Flight 07,20160910_flight07_airborne.tab,25.0,23.856110979734023,190.395179413653,90.0,downstream wake,7.92003109808056,0.8806736174136034,188.3335639642,10.138099379067574,-0.2594775629409831
20160910_flight07,3,-6.0,6.668014772029228,54.746220279999996,7.86921977,93.02799999999999,2016-09-10 08:53:17,2016-09-10 08:53:19,3,0.731,6.650666666666666,6.898853310514727,7.532690593369376,0.0645567507851973,7.92003109808056,False,0.8852102299142254,9.019385012294352,6.886060855343668,Flight 07,20160910_flight07_airborne.tab,25.0,23.856110979734023,190.395179413653,90.0,downstream wake,7.92003109808056,0.841917751263027,188.3335639642,10.138099379067574,-0.2594775629409831
20160910_flight07,3,-5.800000000000001,6.854943471685233,54.74651257000001,7.866218,93.499,2016-09-10 08:53:14,2016-09-10 08:53:16,3,0.7183333333333333,6.858999999999999,6.9583897929253045,7.545601943526416,0.0645567507851973,7.92003109808056,False,0.9084687375493326,9.019385012294352,6.886060855343668,Flight 07,20160910_flight07_airborne.tab,25.0,23.856110979734023,190.395179413653,90.0,downstream wake,7.92003109808056,0.8655197671315389,188.3335639642,10.138099379067574,-0.2594775629409831
20160910_flight07,3,-5.6000000000000005,7.022978072014749,54.746806649999996,7.8632181800000005,93.802,2016-09-10 08:53:11,2016-09-10 08:53:13,3,0.6446666666666666,6.98,6.9583897929253045,7.558513293683456,0.0645567507851973,7.92003109808056,False,0.9291480743817377,9.019385012294352,6.886060855343668,Flight 07,20160910_flight07_airborne.tab,25.0,23.856110979734023,190.395179413653,90.0,downstream wake,7.92003109808056,0.8867361737653764,188.3335639642,10.138099379067574,-0.2594775629409831
20160910_flight07,3,-5.4,6.9583897929253045,54.747156845,7.85972522,94.0,2016-09-10 08:53:07,2016-09-10 08:53:10,4,0.492,6.9190000000000005,6.9583897929253045,7.571424643840495,0.0645567507851973,7.92003109808056,False,0.9190330908973773,9.019385012294352,6.886060855343668,Flight 07,20160910_flight07_airborne.tab,25.0,23.856110979734023,190.395179413653,90.0,downstream wake,7.92003109808056,0.8785811200427847,188.3335639642,10.138099379067574,-0.2594775629409831
20160910_flight07,3,-5.2,6.9672738571122625,54.74750571,7.856231,93.745,2016-09-10 08:53:04,2016-09-10 08:53:06,3,0.4526666666666667,6.935666666666667,6.9583897929253045,7.584335993997534,0.0645567507851973,7.92003109808056,False,0.918639926109071,9.019385012294352,6.886060855343668,Flight 07,20160910_flight07_airborne.tab,25.0,23.856110979734023,190.395179413653,90.0,downstream wake,7.92003109808056,0.8797028409144503,188.3335639642,10.138099379067574,-0.2594775629409831
20160910_flight07,3,-5.0,6.892871462605407,54.747797659999996,7.853229250000001,93.001,2016-09-10 08:53:01,2016-09-10 08:53:03,3,0.7286666666666667,6.854666666666667,6.892871462605407,7.597247344154574,0.0645567507851973,7.92003109808056,False,0.9072853825022397,9.019385012294352,6.886060855343668,Flight 07,20160910_flight07_airborne.tab,25.0,23.856110979734023,190.395179413653,90.0,downstream wake,7.92003109808056,0.8703086360703699,188.3335639642,10.138099379067574,-0.2594775629409831
20160910_flight07,3,-4.800000000000001,6.723434315883512,54.74808797,7.85022122,92.212,2016-09-10 08:52:58,2016-09-10 08:53:00,3,0.755,6.671666666666667,6.7691726230020155,7.610158694311614,0.0645567507851973,7.92003109808056,False,0.88348148651737,9.019385012294352,6.886060855343668,Flight 07,20160910_flight07_airborne.tab,25.0,23.856110979734023,190.395179413653,90.0,downstream wake,7.92003109808056,0.848915140940918,188.3335639642,10.138099379067574,-0.2594775629409831
20160910_flight07,3,-4.6000000000000005,6.650340216861089,54.74838043,7.84721285,92.28699999999999,2016-09-10 08:52:55,2016-09-10 08:52:57,3,0.9340000000000002,6.604333333333333,6.723434315883512,7.623070044468653,0.0645567507851973,7.92003109808056,False,0.8723965775031304,9.019385012294352,6.886060855343668,Flight 07,20160910_flight07_airborne.tab,25.0,23.856110979734023,190.395179413653,90.0,downstream wake,7.92003109808056,0.8396861242720141,188.3335639642,10.138099379067574,-0.2594775629409831
20160910_flight07,3,-4.4,6.7691726230020155,54.7486765,7.8442088000000005,92.568,2016-09-10 08:52:52,2016-09-10 08:52:54,3,1.0163333333333333,6.696333333333333,6.680964002297872,7.635981394625692,0.0645567507851973,7.92003109808056,False,0.8864836454114793,9.019385012294352,6.886060855343668,Flight 07,20160910_flight07_airborne.tab,25.0,23.856110979734023,190.395179413653,90.0,downstream wake,7.92003109808056,0.8546901570427597,188.3335639642,10.138099379067574,-0.2594775629409831
20160910_flight07,3,-4.2,6.629362337359454,54.74897786,7.841209,92.89399999999999,2016-09-10 08:52:49,2016-09-10 08:52:51,3,0.7133333333333333,6.574999999999999,6.680964002297872,7.6488927447827315,0.0645567507851973,7.92003109808056,False,0.8667087588437301,9.019385012294352,6.886060855343668,Flight 07,20160910_flight07_airborne.tab,25.0,23.856110979734023,190.395179413653,90.0,downstream wake,7.92003109808056,0.8370374125129504,188.3335639642,10.138099379067574,-0.2594775629409831
20160910_flight07,3,-4.0,6.680964002297872,54.749282050000005,7.83821258,93.354,2016-09-10 08:52:46,2016-09-10 08:52:48,3,0.4606666666666667,6.683333333333334,6.686001271313071,7.661804094939772,0.0645567507851973,7.92003109808056,False,0.8719831412434971,9.019385012294352,6.886060855343668,Flight 07,20160910_flight07_airborne.tab,25.0,23.856110979734023,190.395179413653,90.0,downstream wake,7.92003109808056,0.8435527486649668,188.3335639642,10.138099379067574,-0.2594775629409831
20160910_flight07,3,-3.8000000000000003,6.686001271313071,54.74958855,7.83521826,93.85700000000001,2016-09-10 08:52:43,2016-09-10 08:52:45,3,0.24833333333333332,6.6626666666666665,6.680964002297872,7.674715445096811,0.0645567507851973,7.92003109808056,False,0.8711725299971342,9.019385012294352,6.886060855343668,Flight 07,20160910_flight07_airborne.tab,25.0,23.856110979734023,190.395179413653,90.0,downstream wake,7.92003109808056,0.844188764982683,188.3335639642,10.138099379067574,-0.2594775629409831
20160910_flight07,3,-3.6,6.707157743783876,54.74989627,7.83222552,93.96799999999999,2016-09-10 08:52:40,2016-09-10 08:52:42,3,0.019333333333333338,6.748333333333334,6.680964002297872,7.68762679525385,0.0645567507851973,7.92003109808056,False,0.8724614139599893,9.019385012294352,6.886060855343668,Flight 07,20160910_flight07_airborne.tab,25.0,23.856110979734023,190.395179413653,90.0,downstream wake,7.92003109808056,0.8468600262705247,188.3335639642,10.138099379067574,-0.2594775629409831
20160910_flight07,3,-3.4000000000000004,6.5314899525299746,54.75020948,7.8292328399999995,93.75299999999999,2016-09-10 08:52:37,2016-09-10 08:52:39,3,0.15233333333333335,6.530666666666666,6.5314899525299746,7.700538145410889,0.0645567507851973,7.92003109808056,False,0.8481861694851021,9.019385012294352,6.886060855343668,Flight 07,20160910_flight07_airborne.tab,25.0,23.856110979734023,190.395179413653,90.0,downstream wake,7.92003109808056,0.8246798366881284,188.3335639642,10.138099379067574,-0.2594775629409831
20160910_flight07,3,-3.2,6.521256704041024,54.75052783,7.82624003,93.479,2016-09-10 08:52:34,2016-09-10 08:52:36,3,0.308,6.501,6.521256704041024,7.713449495567929,0.0645567507851973,7.92003109808056,False,0.845439735852043,9.019385012294352,6.886060855343668,Flight 07,20160910_flight07_airborne.tab,25.0,23.856110979734023,190.395179413653,90.0,downstream wake,7.92003109808056,0.8233877649320679,188.3335639642,10.138099379067574,-0.2594775629409831
20160910_flight07,3,-3.0,6.382891194435325,54.750848180000006,7.82324686,93.135,2016-09-10 08:52:31,2016-09-10 08:52:33,3,0.559,6.361666666666667,6.430106142203254,7.726360845724969,0.0645567507851973,7.92003109808056,False,0.8261187021787894,9.019385012294352,6.886060855343668,Flight 07,20160910_flight07_airborne.tab,25.0,23.856110979734023,190.395179413653,90.0,downstream wake,7.92003109808056,0.8059174409027553,188.3335639642,10.138099379067574,-0.2594775629409831
20160910_flight07,3,-2.8000000000000003,6.430106142203254,54.75116559,7.82025177,92.939,2016-09-10 08:52:28,2016-09-10 08:52:30,3,0.7280000000000001,6.406,6.412367191607167,7.739272195882008,0.0645567507851973,7.92003109808056,False,0.8308411927447973,9.019385012294352,6.886060855343668,Flight 07,20160910_flight07_airborne.tab,25.0,23.856110979734023,190.395179413653,90.0,downstream wake,7.92003109808056,0.8118789007989636,188.3335639642,10.138099379067574,-0.2594775629409831
20160910_flight07,3,-2.6,6.412367191607167,54.75147579,7.817252999999999,92.64399999999999,2016-09-10 08:52:25,2016-09-10 08:52:27,3,0.7753333333333332,6.395666666666666,6.40724293280659,7.752183546039047,0.0645567507851973,7.92003109808056,False,0.8271691651165232,9.019385012294352,6.886060855343668,Flight 07,20160910_flight07_airborne.tab,25.0,23.856110979734023,190.395179413653,90.0,downstream wake,7.92003109808056,0.809639143104024,188.3335639642,10.138099379067574,-0.2594775629409831
20160910_flight07,3,-2.4000000000000004,6.40724293280659,54.75178026,7.81424974,92.626,2016-09-10 08:52:22,2016-09-10 08:52:24,3,0.7006666666666667,6.378333333333333,6.40724293280659,7.765094896196087,0.0645567507851973,7.92003109808056,False,0.8251338867661911,9.019385012294352,6.886060855343668,Flight 07,20160910_flight07_airborne.tab,25.0,23.856110979734023,190.395179413653,90.0,downstream wake,7.92003109808056,0.808992143270675,188.3335639642,10.138099379067574,-0.2594775629409831
20160910_flight07,3,-2.2,6.259164480983066,54.75207913,7.81124551,93.162,2016-09-10 08:52:19,2016-09-10 08:52:21,3,0.6063333333333333,6.272666666666667,6.332336377672936,7.778006246353127,0.0645567507851973,7.92003109808056,False,0.8047260805322444,9.019385012294352,6.886060855343668,Flight 07,20160910_flight07_airborne.tab,25.0,23.856110979734023,190.395179413653,90.0,downstream wake,7.92003109808056,0.7902954424636023,188.3335639642,10.138099379067574,-0.2594775629409831
20160910_flight07,3,-2.0,6.252679825482831,54.75237147,7.80824029,93.569,2016-09-10 08:52:16,2016-09-10 08:52:18,3,0.39399999999999996,6.2940000000000005,6.332336377672936,7.790917596510166,0.0645567507851973,7.92003109808056,False,0.8025601282554488,9.019385012294352,6.886060855343668,Flight 07,20160910_flight07_airborne.tab,25.0,23.856110979734023,190.395179413653,90.0,downstream wake,7.92003109808056,0.7894766760446412,188.3335639642,10.138099379067574,-0.2594775629409831
20160910_flight07,3,-1.8,6.332336377672936,54.752662369999996,7.80523622,93.79,2016-09-10 08:52:13,2016-09-10 08:52:15,3,0.409,6.3629999999999995,6.332336377672936,7.803828946667205,0.0645567507851973,7.92003109808056,False,0.8114396690328917,9.019385012294352,6.886060855343668,Flight 07,20160910_flight07_airborne.tab,25.0,23.856110979734023,190.395179413653,90.0,downstream wake,7.92003109808056,0.7995342820317453,188.3335639642,10.138099379067574,-0.2594775629409831
20160910_flight07,3,-1.6,6.5114211198478005,54.75295496,7.80223437,93.7,2016-09-10 08:52:10,2016-09-10 08:52:12,3,0.3196666666666667,6.450666666666666,6.5114211198478005,7.8167402968242445,0.0645567507851973,7.92003109808056,False,0.8330097806234187,9.019385012294352,6.886060855343668,Flight 07,20160910_flight07_airborne.tab,25.0,23.856110979734023,190.395179413653,90.0,downstream wake,7.92003109808056,0.8221459031172061,188.3335639642,10.138099379067574,-0.2594775629409831
20160910_flight07,3,-1.4000000000000001,6.730728118116197,54.75324428,7.79923039,93.524,2016-09-10 08:52:07,2016-09-10 08:52:09,3,0.227,6.620333333333334,6.730728118116197,7.829651646981285,0.0645567507851973,7.92003109808056,False,0.8596459231632896,9.019385012294352,6.886060855343668,Flight 07,20160910_flight07_airborne.tab,25.0,23.856110979734023,190.395179413653,90.0,downstream wake,7.92003109808056,0.8498360719501981,188.3335639642,10.138099379067574,-0.2594775629409831
20160910_flight07,3,-1.2000000000000002,6.895898517211411,54.753582030000004,7.79572525,93.505,2016-09-10 08:52:03,2016-09-10 08:52:06,4,0.5700000000000001,6.868,6.779859880558005,7.842562997138324,0.0645567507851973,7.92003109808056,False,0.8792914407863422,9.019385012294352,6.886060855343668,Flight 07,20160910_flight07_airborne.tab,25.0,23.856110979734023,190.395179413653,90.0,downstream wake,7.92003109808056,0.8706908384340372,188.3335639642,10.138099379067574,-0.2594775629409831
20160910_flight07,3,-1.0,6.947420600481879,54.753925499999994,7.792223,93.5,2016-09-10 08:52:00,2016-09-10 08:52:02,3,0.48900000000000005,6.938666666666666,6.779859880558005,7.855474347295363,0.0645567507851973,7.92003109808056,False,0.8844049758591437,9.019385012294352,6.886060855343668,Flight 07,20160910_flight07_airborne.tab,25.0,23.856110979734023,190.395179413653,90.0,downstream wake,7.92003109808056,0.87719612643511,188.3335639642,10.138099379067574,-0.2594775629409831
20160910_flight07,3,-0.8,6.779859880558005,54.7542265,7.78922459,93.874,2016-09-10 08:51:57,2016-09-10 08:51:59,3,0.4843333333333333,6.749,6.779859880558005,7.8683856974524025,0.0645567507851973,7.92003109808056,False,0.8616583046701897,9.019385012294352,6.886060855343668,Flight 07,20160910_flight07_airborne.tab,25.0,23.856110979734023,190.395179413653,90.0,downstream wake,7.92003109808056,0.856039552950887,188.3335639642,10.138099379067574,-0.2594775629409831
20160910_flight07,3,-0.6000000000000001,6.72570657998102,54.75453249,7.78622919,93.962,2016-09-10 08:51:54,2016-09-10 08:51:56,3,0.31633333333333336,6.722,6.72570657998102,7.881297047609442,0.0645567507851973,7.92003109808056,False,0.853375597868255,9.019385012294352,6.886060855343668,Flight 07,20160910_flight07_airborne.tab,25.0,23.856110979734023,190.395179413653,90.0,downstream wake,7.92003109808056,0.849202041846908,188.3335639642,10.138099379067574,-0.2594775629409831
20160910_flight07,3,-0.4,6.671155896844264,54.7548428,7.78323578,93.8,2016-09-10 08:51:51,2016-09-10 08:51:53,3,0.3486666666666666,6.632666666666666,6.705819040206796,7.894208397766482,0.0645567507851973,7.92003109808056,False,0.8450696460878513,9.019385012294352,6.886060855343668,Flight 07,20160910_flight07_airborne.tab,25.0,23.856110979734023,190.395179413653,90.0,downstream wake,7.92003109808056,0.8423143563743122,188.3335639642,10.138099379067574,-0.2594775629409831
20160910_flight07,3,-0.2,6.689132978196801,54.75515777,7.78024302,93.7,2016-09-10 08:51:48,2016-09-10 08:51:50,3,0.488,6.627666666666666,6.705819040206796,7.907119747923521,0.0645567507851973,7.92003109808056,False,0.8459632826420045,9.019385012294352,6.886060855343668,Flight 07,20160910_flight07_airborne.tab,25.0,23.856110979734023,190.395179413653,90.0,downstream wake,7.92003109808056,0.8445841809658966,188.3335639642,10.138099379067574,-0.2594775629409831
20160910_flight07,3,0.0,6.705819040206796,54.75548011,7.77725326,93.6,2016-09-10 08:51:45,2016-09-10 08:51:47,3,0.459,6.650666666666666,6.705819040206796,7.92003109808056,0.0645567507851973,7.92003109808056,False,0.8466909987047865,9.019385012294352,6.886060855343668,Flight 07,20160910_flight07_airborne.tab,25.0,23.856110979734023,190.395179413653,90.0,downstream wake,7.92003109808056,0.8466909987047865,188.3335639642,10.138099379067574,-0.2594775629409831
20160910_flight07,3,0.2,6.798685902437323,54.755808710000004,7.77426659,93.95800000000001,2016-09-10 08:51:42,2016-09-10 08:51:44,3,0.5493333333333333,6.778666666666666,6.798685902437323,7.9329424482376,0.0645567507851973,7.92003109808056,False,0.857019440995407,9.019385012294352,6.886060855343668,Flight 07,20160910_flight07_airborne.tab,25.0,23.856110979734023,190.395179413653,90.0,downstream wake,7.92003109808056,0.858416566582043,188.3335639642,10.138099379067574,-0.2594775629409831
20160910_flight07,3,0.4,6.808827799261779,54.756140290000005,7.7712821,94.13,2016-09-10 08:51:39,2016-09-10 08:51:41,3,0.508,6.828,6.8051186617134025,7.94585379839464,0.0645567507851973,7.92003109808056,False,0.8569032318008944,9.019385012294352,6.886060855343668,Flight 07,20160910_flight07_airborne.tab,25.0,23.856110979734023,190.395179413653,90.0,downstream wake,7.92003109808056,0.8596971040823206,188.3335639642,10.138099379067574,-0.2594775629409831
20160910_flight07,3,0.6000000000000001,6.8051186617134025,54.75647232,7.76829825,94.1,2016-09-10 08:51:36,2016-09-10 08:51:38,3,0.38600000000000007,6.8886666666666665,6.8051186617134025,7.958765148551679,0.0645567507851973,7.92003109808056,False,0.8550470499750561,9.019385012294352,6.886060855343668,Flight 07,20160910_flight07_airborne.tab,25.0,23.856110979734023,190.395179413653,90.0,downstream wake,7.92003109808056,0.8592287804731777,188.3335639642,10.138099379067574,-0.2594775629409831
20160910_flight07,3,0.8,7.056976477217421,54.756805039999996,7.76531374,94.2,2016-09-10 08:51:33,2016-09-10 08:51:35,3,0.6659999999999999,7.011666666666667,6.8051186617134025,7.971676498708718,0.0645567507851973,7.92003109808056,False,0.8852562542346689,9.019385012294352,6.886060855343668,Flight 07,20160910_flight07_airborne.tab,25.0,23.856110979734023,190.395179413653,90.0,downstream wake,7.92003109808056,0.891028884839568,188.3335639642,10.138099379067574,-0.2594775629409831
20160910_flight07,3,1.0,6.7944224184252775,54.75714144,7.762329660000001,94.01899999999999,2016-09-10 08:51:30,2016-09-10 08:51:32,3,0.47700000000000004,6.666666666666667,6.8051186617134025,7.984587848865758,0.0645567507851973,7.92003109808056,False,0.8509421584472205,9.019385012294352,6.886060855343668,Flight 07,20160910_flight07_airborne.tab,25.0,23.856110979734023,190.395179413653,90.0,downstream wake,7.92003109808056,0.8578782500073672,188.3335639642,10.138099379067574,-0.2594775629409831
20160910_flight07,3,1.2000000000000002,6.724811149764728,54.75748428,7.75934529,93.9,2016-09-10 08:51:27,2016-09-10 08:51:29,3,0.5983333333333334,6.66,6.833567223639495,7.997499199022798,0.0645567507851973,7.92003109808056,False,0.8408642479872236,9.019385012294352,6.886060855343668,Flight 07,20160910_flight07_airborne.tab,25.0,23.856110979734023,190.395179413653,90.0,downstream wake,7.92003109808056,0.8490889829200926,188.3335639642,10.138099379067574,-0.2594775629409831
20160910_flight07,3,1.4000000000000001,6.833567223639495,54.757831450000005,7.75636216,93.85,2016-09-10 08:51:24,2016-09-10 08:51:26,3,0.8473333333333334,6.826333333333333,6.833567223639495,8.010410549179836,0.0645567507851973,7.92003109808056,False,0.8530857665390402,9.019385012294352,6.886060855343668,Flight 07,20160910_flight07_airborne.tab,25.0,23.856110979734023,190.395179413653,90.0,downstream wake,7.92003109808056,0.8628207565113762,188.3335639642,10.138099379067574,-0.2594775629409831
20160910_flight07,3,1.6,7.115383686070625,54.75817809,7.75337853,93.62199999999999,2016-09-10 08:51:21,2016-09-10 08:51:23,3,1.0473333333333334,7.009666666666667,6.966417300162258,8.023321899336876,0.0645567507851973,7.92003109808056,False,0.8868376185503298,9.019385012294352,6.886060855343668,Flight 07,20160910_flight07_airborne.tab,25.0,23.856110979734023,190.395179413653,90.0,downstream wake,7.92003109808056,0.8984035034654164,188.3335639642,10.138099379067574,-0.2594775629409831
20160910_flight07,3,1.8,7.122450421027864,54.75853011,7.750396459999999,93.194,2016-09-10 08:51:18,2016-09-10 08:51:20,3,1.0523333333333333,7.030333333333334,7.115383686070625,8.036233249493916,0.0645567507851973,7.92003109808056,False,0.8862921470673343,9.019385012294352,6.886060855343668,Flight 07,20160910_flight07_airborne.tab,25.0,23.856110979734023,190.395179413653,90.0,downstream wake,7.92003109808056,0.8992957644767339,188.3335639642,10.138099379067574,-0.2594775629409831
20160910_flight07,3,2.0,6.966417300162258,54.758886780000005,7.7474145199999995,92.835,2016-09-10 08:51:15,2016-09-10 08:51:17,3,1.1176666666666668,6.997,7.115383686070625,8.049144599650955,0.0645567507851973,7.92003109808056,False,0.8654854207072328,9.019385012294352,6.886060855343668,Flight 07,20160910_flight07_airborne.tab,25.0,23.856110979734023,190.395179413653,90.0,downstream wake,7.92003109808056,0.8795946902090557,188.3335639642,10.138099379067574,-0.2594775629409831
20160910_flight07,3,2.2,7.134774698615226,54.7592335,7.74442906,93.053,2016-09-10 08:51:12,2016-09-10 08:51:14,3,1.2249999999999999,7.032666666666667,7.122450421027864,8.062055949807995,0.0645567507851973,7.92003109808056,False,0.8849820372165921,9.019385012294352,6.886060855343668,Flight 07,20160910_flight07_airborne.tab,25.0,23.856110979734023,190.395179413653,90.0,downstream wake,7.92003109808056,0.9008518540216789,188.3335639642,10.138099379067574,-0.2594775629409831
20160910_flight07,3,2.4000000000000004,7.112628557713386,54.75956508,7.74143786,93.42200000000001,2016-09-10 08:51:09,2016-09-10 08:51:11,3,1.2686666666666666,7.015666666666667,7.134774698615226,8.074967299965033,0.0645567507851973,7.92003109808056,False,0.8808244409539819,9.019385012294352,6.886060855343668,Flight 07,20160910_flight07_airborne.tab,25.0,23.856110979734023,190.395179413653,90.0,downstream wake,7.92003109808056,0.8980556350892548,188.3335639642,10.138099379067574,-0.2594775629409831
20160910_flight07,3,2.6,7.168379802995932,54.759880540000005,7.738439909999999,93.4,2016-09-10 08:51:06,2016-09-10 08:51:08,3,1.0146666666666666,7.122333333333334,7.168379802995932,8.087878650122073,0.0645567507851973,7.92003109808056,False,0.8863114931735204,9.019385012294352,6.886060855343668,Flight 07,20160910_flight07_airborne.tab,25.0,23.856110979734023,190.395179413653,90.0,downstream wake,7.92003109808056,0.905094906096165,188.3335639642,10.138099379067574,-0.2594775629409831
20160910_flight07,3,2.8000000000000003,7.342926070415839,54.76024234,7.73494037,93.6345,2016-09-10 08:51:02,2016-09-10 08:51:05,4,1.186,7.16075,7.325919191473517,8.100790000279114,0.0645567507851973,7.92003109808056,False,0.9064456763059945,9.019385012294352,6.886060855343668,Flight 07,20160910_flight07_airborne.tab,25.0,23.856110979734023,190.395179413653,90.0,downstream wake,7.92003109808056,0.9271334896898846,188.3335639642,10.138099379067574,-0.2594775629409831
20160910_flight07,3,3.0,7.325919191473517,54.76061044,7.7314484000000006,93.9,2016-09-10 08:50:59,2016-09-10 08:51:01,3,1.0943333333333334,7.229666666666667,7.325919191473517,8.113701350436152,0.0645567507851973,7.92003109808056,False,0.9029071782485206,9.019385012294352,6.886060855343668,Flight 07,20160910_flight07_airborne.tab,25.0,23.856110979734023,190.395179413653,90.0,downstream wake,7.92003109808056,0.9249861649216216,188.3335639642,10.138099379067574,-0.2594775629409831
20160910_flight07,3,3.2,7.351421971292357,54.760930390000006,7.7284561499999995,93.316,2016-09-10 08:50:56,2016-09-10 08:50:58,3,0.8963333333333333,7.180666666666667,7.342926070415839,8.126612700593192,0.0645567507851973,7.92003109808056,False,0.9046108436736192,9.019385012294352,6.886060855343668,Flight 07,20160910_flight07_airborne.tab,25.0,23.856110979734023,190.395179413653,90.0,downstream wake,7.92003109808056,0.9282062002349957,188.3335639642,10.138099379067574,-0.2594775629409831
20160910_flight07,3,3.4000000000000004,7.188025389493279,54.761253610000004,7.725461299999999,93.0,2016-09-10 08:50:53,2016-09-10 08:50:55,3,0.9356666666666666,7.199000000000001,7.351421971292357,8.139524050750232,0.0645567507851973,7.92003109808056,False,0.8831014374643623,9.019385012294352,6.886060855343668,Flight 07,20160910_flight07_airborne.tab,25.0,23.856110979734023,190.395179413653,90.0,downstream wake,7.92003109808056,0.9075753997020688,188.3335639642,10.138099379067574,-0.2594775629409831
20160910_flight07,3,3.6,7.432230418925398,54.76157352999999,7.72246441,93.309,2016-09-10 08:50:50,2016-09-10 08:50:52,3,0.991,7.383,7.400700102017376,8.15243540090727,0.0645567507851973,7.92003109808056,False,0.9116576891977921,9.019385012294352,6.886060855343668,Flight 07,20160910_flight07_airborne.tab,25.0,23.856110979734023,190.395179413653,90.0,downstream wake,7.92003109808056,0.9384092469948279,188.3335639642,10.138099379067574,-0.2594775629409831
20160910_flight07,3,3.8000000000000003,7.400700102017376,54.76189556,7.71947406,94.23,2016-09-10 08:50:47,2016-09-10 08:50:49,3,1.3106666666666666,7.492333333333334,7.432230418925398,8.16534675106431,0.0645567507851973,7.92003109808056,False,0.906354662899372,9.019385012294352,6.886060855343668,Flight 07,20160910_flight07_airborne.tab,25.0,23.856110979734023,190.395179413653,90.0,downstream wake,7.92003109808056,0.9344281620069591,188.3335639642,10.138099379067574,-0.2594775629409831
20160910_flight07,3,4.0,7.6907837051889585,54.762222789999996,7.71649224,94.178,2016-09-10 08:50:44,2016-09-10 08:50:46,3,0.9596666666666667,7.72,7.558933787248041,8.178258101221349,0.0645567507851973,7.92003109808056,False,0.9403938601595869,9.019385012294352,6.886060855343668,Flight 07,20160910_flight07_airborne.tab,25.0,23.856110979734023,190.395179413653,90.0,downstream wake,7.92003109808056,0.9710547357639593,188.3335639642,10.138099379067574,-0.2594775629409831
20160910_flight07,3,4.2,7.918536796656312,54.76256295,7.7135158100000005,92.87200000000001,2016-09-10 08:50:41,2016-09-10 08:50:43,3,0.8956666666666667,7.771,7.6907837051889585,8.19116945137839,0.0645567507851973,7.92003109808056,False,0.9667162721586477,9.019385012294352,6.886060855343668,Flight 07,20160910_flight07_airborne.tab,25.0,23.856110979734023,190.395179413653,90.0,downstream wake,7.92003109808056,0.9998113263185784,188.3335639642,10.138099379067574,-0.2594775629409831
20160910_flight07,3,4.4,7.558933787248041,54.76291402,7.71054114,92.5,2016-09-10 08:50:38,2016-09-10 08:50:40,3,0.9403333333333334,7.638666666666668,7.718608488581346,8.20408080153543,0.0645567507851973,7.92003109808056,False,0.9213626693965951,9.019385012294352,6.886060855343668,Flight 07,20160910_flight07_airborne.tab,25.0,23.856110979734023,190.395179413653,90.0,downstream wake,7.92003109808056,0.9544070842196526,188.3335639642,10.138099379067574,-0.2594775629409831
20160910_flight07,3,4.6000000000000005,7.867119231332394,54.763258750000006,7.707562289999999,92.934,2016-09-10 08:50:35,2016-09-10 08:50:37,3,1.3306666666666667,7.636666666666667,7.867119231332394,8.216992151692468,0.0645567507851973,7.92003109808056,False,0.9574208038779726,9.019385012294352,6.886060855343668,Flight 07,20160910_flight07_airborne.tab,25.0,23.856110979734023,190.395179413653,90.0,downstream wake,7.92003109808056,0.9933192349761114,188.3335639642,10.138099379067574,-0.2594775629409831
20160910_flight07,3,4.800000000000001,7.718608488581346,54.76359387,7.704579089999999,93.3,2016-09-10 08:50:32,2016-09-10 08:50:34,3,0.914,7.774666666666666,7.867119231332394,8.229903501849508,0.0645567507851973,7.92003109808056,False,0.9378735105274006,9.019385012294352,6.886060855343668,Flight 07,20160910_flight07_airborne.tab,25.0,23.856110979734023,190.395179413653,90.0,downstream wake,7.92003109808056,0.9745679521955375,188.3335639642,10.138099379067574,-0.2594775629409831
20160910_flight07,3,5.0,8.28020205067485,54.763929,7.7015943700000005,93.14,2016-09-10 08:50:29,2016-09-10 08:50:31,3,0.961,8.142333333333333,8.28020205067485,8.242814852006546,0.0645567507851973,7.92003109808056,False,1.0045357319483166,9.019385012294352,6.886060855343668,Flight 07,20160910_flight07_airborne.tab,25.0,23.856110979734023,190.395179413653,90.0,downstream wake,7.92003109808056,1.0454759518155905,188.3335639642,10.138099379067574,-0.2594775629409831
20160910_flight07,3,5.2,8.336043725892996,54.76426308,7.698606569999999,93.148,2016-09-10 08:50:26,2016-09-10 08:50:28,3,0.9723333333333333,8.291333333333332,8.336043725892996,8.255726202163586,0.0645567507851973,7.92003109808056,False,1.0097287048725478,9.019385012294352,6.886060855343668,Flight 07,20160910_flight07_airborne.tab,25.0,23.856110979734023,190.395179413653,90.0,downstream wake,7.92003109808056,1.0525266406988296,188.3335639642,10.138099379067574,-0.2594775629409831
20160910_flight07,3,5.4,8.760711500785767,54.76459224999999,7.6956168300000005,93.499,2016-09-10 08:50:23,2016-09-10 08:50:25,3,1.1663333333333334,8.538333333333334,8.760711500785767,8.268637552320627,0.0645567507851973,7.92003109808056,False,1.0595108862072493,9.019385012294352,6.886060855343668,Flight 07,20160910_flight07_airborne.tab,25.0,23.856110979734023,190.395179413653,90.0,downstream wake,7.92003109808056,1.1061460987077372,188.3335639642,10.138099379067574,-0.2594775629409831
20160910_flight07,3,5.6000000000000005,8.923654912646498,54.76491559,7.69262564,93.83200000000001,2016-09-10 08:50:20,2016-09-10 08:50:22,3,1.2106666666666668,8.919333333333334,8.843601133022677,8.281548902477665,0.0645567507851973,7.92003109808056,False,1.0775345310074458,9.019385012294352,6.886060855343668,Flight 07,20160910_flight07_airborne.tab,25.0,23.856110979734023,190.395179413653,90.0,downstream wake,7.92003109808056,1.1267196810387738,188.3335639642,10.138099379067574,-0.2594775629409831
20160910_flight07,3,5.800000000000001,8.843601133022677,54.765231050000004,7.68962925,93.5,2016-09-10 08:50:17,2016-09-10 08:50:19,3,1.0256666666666667,8.785666666666666,8.843601133022677,8.294460252634705,0.0645567507851973,7.92003109808056,False,1.0662057401762266,9.019385012294352,6.886060855343668,Flight 07,20160910_flight07_airborne.tab,25.0,23.856110979734023,190.395179413653,90.0,downstream wake,7.92003109808056,1.1166119202695992,188.3335639642,10.138099379067574,-0.2594775629409831
20160910_flight07,3,6.0,9.00051042997007,54.76554487000001,7.68663,93.561,2016-09-10 08:50:14,2016-09-10 08:50:16,3,1.3293333333333333,8.935,8.843601133022677,8.307371602791743,0.0645567507851973,7.92003109808056,False,1.0834365982792191,9.019385012294352,6.886060855343668,Flight 07,20160910_flight07_airborne.tab,25.0,23.856110979734023,190.395179413653,90.0,downstream wake,7.92003109808056,1.1364236223960493,188.3335639642,10.138099379067574,-0.2594775629409831
20160910_flight07,3,6.2,8.57057833521169,54.765861210000004,7.683631,93.51700000000001,2016-09-10 08:50:11,2016-09-10 08:50:13,3,1.1280000000000001,8.464,8.57057833521169,8.320282952948784,0.0645567507851973,7.92003109808056,False,1.0300825565282248,9.019385012294352,6.886060855343668,Flight 07,20160910_flight07_airborne.tab,25.0,23.856110979734023,190.395179413653,90.0,downstream wake,7.92003109808056,1.0821394801453232,188.3335639642,10.138099379067574,-0.2594775629409831
20160910_flight07,3,6.4,8.235420086431535,54.76617875,7.68063026,93.4,2016-09-10 08:50:08,2016-09-10 08:50:10,3,1.0446666666666669,8.159333333333334,8.57057833521169,8.333194303105824,0.0645567507851973,7.92003109808056,False,0.9882668982483886,9.019385012294352,6.886060855343668,Flight 07,20160910_flight07_airborne.tab,25.0,23.856110979734023,190.395179413653,90.0,downstream wake,7.92003109808056,1.03982168560265,188.3335639642,10.138099379067574,-0.2594775629409831
20160910_flight07,3,6.6000000000000005,8.42087168884552,54.76649666,7.6776275499999995,93.65700000000001,2016-09-10 08:50:05,2016-09-10 08:50:07,3,0.9276666666666668,8.34,8.57057833521169,8.346105653262862,0.0645567507851973,7.92003109808056,False,1.0089581942391812,9.019385012294352,6.886060855343668,Flight 07,20160910_flight07_airborne.tab,25.0,23.856110979734023,190.395179413653,90.0,downstream wake,7.92003109808056,1.0632372000264416,188.3335639642,10.138099379067574,-0.2594775629409831
20160910_flight07,3,6.800000000000001,8.991070792736537,54.76681053,7.67462205,93.65299999999999,2016-09-10 08:50:02,2016-09-10 08:50:04,3,1.3496666666666666,8.872666666666667,8.616168289907062,8.359017003419902,0.0645567507851973,7.92003109808056,False,1.0756134111293283,9.019385012294352,6.886060855343668,Flight 07,20160910_flight07_airborne.tab,25.0,23.856110979734023,190.395179413653,90.0,downstream wake,7.92003109808056,1.1352317536878795,188.3335639642,10.138099379067574,-0.2594775629409831
20160910_flight07,3,7.0,8.985915356868944,54.767179975,7.671114920000001,93.49799999999999,2016-09-10 08:49:58,2016-09-10 08:50:01,4,1.28325,8.834,8.616168289907062,8.371928353576942,0.0645567507851973,7.92003109808056,False,1.0733387789958417,9.019385012294352,6.886060855343668,Flight 07,20160910_flight07_airborne.tab,25.0,23.856110979734023,190.395179413653,90.0,downstream wake,7.92003109808056,1.1345808173716265,188.3335639642,10.138099379067574,-0.2594775629409831
20160910_flight07,3,7.2,8.616168289907062,54.76755489,7.667610150000001,93.883,2016-09-10 08:49:55,2016-09-10 08:49:57,3,1.3026666666666666,8.550666666666666,8.616168289907062,8.38483970373398,0.0645567507851973,7.92003109808056,False,1.027588909787991,9.019385012294352,6.886060855343668,Flight 07,20160910_flight07_airborne.tab,25.0,23.856110979734023,190.395179413653,90.0,downstream wake,7.92003109808056,1.0878957649541567,188.3335639642,10.138099379067574,-0.2594775629409831
20160910_flight07,3,7.4,8.555963651161685,54.76788227,7.664611,94.03699999999999,2016-09-10 08:49:52,2016-09-10 08:49:54,3,1.1056666666666668,8.547666666666666,8.616168289907062,8.397751053891021,0.0645567507851973,7.92003109808056,False,1.0188398770403366,9.019385012294352,6.886060855343668,Flight 07,20160910_flight07_airborne.tab,25.0,23.856110979734023,190.395179413653,90.0,downstream wake,7.92003109808056,1.080294199000714,188.3335639642,10.138099379067574,-0.2594775629409831
20160910_flight07,3,7.6000000000000005,8.462294310646493,54.768210079999996,7.66160869,93.642,2016-09-10 08:49:49,2016-09-10 08:49:51,3,0.9336666666666668,8.547666666666666,8.616168289907062,8.41066240404806,0.0645567507851973,7.92003109808056,False,1.0061388632806834,9.019385012294352,6.886060855343668,Flight 07,20160910_flight07_airborne.tab,25.0,23.856110979734023,190.395179413653,90.0,downstream wake,7.92003109808056,1.0684673085055627,188.3335639642,10.138099379067574,-0.2594775629409831
20160910_flight07,3,7.800000000000001,9.098356994534782,54.76852907000001,7.6585958100000004,93.54,2016-09-10 08:49:46,2016-09-10 08:49:48,3,1.245,8.909666666666666,9.098356994534782,8.4235737542051,0.0645567507851973,7.92003109808056,False,1.080106527231726,9.019385012294352,6.886060855343668,Flight 07,20160910_flight07_airborne.tab,25.0,23.856110979734023,190.395179413653,90.0,downstream wake,7.92003109808056,1.148777938099232,188.3335639642,10.138099379067574,-0.2594775629409831
20160910_flight07,3,8.0,9.184208730206429,54.76884499,7.65557768,93.7,2016-09-10 08:49:43,2016-09-10 08:49:45,3,1.5496666666666667,9.098666666666666,9.184208730206429,8.43648510436214,0.0645567507851973,7.92003109808056,False,1.088629757131637,9.019385012294352,6.886060855343668,Flight 07,20160910_flight07_airborne.tab,25.0,23.856110979734023,190.395179413653,90.0,downstream wake,7.92003109808056,1.159617761151499,188.3335639642,10.138099379067574,-0.2594775629409831
20160910_flight07,3,8.200000000000001,9.378958790825344,54.769157109999995,7.65255595,93.756,2016-09-10 08:49:40,2016-09-10 08:49:42,3,1.761,9.115,9.184208730206429,8.449396454519178,0.0645567507851973,7.92003109808056,False,1.110015234970894,9.019385012294352,6.886060855343668,Flight 07,20160910_flight07_airborne.tab,25.0,23.856110979734023,190.395179413653,90.0,downstream wake,7.92003109808056,1.1842073187185285,188.3335639642,10.138099379067574,-0.2594775629409831
20160910_flight07,3,8.4,9.20153248105988,54.76946347,7.64953338,94.17399999999999,2016-09-10 08:49:37,2016-09-10 08:49:39,3,1.6683333333333332,9.124,9.184208730206429,8.462307804676218,0.0645567507851973,7.92003109808056,False,1.087354973778568,9.019385012294352,6.886060855343668,Flight 07,20160910_flight07_airborne.tab,25.0,23.856110979734023,190.395179413653,90.0,downstream wake,7.92003109808056,1.1618050948423542,188.3335639642,10.138099379067574,-0.2594775629409831
20160910_flight07,3,8.6,9.140262140660955,54.76976254,7.64651116,94.67200000000001,2016-09-10 08:49:34,2016-09-10 08:49:36,3,1.406,8.953666666666665,9.20153248105988,8.475219154833258,0.0645567507851973,7.92003109808056,False,1.0784691196390404,9.019385012294352,6.886060855343668,Flight 07,20160910_flight07_airborne.tab,25.0,23.856110979734023,190.395179413653,90.0,downstream wake,7.92003109808056,1.1540689711276664,188.3335639642,10.138099379067574,-0.2594775629409831
20160910_flight07,3,8.8,9.122799789538298,54.77005569,7.643488250000001,94.6,2016-09-10 08:49:31,2016-09-10 08:49:33,3,1.406,8.968,9.140262140660955,8.488130504990297,0.0645567507851973,7.92003109808056,False,1.0747713862522343,9.019385012294352,6.886060855343668,Flight 07,20160910_flight07_airborne.tab,25.0,23.856110979734023,190.395179413653,90.0,downstream wake,7.92003109808056,1.151864137471535,188.3335639642,10.138099379067574,-0.2594775629409831
20160910_flight07,3,9.0,9.394204596452006,54.7703535,7.64047035,94.57,2016-09-10 08:49:28,2016-09-10 08:49:30,3,1.471,9.206333333333333,9.122799789538298,8.501041855147337,0.0645567507851973,7.92003109808056,False,1.1050650916115492,9.019385012294352,6.886060855343668,Flight 07,20160910_flight07_airborne.tab,25.0,23.856110979734023,190.395179413653,90.0,downstream wake,7.92003109808056,1.1861322866180053,188.3335639642,10.138099379067574,-0.2594775629409831
20160910_flight07,3,9.200000000000001,8.986687543249737,54.77066247,7.6374588900000004,94.2,2016-09-10 08:49:25,2016-09-10 08:49:27,3,1.2973333333333334,8.915,9.122799789538298,8.513953205304375,0.0645567507851973,7.92003109808056,False,1.0555246577642496,9.019385012294352,6.886060855343668,Flight 07,20160910_flight07_airborne.tab,25.0,23.856110979734023,190.395179413653,90.0,downstream wake,7.92003109808056,1.1346783152692017,188.3335639642,10.138099379067574,-0.2594775629409831
20160910_flight07,3,9.4,9.07125663841565,54.770977110000004,7.63444958,94.17200000000001,2016-09-10 08:49:22,2016-09-10 08:49:24,3,1.1046666666666667,8.964999999999998,9.267241930585387,8.526864555461415,0.0645567507851973,7.92003109808056,False,1.063844345059469,9.019385012294352,6.886060855343668,Flight 07,20160910_flight07_airborne.tab,25.0,23.856110979734023,190.395179413653,90.0,downstream wake,7.92003109808056,1.1453561893985607,188.3335639642,10.138099379067574,-0.2594775629409831
20160910_flight07,3,9.600000000000001,9.378602454523808,54.77129103,7.6314388399999995,94.744,2016-09-10 08:49:19,2016-09-10 08:49:21,3,1.4373333333333334,9.235666666666667,9.241478940083129,8.539775905618455,0.0645567507851973,7.92003109808056,False,1.0982258267870326,9.019385012294352,6.886060855343668,Flight 07,20160910_flight07_airborne.tab,25.0,23.856110979734023,190.395179413653,90.0,downstream wake,7.92003109808056,1.1841623269379253,188.3335639642,10.138099379067574,-0.2594775629409831
20160910_flight07,3,9.8,9.267241930585387,54.7715966,7.628426020000001,95.1,2016-09-10 08:49:16,2016-09-10 08:49:18,3,1.183,9.103,9.267241930585387,8.552687255775494,0.0645567507851973,7.92003109808056,False,1.0835473873228985,9.019385012294352,6.886060855343668,Flight 07,20160910_flight07_airborne.tab,25.0,23.856110979734023,190.395179413653,90.0,downstream wake,7.92003109808056,1.170101709932847,188.3335639642,10.138099379067574,-0.2594775629409831
20160910_flight07,3,10.0,9.241478940083129,54.77189185,7.625405600000001,94.803,2016-09-10 08:49:13,2016-09-10 08:49:15,3,1.232,9.154333333333334,9.267241930585387,8.565598605932534,0.0645567507851973,7.92003109808056,True,1.0789063748192076,9.019385012294352,6.886060855343668,Flight 07,20160910_flight07_airborne.tab,25.0,23.856110979734023,190.395179413653,90.0,downstream wake,7.92003109808056,1.166848819864208,188.3335639642,10.138099379067574,-0.2594775629409831
20160910_flight07,3,10.200000000000001,9.303483487382561,54.772186760000004,7.62238337,94.8,2016-09-10 08:49:10,2016-09-10 08:49:12,3,1.6580000000000001,9.208666666666666,9.262563899914538,8.578509956089572,0.0645567507851973,7.92003109808056,True,1.0845104260534613,9.019385012294352,6.886060855343668,Flight 07,20160910_flight07_airborne.tab,25.0,23.856110979734023,190.395179413653,90.0,downstream wake,7.92003109808056,1.174677646106375,188.3335639642,10.138099379067574,-0.2594775629409831
20160910_flight07,3,10.4,9.231854039140783,54.7724855,7.61936411,94.8,2016-09-10 08:49:07,2016-09-10 08:49:09,3,1.6376666666666668,9.101666666666667,9.262563899914538,8.591421306246612,0.0645567507851973,7.92003109808056,True,1.074543281031804,9.019385012294352,6.886060855343668,Flight 07,20160910_flight07_airborne.tab,25.0,23.856110979734023,190.395179413653,90.0,downstream wake,7.92003109808056,1.165633559365461,188.3335639642,10.138099379067574,-0.2594775629409831
20160910_flight07,3,10.600000000000001,9.262563899914538,54.77278842,7.61634767,94.8,2016-09-10 08:49:04,2016-09-10 08:49:06,3,1.6653333333333336,9.081000000000001,9.279156211639073,8.604332656403653,0.0645567507851973,7.92003109808056,True,1.0764999762091958,9.019385012294352,6.886060855343668,Flight 07,20160910_flight07_airborne.tab,25.0,23.856110979734023,190.395179413653,90.0,downstream wake,7.92003109808056,1.1695110518138425,188.3335639642,10.138099379067574,-0.2594775629409831
20160910_flight07,3,10.8,9.30334590349085,54.77309345,7.613332890000001,94.63799999999999,2016-09-10 08:49:01,2016-09-10 08:49:03,3,1.7746666666666666,9.043333333333335,9.279156211639073,8.617244006560691,0.0645567507851973,7.92003109808056,True,1.0796196436363876,9.019385012294352,6.886060855343668,Flight 07,20160910_flight07_airborne.tab,25.0,23.856110979734023,190.395179413653,90.0,downstream wake,7.92003109808056,1.1746602744710863,188.3335639642,10.138099379067574,-0.2594775629409831
20160910_flight07,3,11.0,9.279156211639073,54.77339724,7.61031777,94.5,2016-09-10 08:48:58,2016-09-10 08:49:00,3,1.9806666666666668,9.075333333333333,9.30334590349085,8.630155356717731,0.0645567507851973,7.92003109808056,True,1.0752015262872594,9.019385012294352,6.886060855343668,Flight 07,20160910_flight07_airborne.tab,25.0,23.856110979734023,190.395179413653,90.0,downstream wake,7.92003109808056,1.171606032441956,188.3335639642,10.138099379067574,-0.2594775629409831
20160910_flight07,3,11.200000000000001,9.304476879438198,54.77370261,7.60730486,94.5,2016-09-10 08:48:55,2016-09-10 08:48:57,3,2.0076666666666667,9.094333333333333,9.30334590349085,8.64306670687477,0.0645567507851973,7.92003109808056,True,1.0765249413194204,9.019385012294352,6.886060855343668,Flight 07,20160910_flight07_airborne.tab,25.0,23.856110979734023,190.395179413653,90.0,downstream wake,7.92003109808056,1.1748030739037327,188.3335639642,10.138099379067574,-0.2594775629409831
20160910_flight07,3,11.4,9.545887334344565,54.77400969,7.60429349,94.25200000000001,2016-09-10 08:48:52,2016-09-10 08:48:54,3,2.167666666666667,9.185666666666668,9.304476879438198,8.65597805703181,0.0645567507851973,7.92003109808056,True,1.1028086336921596,9.019385012294352,6.886060855343668,Flight 07,20160910_flight07_airborne.tab,25.0,23.856110979734023,190.395179413653,90.0,downstream wake,7.92003109808056,1.205284072263054,188.3335639642,10.138099379067574,-0.2594775629409831
20160910_flight07,3,11.600000000000001,9.293854152072756,54.77431546,7.60128058,93.55199999999999,2016-09-10 08:48:49,2016-09-10 08:48:51,3,2.036,9.073666666666666,9.309369044140425,8.66888940718885,0.0645567507851973,7.92003109808056,True,1.0720928270656724,9.019385012294352,6.886060855343668,Flight 07,20160910_flight07_airborne.tab,25.0,23.856110979734023,190.395179413653,90.0,downstream wake,7.92003109808056,1.1734618257149452,188.3335639642,10.138099379067574,-0.2594775629409831
20160910_flight07,3,11.8,9.309369044140425,54.77462251,7.59826451,92.971,2016-09-10 08:48:46,2016-09-10 08:48:48,3,1.9646666666666668,9.083666666666666,9.353871925571784,8.681800757345888,0.0645567507851973,7.92003109808056,True,1.072285497483173,9.019385012294352,6.886060855343668,Flight 07,20160910_flight07_airborne.tab,25.0,23.856110979734023,190.395179413653,90.0,downstream wake,7.92003109808056,1.1754207690417495,188.3335639642,10.138099379067574,-0.2594775629409831
20160910_flight07,3,12.0,9.353871925571784,54.77493298,7.59525039,93.03699999999999,2016-09-10 08:48:43,2016-09-10 08:48:45,3,2.189,9.113999999999999,9.309369044140425,8.694712107502928,0.0645567507851973,7.92003109808056,True,1.0758115748881492,9.019385012294352,6.886060855343668,Flight 07,20160910_flight07_airborne.tab,25.0,23.856110979734023,190.395179413653,90.0,downstream wake,7.92003109808056,1.181039797664269,188.3335639642,10.138099379067574,-0.2594775629409831
20160910_flight07,3,12.200000000000001,9.431088696433726,54.775247639999996,7.59224252,93.164,2016-09-10 08:48:40,2016-09-10 08:48:42,3,2.189,9.168999999999999,9.309369044140425,8.707623457659968,0.0645567507851973,7.92003109808056,True,1.083084120746785,9.019385012294352,6.886060855343668,Flight 07,20160910_flight07_airborne.tab,25.0,23.856110979734023,190.395179413653,90.0,downstream wake,7.92003109808056,1.1907893516629466,188.3335639642,10.138099379067574,-0.2594775629409831
20160910_flight07,3,12.4,9.187319630882557,54.77556635,7.58923853,92.936,2016-09-10 08:48:37,2016-09-10 08:48:39,3,2.2123333333333335,9.005,9.187319630882557,8.720534807817007,0.0645567507851973,7.92003109808056,True,1.053527086738663,9.019385012294352,6.886060855343668,Flight 07,20160910_flight07_airborne.tab,25.0,23.856110979734023,190.395179413653,90.0,downstream wake,7.92003109808056,1.1600105500986135,188.3335639642,10.138099379067574,-0.2594775629409831
20160910_flight07,3,12.600000000000001,8.866644573907314,54.775888699999996,7.586235,92.605,2016-09-10 08:48:34,2016-09-10 08:48:36,3,1.636,8.676,8.887399675945714,8.733446157974047,0.0645567507851973,7.92003109808056,True,1.0152515299830012,9.019385012294352,6.886060855343668,Flight 07,20160910_flight07_airborne.tab,25.0,23.856110979734023,190.395179413653,90.0,downstream wake,7.92003109808056,1.1195214342095408,188.3335639642,10.138099379067574,-0.2594775629409831
20160910_flight07,3,12.8,8.805053662528127,54.77621761,7.58323551,93.115,2016-09-10 08:48:31,2016-09-10 08:48:33,3,1.9003333333333332,8.589333333333334,8.866644573907314,8.746357508131085,0.0645567507851973,7.92003109808056,True,1.006710925587306,9.019385012294352,6.886060855343668,Flight 07,20160910_flight07_airborne.tab,25.0,23.856110979734023,190.395179413653,90.0,downstream wake,7.92003109808056,1.1117448345199117,188.3335639642,10.138099379067574,-0.2594775629409831
20160910_flight07,3,13.0,8.887399675945714,54.77655775,7.58024691,93.52799999999999,2016-09-10 08:48:28,2016-09-10 08:48:30,3,1.8473333333333333,8.759666666666666,8.866644573907314,8.759268858288126,0.0645567507851973,7.92003109808056,True,1.0146280265773953,9.019385012294352,6.886060855343668,Flight 07,20160910_flight07_airborne.tab,25.0,23.856110979734023,190.395179413653,90.0,downstream wake,7.92003109808056,1.122142017611471,188.3335639642,10.138099379067574,-0.2594775629409831
20160910_flight07,3,13.200000000000001,8.856311302080815,54.776967145,7.576772305,93.8785,2016-09-10 08:48:24,2016-09-10 08:48:27,4,1.62275,8.70375,8.856311302080815,8.772180208445166,0.0645567507851973,7.92003109808056,True,1.0095906709206286,9.019385012294352,6.886060855343668,Flight 07,20160910_flight07_airborne.tab,25.0,23.856110979734023,190.395179413653,90.0,downstream wake,7.92003109808056,1.1182167332937827,188.3335639642,10.138099379067574,-0.2594775629409831
20160910_flight07,3,13.4,9.215114757831287,54.77737861,7.57330062,94.08,2016-09-10 08:48:21,2016-09-10 08:48:23,3,1.5876666666666666,8.912666666666667,8.856311302080815,8.785091558602204,0.0645567507851973,7.92003109808056,True,1.0489491994887647,9.019385012294352,6.886060855343668,Flight 07,20160910_flight07_airborne.tab,25.0,23.856110979734023,190.395179413653,90.0,downstream wake,7.92003109808056,1.1635200220444328,188.3335639642,10.138099379067574,-0.2594775629409831
20160910_flight07,3,13.600000000000001,8.80814395885989,54.77773452,7.57032828,93.949,2016-09-10 08:48:18,2016-09-10 08:48:20,3,1.6386666666666667,8.655,8.856311302080815,8.798002908759244,0.0645567507851973,7.92003109808056,True,1.0011526536426294,9.019385012294352,6.886060855343668,Flight 07,20160910_flight07_airborne.tab,25.0,23.856110979734023,190.395179413653,90.0,downstream wake,7.92003109808056,1.1121350219186092,188.3335639642,10.138099379067574,-0.2594775629409831
20160910_flight07,3,13.8,8.766838654840182,54.778086800000004,7.5673542199999995,93.96300000000001,2016-09-10 08:48:15,2016-09-10 08:48:17,3,1.1933333333333334,8.587666666666665,8.87224853123491,8.810914258916284,0.0645567507851973,7.92003109808056,True,0.9949976128718425,9.019385012294352,6.886060855343668,Flight 07,20160910_flight07_airborne.tab,25.0,23.856110979734023,190.395179413653,90.0,downstream wake,7.92003109808056,1.1069197262324952,188.3335639642,10.138099379067574,-0.2594775629409831
20160910_flight07,3,14.0,9.027249636517205,54.77843132,7.564377510000001,94.47,2016-09-10 08:48:12,2016-09-10 08:48:14,3,1.681,8.827,8.80814395885989,8.823825609073323,0.0645567507851973,7.92003109808056,True,1.0230539492116328,9.019385012294352,6.886060855343668,Flight 07,20160910_flight07_airborne.tab,25.0,23.856110979734023,190.395179413653,90.0,downstream wake,7.92003109808056,1.139799771582334,188.3335639642,10.138099379067574,-0.2594775629409831
20160910_flight07,3,14.200000000000001,8.87224853123491,54.77876636,7.56139915,94.35600000000001,2016-09-10 08:48:09,2016-09-10 08:48:11,3,1.468,8.656666666666666,8.766838654840182,8.836736959230363,0.0645567507851973,7.92003109808056,True,1.004018629519967,9.019385012294352,6.886060855343668,Flight 07,20160910_flight07_airborne.tab,25.0,23.856110979734023,190.395179413653,90.0,downstream wake,7.92003109808056,1.1202290018009047,188.3335639642,10.138099379067574,-0.2594775629409831
20160910_flight07,3,14.4,8.243646341273987,54.77909511,7.5584164099999995,93.9,2016-09-10 08:48:06,2016-09-10 08:48:08,3,1.1700000000000002,8.188333333333333,8.87224853123491,8.849648309387401,0.0645567507851973,7.92003109808056,True,0.9315224801113747,9.019385012294352,6.886060855343668,Flight 07,20160910_flight07_airborne.tab,25.0,23.856110979734023,190.395179413653,90.0,downstream wake,7.92003109808056,1.0408603500650213,188.3335639642,10.138099379067574,-0.2594775629409831
20160910_flight07,3,14.600000000000001,8.495703914332232,54.779428319999994,7.55542967,93.624,2016-09-10 08:48:03,2016-09-10 08:48:05,3,1.4573333333333334,8.412,8.87224853123491,8.862559659544441,0.0645567507851973,7.92003109808056,True,0.9586061184008925,9.019385012294352,6.886060855343668,Flight 07,20160910_flight07_airborne.tab,25.0,23.856110979734023,190.395179413653,90.0,downstream wake,7.92003109808056,1.07268567624579,188.3335639642,10.138099379067574,-0.2594775629409831
20160910_flight07,3,14.8,8.938805513042556,54.77976687,7.55244905,93.185,2016-09-10 08:48:00,2016-09-10 08:48:02,3,1.4056666666666666,8.885,8.938805513042556,8.875471009701482,0.0645567507851973,7.92003109808056,True,1.0071359033533933,9.019385012294352,6.886060855343668,Flight 07,20160910_flight07_airborne.tab,25.0,23.856110979734023,190.395179413653,90.0,downstream wake,7.92003109808056,1.1286326281230006,188.3335639642,10.138099379067574,-0.2594775629409831
20160910_flight07,3,15.0,9.082601499570483,54.7801135,7.5494733599999995,93.13799999999999,2016-09-10 08:47:57,2016-09-10 08:47:59,3,1.6346666666666667,8.999,8.938805513042556,8.88838235985852,0.0645567507851973,7.92003109808056,True,1.0218508983804624,9.019385012294352,6.886060855343668,Flight 07,20160910_flight07_airborne.tab,25.0,23.856110979734023,190.395179413653,90.0,downstream wake,7.92003109808056,1.1467886157380967,188.3335639642,10.138099379067574,-0.2594775629409831
20160910_flight07,3,15.200000000000001,9.252946449645108,54.780450300000005,7.54649325,93.54,2016-09-10 08:47:54,2016-09-10 08:47:56,3,1.6716666666666666,8.974666666666666,9.021881954448306,8.90129371001556,0.0645567507851973,7.92003109808056,True,1.039505801188638,9.019385012294352,6.886060855343668,Flight 07,20160910_flight07_airborne.tab,25.0,23.856110979734023,190.395179413653,90.0,downstream wake,7.92003109808056,1.1682967320529314,188.3335639642,10.138099379067574,-0.2594775629409831
20160910_flight07,3,15.4,8.747874541853008,54.780774810000004,7.543510159999999,93.973,2016-09-10 08:47:51,2016-09-10 08:47:53,3,1.414,8.578333333333333,9.082601499570483,8.914205060172598,0.0645567507851973,7.92003109808056,True,0.9813409589305129,9.019385012294352,6.886060855343668,Flight 07,20160910_flight07_airborne.tab,25.0,23.856110979734023,190.395179413653,90.0,downstream wake,7.92003109808056,1.1045252769238594,188.3335639642,10.138099379067574,-0.2594775629409831
20160910_flight07,3,15.600000000000001,9.021881954448306,54.781090739999996,7.54052457,93.92300000000002,2016-09-10 08:47:48,2016-09-10 08:47:50,3,1.5279999999999998,8.909666666666666,9.111546795138574,8.927116410329639,0.0645567507851973,7.92003109808056,True,1.0106154708601103,9.019385012294352,6.886060855343668,Flight 07,20160910_flight07_airborne.tab,25.0,23.856110979734023,190.395179413653,90.0,downstream wake,7.92003109808056,1.1391220366085155,188.3335639642,10.138099379067574,-0.2594775629409831
20160910_flight07,3,15.8,9.194142102447623,54.78141347,7.537543520000001,93.8,2016-09-10 08:47:45,2016-09-10 08:47:47,3,1.3923333333333334,9.055666666666667,9.078512267987525,8.940027760486679,0.0645567507851973,7.92003109808056,True,1.028424334774897,9.019385012294352,6.886060855343668,Flight 07,20160910_flight07_airborne.tab,25.0,23.856110979734023,190.395179413653,90.0,downstream wake,7.92003109808056,1.1608719698936343,188.3335639642,10.138099379067574,-0.2594775629409831
20160910_flight07,3,16.0,9.111546795138574,54.78175311,7.53457289,93.8,2016-09-10 08:47:42,2016-09-10 08:47:44,3,1.5083333333333335,9.081000000000001,9.078512267987525,8.952939110643717,0.0645567507851973,7.92003109808056,True,1.0177157112915352,9.019385012294352,6.886060855343668,Flight 07,20160910_flight07_airborne.tab,25.0,23.856110979734023,190.395179413653,90.0,downstream wake,7.92003109808056,1.1504433104242204,188.3335639642,10.138099379067574,-0.2594775629409831
20160910_flight07,3,16.2,9.078512267987525,54.78211662,7.53161697,93.779,2016-09-10 08:47:39,2016-09-10 08:47:41,3,1.4986666666666668,9.011000000000001,9.078512267987525,8.965850460800757,0.0645567507851973,7.92003109808056,True,1.012565657622702,9.019385012294352,6.886060855343668,Flight 07,20160910_flight07_airborne.tab,25.0,23.856110979734023,190.395179413653,90.0,downstream wake,7.92003109808056,1.1462723006463607,188.3335639642,10.138099379067574,-0.2594775629409831
20160910_flight07,3,16.400000000000002,8.858064394727192,54.78256847,7.52818619,93.5035,2016-09-10 08:47:35,2016-09-10 08:47:38,4,1.1179999999999999,8.8445,8.858064394727192,8.978761810957796,0.0645567507851973,7.92003109808056,True,0.9865574542713336,9.019385012294352,6.886060855343668,Flight 07,20160910_flight07_airborne.tab,25.0,23.856110979734023,190.395179413653,90.0,downstream wake,7.92003109808056,1.1184380825062628,188.3335639642,10.138099379067574,-0.2594775629409831
20160910_flight07,3,16.6,8.551165826950147,54.78304312,7.52477263,94.07600000000001,2016-09-10 08:47:32,2016-09-10 08:47:34,3,1.4753333333333334,8.459666666666665,8.858064394727192,8.991673161114836,0.0645567507851973,7.92003109808056,True,0.9510094143468542,9.019385012294352,6.886060855343668,Flight 07,20160910_flight07_airborne.tab,25.0,23.856110979734023,190.395179413653,90.0,downstream wake,7.92003109808056,1.0796884154940432,188.3335639642,10.138099379067574,-0.2594775629409831
20160910_flight07,3,16.8,8.495596624134176,54.783442629999996,7.521848189999999,94.228,2016-09-10 08:47:29,2016-09-10 08:47:31,3,0.8690000000000001,8.514000000000001,8.726748993754777,9.004584511271876,0.0645567507851973,7.92003109808056,True,0.9434745838077757,9.019385012294352,6.886060855343668,Flight 07,20160910_flight07_airborne.tab,25.0,23.856110979734023,190.395179413653,90.0,downstream wake,7.92003109808056,1.0726721295568027,188.3335639642,10.138099379067574,-0.2594775629409831
20160910_flight07,3,17.0,8.968904503895669,54.783831469999996,7.51891852,94.281,2016-09-10 08:47:26,2016-09-10 08:47:28,3,0.9359999999999999,8.907666666666666,8.726748993754777,9.017495861428914,0.0645567507851973,7.92003109808056,True,0.9946114355603878,9.019385012294352,6.886060855343668,Flight 07,20160910_flight07_airborne.tab,25.0,23.856110979734023,190.395179413653,90.0,downstream wake,7.92003109808056,1.1324329908337487,188.3335639642,10.138099379067574,-0.2594775629409831
20160910_flight07,3,17.2,8.726748993754777,54.78421159,7.51598416,94.19200000000001,2016-09-10 08:47:23,2016-09-10 08:47:25,3,0.8753333333333333,8.676666666666668,8.726748993754777,9.030407211585954,0.0645567507851973,7.92003109808056,True,0.96637380677124,9.019385012294352,6.886060855343668,Flight 07,20160910_flight07_airborne.tab,25.0,23.856110979734023,190.395179413653,90.0,downstream wake,7.92003109808056,1.1018579202131829,188.3335639642,10.138099379067574,-0.2594775629409831
20160910_flight07,3,17.400000000000002,8.816673125391459,54.784576740000006,7.51303948,94.19200000000001,2016-09-10 08:47:20,2016-09-10 08:47:22,3,0.7709999999999999,8.790999999999999,8.740170764922158,9.043318561742995,0.0645567507851973,7.92003109808056,True,0.9749378024445207,9.019385012294352,6.886060855343668,Flight 07,20160910_flight07_airborne.tab,25.0,23.856110979734023,190.395179413653,90.0,downstream wake,7.92003109808056,1.113211932656199,188.3335639642,10.138099379067574,-0.2594775629409831
20160910_flight07,3,17.6,8.493241666171993,54.78491604,7.51007719,94.21700000000001,2016-09-10 08:47:17,2016-09-10 08:47:19,3,0.7839999999999999,8.516666666666666,8.740170764922158,9.056229911900033,0.0645567507851973,7.92003109808056,True,0.9378341482929597,9.019385012294352,6.886060855343668,Flight 07,20160910_flight07_airborne.tab,25.0,23.856110979734023,190.395179413653,90.0,downstream wake,7.92003109808056,1.0723747875472802,188.3335639642,10.138099379067574,-0.2594775629409831
20160910_flight07,3,17.8,8.740170764922158,54.78521836,7.507095870000001,94.611,2016-09-10 08:47:14,2016-09-10 08:47:16,3,0.977,8.736666666666666,8.740170764922158,9.069141262057073,0.0645567507851973,7.92003109808056,True,0.9637263895633381,9.019385012294352,6.886060855343668,Flight 07,20160910_flight07_airborne.tab,25.0,23.856110979734023,190.395179413653,90.0,downstream wake,7.92003109808056,1.1035525816357414,188.3335639642,10.138099379067574,-0.2594775629409831
20160910_flight07,3,18.0,8.798083995961848,54.78548378000001,7.5040964,94.755,2016-09-10 08:47:11,2016-09-10 08:47:13,3,0.8853333333333334,8.643666666666666,8.545731332074512,9.082052612214111,0.0645567507851973,7.92003109808056,True,0.968732991496838,9.019385012294352,6.886060855343668,Flight 07,20160910_flight07_airborne.tab,25.0,23.856110979734023,190.395179413653,90.0,downstream wake,7.92003109808056,1.1108648295704402,188.3335639642,10.138099379067574,-0.2594775629409831
20160910_flight07,3,18.2,8.545731332074512,54.78573635,7.50109248,95.149,2016-09-10 08:47:08,2016-09-10 08:47:10,3,0.8706666666666667,8.404666666666666,8.571792169669072,9.094963962371152,0.0645567507851973,7.92003109808056,True,0.9396113461725637,9.019385012294352,6.886060855343668,Flight 07,20160910_flight07_airborne.tab,25.0,23.856110979734023,190.395179413653,90.0,downstream wake,7.92003109808056,1.0790022445929022,188.3335639642,10.138099379067574,-0.2594775629409831
20160910_flight07,3,18.400000000000002,8.316564254546465,54.78599577,7.498094,95.13,2016-09-10 08:47:05,2016-09-10 08:47:07,3,0.69,8.459333333333333,8.571792169669072,9.107875312528192,0.0645567507851973,7.92003109808056,True,0.9131179302714815,9.019385012294352,6.886060855343668,Flight 07,20160910_flight07_airborne.tab,25.0,23.856110979734023,190.395179413653,90.0,downstream wake,7.92003109808056,1.050067121145775,188.3335639642,10.138099379067574,-0.2594775629409831
20160910_flight07,3,18.6,8.571792169669072,54.7862485,7.49509343,95.1,2016-09-10 08:47:02,2016-09-10 08:47:04,3,0.49833333333333335,8.605666666666666,8.571792169669072,9.12078666268523,0.0645567507851973,7.92003109808056,True,0.9398084273517554,9.019385012294352,6.886060855343668,Flight 07,20160910_flight07_airborne.tab,25.0,23.856110979734023,190.395179413653,90.0,downstream wake,7.92003109808056,1.0822927414699757,188.3335639642,10.138099379067574,-0.2594775629409831
20160910_flight07,3,18.8,9.040190484718782,54.78649617,7.49209103,95.389,2016-09-10 08:46:59,2016-09-10 08:47:01,3,0.848,9.020999999999999,9.019385012294352,9.13369801284227,0.0645567507851973,7.92003109808056,True,0.9897623582483224,9.019385012294352,6.886060855343668,Flight 07,20160910_flight07_airborne.tab,25.0,23.856110979734023,190.395179413653,90.0,downstream wake,7.92003109808056,1.141433710646628,188.3335639642,10.138099379067574,-0.2594775629409831
20160910_flight07,3,19.0,9.019385012294352,54.786737009999996,7.48908598,95.294,2016-09-10 08:46:56,2016-09-10 08:46:58,3,0.7216666666666667,8.998666666666667,9.019385012294352,9.146609362999309,0.0645567507851973,7.92003109808056,True,0.9860905450691252,9.019385012294352,6.886060855343668,Flight 07,20160910_flight07_airborne.tab,25.0,23.856110979734023,190.395179413653,90.0,downstream wake,7.92003109808056,1.1388067673724442,188.3335639642,10.138099379067574,-0.2594775629409831
20160910_flight07,3,19.200000000000003,9.084263021654348,54.7869957,7.485569444999999,94.89099999999999,2016-09-10 08:46:52,2016-09-10 08:46:55,4,0.9950000000000001,9.025,9.019385012294352,9.159520713156349,0.0645567507851973,7.92003109808056,True,0.9917836649035682,9.019385012294352,6.886060855343668,Flight 07,20160910_flight07_airborne.tab,25.0,23.856110979734023,190.395179413653,90.0,downstream wake,7.92003109808056,1.1469984030562634,188.3335639642,10.138099379067574,-0.2594775629409831
20160910_flight07,3,19.400000000000002,8.867182754404016,54.78720174,7.48202667,94.27,2016-09-10 08:46:49,2016-09-10 08:46:51,3,0.7486666666666667,8.834666666666665,8.980184964687533,9.172432063313389,0.0645567507851973,7.92003109808056,True,0.9667210062933836,9.019385012294352,6.886060855343668,Flight 07,20160910_flight07_airborne.tab,25.0,23.856110979734023,190.395179413653,90.0,downstream wake,7.92003109808056,1.1195893860256434,188.3335639642,10.138099379067574,-0.2594775629409831
20160910_flight07,3,19.6,8.576879910550224,54.78732662,7.478966349999999,94.274,2016-09-10 08:46:46,2016-09-10 08:46:48,3,0.6906666666666667,8.636000000000001,8.980184964687533,9.185343413470427,0.0645567507851973,7.92003109808056,True,0.9337571307320003,9.019385012294352,6.886060855343668,Flight 07,20160910_flight07_airborne.tab,25.0,23.856110979734023,190.395179413653,90.0,downstream wake,7.92003109808056,1.082935130473017,188.3335639642,10.138099379067574,-0.2594775629409831
20160910_flight07,3,19.8,8.980184964687533,54.787404450000004,7.47589385,94.94,2016-09-10 08:46:43,2016-09-10 08:46:45,3,1.1493333333333333,8.964333333333334,8.980184964687533,9.198254763627467,0.0645567507851973,7.92003109808056,True,0.9762922636365493,9.019385012294352,6.886060855343668,Flight 07,20160910_flight07_airborne.tab,25.0,23.856110979734023,190.395179413653,90.0,downstream wake,7.92003109808056,1.1338572858462517,188.3335639642,10.138099379067574,-0.2594775629409831
20160910_flight07,3,20.0,9.592970186548063,54.787445840000004,7.47281609,95.45100000000001,2016-09-10 08:46:40,2016-09-10 08:46:42,3,1.2329999999999999,9.514666666666665,9.10685329847802,9.211166113784508,0.0645567507851973,7.92003109808056,True,1.0414501343312208,9.019385012294352,6.886060855343668,Flight 07,20160910_flight07_airborne.tab,25.0,23.856110979734023,190.395179413653,90.0,downstream wake,7.92003109808056,1.2112288534918687,188.3335639642,10.138099379067574,-0.2594775629409831
20160910_flight07,3,20.200000000000003,9.240315200251558,54.787454,7.4697317199999995,95.615,2016-09-10 08:46:37,2016-09-10 08:46:39,3,0.851,9.218333333333334,9.10685329847802,9.224077463941546,0.0645567507851973,7.92003109808056,True,1.0017603642611945,9.019385012294352,6.886060855343668,Flight 07,20160910_flight07_airborne.tab,25.0,23.856110979734023,190.395179413653,90.0,downstream wake,7.92003109808056,1.1667018835937364,188.3335639642,10.138099379067574,-0.2594775629409831
20160910_flight07,3,20.400000000000002,9.10685329847802,54.787456709999994,7.4666472299999995,96.139,2016-09-10 08:46:34,2016-09-10 08:46:36,3,0.9456666666666668,8.998333333333333,9.10685329847802,9.236988814098586,0.0645567507851973,7.92003109808056,True,0.9859114784872385,9.019385012294352,6.886060855343668,Flight 07,20160910_flight07_airborne.tab,25.0,23.856110979734023,190.395179413653,90.0,downstream wake,7.92003109808056,1.1498506995364057,188.3335639642,10.138099379067574,-0.2594775629409831
20160910_flight07,3,20.6,8.676313157096164,54.78748125,7.46357232,96.6,2016-09-10 08:46:31,2016-09-10 08:46:33,3,0.8783333333333334,8.613,9.10685329847802,9.249900164255624,0.0645567507851973,7.92003109808056,True,0.9379899245425403,9.019385012294352,6.886060855343668,Flight 07,20160910_flight07_airborne.tab,25.0,23.856110979734023,190.395179413653,90.0,downstream wake,7.92003109808056,1.0954897840235616,188.3335639642,10.138099379067574,-0.2594775629409831
20160910_flight07,3,20.8,8.506564523942671,54.787519599999996,7.46050256,96.04,2016-09-10 08:46:28,2016-09-10 08:46:30,3,0.8869999999999999,8.434333333333333,9.10685329847802,9.262811514412665,0.0645567507851973,7.92003109808056,True,0.9183566469755652,9.019385012294352,6.886060855343668,Flight 07,20160910_flight07_airborne.tab,25.0,23.856110979734023,190.395179413653,90.0,downstream wake,7.92003109808056,1.074056959953637,188.3335639642,10.138099379067574,-0.2594775629409831
20160910_flight07,3,21.0,9.355337994963088,54.78755554,7.457428190000001,94.745,2016-09-10 08:46:25,2016-09-10 08:46:27,3,1.0283333333333333,9.263333333333334,8.927867789506784,9.275722864569705,0.0645567507851973,7.92003109808056,True,1.0085831726061467,9.019385012294352,6.886060855343668,Flight 07,20160910_flight07_airborne.tab,25.0,23.856110979734023,190.395179413653,90.0,downstream wake,7.92003109808056,1.181224906709063,188.3335639642,10.138099379067574,-0.2594775629409831
20160910_flight07,3,21.200000000000003,9.179422421917407,54.787568060000005,7.45537309,94.12100000000001,2016-09-10 08:46:24,2016-09-10 08:46:24,1,1.536,9.05,9.179422421917407,9.288634214726743,0.0645567507851973,7.92003109808056,True,0.988242427219689,9.019385012294352,6.886060855343668,Flight 07,20160910_flight07_airborne.tab,25.0,23.856110979734023,190.395179413653,90.0,downstream wake,7.92003109808056,1.1590134316697396,188.3335639642,10.138099379067574,-0.2594775629409831
20160910_flight07,4,-21.200000000000003,7.598349426026681,54.808614369999994,8.12146532,97.084,2016-09-10 08:59:49,2016-09-10 08:59:51,3,2.3733333333333335,7.153,7.598349426026681,6.993189594143999,0.06232025731143755,8.314379049146476,True,1.086535596344969,9.358407058025797,7.314350415450439,Flight 07,20160910_flight07_airborne.tab,35.0,33.90484651007637,192.99477958974848,90.0,downstream wake,8.314379049146476,0.9138805653570365,188.3335639642,10.138099379067574,-0.2594775629409831
20160910_flight07,4,-21.0,7.659057122126717,54.80902483,8.1185419,97.6,2016-09-10 08:59:52,2016-09-10 08:59:54,3,2.4686666666666666,7.2476666666666665,7.493590499034184,7.005653645606287,0.06232025731143755,8.314379049146476,True,1.0932680245947104,9.358407058025797,7.314350415450439,Flight 07,20160910_flight07_airborne.tab,35.0,33.90484651007637,192.99477958974848,90.0,downstream wake,8.314379049146476,0.9211820963241949,188.3335639642,10.138099379067574,-0.2594775629409831
20160910_flight07,4,-20.8,7.388831572041686,54.80943621,8.115617049999999,97.35600000000001,2016-09-10 08:59:55,2016-09-10 08:59:57,3,2.263,6.9926666666666675,7.388831572041686,7.018117697068575,0.06232025731143755,8.314379049146476,True,1.0528224077985977,9.358407058025797,7.314350415450439,Flight 07,20160910_flight07_airborne.tab,35.0,33.90484651007637,192.99477958974848,90.0,downstream wake,8.314379049146476,0.8886811063539611,188.3335639642,10.138099379067574,-0.2594775629409831
20160910_flight07,4,-20.6,7.2008735581177925,54.80986420999999,8.11268765,96.376,2016-09-10 08:59:58,2016-09-10 09:00:00,3,2.3633333333333333,6.706333333333333,7.2008735581177925,7.030581748530862,0.06232025731143755,8.314379049146476,True,1.0242215816098739,9.358407058025797,7.314350415450439,Flight 07,20160910_flight07_airborne.tab,35.0,33.90484651007637,192.99477958974848,90.0,downstream wake,8.314379049146476,0.866074726152521,188.3335639642,10.138099379067574,-0.2594775629409831
20160910_flight07,4,-20.400000000000002,7.193142359219648,54.810312759999995,8.10975627,95.738,2016-09-10 09:00:01,2016-09-10 09:00:03,3,2.162333333333333,6.730666666666667,7.193142359219648,7.043045799993149,0.06232025731143755,8.314379049146476,True,1.021311313810659,9.358407058025797,7.314350415450439,Flight 07,20160910_flight07_airborne.tab,35.0,33.90484651007637,192.99477958974848,90.0,downstream wake,8.314379049146476,0.8651448673076878,188.3335639642,10.138099379067574,-0.2594775629409831
20160910_flight07,4,-20.200000000000003,7.1374954290703405,54.81077803,8.106825780000001,95.375,2016-09-10 09:00:04,2016-09-10 09:00:06,3,2.223333333333333,6.799333333333333,7.193142359219648,7.055509851455437,0.06232025731143755,8.314379049146476,True,1.0116200783984437,9.358407058025797,7.314350415450439,Flight 07,20160910_flight07_airborne.tab,35.0,33.90484651007637,192.99477958974848,90.0,downstream wake,8.314379049146476,0.8584520126975748,188.3335639642,10.138099379067574,-0.2594775629409831
20160910_flight07,4,-20.0,6.969949784611078,54.811248230000004,8.10389434,95.478,2016-09-10 09:00:07,2016-09-10 09:00:09,3,2.182,6.708666666666667,7.1374954290703405,7.067973902917725,0.06232025731143755,8.314379049146476,True,0.9861312280360597,9.358407058025797,7.314350415450439,Flight 07,20160910_flight07_airborne.tab,35.0,33.90484651007637,192.99477958974848,90.0,downstream wake,8.314379049146476,0.838300700919642,188.3335639642,10.138099379067574,-0.2594775629409831
20160910_flight07,4,-19.8,7.330004160981083,54.81170983,8.10095958,95.415,2016-09-10 09:00:10,2016-09-10 09:00:12,3,2.2223333333333333,6.838666666666666,7.1374954290703405,7.080437954380012,0.06232025731143755,8.314379049146476,True,1.0352472838839986,9.358407058025797,7.314350415450439,Flight 07,20160910_flight07_airborne.tab,35.0,33.90484651007637,192.99477958974848,90.0,downstream wake,8.314379049146476,0.8816057239696757,188.3335639642,10.138099379067574,-0.2594775629409831
20160910_flight07,4,-19.6,6.997491336186133,54.81215943,8.09802213,95.2,2016-09-10 09:00:13,2016-09-10 09:00:15,3,2.1106666666666665,6.703666666666667,7.180498729197018,7.0929020058423,0.06232025731143755,8.314379049146476,True,0.9865484297432027,9.358407058025797,7.314350415450439,Flight 07,20160910_flight07_airborne.tab,35.0,33.90484651007637,192.99477958974848,90.0,downstream wake,8.314379049146476,0.8416132214833855,188.3335639642,10.138099379067574,-0.2594775629409831
20160910_flight07,4,-19.400000000000002,7.197978188352616,54.8126004,8.09507678,94.73200000000001,2016-09-10 09:00:16,2016-09-10 09:00:18,3,2.231,6.736333333333334,7.180498729197018,7.105366057304587,0.06232025731143755,8.314379049146476,True,1.0130341111634664,9.358407058025797,7.314350415450439,Flight 07,20160910_flight07_airborne.tab,35.0,33.90484651007637,192.99477958974848,90.0,downstream wake,8.314379049146476,0.8657264897120049,188.3335639642,10.138099379067574,-0.2594775629409831
20160910_flight07,4,-19.200000000000003,7.180498729197018,54.813016909999995,8.09212543,94.699,2016-09-10 09:00:19,2016-09-10 09:00:21,3,2.2983333333333333,6.717333333333333,7.180498729197018,7.117830108766874,0.06232025731143755,8.314379049146476,True,1.0088044557783076,9.358407058025797,7.314350415450439,Flight 07,20160910_flight07_airborne.tab,35.0,33.90484651007637,192.99477958974848,90.0,downstream wake,8.314379049146476,0.8636241728640147,188.3335639642,10.138099379067574,-0.2594775629409831
20160910_flight07,4,-19.0,6.560121950085989,54.813412500000005,8.08916765,95.09899999999999,2016-09-10 09:00:22,2016-09-10 09:00:24,3,2.4983333333333335,6.096333333333334,7.180498729197018,7.1302941602291625,0.06232025731143755,8.314379049146476,True,0.9200352471678603,9.358407058025797,7.314350415450439,Flight 07,20160910_flight07_airborne.tab,35.0,33.90484651007637,192.99477958974848,90.0,downstream wake,8.314379049146476,0.789009246668809,188.3335639642,10.138099379067574,-0.2594775629409831
20160910_flight07,4,-18.8,7.18535712404053,54.81378412,8.08620572,95.262,2016-09-10 09:00:25,2016-09-10 09:00:27,3,2.340333333333333,6.685333333333333,7.180498729197018,7.142758211691449,0.06232025731143755,8.314379049146476,True,1.0059639303314725,9.358407058025797,7.314350415450439,Flight 07,20160910_flight07_airborne.tab,35.0,33.90484651007637,192.99477958974848,90.0,downstream wake,8.314379049146476,0.8642085093267611,188.3335639642,10.138099379067574,-0.2594775629409831
20160910_flight07,4,-18.6,7.10200924818119,54.81417999,8.08274013,94.757,2016-09-10 09:00:28,2016-09-10 09:00:31,4,2.2752499999999998,6.73375,7.18535712404053,7.155222263153737,0.06232025731143755,8.314379049146476,True,0.9925630521295514,9.358407058025797,7.314350415450439,Flight 07,20160910_flight07_airborne.tab,35.0,33.90484651007637,192.99477958974848,90.0,downstream wake,8.314379049146476,0.8541839632522235,188.3335639642,10.138099379067574,-0.2594775629409831
20160910_flight07,4,-18.400000000000002,7.260551081013065,54.81453912,8.07926594,94.10600000000001,2016-09-10 09:00:32,2016-09-10 09:00:34,3,2.239666666666667,6.896666666666666,7.18535712404053,7.167686314616025,0.06232025731143755,8.314379049146476,True,1.0129560310427752,9.358407058025797,7.314350415450439,Flight 07,20160910_flight07_airborne.tab,35.0,33.90484651007637,192.99477958974848,90.0,downstream wake,8.314379049146476,0.8732523545168904,188.3335639642,10.138099379067574,-0.2594775629409831
20160910_flight07,4,-18.2,7.258807408934335,54.81482583,8.076286,94.445,2016-09-10 09:00:35,2016-09-10 09:00:37,3,2.4043333333333337,6.966666666666666,7.10200924818119,7.180150366078312,0.06232025731143755,8.314379049146476,True,1.0109547904773177,9.358407058025797,7.314350415450439,Flight 07,20160910_flight07_airborne.tab,35.0,33.90484651007637,192.99477958974848,90.0,downstream wake,8.314379049146476,0.8730426368616786,188.3335639642,10.138099379067574,-0.2594775629409831
20160910_flight07,4,-18.0,6.646556552080182,54.81510136,8.07330673,94.47399999999999,2016-09-10 09:00:38,2016-09-10 09:00:40,3,2.1519999999999997,6.338,7.134054176973987,7.192614417540599,0.06232025731143755,8.314379049146476,True,0.9240807537063647,9.358407058025797,7.314350415450439,Flight 07,20160910_flight07_airborne.tab,35.0,33.90484651007637,192.99477958974848,90.0,downstream wake,8.314379049146476,0.799405044296422,188.3335639642,10.138099379067574,-0.2594775629409831
20160910_flight07,4,-17.8,6.693419156156292,54.81537528,8.07032465,94.0,2016-09-10 09:00:41,2016-09-10 09:00:43,3,1.8949999999999998,6.441333333333333,6.744170890480163,7.205078469002887,0.06232025731143755,8.314379049146476,True,0.9289862955625238,9.358407058025797,7.314350415450439,Flight 07,20160910_flight07_airborne.tab,35.0,33.90484651007637,192.99477958974848,90.0,downstream wake,8.314379049146476,0.8050413767031002,188.3335639642,10.138099379067574,-0.2594775629409831
20160910_flight07,4,-17.6,7.134054176973987,54.815647799999994,8.067338959999999,93.822,2016-09-10 09:00:44,2016-09-10 09:00:46,3,2.241,6.713333333333334,6.744170890480163,7.217542520465175,0.06232025731143755,8.314379049146476,True,0.988432580306322,9.358407058025797,7.314350415450439,Flight 07,20160910_flight07_airborne.tab,35.0,33.90484651007637,192.99477958974848,90.0,downstream wake,8.314379049146476,0.8580381210436087,188.3335639642,10.138099379067574,-0.2594775629409831
20160910_flight07,4,-17.400000000000002,6.744170890480163,54.8159278,8.064354479999999,93.71600000000001,2016-09-10 09:00:47,2016-09-10 09:00:49,3,1.7936666666666667,6.436333333333334,6.945901309405425,7.230006571927462,0.06232025731143755,8.314379049146476,True,0.932802871392442,9.358407058025797,7.314350415450439,Flight 07,20160910_flight07_airborne.tab,35.0,33.90484651007637,192.99477958974848,90.0,downstream wake,8.314379049146476,0.811145468665215,188.3335639642,10.138099379067574,-0.2594775629409831
20160910_flight07,4,-17.2,7.225628415577431,54.816218559999996,8.06136793,93.081,2016-09-10 09:00:50,2016-09-10 09:00:52,3,1.9526666666666668,6.940333333333334,6.994193305878814,7.24247062338975,0.06232025731143755,8.314379049146476,True,0.9976745217636194,9.358407058025797,7.314350415450439,Flight 07,20160910_flight07_airborne.tab,35.0,33.90484651007637,192.99477958974848,90.0,downstream wake,8.314379049146476,0.869052081083456,188.3335639642,10.138099379067574,-0.2594775629409831
20160910_flight07,4,-17.0,6.945901309405425,54.81651823,8.058376449999999,92.99600000000001,2016-09-10 09:00:53,2016-09-10 09:00:55,3,1.7403333333333333,6.682333333333333,6.994193305878814,7.254934674852037,0.06232025731143755,8.314379049146476,True,0.9574037011638682,9.358407058025797,7.314350415450439,Flight 07,20160910_flight07_airborne.tab,35.0,33.90484651007637,192.99477958974848,90.0,downstream wake,8.314379049146476,0.8354083050998818,188.3335639642,10.138099379067574,-0.2594775629409831
20160910_flight07,4,-16.8,6.994193305878814,54.816839419999994,8.05539127,93.12199999999999,2016-09-10 09:00:56,2016-09-10 09:00:58,3,1.5446666666666669,6.939,7.225628415577431,7.267398726314324,0.06232025731143755,8.314379049146476,True,0.9624067110221615,9.358407058025797,7.314350415450439,Flight 07,20160910_flight07_airborne.tab,35.0,33.90484651007637,192.99477958974848,90.0,downstream wake,8.314379049146476,0.841216555624417,188.3335639642,10.138099379067574,-0.2594775629409831
20160910_flight07,4,-16.6,7.467381937466437,54.81717457,8.0524058,92.971,2016-09-10 09:00:59,2016-09-10 09:01:01,3,1.7446666666666666,7.236,7.467381937466437,7.2798627777766125,0.06232025731143755,8.314379049146476,True,1.0257586118604143,9.358407058025797,7.314350415450439,Flight 07,20160910_flight07_airborne.tab,35.0,33.90484651007637,192.99477958974848,90.0,downstream wake,8.314379049146476,0.8981286387506006,188.3335639642,10.138099379067574,-0.2594775629409831
20160910_flight07,4,-16.400000000000002,7.795455727537679,54.8175131,8.049419219999999,92.82,2016-09-10 09:01:02,2016-09-10 09:01:04,3,1.873,7.445,7.524687435368994,7.292326829238899,0.06232025731143755,8.314379049146476,True,1.0689942881168548,9.358407058025797,7.314350415450439,Flight 07,20160910_flight07_airborne.tab,35.0,33.90484651007637,192.99477958974848,90.0,downstream wake,8.314379049146476,0.9375872427103178,188.3335639642,10.138099379067574,-0.2594775629409831
20160910_flight07,4,-16.2,7.524687435368994,54.81784895,8.046433500000001,92.605,2016-09-10 09:01:05,2016-09-10 09:01:07,3,1.9006666666666667,7.302666666666667,7.524687435368994,7.304790880701187,0.06232025731143755,8.314379049146476,True,1.0301030595206717,9.358407058025797,7.314350415450439,Flight 07,20160910_flight07_airborne.tab,35.0,33.90484651007637,192.99477958974848,90.0,downstream wake,8.314379049146476,0.9050209752153953,188.3335639642,10.138099379067574,-0.2594775629409831
20160910_flight07,4,-16.0,7.998616130306543,54.818183049999995,8.04344937,92.90800000000002,2016-09-10 09:01:08,2016-09-10 09:01:10,3,2.312,7.509666666666667,7.67320584892651,7.317254932163475,0.06232025731143755,8.314379049146476,True,1.0931170506507981,9.358407058025797,7.314350415450439,Flight 07,20160910_flight07_airborne.tab,35.0,33.90484651007637,192.99477958974848,90.0,downstream wake,8.314379049146476,0.9620220683981988,188.3335639642,10.138099379067574,-0.2594775629409831
20160910_flight07,4,-15.8,7.042988570202284,54.818515209999994,8.04046934,93.021,2016-09-10 09:01:11,2016-09-10 09:01:13,3,1.9909999999999999,6.918666666666667,7.524687435368994,7.329718983625762,0.06232025731143755,8.314379049146476,True,0.9608811178076513,9.358407058025797,7.314350415450439,Flight 07,20160910_flight07_airborne.tab,35.0,33.90484651007637,192.99477958974848,90.0,downstream wake,8.314379049146476,0.8470853359668864,188.3335639642,10.138099379067574,-0.2594775629409831
20160910_flight07,4,-15.600000000000001,7.67320584892651,54.818839909999994,8.037489729999999,92.689,2016-09-10 09:01:14,2016-09-10 09:01:16,3,1.782,7.471333333333334,7.67320584892651,7.342183035088049,0.06232025731143755,8.314379049146476,True,1.0450850669693896,9.358407058025797,7.314350415450439,Flight 07,20160910_flight07_airborne.tab,35.0,33.90484651007637,192.99477958974848,90.0,downstream wake,8.314379049146476,0.9228838141212979,188.3335639642,10.138099379067574,-0.2594775629409831
20160910_flight07,4,-15.4,7.3337097364752095,54.81921745,8.034009255,92.529,2016-09-10 09:01:17,2016-09-10 09:01:20,4,1.7862500000000001,7.08275,7.3337097364752095,7.3546470865503375,0.06232025731143755,8.314379049146476,True,0.9971531808625574,9.358407058025797,7.314350415450439,Flight 07,20160910_flight07_airborne.tab,35.0,33.90484651007637,192.99477958974848,90.0,downstream wake,8.314379049146476,0.8820514067407188,188.3335639642,10.138099379067574,-0.2594775629409831
20160910_flight07,4,-15.200000000000001,7.681761842181778,54.81959525,8.030527059999999,92.6,2016-09-10 09:01:21,2016-09-10 09:01:23,3,2.001,7.367666666666666,7.3337097364752095,7.367111138012625,0.06232025731143755,8.314379049146476,True,1.0427101883322525,9.358407058025797,7.314350415450439,Flight 07,20160910_flight07_airborne.tab,35.0,33.90484651007637,192.99477958974848,90.0,downstream wake,8.314379049146476,0.9239128739229613,188.3335639642,10.138099379067574,-0.2594775629409831
20160910_flight07,4,-15.0,6.6549369643896705,54.819919600000006,8.027541489999999,92.5,2016-09-10 09:01:24,2016-09-10 09:01:26,3,1.7080000000000002,6.552,7.29995643822619,7.379575189474912,0.06232025731143755,8.314379049146476,True,0.9018048862597465,9.358407058025797,7.314350415450439,Flight 07,20160910_flight07_airborne.tab,35.0,33.90484651007637,192.99477958974848,90.0,downstream wake,8.314379049146476,0.8004129863519804,188.3335639642,10.138099379067574,-0.2594775629409831
20160910_flight07,4,-14.8,7.29995643822619,54.820246690000005,8.02455536,92.3,2016-09-10 09:01:27,2016-09-10 09:01:29,3,1.8216666666666665,7.055,7.29995643822619,7.3920392409371996,0.06232025731143755,8.314379049146476,True,0.9875429770176201,9.358407058025797,7.314350415450439,Flight 07,20160910_flight07_airborne.tab,35.0,33.90484651007637,192.99477958974848,90.0,downstream wake,8.314379049146476,0.8779917772663465,188.3335639642,10.138099379067574,-0.2594775629409831
20160910_flight07,4,-14.600000000000001,7.286880333860299,54.82056467,8.021566759999999,92.484,2016-09-10 09:01:30,2016-09-10 09:01:32,3,1.4646666666666668,7.195,7.29995643822619,7.404503292399487,0.06232025731143755,8.314379049146476,True,0.9841146726668453,9.358407058025797,7.314350415450439,Flight 07,20160910_flight07_airborne.tab,35.0,33.90484651007637,192.99477958974848,90.0,downstream wake,8.314379049146476,0.8764190675921065,188.3335639642,10.138099379067574,-0.2594775629409831
20160910_flight07,4,-14.4,7.781798828034556,54.82087111,8.01857448,92.428,2016-09-10 09:01:33,2016-09-10 09:01:35,3,1.9353333333333333,7.490333333333333,7.29995643822619,7.416967343861774,0.06232025731143755,8.314379049146476,True,1.049188767761626,9.358407058025797,7.314350415450439,Flight 07,20160910_flight07_airborne.tab,35.0,33.90484651007637,192.99477958974848,90.0,downstream wake,8.314379049146476,0.9359446787350172,188.3335639642,10.138099379067574,-0.2594775629409831
20160910_flight07,4,-14.200000000000001,7.304580823017841,54.82117208,8.0155833,92.131,2016-09-10 09:01:36,2016-09-10 09:01:38,3,1.6083333333333334,7.133333333333333,7.304580823017841,7.4294313953240625,0.06232025731143755,8.314379049146476,True,0.9831951376003284,9.358407058025797,7.314350415450439,Flight 07,20160910_flight07_airborne.tab,35.0,33.90484651007637,192.99477958974848,90.0,downstream wake,8.314379049146476,0.8785479685061631,188.3335639642,10.138099379067574,-0.2594775629409831
20160910_flight07,4,-14.0,6.903829806708737,54.821479849999996,8.012592230000001,91.91,2016-09-10 09:01:39,2016-09-10 09:01:41,3,1.182,6.814,7.304580823017841,7.44189544678635,0.06232025731143755,8.314379049146476,True,0.9276977694829122,9.358407058025797,7.314350415450439,Flight 07,20160910_flight07_airborne.tab,35.0,33.90484651007637,192.99477958974848,90.0,downstream wake,8.314379049146476,0.8303482155311959,188.3335639642,10.138099379067574,-0.2594775629409831
20160910_flight07,4,-13.8,7.498342483509273,54.82179355,8.00959761,92.1,2016-09-10 09:01:42,2016-09-10 09:01:44,3,1.6446666666666667,7.337666666666667,7.304580823017841,7.454359498248637,0.06232025731143755,8.314379049146476,True,1.0059003037445362,9.358407058025797,7.314350415450439,Flight 07,20160910_flight07_airborne.tab,35.0,33.90484651007637,192.99477958974848,90.0,downstream wake,8.314379049146476,0.9018523739639974,188.3335639642,10.138099379067574,-0.2594775629409831
20160910_flight07,4,-13.600000000000001,7.169917224068909,54.822109440000006,8.00660248,92.3,2016-09-10 09:01:45,2016-09-10 09:01:47,3,1.6473333333333333,7.029333333333334,7.417702744111549,7.4668235497109245,0.06232025731143755,8.314379049146476,True,0.9602365954324031,9.358407058025797,7.314350415450439,Flight 07,20160910_flight07_airborne.tab,35.0,33.90484651007637,192.99477958974848,90.0,downstream wake,8.314379049146476,0.862351497530648,188.3335639642,10.138099379067574,-0.2594775629409831
20160910_flight07,4,-13.4,7.417702744111549,54.822429119999995,8.00360926,92.141,2016-09-10 09:01:48,2016-09-10 09:01:50,3,1.53,7.211666666666666,7.417702744111549,7.479287601173212,0.06232025731143755,8.314379049146476,True,0.9917659461240663,9.358407058025797,7.314350415450439,Flight 07,20160910_flight07_airborne.tab,35.0,33.90484651007637,192.99477958974848,90.0,downstream wake,8.314379049146476,0.8921535451132725,188.3335639642,10.138099379067574,-0.2594775629409831
20160910_flight07,4,-13.200000000000001,7.573164794192715,54.822754100000004,8.00061551,92.0,2016-09-10 09:01:51,2016-09-10 09:01:53,3,1.4480000000000002,7.378666666666667,7.314350415450439,7.4917516526355,0.06232025731143755,8.314379049146476,True,1.010867036886971,9.358407058025797,7.314350415450439,Flight 07,20160910_flight07_airborne.tab,35.0,33.90484651007637,192.99477958974848,90.0,downstream wake,8.314379049146476,0.9108515199304209,188.3335639642,10.138099379067574,-0.2594775629409831
20160910_flight07,4,-13.0,7.190630639936945,54.823079449999994,7.99762084,91.93700000000001,2016-09-10 09:01:54,2016-09-10 09:01:56,3,1.6013333333333335,7.017666666666667,7.417702744111549,7.5042157040977875,0.06232025731143755,8.314379049146476,True,0.9582121468084126,9.358407058025797,7.314350415450439,Flight 07,20160910_flight07_airborne.tab,35.0,33.90484651007637,192.99477958974848,90.0,downstream wake,8.314379049146476,0.8648427738779975,188.3335639642,10.138099379067574,-0.2594775629409831
20160910_flight07,4,-12.8,7.314350415450439,54.82340115,7.99462657,92.029,2016-09-10 09:01:57,2016-09-10 09:01:59,3,1.317,6.914666666666666,7.434858034959376,7.516679755560075,0.06232025731143755,8.314379049146476,True,0.9730826180322537,9.358407058025797,7.314350415450439,Flight 07,20160910_flight07_airborne.tab,35.0,33.90484651007637,192.99477958974848,90.0,downstream wake,8.314379049146476,0.879722992206051,188.3335639642,10.138099379067574,-0.2594775629409831
20160910_flight07,4,-12.600000000000001,7.572612561065038,54.823712910000005,7.9916290000000005,92.369,2016-09-10 09:02:00,2016-09-10 09:02:02,3,1.417,7.390333333333333,7.434858034959376,7.529143807022362,0.06232025731143755,8.314379049146476,True,1.005773399360779,9.358407058025797,7.314350415450439,Flight 07,20160910_flight07_airborne.tab,35.0,33.90484651007637,192.99477958974848,90.0,downstream wake,8.314379049146476,0.910785100884042,188.3335639642,10.138099379067574,-0.2594775629409831
20160910_flight07,4,-12.4,7.434858034959376,54.824028719999994,7.988628599999999,92.2,2016-09-10 09:02:03,2016-09-10 09:02:05,3,1.327,7.228666666666666,7.572612561065038,7.5416078584846495,0.06232025731143755,8.314379049146476,True,0.9858452168916241,9.358407058025797,7.314350415450439,Flight 07,20160910_flight07_airborne.tab,35.0,33.90484651007637,192.99477958974848,90.0,downstream wake,8.314379049146476,0.8942168730835782,188.3335639642,10.138099379067574,-0.2594775629409831
20160910_flight07,4,-12.200000000000001,7.871985581795739,54.82435157,7.98562433,92.166,2016-09-10 09:02:06,2016-09-10 09:02:08,3,1.4686666666666668,7.596666666666667,7.572612561065038,7.554071909946938,0.06232025731143755,8.314379049146476,True,1.0420850735389722,9.358407058025797,7.314350415450439,Flight 07,20160910_flight07_airborne.tab,35.0,33.90484651007637,192.99477958974848,90.0,downstream wake,8.314379049146476,0.9467917610280047,188.3335639642,10.138099379067574,-0.2594775629409831
20160910_flight07,4,-12.0,7.603248845066167,54.82468006,7.982618179999999,91.94200000000001,2016-09-10 09:02:09,2016-09-10 09:02:11,3,1.1463333333333334,7.557666666666667,7.603248845066167,7.566535961409225,0.06232025731143755,8.314379049146476,True,1.0048520067629605,9.358407058025797,7.314350415450439,Flight 07,20160910_flight07_airborne.tab,35.0,33.90484651007637,192.99477958974848,90.0,downstream wake,8.314379049146476,0.9144698359460397,188.3335639642,10.138099379067574,-0.2594775629409831
20160910_flight07,4,-11.8,7.539070300773167,54.825013989999995,7.9796087799999995,91.79899999999999,2016-09-10 09:02:12,2016-09-10 09:02:14,3,1.0963333333333334,7.578666666666667,7.628672885895684,7.5790000128715125,0.06232025731143755,8.314379049146476,True,0.9947315329158817,9.358407058025797,7.314350415450439,Flight 07,20160910_flight07_airborne.tab,35.0,33.90484651007637,192.99477958974848,90.0,downstream wake,8.314379049146476,0.9067508536968977,188.3335639642,10.138099379067574,-0.2594775629409831
20160910_flight07,4,-11.600000000000001,7.71410461427637,54.825356469999996,7.97659688,91.626,2016-09-10 09:02:15,2016-09-10 09:02:17,3,1.3783333333333332,7.558333333333333,7.603248845066167,7.5914640643338,0.06232025731143755,8.314379049146476,True,1.016155059011444,9.358407058025797,7.314350415450439,Flight 07,20160910_flight07_airborne.tab,35.0,33.90484651007637,192.99477958974848,90.0,downstream wake,8.314379049146476,0.9278028543897421,188.3335639642,10.138099379067574,-0.2594775629409831
20160910_flight07,4,-11.4,7.628672885895684,54.825706309999994,7.97358575,92.19,2016-09-10 09:02:18,2016-09-10 09:02:20,3,1.2546666666666668,7.457333333333334,7.539070300773167,7.603928115796087,0.06232025731143755,8.314379049146476,True,1.003254208840848,9.358407058025797,7.314350415450439,Flight 07,20160910_flight07_airborne.tab,35.0,33.90484651007637,192.99477958974848,90.0,downstream wake,8.314379049146476,0.917527675945784,188.3335639642,10.138099379067574,-0.2594775629409831
20160910_flight07,4,-11.200000000000001,7.453793195413997,54.82606259999999,7.97057498,92.4,2016-09-10 09:02:21,2016-09-10 09:02:23,3,1.4236666666666666,7.256,7.453793195413997,7.6163921672583745,0.06232025731143755,8.314379049146476,True,0.9786514443750199,9.358407058025797,7.314350415450439,Flight 07,20160910_flight07_airborne.tab,35.0,33.90484651007637,192.99477958974848,90.0,downstream wake,8.314379049146476,0.896494272314801,188.3335639642,10.138099379067574,-0.2594775629409831
20160910_flight07,4,-11.0,6.989853789601039,54.82641675,7.96756176,92.281,2016-09-10 09:02:24,2016-09-10 09:02:26,3,1.3826666666666665,6.786333333333334,7.453793195413997,7.628856218720663,0.06232025731143755,8.314379049146476,True,0.9162387636102568,9.358407058025797,7.314350415450439,Flight 07,20160910_flight07_airborne.tab,35.0,33.90484651007637,192.99477958974848,90.0,downstream wake,8.314379049146476,0.840694626536012,188.3335639642,10.138099379067574,-0.2594775629409831
20160910_flight07,4,-10.8,7.316638025760192,54.82676738,7.9645450900000005,91.91799999999999,2016-09-10 09:02:27,2016-09-10 09:02:29,3,1.4073333333333335,7.219,7.440195225933255,7.64132027018295,0.06232025731143755,8.314379049146476,True,0.9575096667928323,9.358407058025797,7.314350415450439,Flight 07,20160910_flight07_airborne.tab,35.0,33.90484651007637,192.99477958974848,90.0,downstream wake,8.314379049146476,0.8799981312508589,188.3335639642,10.138099379067574,-0.2594775629409831
20160910_flight07,4,-10.600000000000001,7.5623378660305836,54.82711047,7.96152545,91.881,2016-09-10 09:02:30,2016-09-10 09:02:32,3,1.469,7.335,7.4172604781010625,7.6537843216452375,0.06232025731143755,8.314379049146476,True,0.9880521253576431,9.358407058025797,7.314350415450439,Flight 07,20160910_flight07_airborne.tab,35.0,33.90484651007637,192.99477958974848,90.0,downstream wake,8.314379049146476,0.909549326694085,188.3335639642,10.138099379067574,-0.2594775629409831
20160910_flight07,4,-10.4,7.440195225933255,54.82744587,7.95850539,92.23200000000001,2016-09-10 09:02:33,2016-09-10 09:02:35,3,1.6723333333333332,7.282333333333334,7.440002255612725,7.666248373107525,0.06232025731143755,8.314379049146476,True,0.970513198089532,9.358407058025797,7.314350415450439,Flight 07,20160910_flight07_airborne.tab,35.0,33.90484651007637,192.99477958974848,90.0,downstream wake,8.314379049146476,0.8948587960633139,188.3335639642,10.138099379067574,-0.2594775629409831
20160910_flight07,4,-10.200000000000001,7.4172604781010625,54.82777477,7.95548599,92.361,2016-09-10 09:02:36,2016-09-10 09:02:38,3,1.615,7.2090000000000005,7.440002255612725,7.678712424569812,0.06232025731143755,8.314379049146476,True,0.9659510693964558,9.358407058025797,7.314350415450439,Flight 07,20160910_flight07_airborne.tab,35.0,33.90484651007637,192.99477958974848,90.0,downstream wake,8.314379049146476,0.8921003522039919,188.3335639642,10.138099379067574,-0.2594775629409831
20160910_flight07,4,-10.0,7.440002255612725,54.82815596,7.951958095,90.70750000000001,2016-09-10 09:02:39,2016-09-10 09:02:42,4,1.6955,7.19375,7.4383695121982205,7.6911764760320995,0.06232025731143755,8.314379049146476,True,0.9673425488022405,9.358407058025797,7.314350415450439,Flight 07,20160910_flight07_airborne.tab,35.0,33.90484651007637,192.99477958974848,90.0,downstream wake,8.314379049146476,0.8948355868351334,188.3335639642,10.138099379067574,-0.2594775629409831
20160910_flight07,4,-9.8,7.4383695121982205,54.82853699,7.9484213,89.369,2016-09-10 09:02:43,2016-09-10 09:02:45,3,1.8443333333333332,7.199000000000001,7.4383695121982205,7.703640527494388,0.06232025731143755,8.314379049146476,False,0.9655654992792808,9.358407058025797,7.314350415450439,Flight 07,20160910_flight07_airborne.tab,35.0,33.90484651007637,192.99477958974848,90.0,downstream wake,8.314379049146476,0.8946392109657084,188.3335639642,10.138099379067574,-0.2594775629409831
20160910_flight07,4,-9.600000000000001,7.283533483138524,54.82886369,7.945390300000001,89.57699999999998,2016-09-10 09:02:46,2016-09-10 09:02:48,3,1.4856666666666667,7.142333333333333,7.440002255612725,7.716104578956675,0.06232025731143755,8.314379049146476,False,0.9439391870092252,9.358407058025797,7.314350415450439,Flight 07,20160910_flight07_airborne.tab,35.0,33.90484651007637,192.99477958974848,90.0,downstream wake,8.314379049146476,0.8760165299278995,188.3335639642,10.138099379067574,-0.2594775629409831
20160910_flight07,4,-9.4,7.6911127933479175,54.82919253,7.94236412,90.24700000000001,2016-09-10 09:02:49,2016-09-10 09:02:51,3,1.9313333333333336,7.446000000000001,7.4383695121982205,7.7285686304189625,0.06232025731143755,8.314379049146476,False,0.9951535867943746,9.358407058025797,7.314350415450439,Flight 07,20160910_flight07_airborne.tab,35.0,33.90484651007637,192.99477958974848,90.0,downstream wake,8.314379049146476,0.9250375461457292,188.3335639642,10.138099379067574,-0.2594775629409831
20160910_flight07,4,-9.200000000000001,7.559776319442262,54.8295198,7.93934689,90.65899999999999,2016-09-10 09:02:52,2016-09-10 09:02:54,3,1.5526666666666669,7.385333333333333,7.283533483138524,7.74103268188125,0.06232025731143755,8.314379049146476,False,0.9765849893821998,9.358407058025797,7.314350415450439,Flight 07,20160910_flight07_airborne.tab,35.0,33.90484651007637,192.99477958974848,90.0,downstream wake,8.314379049146476,0.9092412403567675,188.3335639642,10.138099379067574,-0.2594775629409831
20160910_flight07,4,-9.0,7.14670007765822,54.82984539,7.9363341400000005,90.52,2016-09-10 09:02:55,2016-09-10 09:02:57,3,1.6753333333333333,6.892666666666667,7.438637778518322,7.753496733343537,0.06232025731143755,8.314379049146476,False,0.9217389680354391,9.358407058025797,7.314350415450439,Flight 07,20160910_flight07_airborne.tab,35.0,33.90484651007637,192.99477958974848,90.0,downstream wake,8.314379049146476,0.8595590885878452,188.3335639642,10.138099379067574,-0.2594775629409831
20160910_flight07,4,-8.8,7.227592683598045,54.830173880000004,7.93332134,90.02,2016-09-10 09:02:58,2016-09-10 09:03:00,3,1.4959999999999998,6.962666666666666,7.438637778518322,7.765960784805825,0.06232025731143755,8.314379049146476,False,0.9306759181348041,9.358407058025797,7.314350415450439,Flight 07,20160910_flight07_airborne.tab,35.0,33.90484651007637,192.99477958974848,90.0,downstream wake,8.314379049146476,0.869288330598784,188.3335639642,10.138099379067574,-0.2594775629409831
20160910_flight07,4,-8.6,7.438637778518322,54.83050505,7.93030536,89.7,2016-09-10 09:03:01,2016-09-10 09:03:03,3,1.47,7.13,7.438637778518322,7.778424836268113,0.06232025731143755,8.314379049146476,False,0.9563167267278226,9.358407058025797,7.314350415450439,Flight 07,20160910_flight07_airborne.tab,35.0,33.90484651007637,192.99477958974848,90.0,downstream wake,8.314379049146476,0.894671476312106,188.3335639642,10.138099379067574,-0.2594775629409831
20160910_flight07,4,-8.4,7.701393769961383,54.830836399999995,7.927288,89.74799999999999,2016-09-10 09:03:04,2016-09-10 09:03:06,3,1.7853333333333332,7.486999999999999,7.438637778518322,7.7908888877304,0.06232025731143755,8.314379049146476,False,0.9885128489112507,9.358407058025797,7.314350415450439,Flight 07,20160910_flight07_airborne.tab,35.0,33.90484651007637,192.99477958974848,90.0,downstream wake,8.314379049146476,0.9262740758435809,188.3335639642,10.138099379067574,-0.2594775629409831
20160910_flight07,4,-8.200000000000001,7.5698880440862535,54.83116953,7.92427512,90.229,2016-09-10 09:03:07,2016-09-10 09:03:09,3,1.466,7.377666666666667,7.547595246169471,7.8033529391926875,0.06232025731143755,8.314379049146476,False,0.9700814640929739,9.358407058025797,7.314350415450439,Flight 07,20160910_flight07_airborne.tab,35.0,33.90484651007637,192.99477958974848,90.0,downstream wake,8.314379049146476,0.9104574135170505,188.3335639642,10.138099379067574,-0.2594775629409831
20160910_flight07,4,-8.0,7.347736862463163,54.83151097,7.92126617,90.3,2016-09-10 09:03:10,2016-09-10 09:03:12,3,1.54,7.205333333333333,7.5686270881844875,7.815816990654975,0.06232025731143755,8.314379049146476,False,0.940111170879324,9.358407058025797,7.314350415450439,Flight 07,20160910_flight07_airborne.tab,35.0,33.90484651007637,192.99477958974848,90.0,downstream wake,8.314379049146476,0.8837384991748067,188.3335639642,10.138099379067574,-0.2594775629409831
20160910_flight07,4,-7.800000000000001,7.547595246169471,54.83185649,7.91825801,90.21300000000001,2016-09-10 09:03:13,2016-09-10 09:03:15,3,1.6736666666666666,7.433333333333334,7.547595246169471,7.828281042117262,0.06232025731143755,8.314379049146476,False,0.9641446449817448,9.358407058025797,7.314350415450439,Flight 07,20160910_flight07_airborne.tab,35.0,33.90484651007637,192.99477958974848,90.0,downstream wake,8.314379049146476,0.9077761792619112,188.3335639642,10.138099379067574,-0.2594775629409831
20160910_flight07,4,-7.6000000000000005,7.5686270881844875,54.83220128,7.91524994,89.918,2016-09-10 09:03:16,2016-09-10 09:03:18,3,1.5636666666666665,7.396,7.384483732800825,7.84074509357955,0.06232025731143755,8.314379049146476,False,0.9652943690749635,9.358407058025797,7.314350415450439,Flight 07,20160910_flight07_airborne.tab,35.0,33.90484651007637,192.99477958974848,90.0,downstream wake,8.314379049146476,0.9103057538568025,188.3335639642,10.138099379067574,-0.2594775629409831
20160910_flight07,4,-7.4,7.384483732800825,54.832545929999995,7.91224068,89.8,2016-09-10 09:03:19,2016-09-10 09:03:21,3,1.321,7.278666666666666,7.384483732800825,7.853209145041838,0.06232025731143755,8.314379049146476,False,0.940314156469786,9.358407058025797,7.314350415450439,Flight 07,20160910_flight07_airborne.tab,35.0,33.90484651007637,192.99477958974848,90.0,downstream wake,8.314379049146476,0.8881581762331234,188.3335639642,10.138099379067574,-0.2594775629409831
20160910_flight07,4,-7.2,7.37464548300459,54.83288952,7.90923064,89.6,2016-09-10 09:03:22,2016-09-10 09:03:24,3,1.1176666666666666,7.248,7.37464548300459,7.865673196504125,0.06232025731143755,8.314379049146476,False,0.9375733390858686,9.358407058025797,7.314350415450439,Flight 07,20160910_flight07_airborne.tab,35.0,33.90484651007637,192.99477958974848,90.0,downstream wake,8.314379049146476,0.8869748948674219,188.3335639642,10.138099379067574,-0.2594775629409831
20160910_flight07,4,-7.0,7.068405831586073,54.83322948,7.9062204,89.685,2016-09-10 09:03:25,2016-09-10 09:03:27,3,1.016,6.992999999999999,7.370212479976408,7.8781372479664125,0.06232025731143755,8.314379049146476,False,0.8972179093999212,9.358407058025797,7.314350415450439,Flight 07,20160910_flight07_airborne.tab,35.0,33.90484651007637,192.99477958974848,90.0,downstream wake,8.314379049146476,0.8501423605785318,188.3335639642,10.138099379067574,-0.2594775629409831
20160910_flight07,4,-6.800000000000001,7.188691675124202,54.833563999999996,7.90321011,89.794,2016-09-10 09:03:28,2016-09-10 09:03:30,3,0.7993333333333332,7.104,7.370212479976408,7.8906012994287,0.06232025731143755,8.314379049146476,False,0.9110448497308669,9.358407058025797,7.314350415450439,Flight 07,20160910_flight07_airborne.tab,35.0,33.90484651007637,192.99477958974848,90.0,downstream wake,8.314379049146476,0.8646095676696587,188.3335639642,10.138099379067574,-0.2594775629409831
20160910_flight07,4,-6.6000000000000005,7.370212479976408,54.8338953,7.900197,90.186,2016-09-10 09:03:31,2016-09-10 09:03:33,3,0.8136666666666668,7.264666666666667,7.370212479976408,7.903065350890987,0.06232025731143755,8.314379049146476,False,0.9325764311370012,9.358407058025797,7.314350415450439,Flight 07,20160910_flight07_airborne.tab,35.0,33.90484651007637,192.99477958974848,90.0,downstream wake,8.314379049146476,0.8864417217943663,188.3335639642,10.138099379067574,-0.2594775629409831
20160910_flight07,4,-6.4,7.397691126290689,54.83422608,7.89718319,90.43700000000001,2016-09-10 09:03:34,2016-09-10 09:03:36,3,1.102,7.389666666666667,7.370212479976408,7.915529402353275,0.06232025731143755,8.314379049146476,False,0.9345794513872144,9.358407058025797,7.314350415450439,Flight 07,20160910_flight07_airborne.tab,35.0,33.90484651007637,192.99477958974848,90.0,downstream wake,8.314379049146476,0.8897466765182073,188.3335639642,10.138099379067574,-0.2594775629409831
20160910_flight07,4,-6.2,7.456192929370861,54.83456033,7.89417008,90.775,2016-09-10 09:03:37,2016-09-10 09:03:39,3,1.099,7.380333333333333,7.370212479976408,7.927993453815563,0.06232025731143755,8.314379049146476,False,0.9404892893525745,9.358407058025797,7.314350415450439,Flight 07,20160910_flight07_airborne.tab,35.0,33.90484651007637,192.99477958974848,90.0,downstream wake,8.314379049146476,0.8967828968702464,188.3335639642,10.138099379067574,-0.2594775629409831
20160910_flight07,4,-6.0,7.226582664025922,54.8349023,7.89115548,90.432,2016-09-10 09:03:40,2016-09-10 09:03:42,3,1.0196666666666667,7.216333333333334,7.339389143518689,7.94045750527785,0.06232025731143755,8.314379049146476,False,0.9100965100842828,9.358407058025797,7.314350415450439,Flight 07,20160910_flight07_airborne.tab,35.0,33.90484651007637,192.99477958974848,90.0,downstream wake,8.314379049146476,0.8691668519452185,188.3335639642,10.138099379067574,-0.2594775629409831
20160910_flight07,4,-5.800000000000001,7.339389143518689,54.83524956,7.888136960000001,90.2,2016-09-10 09:03:43,2016-09-10 09:03:45,3,1.07,7.249,7.226582664025922,7.9529215567401375,0.06232025731143755,8.314379049146476,False,0.9228544618673528,9.358407058025797,7.314350415450439,Flight 07,20160910_flight07_airborne.tab,35.0,33.90484651007637,192.99477958974848,90.0,downstream wake,8.314379049146476,0.882734489266775,188.3335639642,10.138099379067574,-0.2594775629409831
20160910_flight07,4,-5.6000000000000005,7.1348791160047,54.83560133,7.88511707,90.3,2016-09-10 09:03:46,2016-09-10 09:03:48,3,0.9066666666666667,7.085666666666666,7.226582664025922,7.965385608202425,0.06232025731143755,8.314379049146476,False,0.8957355571910413,9.358407058025797,7.314350415450439,Flight 07,20160910_flight07_airborne.tab,35.0,33.90484651007637,192.99477958974848,90.0,downstream wake,8.314379049146476,0.8581373394008469,188.3335639642,10.138099379067574,-0.2594775629409831
20160910_flight07,4,-5.4,7.204941706912,54.835942949999996,7.882094019999999,90.149,2016-09-10 09:03:49,2016-09-10 09:03:51,3,0.8300000000000001,7.1546666666666665,7.315341277069716,7.977849659664713,0.06232025731143755,8.314379049146476,False,0.9031182604680474,9.358407058025797,7.314350415450439,Flight 07,20160910_flight07_airborne.tab,35.0,33.90484651007637,192.99477958974848,90.0,downstream wake,8.314379049146476,0.8665640169065462,188.3335639642,10.138099379067574,-0.2594775629409831
20160910_flight07,4,-5.2,7.4205879147140354,54.8362734,7.879068630000001,90.344,2016-09-10 09:03:52,2016-09-10 09:03:54,3,0.8846666666666666,7.367333333333334,7.315341277069716,7.990313711127,0.06232025731143755,8.314379049146476,False,0.9286979439093127,9.358407058025797,7.314350415450439,Flight 07,20160910_flight07_airborne.tab,35.0,33.90484651007637,192.99477958974848,90.0,downstream wake,8.314379049146476,0.892500554864143,188.3335639642,10.138099379067574,-0.2594775629409831
20160910_flight07,4,-5.0,7.315341277069716,54.83659814,7.8760419100000005,90.5,2016-09-10 09:03:55,2016-09-10 09:03:57,3,0.9826666666666667,7.247333333333333,7.351116921937781,8.002777762589288,0.06232025731143755,8.314379049146476,False,0.9141002654436885,9.358407058025797,7.314350415450439,Flight 07,20160910_flight07_airborne.tab,35.0,33.90484651007637,192.99477958974848,90.0,downstream wake,8.314379049146476,0.8798421666643502,188.3335639642,10.138099379067574,-0.2594775629409831
20160910_flight07,4,-4.800000000000001,7.351116921937781,54.8369237,7.87301414,90.388,2016-09-10 09:03:58,2016-09-10 09:04:00,3,1.0856666666666668,7.281666666666666,7.392545772600938,8.015241814051576,0.06232025731143755,8.314379049146476,False,0.9171422512856053,9.358407058025797,7.314350415450439,Flight 07,20160910_flight07_airborne.tab,35.0,33.90484651007637,192.99477958974848,90.0,downstream wake,8.314379049146476,0.8841450309740714,188.3335639642,10.138099379067574,-0.2594775629409831
20160910_flight07,4,-4.6000000000000005,7.460021581738219,54.83725259,7.869985830000001,90.27799999999999,2016-09-10 09:04:01,2016-09-10 09:04:03,3,0.8673333333333334,7.383666666666667,7.392545772600938,8.027705865513862,0.06232025731143755,8.314379049146476,False,0.9292843692474643,9.358407058025797,7.314350415450439,Flight 07,20160910_flight07_airborne.tab,35.0,33.90484651007637,192.99477958974848,90.0,downstream wake,8.314379049146476,0.8972433825354688,188.3335639642,10.138099379067574,-0.2594775629409831
20160910_flight07,4,-4.4,7.392545772600938,54.83758551,7.86695638,90.2,2016-09-10 09:04:04,2016-09-10 09:04:06,3,0.9126666666666666,7.316333333333334,7.428742154631563,8.04016991697615,0.06232025731143755,8.314379049146476,False,0.9194514355961796,9.358407058025797,7.314350415450439,Flight 07,20160910_flight07_airborne.tab,35.0,33.90484651007637,192.99477958974848,90.0,downstream wake,8.314379049146476,0.8891278264923259,188.3335639642,10.138099379067574,-0.2594775629409831
20160910_flight07,4,-4.2,7.4458002256305535,54.83791974,7.86392605,90.2,2016-09-10 09:04:07,2016-09-10 09:04:09,3,1.2489999999999999,7.300999999999999,7.428742154631563,8.052633968438437,0.06232025731143755,8.314379049146476,False,0.9246415837120732,9.358407058025797,7.314350415450439,Flight 07,20160910_flight07_airborne.tab,35.0,33.90484651007637,192.99477958974848,90.0,downstream wake,8.314379049146476,0.8955329293526632,188.3335639642,10.138099379067574,-0.2594775629409831
20160910_flight07,4,-4.0,7.428742154631563,54.838256279999996,7.86089883,90.546,2016-09-10 09:04:10,2016-09-10 09:04:12,3,1.1133333333333335,7.330666666666667,7.420133826286424,8.065098019900725,0.06232025731143755,8.314379049146476,False,0.921097565869758,9.358407058025797,7.314350415450439,Flight 07,20160910_flight07_airborne.tab,35.0,33.90484651007637,192.99477958974848,90.0,downstream wake,8.314379049146476,0.8934812943600606,188.3335639642,10.138099379067574,-0.2594775629409831
20160910_flight07,4,-3.8000000000000003,7.3757897204299425,54.838590690000004,7.85787294,90.764,2016-09-10 09:04:13,2016-09-10 09:04:15,3,0.959,7.3003333333333345,7.420133826286424,8.077562071363014,0.06232025731143755,8.314379049146476,False,0.9131207727364881,9.358407058025797,7.314350415450439,Flight 07,20160910_flight07_airborne.tab,35.0,33.90484651007637,192.99477958974848,90.0,downstream wake,8.314379049146476,0.8871125163805365,188.3335639642,10.138099379067574,-0.2594775629409831
20160910_flight07,4,-3.6,7.420133826286424,54.83892224,7.854848469999999,90.36,2016-09-10 09:04:16,2016-09-10 09:04:18,3,0.9963333333333334,7.386333333333333,7.3757897204299425,8.0900261228253,0.06232025731143755,8.314379049146476,False,0.9171952863478606,9.358407058025797,7.314350415450439,Flight 07,20160910_flight07_airborne.tab,35.0,33.90484651007637,192.99477958974848,90.0,downstream wake,8.314379049146476,0.8924459400306206,188.3335639642,10.138099379067574,-0.2594775629409831
20160910_flight07,4,-3.4000000000000004,7.312342032481796,54.83925344,7.85181907,89.853,2016-09-10 09:04:19,2016-09-10 09:04:21,3,0.8086666666666668,7.325,7.3757897204299425,8.102490174287588,0.06232025731143755,8.314379049146476,False,0.9024808269051352,9.358407058025797,7.314350415450439,Flight 07,20160910_flight07_airborne.tab,35.0,33.90484651007637,192.99477958974848,90.0,downstream wake,8.314379049146476,0.8794814368287015,188.3335639642,10.138099379067574,-0.2594775629409831
20160910_flight07,4,-3.2,7.2122829950023455,54.83958518,7.84878647,89.7,2016-09-10 09:04:22,2016-09-10 09:04:24,3,0.5066666666666667,7.220666666666666,7.312342032481796,8.114954225749875,0.06232025731143755,8.314379049146476,False,0.888764470428776,9.358407058025797,7.314350415450439,Flight 07,20160910_flight07_airborne.tab,35.0,33.90484651007637,192.99477958974848,90.0,downstream wake,8.314379049146476,0.8674469797889155,188.3335639642,10.138099379067574,-0.2594775629409831
20160910_flight07,4,-3.0,7.3877545303021535,54.83991722,7.84575024,89.8,2016-09-10 09:04:25,2016-09-10 09:04:27,3,0.208,7.3823333333333325,7.24148230682089,8.127418277212163,0.06232025731143755,8.314379049146476,False,0.9089915491388089,9.358407058025797,7.314350415450439,Flight 07,20160910_flight07_airborne.tab,35.0,33.90484651007637,192.99477958974848,90.0,downstream wake,8.314379049146476,0.88855156670546,188.3335639642,10.138099379067574,-0.2594775629409831
20160910_flight07,4,-2.8000000000000003,7.24148230682089,54.84025001,7.84271058,89.889,2016-09-10 09:04:28,2016-09-10 09:04:30,3,0.46399999999999997,7.2746666666666675,7.226419929674721,8.13988232867445,0.06232025731143755,8.314379049146476,False,0.889629851442845,9.358407058025797,7.314350415450439,Flight 07,20160910_flight07_airborne.tab,35.0,33.90484651007637,192.99477958974848,90.0,downstream wake,8.314379049146476,0.8709588850852638,188.3335639642,10.138099379067574,-0.2594775629409831
20160910_flight07,4,-2.6,7.16232504149316,54.840580700000004,7.83966902,90.13600000000001,2016-09-10 09:04:31,2016-09-10 09:04:33,3,0.3036666666666667,7.147333333333333,7.226419929674721,8.152346380136738,0.06232025731143755,8.314379049146476,False,0.8785599516409444,9.358407058025797,7.314350415450439,Flight 07,20160910_flight07_airborne.tab,35.0,33.90484651007637,192.99477958974848,90.0,downstream wake,8.314379049146476,0.861438358674352,188.3335639642,10.138099379067574,-0.2594775629409831
20160910_flight07,4,-2.4000000000000004,7.226419929674721,54.840913220000004,7.83662701,90.53,2016-09-10 09:04:34,2016-09-10 09:04:36,3,0.26133333333333336,7.204666666666667,7.226419929674721,8.164810431599026,0.06232025731143755,8.314379049146476,False,0.8850689174248805,9.358407058025797,7.314350415450439,Flight 07,20160910_flight07_airborne.tab,35.0,33.90484651007637,192.99477958974848,90.0,downstream wake,8.314379049146476,0.8691472793048278,188.3335639642,10.138099379067574,-0.2594775629409831
20160910_flight07,4,-2.2,7.2237400977609925,54.84124778,7.8335826,90.4,2016-09-10 09:04:37,2016-09-10 09:04:39,3,0.44166666666666665,7.2139999999999995,7.226419929674721,8.177274483061312,0.06232025731143755,8.314379049146476,False,0.8833921513487771,9.358407058025797,7.314350415450439,Flight 07,20160910_flight07_airborne.tab,35.0,33.90484651007637,192.99477958974848,90.0,downstream wake,8.314379049146476,0.8688249663698644,188.3335639642,10.138099379067574,-0.2594775629409831
20160910_flight07,4,-2.0,7.328583833183599,54.841584080000004,7.83053544,90.3,2016-09-10 09:04:40,2016-09-10 09:04:42,3,0.4586666666666666,7.2700000000000005,7.328583833183599,8.1897385345236,0.06232025731143755,8.314379049146476,False,0.8948495488946527,9.358407058025797,7.314350415450439,Flight 07,20160910_flight07_airborne.tab,35.0,33.90484651007637,192.99477958974848,90.0,downstream wake,8.314379049146476,0.8814348960835415,188.3335639642,10.138099379067574,-0.2594775629409831
20160910_flight07,4,-1.8,7.386352076634311,54.84191649,7.82748568,90.135,2016-09-10 09:04:43,2016-09-10 09:04:45,3,0.633,7.364333333333334,7.328583833183599,8.202202585985887,0.06232025731143755,8.314379049146476,False,0.9005327531478531,9.358407058025797,7.314350415450439,Flight 07,20160910_flight07_airborne.tab,35.0,33.90484651007637,192.99477958974848,90.0,downstream wake,8.314379049146476,0.8883828886045997,188.3335639642,10.138099379067574,-0.2594775629409831
20160910_flight07,4,-1.6,7.419073392277503,54.84224439,7.82443387,89.927,2016-09-10 09:04:46,2016-09-10 09:04:48,3,0.6886666666666666,7.402666666666668,7.328583833183599,8.214666637448175,0.06232025731143755,8.314379049146476,False,0.9031496614185408,9.358407058025797,7.314350415450439,Flight 07,20160910_flight07_airborne.tab,35.0,33.90484651007637,192.99477958974848,90.0,downstream wake,8.314379049146476,0.8923183978530685,188.3335639642,10.138099379067574,-0.2594775629409831
20160910_flight07,4,-1.4000000000000001,7.30259049926805,54.842570020000004,7.82138133,89.8,2016-09-10 09:04:49,2016-09-10 09:04:51,3,0.616,7.281666666666666,7.30259049926805,8.227130688910464,0.06232025731143755,8.314379049146476,False,0.8876230092116293,9.358407058025797,7.314350415450439,Flight 07,20160910_flight07_airborne.tab,35.0,33.90484651007637,192.99477958974848,90.0,downstream wake,8.314379049146476,0.8783085851754266,188.3335639642,10.138099379067574,-0.2594775629409831
20160910_flight07,4,-1.2000000000000002,7.1587128731357845,54.84289714,7.81833131,90.12200000000001,2016-09-10 09:04:52,2016-09-10 09:04:54,3,0.7326666666666667,7.123333333333332,7.1587128731357845,8.23959474037275,0.06232025731143755,8.314379049146476,False,0.8688185643474903,9.358407058025797,7.314350415450439,Flight 07,20160910_flight07_airborne.tab,35.0,33.90484651007637,192.99477958974848,90.0,downstream wake,8.314379049146476,0.8610039103125413,188.3335639642,10.138099379067574,-0.2594775629409831
20160910_flight07,4,-1.0,7.030480068956884,54.84322755,7.81528483,90.53,2016-09-10 09:04:55,2016-09-10 09:04:57,3,0.5676666666666667,6.913666666666667,7.1587128731357845,8.252058791835038,0.06232025731143755,8.314379049146476,False,0.8519667935368032,9.358407058025797,7.314350415450439,Flight 07,20160910_flight07_airborne.tab,35.0,33.90484651007637,192.99477958974848,90.0,downstream wake,8.314379049146476,0.8455808939428384,188.3335639642,10.138099379067574,-0.2594775629409831
20160910_flight07,4,-0.8,6.9054193210839845,54.84355396,7.8122377,90.7,2016-09-10 09:04:58,2016-09-10 09:05:00,3,0.211,6.8950000000000005,7.1587128731357845,8.264522843297325,0.06232025731143755,8.314379049146476,False,0.8355496683858044,9.358407058025797,7.314350415450439,Flight 07,20160910_flight07_airborne.tab,35.0,33.90484651007637,192.99477958974848,90.0,downstream wake,8.314379049146476,0.8305393920900046,188.3335639642,10.138099379067574,-0.2594775629409831
20160910_flight07,4,-0.6000000000000001,7.229951936216451,54.84387356,7.80918368,90.2,2016-09-10 09:05:01,2016-09-10 09:05:03,3,0.3463333333333333,7.018666666666667,7.030480068956884,8.276986894759613,0.06232025731143755,8.314379049146476,False,0.873500469209868,9.358407058025797,7.314350415450439,Flight 07,20160910_flight07_airborne.tab,35.0,33.90484651007637,192.99477958974848,90.0,downstream wake,8.314379049146476,0.8695720863193808,188.3335639642,10.138099379067574,-0.2594775629409831
20160910_flight07,4,-0.4,7.212998267017675,54.844193759999996,7.806122749999999,89.45,2016-09-10 09:05:04,2016-09-10 09:05:06,3,0.324,7.195,7.0158278912755545,8.289450946221901,0.06232025731143755,8.314379049146476,False,0.8701418602766637,9.358407058025797,7.314350415450439,Flight 07,20160910_flight07_airborne.tab,35.0,33.90484651007637,192.99477958974848,90.0,downstream wake,8.314379049146476,0.8675330081033695,188.3335639642,10.138099379067574,-0.2594775629409831
20160910_flight07,4,-0.2,7.0158278912755545,54.84451852,7.80305918,89.45,2016-09-10 09:05:07,2016-09-10 09:05:09,3,0.5736666666666667,6.991333333333333,7.212998267017675,8.301914997684188,0.06232025731143755,8.314379049146476,False,0.8450854884966437,9.358407058025797,7.314350415450439,Flight 07,20160910_flight07_airborne.tab,35.0,33.90484651007637,192.99477958974848,90.0,downstream wake,8.314379049146476,0.8438186243139557,188.3335639642,10.138099379067574,-0.2594775629409831
20160910_flight07,4,-0.0,6.885002977486647,54.84484369,7.8000009,90.271,2016-09-10 09:05:10,2016-09-10 09:05:12,3,0.417,6.923666666666667,7.212998267017675,8.314379049146476,0.06232025731143755,8.314379049146476,False,0.8280838456833931,9.358407058025797,7.314350415450439,Flight 07,20160910_flight07_airborne.tab,35.0,33.90484651007637,192.99477958974848,90.0,downstream wake,8.314379049146476,0.8280838456833931,188.3335639642,10.138099379067574,-0.2594775629409831
20160910_flight07,4,0.2,7.315160422027667,54.84516739,7.79694691,90.779,2016-09-10 09:05:13,2016-09-10 09:05:15,3,0.68,7.256,7.298301446227061,8.326843100608762,0.06232025731143755,8.314379049146476,False,0.8785034536669566,9.358407058025797,7.314350415450439,Flight 07,20160910_flight07_airborne.tab,35.0,33.90484651007637,192.99477958974848,90.0,downstream wake,8.314379049146476,0.8798204145838906,188.3335639642,10.138099379067574,-0.2594775629409831
20160910_flight07,4,0.4,7.3040934413519105,54.84549422,7.79389639,91.40899999999999,2016-09-10 09:05:16,2016-09-10 09:05:18,3,0.6806666666666666,7.264333333333333,7.298301446227061,8.33930715207105,0.06232025731143755,8.314379049146476,False,0.8758633431001462,9.358407058025797,7.314350415450439,Flight 07,20160910_flight07_airborne.tab,35.0,33.90484651007637,192.99477958974848,90.0,downstream wake,8.314379049146476,0.8784893493762138,188.3335639642,10.138099379067574,-0.2594775629409831
20160910_flight07,4,0.6000000000000001,7.298301446227061,54.845824279999995,7.7908479,91.65899999999999,2016-09-10 09:05:19,2016-09-10 09:05:21,3,0.4483333333333333,7.244,7.3040934413519105,8.351771203533339,0.06232025731143755,8.314379049146476,False,0.8738627134732101,9.358407058025797,7.314350415450439,Flight 07,20160910_flight07_airborne.tab,35.0,33.90484651007637,192.99477958974848,90.0,downstream wake,8.314379049146476,0.8777927254803566,188.3335639642,10.138099379067574,-0.2594775629409831
20160910_flight07,4,0.8,7.186462968665462,54.84615776,7.787796889999999,91.177,2016-09-10 09:05:22,2016-09-10 09:05:24,3,0.6920000000000001,7.153,7.3040934413519105,8.364235254995625,0.06232025731143755,8.314379049146476,False,0.85918948350637,9.358407058025797,7.314350415450439,Flight 07,20160910_flight07_airborne.tab,35.0,33.90484651007637,192.99477958974848,90.0,downstream wake,8.314379049146476,0.8643415132009405,188.3335639642,10.138099379067574,-0.2594775629409831
20160910_flight07,4,1.0,7.391049316572039,54.84649442,7.78474145,90.756,2016-09-10 09:05:25,2016-09-10 09:05:27,3,0.7173333333333334,7.345,7.391049316572039,8.376699306457914,0.06232025731143755,8.314379049146476,False,0.8823343236009439,9.358407058025797,7.314350415450439,Flight 07,20160910_flight07_airborne.tab,35.0,33.90484651007637,192.99477958974848,90.0,downstream wake,8.314379049146476,0.8889478423924847,188.3335639642,10.138099379067574,-0.2594775629409831
20160910_flight07,4,1.2000000000000002,7.613525464592603,54.84682971,7.78168505,90.801,2016-09-10 09:05:28,2016-09-10 09:05:30,3,0.7606666666666667,7.467333333333333,7.613525464592603,8.3891633579202,0.06232025731143755,8.314379049146476,False,0.9075428788026498,9.358407058025797,7.314350415450439,Flight 07,20160910_flight07_airborne.tab,35.0,33.90484651007637,192.99477958974848,90.0,downstream wake,8.314379049146476,0.9157058416015059,188.3335639642,10.138099379067574,-0.2594775629409831
20160910_flight07,4,1.4000000000000001,7.813581125194772,54.84716507,7.77863069,91.256,2016-09-10 09:05:31,2016-09-10 09:05:33,3,1.0116666666666667,7.716666666666666,7.613525464592603,8.401627409382488,0.06232025731143755,8.314379049146476,False,0.9300080501628747,9.358407058025797,7.314350415450439,Flight 07,20160910_flight07_airborne.tab,35.0,33.90484651007637,192.99477958974848,90.0,downstream wake,8.314379049146476,0.9397672488839544,188.3335639642,10.138099379067574,-0.2594775629409831
20160910_flight07,4,1.6,7.752027347732979,54.8475039,7.77558016,91.5,2016-09-10 09:05:34,2016-09-10 09:05:36,3,1.2376666666666667,7.66,7.613525464592603,8.414091460844775,0.06232025731143755,8.314379049146476,False,0.9213148423459941,9.358407058025797,7.314350415450439,Flight 07,20160910_flight07_airborne.tab,35.0,33.90484651007637,192.99477958974848,90.0,downstream wake,8.314379049146476,0.9323639566960535,188.3335639642,10.138099379067574,-0.2594775629409831
20160910_flight07,4,1.8,7.504813988367732,54.8478467,7.77253012,91.016,2016-09-10 09:05:37,2016-09-10 09:05:39,3,1.039,7.427666666666667,7.614358081939671,8.426555512307063,0.06232025731143755,8.314379049146476,False,0.8906146737426557,9.358407058025797,7.314350415450439,Flight 07,20160910_flight07_airborne.tab,35.0,33.90484651007637,192.99477958974848,90.0,downstream wake,8.314379049146476,0.9026307249172323,188.3335639642,10.138099379067574,-0.2594775629409831
20160910_flight07,4,2.0,7.5911802771374095,54.84819253,7.769476620000001,90.26299999999999,2016-09-10 09:05:40,2016-09-10 09:05:42,3,1.2489999999999999,7.509333333333333,7.614358081939671,8.439019563769351,0.06232025731143755,8.314379049146476,False,0.8995334374775109,9.358407058025797,7.314350415450439,Flight 07,20160910_flight07_airborne.tab,35.0,33.90484651007637,192.99477958974848,90.0,downstream wake,8.314379049146476,0.9130183062698702,188.3335639642,10.138099379067574,-0.2594775629409831
20160910_flight07,4,2.2,7.614358081939671,54.84852457,7.7664203,90.1,2016-09-10 09:05:43,2016-09-10 09:05:45,3,0.9323333333333333,7.544999999999999,7.5911802771374095,8.451483615231638,0.06232025731143755,8.314379049146476,False,0.9009492804573079,9.358407058025797,7.314350415450439,Flight 07,20160910_flight07_airborne.tab,35.0,33.90484651007637,192.99477958974848,90.0,downstream wake,8.314379049146476,0.9158059834572172,188.3335639642,10.138099379067574,-0.2594775629409831
20160910_flight07,4,2.4000000000000004,7.650362213647142,54.84882942,7.76336089,89.87,2016-09-10 09:05:46,2016-09-10 09:05:48,3,1.059,7.524333333333334,7.5911802771374095,8.463947666693926,0.06232025731143755,8.314379049146476,False,0.9038763606433574,9.358407058025797,7.314350415450439,Flight 07,20160910_flight07_airborne.tab,35.0,33.90484651007637,192.99477958974848,90.0,downstream wake,8.314379049146476,0.9201363286934219,188.3335639642,10.138099379067574,-0.2594775629409831
20160910_flight07,4,2.6,7.332782418700284,54.84911226,7.76029961,89.63699999999999,2016-09-10 09:05:49,2016-09-10 09:05:51,3,1.055,7.342333333333333,7.545192973012685,8.476411718156212,0.06232025731143755,8.314379049146476,False,0.8650809637990673,9.358407058025797,7.314350415450439,Flight 07,20160910_flight07_airborne.tab,35.0,33.90484651007637,192.99477958974848,90.0,downstream wake,8.314379049146476,0.8819398749270447,188.3335639642,10.138099379067574,-0.2594775629409831
20160910_flight07,4,2.8000000000000003,7.514276345730173,54.84938467,7.7572383,89.6,2016-09-10 09:05:52,2016-09-10 09:05:54,3,0.977,7.411333333333334,7.545192973012685,8.4888757696185,0.06232025731143755,8.314379049146476,False,0.8851909899098303,9.358407058025797,7.314350415450439,Flight 07,20160910_flight07_airborne.tab,35.0,33.90484651007637,192.99477958974848,90.0,downstream wake,8.314379049146476,0.903768796360272,188.3335639642,10.138099379067574,-0.2594775629409831
20160910_flight07,4,3.0,7.545192973012685,54.84965415,7.75417818,89.66,2016-09-10 09:05:55,2016-09-10 09:05:57,3,1.1653333333333333,7.522666666666666,7.545192973012685,8.501339821080789,0.06232025731143755,8.314379049146476,False,0.8875298637401666,9.358407058025797,7.314350415450439,Flight 07,20160910_flight07_airborne.tab,35.0,33.90484651007637,192.99477958974848,90.0,downstream wake,8.314379049146476,0.9074872493078419,188.3335639642,10.138099379067574,-0.2594775629409831
20160910_flight07,4,3.2,7.9042351306119425,54.84992106,7.75112091,90.023,2016-09-10 09:05:58,2016-09-10 09:06:00,3,1.4226666666666665,7.8549999999999995,7.9042351306119425,8.513803872543075,0.06232025731143755,8.314379049146476,False,0.9284023039458326,9.358407058025797,7.314350415450439,Flight 07,20160910_flight07_airborne.tab,35.0,33.90484651007637,192.99477958974848,90.0,downstream wake,8.314379049146476,0.9506705291988538,188.3335639642,10.138099379067574,-0.2594775629409831
20160910_flight07,4,3.4000000000000004,8.0272626093831,54.85018796,7.74806644,90.0,2016-09-10 09:06:01,2016-09-10 09:06:03,3,1.4586666666666666,8.055333333333333,7.9042351306119425,8.526267924005364,0.06232025731143755,8.314379049146476,False,0.9414743567678264,9.358407058025797,7.314350415450439,Flight 07,20160910_flight07_airborne.tab,35.0,33.90484651007637,192.99477958974848,90.0,downstream wake,8.314379049146476,0.9654674825304183,188.3335639642,10.138099379067574,-0.2594775629409831
20160910_flight07,4,3.6,8.091321400117534,54.85045841,7.74501114,89.8,2016-09-10 09:06:04,2016-09-10 09:06:06,3,1.547,7.9366666666666665,7.9042351306119425,8.53873197546765,0.06232025731143755,8.314379049146476,False,0.9476022228317323,9.358407058025797,7.314350415450439,Flight 07,20160910_flight07_airborne.tab,35.0,33.90484651007637,192.99477958974848,90.0,downstream wake,8.314379049146476,0.9731720615922798,188.3335639642,10.138099379067574,-0.2594775629409831
20160910_flight07,4,3.8000000000000003,7.836212414170509,54.8507402,7.74195774,89.7,2016-09-10 09:06:07,2016-09-10 09:06:09,3,1.5906666666666667,7.664333333333334,7.836212414170509,8.551196026929938,0.06232025731143755,8.314379049146476,False,0.9163878818228749,9.358407058025797,7.314350415450439,Flight 07,20160910_flight07_airborne.tab,35.0,33.90484651007637,192.99477958974848,90.0,downstream wake,8.314379049146476,0.942489194665108,188.3335639642,10.138099379067574,-0.2594775629409831
20160910_flight07,4,4.0,7.4340605996991975,54.85102791,7.73890767,89.573,2016-09-10 09:06:10,2016-09-10 09:06:12,3,1.4589999999999999,7.406666666666666,7.836212414170509,8.563660078392227,0.06232025731143755,8.314379049146476,False,0.8680938444131818,9.358407058025797,7.314350415450439,Flight 07,20160910_flight07_airborne.tab,35.0,33.90484651007637,192.99477958974848,90.0,downstream wake,8.314379049146476,0.8941209627028432,188.3335639642,10.138099379067574,-0.2594775629409831
20160910_flight07,4,4.2,7.49379596733191,54.85131485,7.735857660000001,89.15100000000001,2016-09-10 09:06:13,2016-09-10 09:06:15,3,1.1050000000000002,7.416666666666667,7.6496045649432105,8.576124129854513,0.06232025731143755,8.314379049146476,False,0.873797516671326,9.358407058025797,7.314350415450439,Flight 07,20160910_flight07_airborne.tab,35.0,33.90484651007637,192.99477958974848,90.0,downstream wake,8.314379049146476,0.9013055482599385,188.3335639642,10.138099379067574,-0.2594775629409831
20160910_flight07,4,4.4,7.970445533343792,54.851594809999995,7.73280467,89.26,2016-09-10 09:06:16,2016-09-10 09:06:18,3,1.6609999999999998,7.722666666666666,7.6496045649432105,8.588588181316801,0.06232025731143755,8.314379049146476,False,0.9280274435188677,9.358407058025797,7.314350415450439,Flight 07,20160910_flight07_airborne.tab,35.0,33.90484651007637,192.99477958974848,90.0,downstream wake,8.314379049146476,0.9586338903038115,188.3335639642,10.138099379067574,-0.2594775629409831
20160910_flight07,4,4.6000000000000005,7.6496045649432105,54.851874859999995,7.729752059999999,89.586,2016-09-10 09:06:19,2016-09-10 09:06:21,3,1.4816666666666667,7.605333333333334,7.6496045649432105,8.601052232779088,0.06232025731143755,8.314379049146476,False,0.8893800848912582,9.358407058025797,7.314350415450439,Flight 07,20160910_flight07_airborne.tab,35.0,33.90484651007637,192.99477958974848,90.0,downstream wake,8.314379049146476,0.9200452035836026,188.3335639642,10.138099379067574,-0.2594775629409831
20160910_flight07,4,4.800000000000001,7.664047559873307,54.852149419999996,7.72670003,89.495,2016-09-10 09:06:22,2016-09-10 09:06:24,3,1.953,7.4206666666666665,7.664047559873307,8.613516284241376,0.06232025731143755,8.314379049146476,False,0.8897699042950503,9.358407058025797,7.314350415450439,Flight 07,20160910_flight07_airborne.tab,35.0,33.90484651007637,192.99477958974848,90.0,downstream wake,8.314379049146476,0.9217823140574846,188.3335639642,10.138099379067574,-0.2594775629409831
20160910_flight07,4,5.0,7.546166443963452,54.85242462,7.7236490700000004,88.88600000000001,2016-09-10 09:06:25,2016-09-10 09:06:27,3,1.9756666666666665,7.561333333333334,7.664047559873307,8.625980335703662,0.06232025731143755,8.314379049146476,False,0.8748184148680737,9.358407058025797,7.314350415450439,Flight 07,20160910_flight07_airborne.tab,35.0,33.90484651007637,192.99477958974848,90.0,downstream wake,8.314379049146476,0.9076043321284606,188.3335639642,10.138099379067574,-0.2594775629409831
20160910_flight07,4,5.2,8.150409682954594,54.85269726000001,7.72059986,88.81,2016-09-10 09:06:28,2016-09-10 09:06:30,3,1.716,8.071666666666667,8.150409682954594,8.63844438716595,0.06232025731143755,8.314379049146476,False,0.9435043299073124,9.358407058025797,7.314350415450439,Flight 07,20160910_flight07_airborne.tab,35.0,33.90484651007637,192.99477958974848,90.0,downstream wake,8.314379049146476,0.980278819954845,188.3335639642,10.138099379067574,-0.2594775629409831
20160910_flight07,4,5.4,8.819524363592405,54.8529701,7.71755537,89.098,2016-09-10 09:06:31,2016-09-10 09:06:33,3,1.6206666666666667,8.668333333333335,8.819524363592405,8.650908438628239,0.06232025731143755,8.314379049146476,False,1.019491123523081,9.358407058025797,7.314350415450439,Flight 07,20160910_flight07_airborne.tab,35.0,33.90484651007637,192.99477958974848,90.0,downstream wake,8.314379049146476,1.0607556272645262,188.3335639642,10.138099379067574,-0.2594775629409831
20160910_flight07,4,5.6000000000000005,8.927003584630176,54.8532605,7.71451494,88.85600000000001,2016-09-10 09:06:34,2016-09-10 09:06:36,3,1.8583333333333332,8.659333333333333,8.819524363592405,8.663372490090525,0.06232025731143755,8.314379049146476,False,1.0304305390125152,9.358407058025797,7.314350415450439,Flight 07,20160910_flight07_airborne.tab,35.0,33.90484651007637,192.99477958974848,90.0,downstream wake,8.314379049146476,1.0736825362257918,188.3335639642,10.138099379067574,-0.2594775629409831
20160910_flight07,4,5.800000000000001,8.963819275286623,54.8535642,7.71147607,88.62299999999999,2016-09-10 09:06:37,2016-09-10 09:06:39,3,1.9623333333333335,8.748666666666667,8.819524363592405,8.675836541552814,0.06232025731143755,8.314379049146476,False,1.0331936560070627,9.358407058025797,7.314350415450439,Flight 07,20160910_flight07_airborne.tab,35.0,33.90484651007637,192.99477958974848,90.0,downstream wake,8.314379049146476,1.0781104905491188,188.3335639642,10.138099379067574,-0.2594775629409831
20160910_flight07,4,6.0,8.296625458582541,54.85387627,7.70844005,88.781,2016-09-10 09:06:40,2016-09-10 09:06:42,3,2.1103333333333336,8.130999999999998,8.576551113355531,8.6883005930151,0.06232025731143755,8.314379049146476,False,0.9549192468378174,9.358407058025797,7.314350415450439,Flight 07,20160910_flight07_airborne.tab,35.0,33.90484651007637,192.99477958974848,90.0,downstream wake,8.314379049146476,0.9978647123905474,188.3335639642,10.138099379067574,-0.2594775629409831
20160910_flight07,4,6.2,8.375270861291591,54.854188549999996,7.70540881,88.57,2016-09-10 09:06:43,2016-09-10 09:06:45,3,1.9296666666666666,8.039,8.375270861291591,8.700764644477388,0.06232025731143755,8.314379049146476,False,0.9625902094257432,9.358407058025797,7.314350415450439,Flight 07,20160910_flight07_airborne.tab,35.0,33.90484651007637,192.99477958974848,90.0,downstream wake,8.314379049146476,1.0073236752600745,188.3335639642,10.138099379067574,-0.2594775629409831
20160910_flight07,4,6.4,8.576551113355531,54.85449611,7.70238006,88.56199999999998,2016-09-10 09:06:46,2016-09-10 09:06:48,3,2.1216666666666666,8.22,8.371690988085978,8.713228695939677,0.06232025731143755,8.314379049146476,False,0.9843137845506298,9.358407058025797,7.314350415450439,Flight 07,20160910_flight07_airborne.tab,35.0,33.90484651007637,192.99477958974848,90.0,downstream wake,8.314379049146476,1.0315323685219726,188.3335639642,10.138099379067574,-0.2594775629409831
20160910_flight07,4,6.6000000000000005,8.19731187646292,54.8548,7.69935336,88.2,2016-09-10 09:06:49,2016-09-10 09:06:51,3,1.7089999999999999,7.964666666666667,8.375270861291591,8.725692747401963,0.06232025731143755,8.314379049146476,False,0.9394453957714284,9.358407058025797,7.314350415450439,Flight 07,20160910_flight07_airborne.tab,35.0,33.90484651007637,192.99477958974848,90.0,downstream wake,8.314379049146476,0.9859199139236291,188.3335639642,10.138099379067574,-0.2594775629409831
20160910_flight07,4,6.800000000000001,8.371690988085978,54.855094890000004,7.6963252,88.212,2016-09-10 09:06:52,2016-09-10 09:06:54,3,1.9663333333333333,8.159333333333333,8.416985208493596,8.738156798864251,0.06232025731143755,8.314379049146476,False,0.95806142883292,9.358407058025797,7.314350415450439,Flight 07,20160910_flight07_airborne.tab,35.0,33.90484651007637,192.99477958974848,90.0,downstream wake,8.314379049146476,1.0068931111512633,188.3335639642,10.138099379067574,-0.2594775629409831
20160910_flight07,4,7.0,8.915971343605811,54.855383620000005,7.69329854,88.25200000000001,2016-09-10 09:06:55,2016-09-10 09:06:57,3,2.331,8.588000000000001,8.416985208493596,8.750620850326538,0.06232025731143755,8.314379049146476,False,1.0188958584890697,9.358407058025797,7.314350415450439,Flight 07,20160910_flight07_airborne.tab,35.0,33.90484651007637,192.99477958974848,90.0,downstream wake,8.314379049146476,1.072355649279797,188.3335639642,10.138099379067574,-0.2594775629409831
20160910_flight07,4,7.2,8.416985208493596,54.85566511,7.69027611,88.493,2016-09-10 09:06:58,2016-09-10 09:07:00,3,2.3303333333333334,8.182,8.416985208493596,8.763084901788826,0.06232025731143755,8.314379049146476,False,0.9605048111282615,9.358407058025797,7.314350415450439,Flight 07,20160910_flight07_airborne.tab,35.0,33.90484651007637,192.99477958974848,90.0,downstream wake,8.314379049146476,1.0123408084645422,188.3335639642,10.138099379067574,-0.2594775629409831
20160910_flight07,4,7.4,8.529551277763678,54.855942569999996,7.68726221,89.67,2016-09-10 09:07:01,2016-09-10 09:07:03,3,2.4306666666666668,8.322333333333333,8.529551277763678,8.775548953251114,0.06232025731143755,8.314379049146476,False,0.9719678305257131,9.358407058025797,7.314350415450439,Flight 07,20160910_flight07_airborne.tab,35.0,33.90484651007637,192.99477958974848,90.0,downstream wake,8.314379049146476,1.0258795307918143,188.3335639642,10.138099379067574,-0.2594775629409831
20160910_flight07,4,7.6000000000000005,8.24716320924959,54.856228810000005,7.68425427,89.555,2016-09-10 09:07:04,2016-09-10 09:07:06,3,1.8976666666666666,8.138333333333334,8.416985208493596,8.7880130047134,0.06232025731143755,8.314379049146476,False,0.9384559632338131,9.358407058025797,7.314350415450439,Flight 07,20160910_flight07_airborne.tab,35.0,33.90484651007637,192.99477958974848,90.0,downstream wake,8.314379049146476,0.9919157113839084,188.3335639642,10.138099379067574,-0.2594775629409831
20160910_flight07,4,7.800000000000001,8.605366930003624,54.85652818,7.68124208,88.10700000000001,2016-09-10 09:07:07,2016-09-10 09:07:09,3,1.9093333333333333,8.405,8.46930575667215,8.800477056175689,0.06232025731143755,8.314379049146476,False,0.9778295966313386,9.358407058025797,7.314350415450439,Flight 07,20160910_flight07_airborne.tab,35.0,33.90484651007637,192.99477958974848,90.0,downstream wake,8.314379049146476,1.0349981494874256,188.3335639642,10.138099379067574,-0.2594775629409831
20160910_flight07,4,8.0,8.278096459935703,54.856843680000004,7.6782209,86.53299999999999,2016-09-10 09:07:10,2016-09-10 09:07:12,3,1.6300000000000001,8.107333333333333,8.278096459935703,8.812941107637975,0.06232025731143755,8.314379049146476,False,0.9393114465228034,9.358407058025797,7.314350415450439,Flight 07,20160910_flight07_airborne.tab,35.0,33.90484651007637,192.99477958974848,90.0,downstream wake,8.314379049146476,0.9956361636874738,188.3335639642,10.138099379067574,-0.2594775629409831
20160910_flight07,4,8.200000000000001,8.46930575667215,54.85716839,7.67519802,86.41,2016-09-10 09:07:13,2016-09-10 09:07:15,3,1.8623333333333332,8.261333333333333,8.46930575667215,8.825405159100264,0.06232025731143755,8.314379049146476,False,0.9596506453801813,9.358407058025797,7.314350415450439,Flight 07,20160910_flight07_airborne.tab,35.0,33.90484651007637,192.99477958974848,90.0,downstream wake,8.314379049146476,1.0186335872600827,188.3335639642,10.138099379067574,-0.2594775629409831
20160910_flight07,4,8.4,8.250238784423152,54.85749025,7.67218076,87.182,2016-09-10 09:07:16,2016-09-10 09:07:18,3,1.3860000000000001,8.129,8.278096459935703,8.837869210562552,0.06232025731143755,8.314379049146476,False,0.9335099431617414,9.358407058025797,7.314350415450439,Flight 07,20160910_flight07_airborne.tab,35.0,33.90484651007637,192.99477958974848,90.0,downstream wake,8.314379049146476,0.9922856217711281,188.3335639642,10.138099379067574,-0.2594775629409831
20160910_flight07,4,8.6,8.673234229513232,54.85780947999999,7.66916696,87.75299999999999,2016-09-10 09:07:19,2016-09-10 09:07:21,3,1.599,8.398666666666665,8.322271925381914,8.850333262024838,0.06232025731143755,8.314379049146476,False,0.9799895634132213,9.358407058025797,7.314350415450439,Flight 07,20160910_flight07_airborne.tab,35.0,33.90484651007637,192.99477958974848,90.0,downstream wake,8.314379049146476,1.0431607914728875,188.3335639642,10.138099379067574,-0.2594775629409831
20160910_flight07,4,8.8,8.15117690888868,54.85812755,7.66615263,87.551,2016-09-10 09:07:22,2016-09-10 09:07:24,3,1.6063333333333334,8.154000000000002,8.322271925381914,8.862797313487127,0.06232025731143755,8.314379049146476,False,0.9197070203201504,9.358407058025797,7.314350415450439,Flight 07,20160910_flight07_airborne.tab,35.0,33.90484651007637,192.99477958974848,90.0,downstream wake,8.314379049146476,0.9803710969522672,188.3335639642,10.138099379067574,-0.2594775629409831
20160910_flight07,4,9.0,8.322271925381914,54.85843919,7.66313563,87.15899999999999,2016-09-10 09:07:25,2016-09-10 09:07:27,3,1.4436666666666664,8.117666666666667,8.673234229513232,8.875261364949413,0.06232025731143755,8.314379049146476,False,0.9376931656625471,9.358407058025797,7.314350415450439,Flight 07,20160910_flight07_airborne.tab,35.0,33.90484651007637,192.99477958974848,90.0,downstream wake,8.314379049146476,1.0009493043543942,188.3335639642,10.138099379067574,-0.2594775629409831
20160910_flight07,4,9.200000000000001,8.746641927048346,54.85874285,7.660118270000001,87.53200000000001,2016-09-10 09:07:28,2016-09-10 09:07:30,3,1.7396666666666667,8.534666666666666,8.71468008592398,8.887725416411701,0.06232025731143755,8.314379049146476,False,0.9841260296922724,9.358407058025797,7.314350415450439,Flight 07,20160910_flight07_airborne.tab,35.0,33.90484651007637,192.99477958974848,90.0,downstream wake,8.314379049146476,1.0519897968743974,188.3335639642,10.138099379067574,-0.2594775629409831
20160910_flight07,4,9.4,8.71468008592398,54.85904821,7.65711164,89.564,2016-09-10 09:07:31,2016-09-10 09:07:33,3,1.8099999999999998,8.553333333333333,8.746641927048346,8.90018946787399,0.06232025731143755,8.314379049146476,False,0.979156692942367,9.358407058025797,7.314350415450439,Flight 07,20160910_flight07_airborne.tab,35.0,33.90484651007637,192.99477958974848,90.0,downstream wake,8.314379049146476,1.048145632333012,188.3335639642,10.138099379067574,-0.2594775629409831
20160910_flight07,4,9.600000000000001,8.944936668305708,54.859360020000004,7.6541239800000005,92.39299999999999,2016-09-10 09:07:34,2016-09-10 09:07:36,3,1.8806666666666667,8.574666666666667,8.944936668305708,8.912653519336276,0.06232025731143755,8.314379049146476,False,1.0036221703109396,9.358407058025797,7.314350415450439,Flight 07,20160910_flight07_airborne.tab,35.0,33.90484651007637,192.99477958974848,90.0,downstream wake,8.314379049146476,1.075839412111475,188.3335639642,10.138099379067574,-0.2594775629409831
20160910_flight07,4,9.8,9.022881564815968,54.85973009,7.650662795,95.97200000000001,2016-09-10 09:07:37,2016-09-10 09:07:40,4,2.0707500000000003,8.725999999999999,9.022881564815968,8.925117570798564,0.06232025731143755,8.314379049146476,False,1.010953804612868,9.358407058025797,7.314350415450439,Flight 07,20160910_flight07_airborne.tab,35.0,33.90484651007637,192.99477958974848,90.0,downstream wake,8.314379049146476,1.0852141226039274,188.3335639642,10.138099379067574,-0.2594775629409831
20160910_flight07,4,10.0,9.168160393448623,54.86010537,7.64721286,97.434,2016-09-10 09:07:41,2016-09-10 09:07:43,3,2.1229999999999998,8.889666666666667,9.168160393448623,8.93758162226085,0.06232025731143755,8.314379049146476,True,1.0257987877406871,9.358407058025797,7.314350415450439,Flight 07,20160910_flight07_airborne.tab,35.0,33.90484651007637,192.99477958974848,90.0,downstream wake,8.314379049146476,1.1026873250853042,188.3335639642,10.138099379067574,-0.2594775629409831
20160910_flight07,4,10.200000000000001,9.457155650617155,54.86043273999999,7.64425062,96.374,2016-09-10 09:07:44,2016-09-10 09:07:46,3,2.3633333333333333,9.016666666666666,9.249251753520388,8.950045673723139,0.06232025731143755,8.314379049146476,True,1.0566600434657965,9.358407058025797,7.314350415450439,Flight 07,20160910_flight07_airborne.tab,35.0,33.90484651007637,192.99477958974848,90.0,downstream wake,8.314379049146476,1.137445814620154,188.3335639642,10.138099379067574,-0.2594775629409831
20160910_flight07,4,10.4,9.249251753520388,54.86076464,7.641281330000001,94.82600000000001,2016-09-10 09:07:47,2016-09-10 09:07:49,3,2.4476666666666667,8.948666666666666,9.249251753520388,8.962509725185425,0.06232025731143755,8.314379049146476,True,1.0319934970367945,9.358407058025797,7.314350415450439,Flight 07,20160910_flight07_airborne.tab,35.0,33.90484651007637,192.99477958974848,90.0,downstream wake,8.314379049146476,1.1124404719640348,188.3335639642,10.138099379067574,-0.2594775629409831
20160910_flight07,4,10.600000000000001,9.362323215954467,54.861097040000004,7.63830702,93.774,2016-09-10 09:07:50,2016-09-10 09:07:52,3,2.425333333333333,9.060333333333332,9.362323215954467,8.974973776647714,0.06232025731143755,8.314379049146476,True,1.0431588380029155,9.358407058025797,7.314350415450439,Flight 07,20160910_flight07_airborne.tab,35.0,33.90484651007637,192.99477958974848,90.0,downstream wake,8.314379049146476,1.12603997972832,188.3335639642,10.138099379067574,-0.2594775629409831
20160910_flight07,4,10.8,8.91636388894038,54.86142787,7.63533226,93.524,2016-09-10 09:07:53,2016-09-10 09:07:55,3,2.0306666666666664,8.880666666666668,9.362323215954467,8.987437828110002,0.06232025731143755,8.314379049146476,True,0.9920918574872002,9.358407058025797,7.314350415450439,Flight 07,20160910_flight07_airborne.tab,35.0,33.90484651007637,192.99477958974848,90.0,downstream wake,8.314379049146476,1.0724028621061847,188.3335639642,10.138099379067574,-0.2594775629409831
20160910_flight07,4,11.0,9.379451689731122,54.861757159999996,7.63235753,93.5,2016-09-10 09:07:56,2016-09-10 09:07:58,3,1.9536666666666667,9.155666666666667,9.362323215954467,8.999901879572288,0.06232025731143755,8.314379049146476,True,1.0421726609064843,9.358407058025797,7.314350415450439,Flight 07,20160910_flight07_airborne.tab,35.0,33.90484651007637,192.99477958974848,90.0,downstream wake,8.314379049146476,1.128100082313902,188.3335639642,10.138099379067574,-0.2594775629409831
20160910_flight07,4,11.200000000000001,9.407713112122414,54.86208444,7.62937929,93.191,2016-09-10 09:07:59,2016-09-10 09:08:01,3,1.8553333333333333,9.186333333333332,9.36406920094037,9.012365931034577,0.06232025731143755,8.314379049146476,True,1.043867191380505,9.358407058025797,7.314350415450439,Flight 07,20160910_flight07_airborne.tab,35.0,33.90484651007637,192.99477958974848,90.0,downstream wake,8.314379049146476,1.1314991843062743,188.3335639642,10.138099379067574,-0.2594775629409831
20160910_flight07,4,11.4,9.250464474825037,54.86241098000001,7.62639426,92.37700000000001,2016-09-10 09:08:02,2016-09-10 09:08:04,3,1.7,9.142333333333333,9.36406920094037,9.024829982496863,0.06232025731143755,8.314379049146476,True,1.0250015227728144,9.358407058025797,7.314350415450439,Flight 07,20160910_flight07_airborne.tab,35.0,33.90484651007637,192.99477958974848,90.0,downstream wake,8.314379049146476,1.1125863302773833,188.3335639642,10.138099379067574,-0.2594775629409831
20160910_flight07,4,11.600000000000001,9.36406920094037,54.86273613,7.623399910000001,91.39200000000001,2016-09-10 09:08:05,2016-09-10 09:08:07,3,1.7113333333333334,9.08,9.35449090009713,9.037294033959151,0.06232025731143755,8.314379049146476,True,1.0361585188833413,9.358407058025797,7.314350415450439,Flight 07,20160910_flight07_airborne.tab,35.0,33.90484651007637,192.99477958974848,90.0,downstream wake,8.314379049146476,1.1262499755651207,188.3335639642,10.138099379067574,-0.2594775629409831
20160910_flight07,4,11.8,9.35449090009713,54.86305789,7.620401,91.2,2016-09-10 09:08:08,2016-09-10 09:08:10,3,1.8296666666666666,9.091000000000001,9.35449090009713,9.04975808542144,0.06232025731143755,8.314379049146476,True,1.0336730343285745,9.358407058025797,7.314350415450439,Flight 07,20160910_flight07_airborne.tab,35.0,33.90484651007637,192.99477958974848,90.0,downstream wake,8.314379049146476,1.1250979591864323,188.3335639642,10.138099379067574,-0.2594775629409831
20160910_flight07,4,12.0,9.303945668371028,54.86337457,7.617401109999999,91.63,2016-09-10 09:08:11,2016-09-10 09:08:13,3,1.6260000000000001,8.981666666666667,9.36406920094037,9.062222136883726,0.06232025731143755,8.314379049146476,True,1.0266737592431634,9.358407058025797,7.314350415450439,Flight 07,20160910_flight07_airborne.tab,35.0,33.90484651007637,192.99477958974848,90.0,downstream wake,8.314379049146476,1.1190187040277093,188.3335639642,10.138099379067574,-0.2594775629409831
20160910_flight07,4,12.200000000000001,9.560748610856788,54.86368723,7.61440428,91.915,2016-09-10 09:08:14,2016-09-10 09:08:16,3,1.7506666666666666,9.406333333333334,9.364587764552159,9.074686188346014,0.06232025731143755,8.314379049146476,True,1.0535624497004634,9.358407058025797,7.314350415450439,Flight 07,20160910_flight07_airborne.tab,35.0,33.90484651007637,192.99477958974848,90.0,downstream wake,8.314379049146476,1.1499053091449156,188.3335639642,10.138099379067574,-0.2594775629409831
20160910_flight07,4,12.4,9.691113919462508,54.86400347,7.61140843,92.28399999999999,2016-09-10 09:08:17,2016-09-10 09:08:19,3,1.9110000000000003,9.443333333333333,9.364587764552159,9.0871502398083,0.06232025731143755,8.314379049146476,True,1.0664634856600488,9.358407058025797,7.314350415450439,Flight 07,20160910_flight07_airborne.tab,35.0,33.90484651007637,192.99477958974848,90.0,downstream wake,8.314379049146476,1.1655848094221013,188.3335639642,10.138099379067574,-0.2594775629409831
20160910_flight07,4,12.600000000000001,9.364587764552159,54.86433218,7.608416,92.569,2016-09-10 09:08:20,2016-09-10 09:08:22,3,1.711,9.155666666666667,9.384325068964737,9.099614291270589,0.06232025731143755,8.314379049146476,True,1.0291191983308308,9.358407058025797,7.314350415450439,Flight 07,20160910_flight07_airborne.tab,35.0,33.90484651007637,192.99477958974848,90.0,downstream wake,8.314379049146476,1.1263123450588284,188.3335639642,10.138099379067574,-0.2594775629409831
20160910_flight07,4,12.8,8.782576615094229,54.864662609999996,7.60542325,92.381,2016-09-10 09:08:23,2016-09-10 09:08:25,3,1.4453333333333334,8.907666666666666,9.384325068964737,9.112078342732875,0.06232025731143755,8.314379049146476,True,0.9638390150693301,9.358407058025797,7.314350415450439,Flight 07,20160910_flight07_airborne.tab,35.0,33.90484651007637,192.99477958974848,90.0,downstream wake,8.314379049146476,1.0563117898739312,188.3335639642,10.138099379067574,-0.2594775629409831
20160910_flight07,4,13.0,9.384325068964737,54.864976500000004,7.60242209,91.64200000000001,2016-09-10 09:08:26,2016-09-10 09:08:28,3,1.5546666666666666,9.24,9.364587764552159,9.124542394195164,0.06232025731143755,8.314379049146476,True,1.028470761989647,9.358407058025797,7.314350415450439,Flight 07,20160910_flight07_airborne.tab,35.0,33.90484651007637,192.99477958974848,90.0,downstream wake,8.314379049146476,1.1286862210026494,188.3335639642,10.138099379067574,-0.2594775629409831
20160910_flight07,4,13.200000000000001,9.426666696133898,54.86526237,7.599410870000001,90.92399999999999,2016-09-10 09:08:29,2016-09-10 09:08:31,3,1.7316666666666667,9.249333333333333,9.255888179964147,9.137006445657452,0.06232025731143755,8.314379049146476,True,1.0317018765609072,9.358407058025797,7.314350415450439,Flight 07,20160910_flight07_airborne.tab,35.0,33.90484651007637,192.99477958974848,90.0,downstream wake,8.314379049146476,1.1337787994043411,188.3335639642,10.138099379067574,-0.2594775629409831
20160910_flight07,4,13.4,9.255888179964147,54.86552195,7.59639901,91.499,2016-09-10 09:08:32,2016-09-10 09:08:34,3,1.4723333333333333,9.16,9.384325068964737,9.149470497119738,0.06232025731143755,8.314379049146476,True,1.0116310209293433,9.358407058025797,7.314350415450439,Flight 07,20160910_flight07_airborne.tab,35.0,33.90484651007637,192.99477958974848,90.0,downstream wake,8.314379049146476,1.1132386586241005,188.3335639642,10.138099379067574,-0.2594775629409831
20160910_flight07,4,13.600000000000001,9.249145777152377,54.865801765,7.592887554999999,92.2225,2016-09-10 09:08:35,2016-09-10 09:08:38,4,1.427,9.16775,9.255888179964147,9.161934548582026,0.06232025731143755,8.314379049146476,True,1.009518866142069,9.358407058025797,7.314350415450439,Flight 07,20160910_flight07_airborne.tab,35.0,33.90484651007637,192.99477958974848,90.0,downstream wake,8.314379049146476,1.112427725808563,188.3335639642,10.138099379067574,-0.2594775629409831
20160910_flight07,4,13.8,9.459077016284413,54.866079760000005,7.5893728099999995,91.678,2016-09-10 09:08:39,2016-09-10 09:08:41,3,1.792,9.252333333333334,9.249145777152377,9.174398600044313,0.06232025731143755,8.314379049146476,True,1.0310296542204658,9.358407058025797,7.314350415450439,Flight 07,20160910_flight07_airborne.tab,35.0,33.90484651007637,192.99477958974848,90.0,downstream wake,8.314379049146476,1.1376769041165433,188.3335639642,10.138099379067574,-0.2594775629409831
20160910_flight07,4,14.0,9.153318633151585,54.86632154,7.58635835,91.635,2016-09-10 09:08:42,2016-09-10 09:08:44,3,1.7606666666666666,9.088666666666667,9.249145777152377,9.186862651506601,0.06232025731143755,8.314379049146476,True,0.9963486970876271,9.358407058025797,7.314350415450439,Flight 07,20160910_flight07_airborne.tab,35.0,33.90484651007637,192.99477958974848,90.0,downstream wake,8.314379049146476,1.1009022536795736,188.3335639642,10.138099379067574,-0.2594775629409831
20160910_flight07,4,14.200000000000001,9.20050395358863,54.86656207,7.583344530000001,92.006,2016-09-10 09:08:45,2016-09-10 09:08:47,3,1.719666666666667,8.926333333333334,9.329159072499513,9.19932670296889,0.06232025731143755,8.314379049146476,True,1.0001279713894018,9.358407058025797,7.314350415450439,Flight 07,20160910_flight07_airborne.tab,35.0,33.90484651007637,192.99477958974848,90.0,downstream wake,8.314379049146476,1.1065774003331157,188.3335639642,10.138099379067574,-0.2594775629409831
20160910_flight07,4,14.4,9.329159072499513,54.866796990000005,7.58033013,91.714,2016-09-10 09:08:48,2016-09-10 09:08:50,3,1.7526666666666666,9.161999999999999,9.329159072499513,9.211790754431176,0.06232025731143755,8.314379049146476,True,1.0127410968395998,9.358407058025797,7.314350415450439,Flight 07,20160910_flight07_airborne.tab,35.0,33.90484651007637,192.99477958974848,90.0,downstream wake,8.314379049146476,1.122051210000729,188.3335639642,10.138099379067574,-0.2594775629409831
20160910_flight07,4,14.600000000000001,9.36286548018287,54.8670231,7.577313299999999,91.7,2016-09-10 09:08:51,2016-09-10 09:08:53,3,1.675,9.144,9.346558404033006,9.224254805893464,0.06232025731143755,8.314379049146476,True,1.0150267612079458,9.358407058025797,7.314350415450439,Flight 07,20160910_flight07_airborne.tab,35.0,33.90484651007637,192.99477958974848,90.0,downstream wake,8.314379049146476,1.126105199779655,188.3335639642,10.138099379067574,-0.2594775629409831
20160910_flight07,4,14.8,9.346558404033006,54.867246359999996,7.574293679999999,91.6,2016-09-10 09:08:54,2016-09-10 09:08:56,3,1.7220000000000002,9.042,9.36286548018287,9.23671885735575,0.06232025731143755,8.314379049146476,True,1.0118916195646448,9.358407058025797,7.314350415450439,Flight 07,20160910_flight07_airborne.tab,35.0,33.90484651007637,192.99477958974848,90.0,downstream wake,8.314379049146476,1.1241438896140403,188.3335639642,10.138099379067574,-0.2594775629409831
20160910_flight07,4,15.0,9.64140778102451,54.86747719,7.57127187,91.44200000000001,2016-09-10 09:08:57,2016-09-10 09:08:59,3,1.9353333333333333,9.362,9.38724714706074,9.249182908818039,0.06232025731143755,8.314379049146476,True,1.042406434824911,9.358407058025797,7.314350415450439,Flight 07,20160910_flight07_airborne.tab,35.0,33.90484651007637,192.99477958974848,90.0,downstream wake,8.314379049146476,1.1596064750035977,188.3335639642,10.138099379067574,-0.2594775629409831
20160910_flight07,4,15.200000000000001,9.397527547179632,54.867717199999994,7.568249789999999,91.3,2016-09-10 09:09:00,2016-09-10 09:09:02,3,2.0153333333333334,9.241,9.397527547179632,9.261646960280327,0.06232025731143755,8.314379049146476,True,1.0146713200667272,9.358407058025797,7.314350415450439,Flight 07,20160910_flight07_airborne.tab,35.0,33.90484651007637,192.99477958974848,90.0,downstream wake,8.314379049146476,1.130274130110095,188.3335639642,10.138099379067574,-0.2594775629409831
20160910_flight07,4,15.4,9.38724714706074,54.867963870000004,7.5652284,91.197,2016-09-10 09:09:03,2016-09-10 09:09:05,3,2.224,9.206666666666665,9.397527547179632,9.274111011742614,0.06232025731143755,8.314379049146476,True,1.0121991353322035,9.358407058025797,7.314350415450439,Flight 07,20160910_flight07_airborne.tab,35.0,33.90484651007637,192.99477958974848,90.0,downstream wake,8.314379049146476,1.1290376697493003,188.3335639642,10.138099379067574,-0.2594775629409831
20160910_flight07,4,15.600000000000001,9.542028348312533,54.86821234,7.5622095300000005,91.056,2016-09-10 09:09:06,2016-09-10 09:09:08,3,2.138,9.312666666666667,9.38724714706074,9.286575063204902,0.06232025731143755,8.314379049146476,True,1.0275078038317682,9.358407058025797,7.314350415450439,Flight 07,20160910_flight07_airborne.tab,35.0,33.90484651007637,192.99477958974848,90.0,downstream wake,8.314379049146476,1.147653756451251,188.3335639642,10.138099379067574,-0.2594775629409831
20160910_flight07,4,15.8,9.318712411057657,54.868463840000004,7.55919137,90.571,2016-09-10 09:09:09,2016-09-10 09:09:11,3,1.801,9.040000000000001,9.38724714706074,9.299039114667188,0.06232025731143755,8.314379049146476,True,1.0021156268027132,9.358407058025797,7.314350415450439,Flight 07,20160910_flight07_airborne.tab,35.0,33.90484651007637,192.99477958974848,90.0,downstream wake,8.314379049146476,1.1207947527980797,188.3335639642,10.138099379067574,-0.2594775629409831
20160910_flight07,4,16.0,9.314591671136206,54.868714790000006,7.55617206,90.4,2016-09-10 09:09:12,2016-09-10 09:09:14,3,2.0996666666666663,9.137,9.439462749542475,9.311503166129476,0.06232025731143755,8.314379049146476,True,1.0003316870489787,9.358407058025797,7.314350415450439,Flight 07,20160910_flight07_airborne.tab,35.0,33.90484651007637,192.99477958974848,90.0,downstream wake,8.314379049146476,1.1202991367217505,188.3335639642,10.138099379067574,-0.2594775629409831
20160910_flight07,4,16.2,9.685111047375761,54.86896459,7.55315493,90.531,2016-09-10 09:09:15,2016-09-10 09:09:17,3,1.983666666666667,9.387333333333334,9.350028876960755,9.323967217591765,0.06232025731143755,8.314379049146476,True,1.0387328506585285,9.358407058025797,7.314350415450439,Flight 07,20160910_flight07_airborne.tab,35.0,33.90484651007637,192.99477958974848,90.0,downstream wake,8.314379049146476,1.1648628226024889,188.3335639642,10.138099379067574,-0.2594775629409831
20160910_flight07,4,16.400000000000002,9.439462749542475,54.86921679,7.5501393199999995,90.6,2016-09-10 09:09:18,2016-09-10 09:09:20,3,1.9080000000000001,9.170666666666667,9.439462749542475,9.336431269054051,0.06232025731143755,8.314379049146476,True,1.0110354242985675,9.358407058025797,7.314350415450439,Flight 07,20160910_flight07_airborne.tab,35.0,33.90484651007637,192.99477958974848,90.0,downstream wake,8.314379049146476,1.1353178263518664,188.3335639642,10.138099379067574,-0.2594775629409831
20160910_flight07,4,16.6,9.350028876960755,54.86947183,7.54712355,90.34700000000001,2016-09-10 09:09:21,2016-09-10 09:09:23,3,1.9066666666666665,9.107333333333335,9.474518457420409,9.34889532051634,0.06232025731143755,8.314379049146476,True,1.0001212503087855,9.358407058025797,7.314350415450439,Flight 07,20160910_flight07_airborne.tab,35.0,33.90484651007637,192.99477958974848,90.0,downstream wake,8.314379049146476,1.1245612957615392,188.3335639642,10.138099379067574,-0.2594775629409831
20160910_flight07,4,16.8,9.474518457420409,54.869722499999995,7.54410623,90.2,2016-09-10 09:09:24,2016-09-10 09:09:26,3,1.8143333333333331,9.311333333333332,9.440769301280485,9.361359371978626,0.06232025731143755,8.314379049146476,True,1.0120878903314514,9.358407058025797,7.314350415450439,Flight 07,20160910_flight07_airborne.tab,35.0,33.90484651007637,192.99477958974848,90.0,downstream wake,8.314379049146476,1.1395341012739886,188.3335639642,10.138099379067574,-0.2594775629409831
20160910_flight07,4,17.0,9.542427626133719,54.8699677,7.54108784,90.16,2016-09-10 09:09:27,2016-09-10 09:09:29,3,1.7396666666666665,9.296666666666667,9.474518457420409,9.373823423440914,0.06232025731143755,8.314379049146476,True,1.0179867056457645,9.358407058025797,7.314350415450439,Flight 07,20160910_flight07_airborne.tab,35.0,33.90484651007637,192.99477958974848,90.0,downstream wake,8.314379049146476,1.1477017790177981,188.3335639642,10.138099379067574,-0.2594775629409831
20160910_flight07,4,17.2,9.440769301280485,54.87021069,7.538070770000001,90.76899999999999,2016-09-10 09:09:30,2016-09-10 09:09:32,3,2.1843333333333335,9.188,9.513713260341621,9.386287474903202,0.06232025731143755,8.314379049146476,True,1.0058044063239011,9.358407058025797,7.314350415450439,Flight 07,20160910_flight07_airborne.tab,35.0,33.90484651007637,192.99477958974848,90.0,downstream wake,8.314379049146476,1.135474969985839,188.3335639642,10.138099379067574,-0.2594775629409831
20160910_flight07,4,17.400000000000002,9.513713260341621,54.87044487,7.53506606,93.21799999999999,2016-09-10 09:09:33,2016-09-10 09:09:35,3,2.201,9.256,9.513713260341621,9.398751526365489,0.06232025731143755,8.314379049146476,True,1.0122315962554858,9.358407058025797,7.314350415450439,Flight 07,20160910_flight07_airborne.tab,35.0,33.90484651007637,192.99477958974848,90.0,downstream wake,8.314379049146476,1.144248199908358,188.3335639642,10.138099379067574,-0.2594775629409831
20160910_flight07,4,17.6,9.770402857610325,54.87067111,7.53207438,94.473,2016-09-10 09:09:36,2016-09-10 09:09:38,3,2.366,9.43,9.459734932861492,9.411215577827777,0.06232025731143755,8.314379049146476,True,1.038165875259384,9.358407058025797,7.314350415450439,Flight 07,20160910_flight07_airborne.tab,35.0,33.90484651007637,192.99477958974848,90.0,downstream wake,8.314379049146476,1.175121172592356,188.3335639642,10.138099379067574,-0.2594775629409831
20160910_flight07,4,17.8,9.37179587285384,54.87093133,7.528583515,93.7575,2016-09-10 09:09:39,2016-09-10 09:09:42,4,1.841,9.21125,9.513713260341621,9.423679629290064,0.06232025731143755,8.314379049146476,True,0.9944943208515957,9.358407058025797,7.314350415450439,Flight 07,20160910_flight07_airborne.tab,35.0,33.90484651007637,192.99477958974848,90.0,downstream wake,8.314379049146476,1.1271792899333732,188.3335639642,10.138099379067574,-0.2594775629409831
20160910_flight07,4,18.0,9.459734932861492,54.8711936,7.52507949,92.631,2016-09-10 09:09:43,2016-09-10 09:09:45,3,2.1946666666666665,9.137333333333332,9.459734932861492,9.436143680752352,0.06232025731143755,8.314379049146476,True,1.002500094626289,9.358407058025797,7.314350415450439,Flight 07,20160910_flight07_airborne.tab,35.0,33.90484651007637,192.99477958974848,90.0,downstream wake,8.314379049146476,1.137756034088029,188.3335639642,10.138099379067574,-0.2594775629409831
20160910_flight07,4,18.2,9.568759428473474,54.87143005,7.52207272,92.72399999999999,2016-09-10 09:09:46,2016-09-10 09:09:48,3,2.429,9.201,9.37179587285384,9.448607732214638,0.06232025731143755,8.314379049146476,True,1.0127163387097957,9.358407058025797,7.314350415450439,Flight 07,20160910_flight07_airborne.tab,35.0,33.90484651007637,192.99477958974848,90.0,downstream wake,8.314379049146476,1.1508687987295658,188.3335639642,10.138099379067574,-0.2594775629409831
20160910_flight07,4,18.400000000000002,9.109535937686397,54.871679320000005,7.51906706,92.473,2016-09-10 09:09:49,2016-09-10 09:09:51,3,1.970666666666667,9.078666666666667,9.109535937686397,9.461071783676926,0.06232025731143755,8.314379049146476,True,0.9628439722234187,9.358407058025797,7.314350415450439,Flight 07,20160910_flight07_airborne.tab,35.0,33.90484651007637,192.99477958974848,90.0,downstream wake,8.314379049146476,1.0956363528580706,188.3335639642,10.138099379067574,-0.2594775629409831
20160910_flight07,4,18.6,9.106998243109528,54.87194573,7.5160578199999994,91.79799999999999,2016-09-10 09:09:52,2016-09-10 09:09:54,3,1.9923333333333335,8.946333333333333,9.109535937686397,9.473535835139215,0.06232025731143755,8.314379049146476,True,0.9613093148737427,9.358407058025797,7.314350415450439,Flight 07,20160910_flight07_airborne.tab,35.0,33.90484651007637,192.99477958974848,90.0,downstream wake,8.314379049146476,1.0953311352871768,188.3335639642,10.138099379067574,-0.2594775629409831
20160910_flight07,4,18.8,8.875818497468275,54.8722153,7.51304622,91.626,2016-09-10 09:09:55,2016-09-10 09:09:57,3,1.852,8.662,9.109535937686397,9.485999886601501,0.06232025731143755,8.314379049146476,True,0.9356755854493445,9.358407058025797,7.314350415450439,Flight 07,20160910_flight07_airborne.tab,35.0,33.90484651007637,192.99477958974848,90.0,downstream wake,8.314379049146476,1.0675263233734136,188.3335639642,10.138099379067574,-0.2594775629409831
20160910_flight07,4,19.0,9.364349416804139,54.872465739999996,7.510031420000001,91.34299999999999,2016-09-10 09:09:58,2016-09-10 09:10:00,3,2.197,9.056666666666667,9.106998243109528,9.49846393806379,0.06232025731143755,8.314379049146476,True,0.9858803989640678,9.358407058025797,7.314350415450439,Flight 07,20160910_flight07_airborne.tab,35.0,33.90484651007637,192.99477958974848,90.0,downstream wake,8.314379049146476,1.1262836781257224,188.3335639642,10.138099379067574,-0.2594775629409831
20160910_flight07,4,19.200000000000003,9.42287243891161,54.87269967,7.50701603,91.3,2016-09-10 09:10:01,2016-09-10 09:10:03,3,2.1643333333333334,9.283333333333333,9.072852914050795,9.510927989526078,0.06232025731143755,8.314379049146476,True,0.9907416446942465,9.358407058025797,7.314350415450439,Flight 07,20160910_flight07_airborne.tab,35.0,33.90484651007637,192.99477958974848,90.0,downstream wake,8.314379049146476,1.1333224505657975,188.3335639642,10.138099379067574,-0.2594775629409831
20160910_flight07,4,19.400000000000002,9.072852914050795,54.872926660000005,7.50400196,91.384,2016-09-10 09:10:04,2016-09-10 09:10:06,3,1.9263333333333332,8.902666666666667,9.3320764034592,9.523392040988364,0.06232025731143755,8.314379049146476,True,0.9526913178625365,9.358407058025797,7.314350415450439,Flight 07,20160910_flight07_airborne.tab,35.0,33.90484651007637,192.99477958974848,90.0,downstream wake,8.314379049146476,1.091224354870155,188.3335639642,10.138099379067574,-0.2594775629409831
20160910_flight07,4,19.6,8.822583805212622,54.87315091000001,7.50098566,90.65799999999999,2016-09-10 09:10:07,2016-09-10 09:10:09,3,1.415333333333333,8.730666666666666,9.3320764034592,9.535856092450652,0.06232025731143755,8.314379049146476,True,0.9252010222970213,9.358407058025797,7.314350415450439,Flight 07,20160910_flight07_airborne.tab,35.0,33.90484651007637,192.99477958974848,90.0,downstream wake,8.314379049146476,1.0611235972117865,188.3335639642,10.138099379067574,-0.2594775629409831
20160910_flight07,4,19.8,9.3320764034592,54.873385049999996,7.49796254,90.097,2016-09-10 09:10:10,2016-09-10 09:10:12,3,1.9349999999999998,9.103,9.294368725201299,9.548320143912939,0.06232025731143755,8.314379049146476,True,0.977352692704633,9.358407058025797,7.314350415450439,Flight 07,20160910_flight07_airborne.tab,35.0,33.90484651007637,192.99477958974848,90.0,downstream wake,8.314379049146476,1.1224020877923766,188.3335639642,10.138099379067574,-0.2594775629409831
20160910_flight07,4,20.0,9.347726354574142,54.873628950000004,7.4949398799999996,90.291,2016-09-10 09:10:13,2016-09-10 09:10:15,3,1.9400000000000002,9.092999999999998,9.294368725201299,9.560784195375227,0.06232025731143755,8.314379049146476,True,0.977715442954549,9.358407058025797,7.314350415450439,Flight 07,20160910_flight07_airborne.tab,35.0,33.90484651007637,192.99477958974848,90.0,downstream wake,8.314379049146476,1.1242843631881019,188.3335639642,10.138099379067574,-0.2594775629409831
20160910_flight07,4,20.200000000000003,9.294368725201299,54.87388035,7.49192079,90.464,2016-09-10 09:10:16,2016-09-10 09:10:18,3,1.5913333333333333,9.147666666666666,9.294368725201299,9.573248246837514,0.06232025731143755,8.314379049146476,True,0.9708688718347671,9.358407058025797,7.314350415450439,Flight 07,20160910_flight07_airborne.tab,35.0,33.90484651007637,192.99477958974848,90.0,downstream wake,8.314379049146476,1.1178668509412528,188.3335639642,10.138099379067574,-0.2594775629409831
20160910_flight07,4,20.400000000000002,9.1073689943913,54.87413882,7.48890181,90.42200000000001,2016-09-10 09:10:19,2016-09-10 09:10:21,3,1.8399999999999999,8.869,9.1073689943913,9.585712298299802,0.06232025731143755,8.314379049146476,True,0.9500983037021312,9.358407058025797,7.314350415450439,Flight 07,20160910_flight07_airborne.tab,35.0,33.90484651007637,192.99477958974848,90.0,downstream wake,8.314379049146476,1.0953757268651625,188.3335639642,10.138099379067574,-0.2594775629409831
20160910_flight07,4,20.6,9.025954797139192,54.874397470000005,7.485884260000001,90.391,2016-09-10 09:10:22,2016-09-10 09:10:24,3,1.7916666666666667,8.816333333333333,9.080098017092107,9.598176349762088,0.06232025731143755,8.314379049146476,True,0.9403822630705176,9.358407058025797,7.314350415450439,Flight 07,20160910_flight07_airborne.tab,35.0,33.90484651007637,192.99477958974848,90.0,downstream wake,8.314379049146476,1.0855837512081872,188.3335639642,10.138099379067574,-0.2594775629409831
20160910_flight07,4,20.8,9.080098017092107,54.87464614,7.4828667499999995,90.1,2016-09-10 09:10:25,2016-09-10 09:10:27,3,1.6013333333333335,8.833,9.053026407115649,9.610640401224376,0.06232025731143755,8.314379049146476,True,0.9447963546669919,9.358407058025797,7.314350415450439,Flight 07,20160910_flight07_airborne.tab,35.0,33.90484651007637,192.99477958974848,90.0,downstream wake,8.314379049146476,1.0920957492338814,188.3335639642,10.138099379067574,-0.2594775629409831
20160910_flight07,4,21.0,8.739899427338965,54.87488443,7.47984499,89.73899999999999,2016-09-10 09:10:28,2016-09-10 09:10:30,3,1.727,8.638,9.025954797139192,9.623104452686665,0.06232025731143755,8.314379049146476,True,0.9082203638451499,9.358407058025797,7.314350415450439,Flight 07,20160910_flight07_airborne.tab,35.0,33.90484651007637,192.99477958974848,90.0,downstream wake,8.314379049146476,1.0511788524046388,188.3335639642,10.138099379067574,-0.2594775629409831
20160910_flight07,5,-21.8,7.2551935538714645,54.8930706,8.152477385000001,93.811,2016-09-10 09:23:52,2016-09-10 09:23:53,2,1.254,7.146000000000001,7.082052950945793,7.124306068784271,0.04167710894965982,8.032867043886855,True,1.0183719626618355,8.572337578409169,7.374310056774009,Flight 07,20160910_flight07_airborne.tab,45.0,43.4823481517797,187.2582311033201,90.0,downstream wake,8.032867043886855,0.9031885520117985,188.3335639642,10.138099379067574,-0.2594775629409831
20160910_flight07,5,-21.6,7.082052950945793,54.893411779999994,8.14999236,93.915,2016-09-10 09:23:49,2016-09-10 09:23:51,3,1.202,6.911333333333334,7.065387162179068,7.132641490574203,0.04167710894965982,8.032867043886855,True,0.9929074607639733,8.572337578409169,7.374310056774009,Flight 07,20160910_flight07_airborne.tab,45.0,43.4823481517797,187.2582311033201,90.0,downstream wake,8.032867043886855,0.8816345287745492,188.3335639642,10.138099379067574,-0.2594775629409831
20160910_flight07,5,-21.400000000000002,7.048721373412343,54.89381305,8.14700719,94.21799999999999,2016-09-10 09:23:46,2016-09-10 09:23:48,3,1.2533333333333332,6.945,7.082052950945793,7.140976912364135,0.04167710894965982,8.032867043886855,True,0.9870808238026849,8.572337578409169,7.374310056774009,Flight 07,20160910_flight07_airborne.tab,45.0,43.4823481517797,187.2582311033201,90.0,downstream wake,8.032867043886855,0.8774851288963555,188.3335639642,10.138099379067574,-0.2594775629409831
20160910_flight07,5,-21.200000000000003,6.79898155188444,54.89427309,8.143522520000001,94.52600000000001,2016-09-10 09:23:42,2016-09-10 09:23:45,4,0.8755,6.7315000000000005,7.082052950945793,7.149312334154067,0.04167710894965982,8.032867043886855,True,0.9509979749246639,8.572337578409169,7.374310056774009,Flight 07,20160910_flight07_airborne.tab,45.0,43.4823481517797,187.2582311033201,90.0,downstream wake,8.032867043886855,0.8463953797241768,188.3335639642,10.138099379067574,-0.2594775629409831
20160910_flight07,5,-21.0,7.1271088107310385,54.8947324,8.14003778,94.59299999999999,2016-09-10 09:23:39,2016-09-10 09:23:41,3,0.887,6.965,7.109124067000097,7.157647755943999,0.04167710894965982,8.032867043886855,True,0.9957333824946052,8.572337578409169,7.374310056774009,Flight 07,20160910_flight07_airborne.tab,45.0,43.4823481517797,187.2582311033201,90.0,downstream wake,8.032867043886855,0.8872434675929172,188.3335639642,10.138099379067574,-0.2594775629409831
20160910_flight07,5,-20.8,7.127639861833649,54.89513123,8.13705242,94.491,2016-09-10 09:23:36,2016-09-10 09:23:38,3,1.0326666666666666,7.052,7.109124067000097,7.165983177733931,0.04167710894965982,8.032867043886855,True,0.9946492595713283,8.572337578409169,7.374310056774009,Flight 07,20160910_flight07_airborne.tab,45.0,43.4823481517797,187.2582311033201,90.0,downstream wake,8.032867043886855,0.8873095773765982,188.3335639642,10.138099379067574,-0.2594775629409831
20160910_flight07,5,-20.6,7.109124067000097,54.895527490000006,8.134065,94.102,2016-09-10 09:23:33,2016-09-10 09:23:35,3,1.332,6.981333333333333,7.109124067000097,7.174318599523863,0.04167710894965982,8.032867043886855,True,0.9909127910031632,8.572337578409169,7.374310056774009,Flight 07,20160910_flight07_airborne.tab,45.0,43.4823481517797,187.2582311033201,90.0,downstream wake,8.032867043886855,0.8850045728579883,188.3335639642,10.138099379067574,-0.2594775629409831
20160910_flight07,5,-20.400000000000002,7.0615559900067355,54.89591899,8.131070999999999,93.266,2016-09-10 09:23:30,2016-09-10 09:23:32,3,1.0886666666666667,6.985333333333333,7.0615559900067355,7.182654021313795,0.04167710894965982,8.032867043886855,True,0.983140210993358,8.572337578409169,7.374310056774009,Flight 07,20160910_flight07_airborne.tab,45.0,43.4823481517797,187.2582311033201,90.0,downstream wake,8.032867043886855,0.8790828917529137,188.3335639642,10.138099379067574,-0.2594775629409831
20160910_flight07,5,-20.200000000000003,6.892855721687492,54.89630764,8.128073,93.4,2016-09-10 09:23:27,2016-09-10 09:23:29,3,1.305,6.789666666666666,7.0615559900067355,7.190989443103726,0.04167710894965982,8.032867043886855,True,0.9585406537201707,8.572337578409169,7.374310056774009,Flight 07,20160910_flight07_airborne.tab,45.0,43.4823481517797,187.2582311033201,90.0,downstream wake,8.032867043886855,0.8580816393485649,188.3335639642,10.138099379067574,-0.2594775629409831
20160910_flight07,5,-20.0,6.793581235254349,54.89669627999999,8.12507777,93.861,2016-09-10 09:23:24,2016-09-10 09:23:26,3,0.8113333333333334,6.781,7.0615559900067355,7.199324864893659,0.04167710894965982,8.032867043886855,True,0.9436414334324802,8.572337578409169,7.374310056774009,Flight 07,20160910_flight07_airborne.tab,45.0,43.4823481517797,187.2582311033201,90.0,downstream wake,8.032867043886855,0.8457231021176154,188.3335639642,10.138099379067574,-0.2594775629409831
20160910_flight07,5,-19.8,7.310024486963091,54.89708504,8.12208887,95.27,2016-09-10 09:23:21,2016-09-10 09:23:23,3,1.352,7.168333333333333,7.153421908429559,7.20766028668359,0.04167710894965982,8.032867043886855,True,1.0142021399744132,8.572337578409169,7.374310056774009,Flight 07,20160910_flight07_airborne.tab,45.0,43.4823481517797,187.2582311033201,90.0,downstream wake,8.032867043886855,0.9100143755679537,188.3335639642,10.138099379067574,-0.2594775629409831
20160910_flight07,5,-19.6,7.153421908429559,54.89747606,8.11911042,95.65100000000001,2016-09-10 09:23:18,2016-09-10 09:23:20,3,1.1083333333333334,7.042000000000001,7.2040220016321435,7.215995708473523,0.04167710894965982,8.032867043886855,True,0.991328459360018,8.572337578409169,7.374310056774009,Flight 07,20160910_flight07_airborne.tab,45.0,43.4823481517797,187.2582311033201,90.0,downstream wake,8.032867043886855,0.8905191470676005,188.3335639642,10.138099379067574,-0.2594775629409831
20160910_flight07,5,-19.400000000000002,7.2040220016321435,54.89787657,8.1161376,94.833,2016-09-10 09:23:15,2016-09-10 09:23:17,3,0.7663333333333333,7.227333333333333,7.208812176773646,7.2243311302634545,0.04167710894965982,8.032867043886855,True,0.9971887876863459,8.572337578409169,7.374310056774009,Flight 07,20160910_flight07_airborne.tab,45.0,43.4823481517797,187.2582311033201,90.0,downstream wake,8.032867043886855,0.8968182794852212,188.3335639642,10.138099379067574,-0.2594775629409831
20160910_flight07,5,-19.200000000000003,7.208812176773646,54.89828547,8.11316551,94.17299999999999,2016-09-10 09:23:12,2016-09-10 09:23:14,3,0.9686666666666667,7.146666666666666,7.208812176773646,7.232666552053386,0.04167710894965982,8.032867043886855,True,0.9967018560709165,8.572337578409169,7.374310056774009,Flight 07,20160910_flight07_airborne.tab,45.0,43.4823481517797,187.2582311033201,90.0,downstream wake,8.032867043886855,0.8974146014603431,188.3335639642,10.138099379067574,-0.2594775629409831
20160910_flight07,5,-19.0,7.49358579052779,54.8987027,8.11019411,93.7,2016-09-10 09:23:09,2016-09-10 09:23:11,3,1.2453333333333332,7.360333333333334,7.208812176773646,7.241001973843319,0.04167710894965982,8.032867043886855,True,1.0348824399712748,8.572337578409169,7.374310056774009,Flight 07,20160910_flight07_airborne.tab,45.0,43.4823481517797,187.2582311033201,90.0,downstream wake,8.032867043886855,0.9328656567558321,188.3335639642,10.138099379067574,-0.2594775629409831
20160910_flight07,5,-18.8,7.377171273598032,54.89912349,8.10722265,93.77,2016-09-10 09:23:06,2016-09-10 09:23:08,3,1.3696666666666666,7.307666666666667,7.211448675543632,7.24933739563325,0.04167710894965982,8.032867043886855,True,1.017633870654411,8.572337578409169,7.374310056774009,Flight 07,20160910_flight07_airborne.tab,45.0,43.4823481517797,187.2582311033201,90.0,downstream wake,8.032867043886855,0.9183733819187486,188.3335639642,10.138099379067574,-0.2594775629409831
20160910_flight07,5,-18.6,6.897676492848879,54.89954015,8.10425133,94.01899999999999,2016-09-10 09:23:03,2016-09-10 09:23:05,3,1.0616666666666668,6.882666666666666,7.211448675543632,7.257672817423183,0.04167710894965982,8.032867043886855,True,0.9503978294929366,8.572337578409169,7.374310056774009,Flight 07,20160910_flight07_airborne.tab,45.0,43.4823481517797,187.2582311033201,90.0,downstream wake,8.032867043886855,0.8586817701779498,188.3335639642,10.138099379067574,-0.2594775629409831
20160910_flight07,5,-18.400000000000002,7.211448675543632,54.89995021,8.10128219,94.682,2016-09-10 09:23:00,2016-09-10 09:23:02,3,1.0393333333333334,7.168666666666667,7.211448675543632,7.2660082392131145,0.04167710894965982,8.032867043886855,True,0.992491122790773,8.572337578409169,7.374310056774009,Flight 07,20160910_flight07_airborne.tab,45.0,43.4823481517797,187.2582311033201,90.0,downstream wake,8.032867043886855,0.897742815378933,188.3335639642,10.138099379067574,-0.2594775629409831
20160910_flight07,5,-18.2,7.1322321891536875,54.90035868,8.09831558,94.9,2016-09-10 09:22:57,2016-09-10 09:22:59,3,1.0593333333333332,7.0646666666666675,7.1322321891536875,7.274343661003046,0.04167710894965982,8.032867043886855,True,0.9804640145596637,8.572337578409169,7.374310056774009,Flight 07,20160910_flight07_airborne.tab,45.0,43.4823481517797,187.2582311033201,90.0,downstream wake,8.032867043886855,0.8878812695625823,188.3335639642,10.138099379067574,-0.2594775629409831
20160910_flight07,5,-18.0,7.513489202760592,54.9007639,8.095348249999999,94.62,2016-09-10 09:22:54,2016-09-10 09:22:56,3,1.1753333333333333,7.312333333333334,7.211448675543632,7.282679082792979,0.04167710894965982,8.032867043886855,True,1.0316930235897606,8.572337578409169,7.374310056774009,Flight 07,20160910_flight07_airborne.tab,45.0,43.4823481517797,187.2582311033201,90.0,downstream wake,8.032867043886855,0.9353434037575018,188.3335639642,10.138099379067574,-0.2594775629409831
20160910_flight07,5,-17.8,7.029677446369783,54.901162299999996,8.09237448,93.956,2016-09-10 09:22:51,2016-09-10 09:22:53,3,0.84,6.998666666666666,7.307334397713026,7.29101450458291,0.04167710894965982,8.032867043886855,True,0.9641562833198509,8.572337578409169,7.374310056774009,Flight 07,20160910_flight07_airborne.tab,45.0,43.4823481517797,187.2582311033201,90.0,downstream wake,8.032867043886855,0.8751143779629074,188.3335639642,10.138099379067574,-0.2594775629409831
20160910_flight07,5,-17.6,7.307334397713026,54.901554059999995,8.089395040000001,94.0,2016-09-10 09:22:48,2016-09-10 09:22:50,3,1.0473333333333332,7.221333333333334,7.4320851717401615,7.299349926372843,0.04167710894965982,8.032867043886855,True,1.0010938606068651,8.572337578409169,7.374310056774009,Flight 07,20160910_flight07_airborne.tab,45.0,43.4823481517797,187.2582311033201,90.0,downstream wake,8.032867043886855,0.9096794902480092,188.3335639642,10.138099379067574,-0.2594775629409831
20160910_flight07,5,-17.400000000000002,7.62089240181227,54.901939739999996,8.086413700000001,94.266,2016-09-10 09:22:45,2016-09-10 09:22:47,3,1.327,7.442333333333333,7.4320851717401615,7.307685348162774,0.04167710894965982,8.032867043886855,True,1.0428599534226304,8.572337578409169,7.374310056774009,Flight 07,20160910_flight07_airborne.tab,45.0,43.4823481517797,187.2582311033201,90.0,downstream wake,8.032867043886855,0.9487138726654135,188.3335639642,10.138099379067574,-0.2594775629409831
20160910_flight07,5,-17.2,7.4320851717401615,54.902322160000004,8.08343341,94.54199999999999,2016-09-10 09:22:42,2016-09-10 09:22:44,3,1.0196666666666665,7.320333333333333,7.534246744034867,7.316020769952706,0.04167710894965982,8.032867043886855,True,1.0158644166599606,8.572337578409169,7.374310056774009,Flight 07,20160910_flight07_airborne.tab,45.0,43.4823481517797,187.2582311033201,90.0,downstream wake,8.032867043886855,0.925209533674045,188.3335639642,10.138099379067574,-0.2594775629409831
20160910_flight07,5,-17.0,7.555800751740347,54.90270167,8.0804544,95.00399999999999,2016-09-10 09:22:39,2016-09-10 09:22:41,3,1.1043333333333336,7.385333333333333,7.555800751740347,7.3243561917426385,0.04167710894965982,8.032867043886855,True,1.0315993042854246,8.572337578409169,7.374310056774009,Flight 07,20160910_flight07_airborne.tab,45.0,43.4823481517797,187.2582311033201,90.0,downstream wake,8.032867043886855,0.9406107072929132,188.3335639642,10.138099379067574,-0.2594775629409831
20160910_flight07,5,-16.8,7.534246744034867,54.90307149,8.07747309,94.801,2016-09-10 09:22:36,2016-09-10 09:22:38,3,1.1216666666666668,7.4366666666666665,7.555800751740347,7.33269161353257,0.04167710894965982,8.032867043886855,True,1.0274871958518377,8.572337578409169,7.374310056774009,Flight 07,20160910_flight07_airborne.tab,45.0,43.4823481517797,187.2582311033201,90.0,downstream wake,8.032867043886855,0.9379274800481796,188.3335639642,10.138099379067574,-0.2594775629409831
20160910_flight07,5,-16.6,7.832081849303411,54.90349587,8.07398957,93.92750000000001,2016-09-10 09:22:32,2016-09-10 09:22:35,4,1.32,7.6739999999999995,7.555800751740347,7.341027035322503,0.04167710894965982,8.032867043886855,True,1.0668918411031756,8.572337578409169,7.374310056774009,Flight 07,20160910_flight07_airborne.tab,45.0,43.4823481517797,187.2582311033201,90.0,downstream wake,8.032867043886855,0.9750045415308791,188.3335639642,10.138099379067574,-0.2594775629409831
20160910_flight07,5,-16.400000000000002,7.592636235195257,54.90392635999999,8.07050501,92.846,2016-09-10 09:22:29,2016-09-10 09:22:31,3,1.4559999999999997,7.448666666666667,7.592636235195257,7.349362457112434,0.04167710894965982,8.032867043886855,True,1.0331013444366717,8.572337578409169,7.374310056774009,Flight 07,20160910_flight07_airborne.tab,45.0,43.4823481517797,187.2582311033201,90.0,downstream wake,8.032867043886855,0.9451963033514141,188.3335639642,10.138099379067574,-0.2594775629409831
20160910_flight07,5,-16.2,7.333208097415482,54.90429854,8.06751244,92.039,2016-09-10 09:22:26,2016-09-10 09:22:28,3,1.0076666666666665,7.346666666666667,7.832081849303411,7.357697878902366,0.04167710894965982,8.032867043886855,True,0.9966715429350386,8.572337578409169,7.374310056774009,Flight 07,20160910_flight07_airborne.tab,45.0,43.4823481517797,187.2582311033201,90.0,downstream wake,8.032867043886855,0.9129004697016833,188.3335639642,10.138099379067574,-0.2594775629409831
20160910_flight07,5,-16.0,7.90628288135455,54.904669160000005,8.06451635,92.306,2016-09-10 09:22:23,2016-09-10 09:22:25,3,1.3470000000000002,7.720666666666666,7.90628288135455,7.3660333006922984,0.04167710894965982,8.032867043886855,True,1.0733433530108365,8.572337578409169,7.374310056774009,Flight 07,20160910_flight07_airborne.tab,45.0,43.4823481517797,187.2582311033201,90.0,downstream wake,8.032867043886855,0.9842417206906671,188.3335639642,10.138099379067574,-0.2594775629409831
20160910_flight07,5,-15.8,8.183966031210051,54.9050395,8.06152828,93.575,2016-09-10 09:22:20,2016-09-10 09:22:22,3,1.6173333333333335,8.014333333333333,7.90628288135455,7.37436872248223,0.04167710894965982,8.032867043886855,True,1.1097853035554899,8.572337578409169,7.374310056774009,Flight 07,20160910_flight07_airborne.tab,45.0,43.4823481517797,187.2582311033201,90.0,downstream wake,8.032867043886855,1.018810094390668,188.3335639642,10.138099379067574,-0.2594775629409831
20160910_flight07,5,-15.600000000000001,7.995189803875828,54.905414199999996,8.05855423,94.32,2016-09-10 09:22:17,2016-09-10 09:22:19,3,1.422,7.859333333333333,7.90628288135455,7.382704144272162,0.04167710894965982,8.032867043886855,True,1.0829622381764898,8.572337578409169,7.374310056774009,Flight 07,20160910_flight07_airborne.tab,45.0,43.4823481517797,187.2582311033201,90.0,downstream wake,8.032867043886855,0.9953096148852981,188.3335639642,10.138099379067574,-0.2594775629409831
20160910_flight07,5,-15.4,7.011200325193967,54.905796689999995,8.05558506,92.80799999999999,2016-09-10 09:22:14,2016-09-10 09:22:16,3,0.572,7.186333333333333,7.979358370194936,7.391039566062094,0.04167710894965982,8.032867043886855,True,0.9486081440272274,8.572337578409169,7.374310056774009,Flight 07,20160910_flight07_airborne.tab,45.0,43.4823481517797,187.2582311033201,90.0,downstream wake,8.032867043886855,0.8728141878720136,188.3335639642,10.138099379067574,-0.2594775629409831
20160910_flight07,5,-15.200000000000001,7.497048019053899,54.90618373,8.05260535,91.365,2016-09-10 09:22:11,2016-09-10 09:22:13,3,0.581,7.4863333333333335,7.497048019053899,7.399374987852026,0.04167710894965982,8.032867043886855,True,1.013200173171684,8.572337578409169,7.374310056774009,Flight 07,20160910_flight07_airborne.tab,45.0,43.4823481517797,187.2582311033201,90.0,downstream wake,8.032867043886855,0.9332966645774721,188.3335639642,10.138099379067574,-0.2594775629409831
20160910_flight07,5,-15.0,7.979358370194936,54.906571050000004,8.04962216,92.095,2016-09-10 09:22:08,2016-09-10 09:22:10,3,1.3806666666666667,8.014000000000001,7.435711936324591,7.4077104096419575,0.04167710894965982,8.032867043886855,True,1.0771693180404185,8.572337578409169,7.374310056774009,Flight 07,20160910_flight07_airborne.tab,45.0,43.4823481517797,187.2582311033201,90.0,downstream wake,8.032867043886855,0.9933387826040717,188.3335639642,10.138099379067574,-0.2594775629409831
20160910_flight07,5,-14.8,7.435711936324591,54.90695408,8.04664328,93.383,2016-09-10 09:22:05,2016-09-10 09:22:07,3,0.9433333333333334,7.299666666666667,7.435711936324591,7.41604583143189,0.04167710894965982,8.032867043886855,True,1.0026518316282982,8.572337578409169,7.374310056774009,Flight 07,20160910_flight07_airborne.tab,45.0,43.4823481517797,187.2582311033201,90.0,downstream wake,8.032867043886855,0.9256610243516095,188.3335639642,10.138099379067574,-0.2594775629409831
20160910_flight07,5,-14.600000000000001,7.002037560596202,54.90733196,8.04366794,93.71600000000001,2016-09-10 09:22:02,2016-09-10 09:22:04,3,0.1683333333333333,6.971333333333334,7.371448839949986,7.424381253221822,0.04167710894965982,8.032867043886855,True,0.9431139541167363,8.572337578409169,7.374310056774009,Flight 07,20160910_flight07_airborne.tab,45.0,43.4823481517797,187.2582311033201,90.0,downstream wake,8.032867043886855,0.8716735285597524,188.3335639642,10.138099379067574,-0.2594775629409831
20160910_flight07,5,-14.4,7.370297144620426,54.9077106,8.04069344,93.25299999999999,2016-09-10 09:21:59,2016-09-10 09:22:01,3,0.4726666666666666,7.357333333333334,7.371448839949986,7.432716675011754,0.04167710894965982,8.032867043886855,True,0.99160205707811,8.572337578409169,7.374310056774009,Flight 07,20160910_flight07_airborne.tab,45.0,43.4823481517797,187.2582311033201,90.0,downstream wake,8.032867043886855,0.9175176315446855,188.3335639642,10.138099379067574,-0.2594775629409831
20160910_flight07,5,-14.200000000000001,7.371448839949986,54.908091109999994,8.03771923,92.90400000000001,2016-09-10 09:21:56,2016-09-10 09:21:58,3,0.5866666666666667,7.4913333333333325,7.370297144620426,7.441052096801686,0.04167710894965982,8.032867043886855,True,0.9906460462920805,8.572337578409169,7.374310056774009,Flight 07,20160910_flight07_airborne.tab,45.0,43.4823481517797,187.2582311033201,90.0,downstream wake,8.032867043886855,0.9176610044305141,188.3335639642,10.138099379067574,-0.2594775629409831
20160910_flight07,5,-14.0,7.746084494762499,54.90846989,8.03474544,93.182,2016-09-10 09:21:53,2016-09-10 09:21:55,3,0.5206666666666666,7.712,7.371448839949986,7.449387518591617,0.04167710894965982,8.032867043886855,True,1.0398283718534453,8.572337578409169,7.374310056774009,Flight 07,20160910_flight07_airborne.tab,45.0,43.4823481517797,187.2582311033201,90.0,downstream wake,8.032867043886855,0.9642988552458861,188.3335639642,10.138099379067574,-0.2594775629409831
20160910_flight07,5,-13.8,7.266128886828254,54.90884304,8.031769259999999,93.54199999999999,2016-09-10 09:21:50,2016-09-10 09:21:52,3,0.449,7.286666666666666,7.496342841679534,7.45772294038155,0.04167710894965982,8.032867043886855,True,0.9743093092777869,8.572337578409169,7.374310056774009,Flight 07,20160910_flight07_airborne.tab,45.0,43.4823481517797,187.2582311033201,90.0,downstream wake,8.032867043886855,0.90454987579533,188.3335639642,10.138099379067574,-0.2594775629409831
20160910_flight07,5,-13.600000000000001,7.770753888780676,54.909212399999994,8.02879179,93.031,2016-09-10 09:21:47,2016-09-10 09:21:49,3,0.512,7.681333333333332,7.496342841679534,7.4660583621714816,0.04167710894965982,8.032867043886855,True,1.040810761425735,8.572337578409169,7.374310056774009,Flight 07,20160910_flight07_airborne.tab,45.0,43.4823481517797,187.2582311033201,90.0,downstream wake,8.032867043886855,0.9673699124267653,188.3335639642,10.138099379067574,-0.2594775629409831
20160910_flight07,5,-13.4,7.496342841679534,54.90958121,8.02580991,92.626,2016-09-10 09:21:44,2016-09-10 09:21:46,3,0.3983333333333334,7.4639999999999995,7.388353334810132,7.474393783961414,0.04167710894965982,8.032867043886855,True,1.0029365669447625,8.572337578409169,7.374310056774009,Flight 07,20160910_flight07_airborne.tab,45.0,43.4823481517797,187.2582311033201,90.0,downstream wake,8.032867043886855,0.9332088780660668,188.3335639642,10.138099379067574,-0.2594775629409831
20160910_flight07,5,-13.200000000000001,7.388353334810132,54.9099445,8.0228227,92.7,2016-09-10 09:21:41,2016-09-10 09:21:43,3,0.711,7.409666666666666,7.388353334810132,7.482729205751346,0.04167710894965982,8.032867043886855,True,0.9873875068379229,8.572337578409169,7.374310056774009,Flight 07,20160910_flight07_airborne.tab,45.0,43.4823481517797,187.2582311033201,90.0,downstream wake,8.032867043886855,0.9197654205459297,188.3335639642,10.138099379067574,-0.2594775629409831
20160910_flight07,5,-13.0,7.069950211988766,54.91030508,8.01983558,92.7,2016-09-10 09:21:38,2016-09-10 09:21:40,3,0.301,7.024333333333334,7.388353334810132,7.491064627541277,0.04167710894965982,8.032867043886855,True,0.9437844369938736,8.572337578409169,7.374310056774009,Flight 07,20160910_flight07_airborne.tab,45.0,43.4823481517797,187.2582311033201,90.0,downstream wake,8.032867043886855,0.8801278763065193,188.3335639642,10.138099379067574,-0.2594775629409831
20160910_flight07,5,-12.8,7.28780001097725,54.91066592,8.01684858,92.71600000000001,2016-09-10 09:21:35,2016-09-10 09:21:37,3,0.3676666666666666,7.461666666666666,7.388353334810132,7.49940004933121,0.04167710894965982,8.032867043886855,True,0.9717844044907525,8.572337578409169,7.374310056774009,Flight 07,20160910_flight07_airborne.tab,45.0,43.4823481517797,187.2582311033201,90.0,downstream wake,8.032867043886855,0.9072476826967262,188.3335639642,10.138099379067574,-0.2594775629409831
20160910_flight07,5,-12.600000000000001,7.780899947949466,54.91103131,8.013863129999999,92.785,2016-09-10 09:21:32,2016-09-10 09:21:34,3,0.534,7.7876666666666665,7.780899947949466,7.5077354711211415,0.04167710894965982,8.032867043886855,True,1.036384403510095,8.572337578409169,7.374310056774009,Flight 07,20160910_flight07_airborne.tab,45.0,43.4823481517797,187.2582311033201,90.0,downstream wake,8.032867043886855,0.9686329806579906,188.3335639642,10.138099379067574,-0.2594775629409831
20160910_flight07,5,-12.4,7.840381878454646,54.91140383,8.01087887,92.43,2016-09-10 09:21:29,2016-09-10 09:21:31,3,0.5116666666666667,7.871666666666666,7.780899947949466,7.516070892911073,0.04167710894965982,8.032867043886855,True,1.0431490056659063,8.572337578409169,7.374310056774009,Flight 07,20160910_flight07_airborne.tab,45.0,43.4823481517797,187.2582311033201,90.0,downstream wake,8.032867043886855,0.9760378001552145,188.3335639642,10.138099379067574,-0.2594775629409831
20160910_flight07,5,-12.200000000000001,8.007854773364613,54.91184392,8.00739739,92.96000000000001,2016-09-10 09:21:25,2016-09-10 09:21:28,4,0.74075,7.99075,7.780899947949466,7.524406314701006,0.04167710894965982,8.032867043886855,True,1.0642507114108202,8.572337578409169,7.374310056774009,Flight 07,20160910_flight07_airborne.tab,45.0,43.4823481517797,187.2582311033201,90.0,downstream wake,8.032867043886855,0.9968862586190473,188.3335639642,10.138099379067574,-0.2594775629409831
20160910_flight07,5,-12.0,7.312310305231856,54.91228534,8.003917940000001,92.949,2016-09-10 09:21:22,2016-09-10 09:21:24,3,0.47500000000000003,7.329000000000001,7.586217305086903,7.532741736490937,0.04167710894965982,8.032867043886855,True,0.9707368924927768,8.572337578409169,7.374310056774009,Flight 07,20160910_flight07_airborne.tab,45.0,43.4823481517797,187.2582311033201,90.0,downstream wake,8.032867043886855,0.9102989337781515,188.3335639642,10.138099379067574,-0.2594775629409831
20160910_flight07,5,-11.8,7.586217305086903,54.9126678,8.00093597,92.391,2016-09-10 09:21:19,2016-09-10 09:21:21,3,0.312,7.515333333333333,7.505648539600026,7.54107715828087,0.04167710894965982,8.032867043886855,True,1.0059859017297634,8.572337578409169,7.374310056774009,Flight 07,20160910_flight07_airborne.tab,45.0,43.4823481517797,187.2582311033201,90.0,downstream wake,8.032867043886855,0.9443972200262097,188.3335639642,10.138099379067574,-0.2594775629409831
20160910_flight07,5,-11.600000000000001,7.479663762496279,54.91305255,7.997954150000001,92.738,2016-09-10 09:21:16,2016-09-10 09:21:18,3,0.6826666666666666,7.433666666666666,7.505648539600026,7.549412580070801,0.04167710894965982,8.032867043886855,True,0.9907610271879103,8.572337578409169,7.374310056774009,Flight 07,20160910_flight07_airborne.tab,45.0,43.4823481517797,187.2582311033201,90.0,downstream wake,8.032867043886855,0.9311325236222386,188.3335639642,10.138099379067574,-0.2594775629409831
20160910_flight07,5,-11.4,7.505648539600026,54.91343508,7.9949719,92.695,2016-09-10 09:21:13,2016-09-10 09:21:15,3,0.41966666666666663,7.503333333333333,7.505648539600026,7.557748001860733,0.04167710894965982,8.032867043886855,True,0.993106483274134,8.572337578409169,7.374310056774009,Flight 07,20160910_flight07_airborne.tab,45.0,43.4823481517797,187.2582311033201,90.0,downstream wake,8.032867043886855,0.9343673309409434,188.3335639642,10.138099379067574,-0.2594775629409831
20160910_flight07,5,-11.200000000000001,7.592872249682593,54.91381087,7.9919828,92.73299999999999,2016-09-10 09:21:10,2016-09-10 09:21:12,3,0.503,7.5826666666666656,7.479663762496279,7.5660834236506656,0.04167710894965982,8.032867043886855,True,1.0035406463994554,8.572337578409169,7.374310056774009,Flight 07,20160910_flight07_airborne.tab,45.0,43.4823481517797,187.2582311033201,90.0,downstream wake,8.032867043886855,0.9452256844535843,188.3335639642,10.138099379067574,-0.2594775629409831
20160910_flight07,5,-11.0,7.303127617671761,54.91417104,7.98898224,93.08699999999999,2016-09-10 09:21:07,2016-09-10 09:21:09,3,0.33466666666666667,7.314333333333333,7.478373151962932,7.574418845440597,0.04167710894965982,8.032867043886855,True,0.9641832286668252,8.572337578409169,7.374310056774009,Flight 07,20160910_flight07_airborne.tab,45.0,43.4823481517797,187.2582311033201,90.0,downstream wake,8.032867043886855,0.9091557942851254,188.3335639642,10.138099379067574,-0.2594775629409831
20160910_flight07,5,-10.8,7.455524461766589,54.914511080000004,7.98596989,93.25399999999999,2016-09-10 09:21:04,2016-09-10 09:21:06,3,0.1753333333333333,7.453666666666666,7.460269432131791,7.582754267230529,0.04167710894965982,8.032867043886855,True,0.9832211619973268,8.572337578409169,7.374310056774009,Flight 07,20160910_flight07_airborne.tab,45.0,43.4823481517797,187.2582311033201,90.0,downstream wake,8.032867043886855,0.9281274569881456,188.3335639642,10.138099379067574,-0.2594775629409831
20160910_flight07,5,-10.600000000000001,7.478373151962932,54.91483617,7.98294725,92.945,2016-09-10 09:21:01,2016-09-10 09:21:03,3,0.216,7.346333333333334,7.455524461766589,7.591089689020461,0.04167710894965982,8.032867043886855,True,0.985151468145534,8.572337578409169,7.374310056774009,Flight 07,20160910_flight07_airborne.tab,45.0,43.4823481517797,187.2582311033201,90.0,downstream wake,8.032867043886855,0.9309718573836099,188.3335639642,10.138099379067574,-0.2594775629409831
20160910_flight07,5,-10.4,7.460269432131791,54.915147049999995,7.97991594,93.74,2016-09-10 09:20:58,2016-09-10 09:21:00,3,0.4116666666666667,7.428999999999999,7.455524461766589,7.599425110810393,0.04167710894965982,8.032867043886855,True,0.9816886571484665,8.572337578409169,7.374310056774009,Flight 07,20160910_flight07_airborne.tab,45.0,43.4823481517797,187.2582311033201,90.0,downstream wake,8.032867043886855,0.9287181514860476,188.3335639642,10.138099379067574,-0.2594775629409831
20160910_flight07,5,-10.200000000000001,7.324585790336543,54.91544901,7.9768872,94.8,2016-09-10 09:20:55,2016-09-10 09:20:57,3,0.30533333333333335,7.261,7.4121479343035235,7.6077605326003255,0.04167710894965982,8.032867043886855,True,0.9627781735439307,8.572337578409169,7.374310056774009,Flight 07,20160910_flight07_airborne.tab,45.0,43.4823481517797,187.2582311033201,90.0,downstream wake,8.032867043886855,0.9118270911642531,188.3335639642,10.138099379067574,-0.2594775629409831
20160910_flight07,5,-10.0,7.4121479343035235,54.9157515,7.97386058,95.01700000000001,2016-09-10 09:20:52,2016-09-10 09:20:54,3,0.11133333333333334,7.427666666666667,7.324585790336543,7.616095954390257,0.04167710894965982,8.032867043886855,True,0.973221448192342,8.572337578409169,7.374310056774009,Flight 07,20160910_flight07_airborne.tab,45.0,43.4823481517797,187.2582311033201,90.0,downstream wake,8.032867043886855,0.9227275758216728,188.3335639642,10.138099379067574,-0.2594775629409831
20160910_flight07,5,-9.8,7.122836583833719,54.91604897,7.9708342000000005,95.71,2016-09-10 09:20:49,2016-09-10 09:20:51,3,0.2316666666666667,7.084666666666667,7.324585790336543,7.624431376180189,0.04167710894965982,8.032867043886855,False,0.9342121703772528,8.572337578409169,7.374310056774009,Flight 07,20160910_flight07_airborne.tab,45.0,43.4823481517797,187.2582311033201,90.0,downstream wake,8.032867043886855,0.8867116242455819,188.3335639642,10.138099379067574,-0.2594775629409831
20160910_flight07,5,-9.600000000000001,7.008110729718815,54.91633876,7.967803730000001,95.04799999999999,2016-09-10 09:20:46,2016-09-10 09:20:48,3,0.2836666666666667,6.976333333333333,7.4121479343035235,7.632766797970121,0.04167710894965982,8.032867043886855,False,0.9181612533455852,8.572337578409169,7.374310056774009,Flight 07,20160910_flight07_airborne.tab,45.0,43.4823481517797,187.2582311033201,90.0,downstream wake,8.032867043886855,0.8724295685999315,188.3335639642,10.138099379067574,-0.2594775629409831
20160910_flight07,5,-9.4,7.636530363980753,54.91662352,7.964765,94.301,2016-09-10 09:20:43,2016-09-10 09:20:45,3,0.6766666666666667,7.604,7.449317619755517,7.641102219760053,0.04167710894965982,8.032867043886855,False,0.9994016758776663,8.572337578409169,7.374310056774009,Flight 07,20160910_flight07_airborne.tab,45.0,43.4823481517797,187.2582311033201,90.0,downstream wake,8.032867043886855,0.9506606199578865,188.3335639642,10.138099379067574,-0.2594775629409831
20160910_flight07,5,-9.200000000000001,7.597309063082797,54.916914049999995,7.961725189999999,94.3,2016-09-10 09:20:40,2016-09-10 09:20:42,3,1.1476666666666666,7.511666666666667,7.449317619755517,7.6494376415499845,0.04167710894965982,8.032867043886855,False,0.9931853057819522,8.572337578409169,7.374310056774009,Flight 07,20160910_flight07_airborne.tab,45.0,43.4823481517797,187.2582311033201,90.0,downstream wake,8.032867043886855,0.9457780169366149,188.3335639642,10.138099379067574,-0.2594775629409831
20160910_flight07,5,-9.0,7.449317619755517,54.917213849999996,7.9586925399999995,94.4,2016-09-10 09:20:37,2016-09-10 09:20:39,3,1.199,7.3309999999999995,7.449317619755517,7.657773063339917,0.04167710894965982,8.032867043886855,False,0.9727785817286307,8.572337578409169,7.374310056774009,Flight 07,20160910_flight07_airborne.tab,45.0,43.4823481517797,187.2582311033201,90.0,downstream wake,8.032867043886855,0.9273547762034193,188.3335639642,10.138099379067574,-0.2594775629409831
20160910_flight07,5,-8.8,7.061433848730723,54.91752449,7.95566648,94.38300000000001,2016-09-10 09:20:34,2016-09-10 09:20:36,3,0.7863333333333333,7.017333333333333,7.449317619755517,7.666108485129849,0.04167710894965982,8.032867043886855,False,0.9211236525582662,8.572337578409169,7.374310056774009,Flight 07,20160910_flight07_airborne.tab,45.0,43.4823481517797,187.2582311033201,90.0,downstream wake,8.032867043886855,0.8790676865621213,188.3335639642,10.138099379067574,-0.2594775629409831
20160910_flight07,5,-8.6,7.138541097451215,54.91784262,7.9526449,94.89399999999999,2016-09-10 09:20:31,2016-09-10 09:20:33,3,0.721,7.140333333333333,7.138541097451215,7.674443906919781,0.04167710894965982,8.032867043886855,False,0.9301704702036637,8.572337578409169,7.374310056774009,Flight 07,20160910_flight07_airborne.tab,45.0,43.4823481517797,187.2582311033201,90.0,downstream wake,8.032867043886855,0.8886666564316863,188.3335639642,10.138099379067574,-0.2594775629409831
20160910_flight07,5,-8.4,7.4693719280807,54.9181581,7.949625579999999,96.035,2016-09-10 09:20:28,2016-09-10 09:20:30,3,0.8736666666666668,7.406333333333333,7.138541097451215,7.682779328709713,0.04167710894965982,8.032867043886855,False,0.9722226304442284,8.572337578409169,7.374310056774009,Flight 07,20160910_flight07_airborne.tab,45.0,43.4823481517797,187.2582311033201,90.0,downstream wake,8.032867043886855,0.9298513080413818,188.3335639642,10.138099379067574,-0.2594775629409831
20160910_flight07,5,-8.200000000000001,6.720813194844801,54.91847114,7.94661049,96.182,2016-09-10 09:20:25,2016-09-10 09:20:27,3,0.5886666666666667,6.721999999999999,7.174354465734182,7.691114750499644,0.04167710894965982,8.032867043886855,False,0.8738412327560438,8.572337578409169,7.374310056774009,Flight 07,20160910_flight07_airborne.tab,45.0,43.4823481517797,187.2582311033201,90.0,downstream wake,8.032867043886855,0.8366643140146894,188.3335639642,10.138099379067574,-0.2594775629409831
20160910_flight07,5,-8.0,7.174354465734182,54.91878009,7.943589899999999,94.411,2016-09-10 09:20:22,2016-09-10 09:20:24,3,0.6353333333333333,6.969,7.343198553763885,7.699450172289577,0.04167710894965982,8.032867043886855,False,0.9318008825558451,8.572337578409169,7.374310056774009,Flight 07,20160910_flight07_airborne.tab,45.0,43.4823481517797,187.2582311033201,90.0,downstream wake,8.032867043886855,0.8931250108507628,188.3335639642,10.138099379067574,-0.2594775629409831
20160910_flight07,5,-7.800000000000001,7.343198553763885,54.91907543,7.94055293,93.01,2016-09-10 09:20:19,2016-09-10 09:20:21,3,1.1706666666666667,7.260333333333333,7.343198553763885,7.707785594079509,0.04167710894965982,8.032867043886855,False,0.9526988606694419,8.572337578409169,7.374310056774009,Flight 07,20160910_flight07_airborne.tab,45.0,43.4823481517797,187.2582311033201,90.0,downstream wake,8.032867043886855,0.9141441671628538,188.3335639642,10.138099379067574,-0.2594775629409831
20160910_flight07,5,-7.6000000000000005,7.422170706740718,54.919353629999996,7.93750197,92.414,2016-09-10 09:20:16,2016-09-10 09:20:18,3,1.5093333333333334,7.266000000000001,7.422170706740718,7.71612101586944,0.04167710894965982,8.032867043886855,False,0.9619043936034484,8.572337578409169,7.374310056774009,Flight 07,20160910_flight07_airborne.tab,45.0,43.4823481517797,187.2582311033201,90.0,downstream wake,8.032867043886855,0.9239752962659967,188.3335639642,10.138099379067574,-0.2594775629409831
20160910_flight07,5,-7.4,7.512952548765365,54.91961088,7.93444122,92.58699999999999,2016-09-10 09:20:13,2016-09-10 09:20:15,3,1.7063333333333333,7.314333333333333,7.462815085475454,7.724456437659373,0.04167710894965982,8.032867043886855,False,0.9726189291633708,8.572337578409169,7.374310056774009,Flight 07,20160910_flight07_airborne.tab,45.0,43.4823481517797,187.2582311033201,90.0,downstream wake,8.032867043886855,0.9352765964778226,188.3335639642,10.138099379067574,-0.2594775629409831
20160910_flight07,5,-7.2,7.462815085475454,54.91985056000001,7.9313772700000005,93.12899999999999,2016-09-10 09:20:10,2016-09-10 09:20:12,3,1.4000000000000001,7.309,7.462815085475454,7.732791859449304,0.04167710894965982,8.032867043886855,False,0.9650867657010651,8.572337578409169,7.374310056774009,Flight 07,20160910_flight07_airborne.tab,45.0,43.4823481517797,187.2582311033201,90.0,downstream wake,8.032867043886855,0.9290350561889084,188.3335639642,10.138099379067574,-0.2594775629409831
20160910_flight07,5,-7.0,7.482127037146589,54.92008747,7.9283179299999995,93.756,2016-09-10 09:20:07,2016-09-10 09:20:09,3,0.9616666666666666,7.437333333333334,7.462815085475454,7.741127281239237,0.04167710894965982,8.032867043886855,False,0.966542309061325,8.572337578409169,7.374310056774009,Flight 07,20160910_flight07_airborne.tab,45.0,43.4823481517797,187.2582311033201,90.0,downstream wake,8.032867043886855,0.9314391731207119,188.3335639642,10.138099379067574,-0.2594775629409831
20160910_flight07,5,-6.800000000000001,7.4116258000522395,54.920320860000004,7.92526218,94.444,2016-09-10 09:20:04,2016-09-10 09:20:06,3,1.0743333333333334,7.334333333333333,7.4116258000522395,7.7494627030291685,0.04167710894965982,8.032867043886855,False,0.9564051191775047,8.572337578409169,7.374310056774009,Flight 07,20160910_flight07_airborne.tab,45.0,43.4823481517797,187.2582311033201,90.0,downstream wake,8.032867043886855,0.9226625760839164,188.3335639642,10.138099379067574,-0.2594775629409831
20160910_flight07,5,-6.6000000000000005,7.293077608252911,54.92054486,7.9222068000000005,95.0,2016-09-10 09:20:01,2016-09-10 09:20:03,3,0.91,7.171333333333334,7.408483920479277,7.7577981248191,0.04167710894965982,8.032867043886855,False,0.9400963380215536,8.572337578409169,7.374310056774009,Flight 07,20160910_flight07_airborne.tab,45.0,43.4823481517797,187.2582311033201,90.0,downstream wake,8.032867043886855,0.9079046831483493,188.3335639642,10.138099379067574,-0.2594775629409831
20160910_flight07,5,-6.4,7.33267372791126,54.920761080000005,7.91915316,95.064,2016-09-10 09:19:58,2016-09-10 09:20:00,3,0.6843333333333333,7.360333333333333,7.408483920479277,7.766133546609033,0.04167710894965982,8.032867043886855,False,0.9441858917186614,8.572337578409169,7.374310056774009,Flight 07,20160910_flight07_airborne.tab,45.0,43.4823481517797,187.2582311033201,90.0,downstream wake,8.032867043886855,0.9128339468149852,188.3335639642,10.138099379067574,-0.2594775629409831
20160910_flight07,5,-6.2,7.408483920479277,54.92097758,7.91610303,94.99700000000001,2016-09-10 09:19:55,2016-09-10 09:19:57,3,0.8663333333333334,7.369666666666667,7.408483920479277,7.774468968398964,0.04167710894965982,8.032867043886855,False,0.9529247528792881,8.572337578409169,7.374310056774009,Flight 07,20160910_flight07_airborne.tab,45.0,43.4823481517797,187.2582311033201,90.0,downstream wake,8.032867043886855,0.9222714480401187,188.3335639642,10.138099379067574,-0.2594775629409831
20160910_flight07,5,-6.0,7.635133332169125,54.92119688,7.9130536199999995,94.50399999999999,2016-09-10 09:19:52,2016-09-10 09:19:54,3,0.8826666666666667,7.5263333333333335,7.452712056694529,7.782804390188897,0.04167710894965982,8.032867043886855,False,0.9810259836151185,8.572337578409169,7.374310056774009,Flight 07,20160910_flight07_airborne.tab,45.0,43.4823481517797,187.2582311033201,90.0,downstream wake,8.032867043886855,0.9504867054882463,188.3335639642,10.138099379067574,-0.2594775629409831
20160910_flight07,5,-5.800000000000001,7.452712056694529,54.921420250000004,7.91000396,93.85700000000001,2016-09-10 09:19:49,2016-09-10 09:19:51,3,1.0116666666666667,7.419,7.525509152210234,7.791139811978828,0.04167710894965982,8.032867043886855,False,0.9565624846362057,8.572337578409169,7.374310056774009,Flight 07,20160910_flight07_airborne.tab,45.0,43.4823481517797,187.2582311033201,90.0,downstream wake,8.032867043886855,0.9277773447484317,188.3335639642,10.138099379067574,-0.2594775629409831
20160910_flight07,5,-5.6000000000000005,7.525509152210234,54.921649470000006,7.90695432,93.052,2016-09-10 09:19:46,2016-09-10 09:19:48,3,1.0553333333333332,7.409,7.525509152210234,7.79947523376876,0.04167710894965982,8.032867043886855,False,0.9648737801778821,8.572337578409169,7.374310056774009,Flight 07,20160910_flight07_airborne.tab,45.0,43.4823481517797,187.2582311033201,90.0,downstream wake,8.032867043886855,0.9368397498794994,188.3335639642,10.138099379067574,-0.2594775629409831
20160910_flight07,5,-5.4,7.526029032630688,54.92188285,7.903903840000001,92.45200000000001,2016-09-10 09:19:43,2016-09-10 09:19:45,3,0.995,7.374333333333333,7.452712056694529,7.807810655558693,0.04167710894965982,8.032867043886855,False,0.9639102899188016,8.572337578409169,7.374310056774009,Flight 07,20160910_flight07_airborne.tab,45.0,43.4823481517797,187.2582311033201,90.0,downstream wake,8.032867043886855,0.9369044690411155,188.3335639642,10.138099379067574,-0.2594775629409831
20160910_flight07,5,-5.2,7.443053472869854,54.92212318,7.90085616,92.948,2016-09-10 09:19:40,2016-09-10 09:19:42,3,0.778,7.408666666666666,7.443053472869854,7.816146077348624,0.04167710894965982,8.032867043886855,False,0.9522664237865256,8.572337578409169,7.374310056774009,Flight 07,20160910_flight07_airborne.tab,45.0,43.4823481517797,187.2582311033201,90.0,downstream wake,8.032867043886855,0.9265749616177379,188.3335639642,10.138099379067574,-0.2594775629409831
20160910_flight07,5,-5.0,7.366673604823279,54.922373070000006,7.897817669999999,94.223,2016-09-10 09:19:37,2016-09-10 09:19:39,3,0.9203333333333333,7.213000000000001,7.389262615444115,7.824481499138556,0.04167710894965982,8.032867043886855,False,0.9414903218359352,8.572337578409169,7.374310056774009,Flight 07,20160910_flight07_airborne.tab,45.0,43.4823481517797,187.2582311033201,90.0,downstream wake,8.032867043886855,0.9170665423162258,188.3335639642,10.138099379067574,-0.2594775629409831
20160910_flight07,5,-4.800000000000001,7.389262615444115,54.92263164,7.89479222,94.9,2016-09-10 09:19:34,2016-09-10 09:19:36,3,0.6869999999999999,7.385333333333333,7.366673604823279,7.832816920928488,0.04167710894965982,8.032867043886855,False,0.9433723129287955,8.572337578409169,7.374310056774009,Flight 07,20160910_flight07_airborne.tab,45.0,43.4823481517797,187.2582311033201,90.0,downstream wake,8.032867043886855,0.9198786155769212,188.3335639642,10.138099379067574,-0.2594775629409831
20160910_flight07,5,-4.6000000000000005,7.346093928068168,54.92289695,7.89177363,94.80699999999999,2016-09-10 09:19:31,2016-09-10 09:19:33,3,0.6016666666666667,7.282,7.346093928068168,7.84115234271842,0.04167710894965982,8.032867043886855,False,0.93686407392531,8.572337578409169,7.374310056774009,Flight 07,20160910_flight07_airborne.tab,45.0,43.4823481517797,187.2582311033201,90.0,downstream wake,8.032867043886855,0.9145046081222853,188.3335639642,10.138099379067574,-0.2594775629409831
20160910_flight07,5,-4.4,7.202795013048754,54.92317083,7.88876019,94.8,2016-09-10 09:19:28,2016-09-10 09:19:30,3,0.529,7.191666666666666,7.323335647094157,7.849487764508352,0.04167710894965982,8.032867043886855,False,0.9176133818077105,8.572337578409169,7.374310056774009,Flight 07,20160910_flight07_airborne.tab,45.0,43.4823481517797,187.2582311033201,90.0,downstream wake,8.032867043886855,0.8966655334511233,188.3335639642,10.138099379067574,-0.2594775629409831
20160910_flight07,5,-4.2,7.15052676381258,54.92345794,7.8857536800000005,94.74799999999999,2016-09-10 09:19:25,2016-09-10 09:19:27,3,0.49933333333333324,7.078666666666667,7.222027693106694,7.857823186298284,0.04167710894965982,8.032867043886855,False,0.9099882491987068,8.572337578409169,7.374310056774009,Flight 07,20160910_flight07_airborne.tab,45.0,43.4823481517797,187.2582311033201,90.0,downstream wake,8.032867043886855,0.8901587347016093,188.3335639642,10.138099379067574,-0.2594775629409831
20160910_flight07,5,-4.0,7.323335647094157,54.92375975,7.88275408,94.323,2016-09-10 09:19:22,2016-09-10 09:19:24,3,0.593,7.2860000000000005,7.202795013048754,7.866158608088216,0.04167710894965982,8.032867043886855,False,0.9309926244767157,8.572337578409169,7.374310056774009,Flight 07,20160910_flight07_airborne.tab,45.0,43.4823481517797,187.2582311033201,90.0,downstream wake,8.032867043886855,0.9116714626401463,188.3335639642,10.138099379067574,-0.2594775629409831
20160910_flight07,5,-3.8000000000000003,7.222027693106694,54.92406922,7.87975652,93.54799999999999,2016-09-10 09:19:19,2016-09-10 09:19:21,3,0.769,7.188333333333333,7.222027693106694,7.874494029878148,0.04167710894965982,8.032867043886855,False,0.9171418081852871,8.572337578409169,7.374310056774009,Flight 07,20160910_flight07_airborne.tab,45.0,43.4823481517797,187.2582311033201,90.0,downstream wake,8.032867043886855,0.8990597819744541,188.3335639642,10.138099379067574,-0.2594775629409831
20160910_flight07,5,-3.6,7.176603036364016,54.924435645,7.876260405,93.2775,2016-09-10 09:19:15,2016-09-10 09:19:18,4,0.7155,7.121,7.289686961728878,7.88282945166808,0.04167710894965982,8.032867043886855,False,0.9104095274883031,8.572337578409169,7.374310056774009,Flight 07,20160910_flight07_airborne.tab,45.0,43.4823481517797,187.2582311033201,90.0,downstream wake,8.032867043886855,0.8934049321562629,188.3335639642,10.138099379067574,-0.2594775629409831
20160910_flight07,5,-3.4000000000000004,7.416182643381971,54.92479644,7.87276433,93.4,2016-09-10 09:19:12,2016-09-10 09:19:14,3,0.9263333333333335,7.372,7.222027693106694,7.8911648734580115,0.04167710894965982,8.032867043886855,False,0.9398083505169628,8.572337578409169,7.374310056774009,Flight 07,20160910_flight07_airborne.tab,45.0,43.4823481517797,187.2582311033201,90.0,downstream wake,8.032867043886855,0.9232298509192691,188.3335639642,10.138099379067574,-0.2594775629409831
20160910_flight07,5,-3.2,7.289686961728878,54.925106219999996,7.86977192,93.3,2016-09-10 09:19:09,2016-09-10 09:19:11,3,0.8196666666666667,7.2876666666666665,7.178280852683322,7.899500295247944,0.04167710894965982,8.032867043886855,False,0.922803555829233,8.572337578409169,7.374310056774009,Flight 07,20160910_flight07_airborne.tab,45.0,43.4823481517797,187.2582311033201,90.0,downstream wake,8.032867043886855,0.9074825864666155,188.3335639642,10.138099379067574,-0.2594775629409831
20160910_flight07,5,-3.0,7.178280852683322,54.9254209,7.8667852300000005,93.061,2016-09-10 09:19:06,2016-09-10 09:19:08,3,0.718,7.166666666666667,7.178280852683322,7.907835717037876,0.04167710894965982,8.032867043886855,False,0.9077427894989414,8.572337578409169,7.374310056774009,Flight 07,20160910_flight07_airborne.tab,45.0,43.4823481517797,187.2582311033201,90.0,downstream wake,8.032867043886855,0.8936138010831529,188.3335639642,10.138099379067574,-0.2594775629409831
20160910_flight07,5,-2.8000000000000003,7.1097615290528555,54.92573981,7.86380046,92.62299999999999,2016-09-10 09:19:03,2016-09-10 09:19:05,3,0.37399999999999994,7.120333333333334,7.1097615290528555,7.916171138827808,0.04167710894965982,8.032867043886855,False,0.8981313572391562,8.572337578409169,7.374310056774009,Flight 07,20160910_flight07_airborne.tab,45.0,43.4823481517797,187.2582311033201,90.0,downstream wake,8.032867043886855,0.8850839295869465,188.3335639642,10.138099379067574,-0.2594775629409831
20160910_flight07,5,-2.6,7.045862615748336,54.9260624,7.8608139,92.725,2016-09-10 09:19:00,2016-09-10 09:19:02,3,0.24,7.088333333333334,7.045862615748336,7.92450656061774,0.04167710894965982,8.032867043886855,False,0.8891231979999887,8.572337578409169,7.374310056774009,Flight 07,20160910_flight07_airborne.tab,45.0,43.4823481517797,187.2582311033201,90.0,downstream wake,8.032867043886855,0.8771292462895119,188.3335639642,10.138099379067574,-0.2594775629409831
20160910_flight07,5,-2.4000000000000004,6.925485470347909,54.92638318,7.8578283099999995,93.425,2016-09-10 09:18:57,2016-09-10 09:18:59,3,0.23099999999999998,6.918666666666667,7.045862615748336,7.9328419824076715,0.04167710894965982,8.032867043886855,False,0.8730144235453404,8.572337578409169,7.374310056774009,Flight 07,20160910_flight07_airborne.tab,45.0,43.4823481517797,187.2582311033201,90.0,downstream wake,8.032867043886855,0.862143669565441,188.3335639642,10.138099379067574,-0.2594775629409831
20160910_flight07,5,-2.2,6.843569317249589,54.92670354,7.85484819,94.31700000000001,2016-09-10 09:18:54,2016-09-10 09:18:56,3,0.5003333333333333,6.902666666666666,7.045862615748336,7.941177404197604,0.04167710894965982,8.032867043886855,False,0.86178270159689,8.572337578409169,7.374310056774009,Flight 07,20160910_flight07_airborne.tab,45.0,43.4823481517797,187.2582311033201,90.0,downstream wake,8.032867043886855,0.8519460461452127,188.3335639642,10.138099379067574,-0.2594775629409831
20160910_flight07,5,-2.0,7.174015681610962,54.92701886,7.85186808,94.186,2016-09-10 09:18:51,2016-09-10 09:18:53,3,0.022999999999999996,7.178333333333334,7.057862707647408,7.949512825987536,0.04167710894965982,8.032867043886855,False,0.9024472113760963,8.572337578409169,7.374310056774009,Flight 07,20160910_flight07_airborne.tab,45.0,43.4823481517797,187.2582311033201,90.0,downstream wake,8.032867043886855,0.8930828361052617,188.3335639642,10.138099379067574,-0.2594775629409831
20160910_flight07,5,-1.8,7.115012016855629,54.92733308,7.84888269,93.586,2016-09-10 09:18:48,2016-09-10 09:18:50,3,-0.12,7.075333333333333,7.115012016855629,7.957848247777467,0.04167710894965982,8.032867043886855,False,0.8940874210365557,8.572337578409169,7.374310056774009,Flight 07,20160910_flight07_airborne.tab,45.0,43.4823481517797,187.2582311033201,90.0,downstream wake,8.032867043886855,0.8857375552194993,188.3335639642,10.138099379067574,-0.2594775629409831
20160910_flight07,5,-1.6,7.057862707647408,54.92764456,7.84589348,93.54,2016-09-10 09:18:45,2016-09-10 09:18:47,3,0.14533333333333334,6.998333333333332,7.115012016855629,7.9661836695674,0.04167710894965982,8.032867043886855,False,0.8859779036491487,8.572337578409169,7.374310056774009,Flight 07,20160910_flight07_airborne.tab,45.0,43.4823481517797,187.2582311033201,90.0,downstream wake,8.032867043886855,0.8786231203737599,188.3335639642,10.138099379067574,-0.2594775629409831
20160910_flight07,5,-1.4000000000000001,7.167341836413274,54.9279549,7.8429037500000005,93.545,2016-09-10 09:18:42,2016-09-10 09:18:44,3,4.625929269271485e-18,7.151000000000001,7.097228895843786,7.974519091357331,0.04167710894965982,8.032867043886855,False,0.8987804473602848,8.572337578409169,7.374310056774009,Flight 07,20160910_flight07_airborne.tab,45.0,43.4823481517797,187.2582311033201,90.0,downstream wake,8.032867043886855,0.8922520187692812,188.3335639642,10.138099379067574,-0.2594775629409831
20160910_flight07,5,-1.2000000000000002,7.03920052278666,54.928267930000004,7.83991391,93.5,2016-09-10 09:18:39,2016-09-10 09:18:41,3,0.03233333333333332,7.1000000000000005,7.057862707647408,7.982854513147264,0.04167710894965982,8.032867043886855,False,0.8817899050012168,8.572337578409169,7.374310056774009,Flight 07,20160910_flight07_airborne.tab,45.0,43.4823481517797,187.2582311033201,90.0,downstream wake,8.032867043886855,0.8762998919723947,188.3335639642,10.138099379067574,-0.2594775629409831
20160910_flight07,5,-1.0,7.097228895843786,54.92857793,7.836921220000001,93.314,2016-09-10 09:18:36,2016-09-10 09:18:38,3,0.08266666666666668,7.108333333333333,7.03920052278666,7.9911899349371955,0.04167710894965982,8.032867043886855,False,0.8881316742097389,8.572337578409169,7.374310056774009,Flight 07,20160910_flight07_airborne.tab,45.0,43.4823481517797,187.2582311033201,90.0,downstream wake,8.032867043886855,0.8835237602052551,188.3335639642,10.138099379067574,-0.2594775629409831
20160910_flight07,5,-0.8,7.012280085678267,54.92888556,7.83392481,92.991,2016-09-10 09:18:33,2016-09-10 09:18:35,3,0.21533333333333335,7.014666666666667,7.012280085678267,7.999525356727127,0.04167710894965982,8.032867043886855,False,0.8765870189762389,8.572337578409169,7.374310056774009,Flight 07,20160910_flight07_airborne.tab,45.0,43.4823481517797,187.2582311033201,90.0,downstream wake,8.032867043886855,0.8729486056929983,188.3335639642,10.138099379067574,-0.2594775629409831
20160910_flight07,5,-0.6000000000000001,6.902640798998598,54.92919317,7.830925,92.51,2016-09-10 09:18:30,2016-09-10 09:18:32,3,0.24366666666666667,6.860666666666667,7.002399660116524,8.00786077851706,0.04167710894965982,8.032867043886855,False,0.8619831175782339,8.572337578409169,7.374310056774009,Flight 07,20160910_flight07_airborne.tab,45.0,43.4823481517797,187.2582311033201,90.0,downstream wake,8.032867043886855,0.8592997694704312,188.3335639642,10.138099379067574,-0.2594775629409831
20160910_flight07,5,-0.4,7.002399660116524,54.92951058,7.82792729,92.5,2016-09-10 09:18:27,2016-09-10 09:18:29,3,0.17299999999999996,7.029,7.002399660116524,8.016196200306991,0.04167710894965982,8.032867043886855,False,0.8735314711793553,8.572337578409169,7.374310056774009,Flight 07,20160910_flight07_airborne.tab,45.0,43.4823481517797,187.2582311033201,90.0,downstream wake,8.032867043886855,0.8717186058053166,188.3335639642,10.138099379067574,-0.2594775629409831
20160910_flight07,5,-0.2,6.99709403967104,54.929839650000005,7.82493883,92.979,2016-09-10 09:18:24,2016-09-10 09:18:26,3,0.37966666666666665,7.019000000000001,7.002399660116524,8.024531622096923,0.04167710894965982,8.032867043886855,False,0.8719629218487148,8.572337578409169,7.374310056774009,Flight 07,20160910_flight07_airborne.tab,45.0,43.4823481517797,187.2582311033201,90.0,downstream wake,8.032867043886855,0.8710581167898136,188.3335639642,10.138099379067574,-0.2594775629409831
20160910_flight07,5,0.0,7.0103370104439335,54.93017398,7.821959369999999,93.029,2016-09-10 09:18:21,2016-09-10 09:18:23,3,0.27066666666666667,6.996333333333332,7.002399660116524,8.032867043886855,0.04167710894965982,8.032867043886855,False,0.8727067150674325,8.572337578409169,7.374310056774009,Flight 07,20160910_flight07_airborne.tab,45.0,43.4823481517797,187.2582311033201,90.0,downstream wake,8.032867043886855,0.8727067150674325,188.3335639642,10.138099379067574,-0.2594775629409831
20160910_flight07,5,0.2,7.021424225270607,54.93056210500001,7.818476635,92.7875,2016-09-10 09:18:17,2016-09-10 09:18:20,4,0.19225,7.0195,6.99709403967104,8.041202465676788,0.04167710894965982,8.032867043886855,False,0.8731808775168862,8.572337578409169,7.374310056774009,Flight 07,20160910_flight07_airborne.tab,45.0,43.4823481517797,187.2582311033201,90.0,downstream wake,8.032867043886855,0.8740869464052723,188.3335639642,10.138099379067574,-0.2594775629409831
20160910_flight07,5,0.4,6.974186475855087,54.93094455000001,7.81498909,92.56299999999999,2016-09-10 09:18:14,2016-09-10 09:18:16,3,0.005333333333333333,6.9316666666666675,7.0103370104439335,8.04953788746672,0.04167710894965982,8.032867043886855,False,0.8664083048436887,8.572337578409169,7.374310056774009,Flight 07,20160910_flight07_airborne.tab,45.0,43.4823481517797,187.2582311033201,90.0,downstream wake,8.032867043886855,0.8682063873025957,188.3335639642,10.138099379067574,-0.2594775629409831
20160910_flight07,5,0.6000000000000001,6.859798830869605,54.93127079,7.81199647,92.7,2016-09-10 09:18:11,2016-09-10 09:18:13,3,0.17833333333333332,6.855666666666667,7.017026150727956,8.057873309256651,0.04167710894965982,8.032867043886855,False,0.8513162924749967,8.572337578409169,7.374310056774009,Flight 07,20160910_flight07_airborne.tab,45.0,43.4823481517797,187.2582311033201,90.0,downstream wake,8.032867043886855,0.8539664348223,188.3335639642,10.138099379067574,-0.2594775629409831
20160910_flight07,5,0.8,7.017026150727956,54.93159029,7.808999750000001,92.6,2016-09-10 09:18:08,2016-09-10 09:18:10,3,-0.054333333333333324,7.044333333333333,7.017026150727956,8.066208731046583,0.04167710894965982,8.032867043886855,False,0.8699286597580402,8.572337578409169,7.374310056774009,Flight 07,20160910_flight07_airborne.tab,45.0,43.4823481517797,187.2582311033201,90.0,downstream wake,8.032867043886855,0.8735394364665888,188.3335639642,10.138099379067574,-0.2594775629409831
20160910_flight07,5,1.0,7.380545847022428,54.931903590000005,7.805996840000001,92.40800000000002,2016-09-10 09:18:05,2016-09-10 09:18:07,3,0.211,7.359000000000001,7.316112423958505,8.074544152836514,0.04167710894965982,8.032867043886855,False,0.9140510854014847,8.572337578409169,7.374310056774009,Flight 07,20160910_flight07_airborne.tab,45.0,43.4823481517797,187.2582311033201,90.0,downstream wake,8.032867043886855,0.9187934776835558,188.3335639642,10.138099379067574,-0.2594775629409831
20160910_flight07,5,1.2000000000000002,7.316112423958505,54.93221095,7.80298932,92.712,2016-09-10 09:18:02,2016-09-10 09:18:04,3,0.24733333333333332,7.279333333333334,7.339074192294284,8.082879574626448,0.04167710894965982,8.032867043886855,False,0.9051368830144448,8.572337578409169,7.374310056774009,Flight 07,20160910_flight07_airborne.tab,45.0,43.4823481517797,187.2582311033201,90.0,downstream wake,8.032867043886855,0.9107722540392584,188.3335639642,10.138099379067574,-0.2594775629409831
20160910_flight07,5,1.4000000000000001,7.339074192294284,54.93251239999999,7.79998066,93.294,2016-09-10 09:17:59,2016-09-10 09:18:01,3,0.141,7.349333333333333,7.359009783931532,8.09121499641638,0.04167710894965982,8.032867043886855,False,0.9070422916143965,8.572337578409169,7.374310056774009,Flight 07,20160910_flight07_airborne.tab,45.0,43.4823481517797,187.2582311033201,90.0,downstream wake,8.032867043886855,0.913630731368751,188.3335639642,10.138099379067574,-0.2594775629409831
20160910_flight07,5,1.6,7.359009783931532,54.93281112,7.79697188,93.527,2016-09-10 09:17:56,2016-09-10 09:17:58,3,0.08133333333333334,7.315666666666666,7.339074192294284,8.099550418206311,0.04167710894965982,8.032867043886855,False,0.9085701556212084,8.572337578409169,7.374310056774009,Flight 07,20160910_flight07_airborne.tab,45.0,43.4823481517797,187.2582311033201,90.0,downstream wake,8.032867043886855,0.9161124843379377,188.3335639642,10.138099379067574,-0.2594775629409831
20160910_flight07,5,1.8,7.405021066816758,54.93311573,7.79396648,93.5,2016-09-10 09:17:53,2016-09-10 09:17:55,3,0.04533333333333334,7.413333333333333,7.339074192294284,8.107885839996243,0.04167710894965982,8.032867043886855,False,0.9133109682289495,8.572337578409169,7.374310056774009,Flight 07,20160910_flight07_airborne.tab,45.0,43.4823481517797,187.2582311033201,90.0,downstream wake,8.032867043886855,0.9218403623961512,188.3335639642,10.138099379067574,-0.2594775629409831
20160910_flight07,5,2.0,6.966186690004798,54.93342383,7.79096153,93.6,2016-09-10 09:17:50,2016-09-10 09:17:52,3,-0.04499999999999999,6.991333333333333,7.058507561800864,8.116221261786174,0.04167710894965982,8.032867043886855,False,0.8583041868022849,8.572337578409169,7.374310056774009,Flight 07,20160910_flight07_airborne.tab,45.0,43.4823481517797,187.2582311033201,90.0,downstream wake,8.032867043886855,0.8672105055325398,188.3335639642,10.138099379067574,-0.2594775629409831
20160910_flight07,5,2.2,6.81879879450919,54.93372893,7.78795298,93.43,2016-09-10 09:17:47,2016-09-10 09:17:49,3,-0.032333333333333325,6.816333333333333,7.058507561800864,8.124556683576106,0.04167710894965982,8.032867043886855,False,0.8392825676622427,8.572337578409169,7.374310056774009,Flight 07,20160910_flight07_airborne.tab,45.0,43.4823481517797,187.2582311033201,90.0,downstream wake,8.032867043886855,0.8488623995959711,188.3335639642,10.138099379067574,-0.2594775629409831
20160910_flight07,5,2.4000000000000004,7.058507561800864,54.934032450000004,7.7849410699999995,93.022,2016-09-10 09:17:44,2016-09-10 09:17:46,3,0.44733333333333336,7.172666666666667,7.058507561800864,8.13289210536604,0.04167710894965982,8.032867043886855,False,0.8678963731909953,8.572337578409169,7.374310056774009,Flight 07,20160910_flight07_airborne.tab,45.0,43.4823481517797,187.2582311033201,90.0,downstream wake,8.032867043886855,0.8787033973346423,188.3335639642,10.138099379067574,-0.2594775629409831
20160910_flight07,5,2.6,7.54338286182002,54.9343443,7.781933,92.904,2016-09-10 09:17:41,2016-09-10 09:17:43,3,0.7173333333333334,7.464333333333333,7.54338286182002,8.141227527155971,0.04167710894965982,8.032867043886855,False,0.926565783434774,8.572337578409169,7.374310056774009,Flight 07,20160910_flight07_airborne.tab,45.0,43.4823481517797,187.2582311033201,90.0,downstream wake,8.032867043886855,0.9390648221372792,188.3335639642,10.138099379067574,-0.2594775629409831
20160910_flight07,5,2.8000000000000003,7.7757279401995545,54.93466058,7.7789274,92.9,2016-09-10 09:17:38,2016-09-10 09:17:40,3,0.8983333333333334,7.836000000000001,7.54338286182002,8.149562948945903,0.04167710894965982,8.032867043886855,False,0.9541282138578117,8.572337578409169,7.374310056774009,Flight 07,20160910_flight07_airborne.tab,45.0,43.4823481517797,187.2582311033201,90.0,downstream wake,8.032867043886855,0.9679891248937094,188.3335639642,10.138099379067574,-0.2594775629409831
20160910_flight07,5,3.0,7.714440809287476,54.934982760000004,7.7759255099999995,92.765,2016-09-10 09:17:35,2016-09-10 09:17:37,3,0.7823333333333333,7.6436666666666655,7.54338286182002,8.157898370735834,0.04167710894965982,8.032867043886855,False,0.9456407102300836,8.572337578409169,7.374310056774009,Flight 07,20160910_flight07_airborne.tab,45.0,43.4823481517797,187.2582311033201,90.0,downstream wake,8.032867043886855,0.9603595786087725,188.3335639642,10.138099379067574,-0.2594775629409831
20160910_flight07,5,3.2,7.350189453340642,54.935311670000004,7.772926,92.631,2016-09-10 09:17:32,2016-09-10 09:17:34,3,0.757,7.2746666666666675,7.350189453340642,8.166233792525766,0.04167710894965982,8.032867043886855,False,0.9000709066238077,8.572337578409169,7.374310056774009,Flight 07,20160910_flight07_airborne.tab,45.0,43.4823481517797,187.2582311033201,90.0,downstream wake,8.032867043886855,0.9150144541399149,188.3335639642,10.138099379067574,-0.2594775629409831
20160910_flight07,5,3.4000000000000004,7.240690574800169,54.935643680000005,7.769926000000001,92.391,2016-09-10 09:17:29,2016-09-10 09:17:31,3,0.6613333333333333,7.122333333333334,7.284292209954238,8.1745692143157,0.04167710894965982,8.032867043886855,False,0.885758060757492,8.572337578409169,7.374310056774009,Flight 07,20160910_flight07_airborne.tab,45.0,43.4823481517797,187.2582311033201,90.0,downstream wake,8.032867043886855,0.9013830971235177,188.3335639642,10.138099379067574,-0.2594775629409831
20160910_flight07,5,3.6,7.284292209954238,54.93597931,7.76692291,91.771,2016-09-10 09:17:26,2016-09-10 09:17:28,3,0.7173333333333334,7.2956666666666665,7.284292209954238,8.182904636105631,0.04167710894965982,8.032867043886855,False,0.8901841746772382,8.572337578409169,7.374310056774009,Flight 07,20160910_flight07_airborne.tab,45.0,43.4823481517797,187.2582311033201,90.0,downstream wake,8.032867043886855,0.9068110016208603,188.3335639642,10.138099379067574,-0.2594775629409831
20160910_flight07,5,3.8000000000000003,7.17699045561578,54.93632246999999,7.763921,92.112,2016-09-10 09:17:23,2016-09-10 09:17:25,3,0.7076666666666668,6.959,7.284292209954238,8.191240057895563,0.04167710894965982,8.032867043886855,False,0.8761787476485756,8.572337578409169,7.374310056774009,Flight 07,20160910_flight07_airborne.tab,45.0,43.4823481517797,187.2582311033201,90.0,downstream wake,8.032867043886855,0.8934531614185733,188.3335639642,10.138099379067574,-0.2594775629409831
20160910_flight07,5,4.0,7.42294746040951,54.93667531,7.760929569999999,92.90299999999999,2016-09-10 09:17:20,2016-09-10 09:17:22,3,0.8556666666666667,7.265333333333333,7.417684611790933,8.199575479685494,0.04167710894965982,8.032867043886855,False,0.9052843624404598,8.572337578409169,7.374310056774009,Flight 07,20160910_flight07_airborne.tab,45.0,43.4823481517797,187.2582311033201,90.0,downstream wake,8.032867043886855,0.9240719932067712,188.3335639642,10.138099379067574,-0.2594775629409831
20160910_flight07,5,4.2,7.679789710662656,54.93702684,7.75794108,93.071,2016-09-10 09:17:17,2016-09-10 09:17:19,3,0.618,7.652333333333334,7.42294746040951,8.207910901475426,0.04167710894965982,8.032867043886855,False,0.9356570512092381,8.572337578409169,7.374310056774009,Flight 07,20160910_flight07_airborne.tab,45.0,43.4823481517797,187.2582311033201,90.0,downstream wake,8.032867043886855,0.9560459134583964,188.3335639642,10.138099379067574,-0.2594775629409831
20160910_flight07,5,4.4,7.417684611790933,54.93737789,7.754949900000001,92.384,2016-09-10 09:17:14,2016-09-10 09:17:16,3,0.5456666666666666,7.372333333333334,7.42294746040951,8.21624632326536,0.04167710894965982,8.032867043886855,False,0.9028069899495106,8.572337578409169,7.374310056774009,Flight 07,20160910_flight07_airborne.tab,45.0,43.4823481517797,187.2582311033201,90.0,downstream wake,8.032867043886855,0.923416828794137,188.3335639642,10.138099379067574,-0.2594775629409831
20160910_flight07,5,4.6000000000000005,7.61187631271029,54.9377263,7.751952999999999,91.926,2016-09-10 09:17:11,2016-09-10 09:17:13,3,0.5903333333333333,7.527333333333334,7.421348260255679,8.224581745055291,0.04167710894965982,8.032867043886855,False,0.9255031500278581,8.572337578409169,7.374310056774009,Flight 07,20160910_flight07_airborne.tab,45.0,43.4823481517797,187.2582311033201,90.0,downstream wake,8.032867043886855,0.9475914727734794,188.3335639642,10.138099379067574,-0.2594775629409831
20160910_flight07,5,4.800000000000001,7.329955593317057,54.93806497,7.74895153,92.17299999999999,2016-09-10 09:17:08,2016-09-10 09:17:10,3,0.859,7.296666666666667,7.421348260255679,8.232917166845223,0.04167710894965982,8.032867043886855,False,0.8903230100304566,8.572337578409169,7.374310056774009,Flight 07,20160910_flight07_airborne.tab,45.0,43.4823481517797,187.2582311033201,90.0,downstream wake,8.032867043886855,0.9124955701707119,188.3335639642,10.138099379067574,-0.2594775629409831
20160910_flight07,5,5.0,7.421348260255679,54.93839179,7.74594488,92.109,2016-09-10 09:17:05,2016-09-10 09:17:07,3,0.8230000000000001,7.303999999999999,7.61187631271029,8.241252588635154,0.04167710894965982,8.032867043886855,False,0.9005121709884079,8.572337578409169,7.374310056774009,Flight 07,20160910_flight07_airborne.tab,45.0,43.4823481517797,187.2582311033201,90.0,downstream wake,8.032867043886855,0.9238729110926153,188.3335639642,10.138099379067574,-0.2594775629409831
20160910_flight07,5,5.2,7.810845792870322,54.93870058,7.74292824,92.008,2016-09-10 09:17:02,2016-09-10 09:17:04,3,0.668,7.749,7.810845792870322,8.249588010425086,0.04167710894965982,8.032867043886855,False,0.9468164692587895,8.572337578409169,7.374310056774009,Flight 07,20160910_flight07_airborne.tab,45.0,43.4823481517797,187.2582311033201,90.0,downstream wake,8.032867043886855,0.9723608955801784,188.3335639642,10.138099379067574,-0.2594775629409831
20160910_flight07,5,5.4,8.592888374665817,54.939049895000004,7.739404544999999,92.291,2016-09-10 09:16:58,2016-09-10 09:17:01,4,1.03975,8.5435,8.592888374665817,8.25792343221502,0.04167710894965982,8.032867043886855,False,1.0405628539911214,8.572337578409169,7.374310056774009,Flight 07,20160910_flight07_airborne.tab,45.0,43.4823481517797,187.2582311033201,90.0,downstream wake,8.032867043886855,1.069716245484873,188.3335639642,10.138099379067574,-0.2594775629409831
20160910_flight07,5,5.6000000000000005,8.628333790483536,54.939400500000005,7.73587979,92.44,2016-09-10 09:16:55,2016-09-10 09:16:57,3,0.6616666666666666,8.559,8.628333790483536,8.26625885400495,0.04167710894965982,8.032867043886855,False,1.0438015483029741,8.572337578409169,7.374310056774009,Flight 07,20160910_flight07_airborne.tab,45.0,43.4823481517797,187.2582311033201,90.0,downstream wake,8.032867043886855,1.074128794033737,188.3335639642,10.138099379067574,-0.2594775629409831
20160910_flight07,5,5.800000000000001,8.761121960114469,54.9396987,7.73285548,92.77,2016-09-10 09:16:52,2016-09-10 09:16:54,3,0.949,8.745333333333333,8.761121960114469,8.274594275794882,0.04167710894965982,8.032867043886855,False,1.0587977691840182,8.572337578409169,7.374310056774009,Flight 07,20160910_flight07_airborne.tab,45.0,43.4823481517797,187.2582311033201,90.0,downstream wake,8.032867043886855,1.0906594012136461,188.3335639642,10.138099379067574,-0.2594775629409831
20160910_flight07,5,6.0,8.926481949794105,54.93999875,7.72983106,92.819,2016-09-10 09:16:49,2016-09-10 09:16:51,3,1.0176666666666667,8.696,8.796694663338043,8.282929697584814,0.04167710894965982,8.032867043886855,False,1.07769621084638,8.572337578409169,7.374310056774009,Flight 07,20160910_flight07_airborne.tab,45.0,43.4823481517797,187.2582311033201,90.0,downstream wake,8.032867043886855,1.1112448271613442,188.3335639642,10.138099379067574,-0.2594775629409831
20160910_flight07,5,6.2,8.945992007597592,54.9402995,7.7268048899999995,92.471,2016-09-10 09:16:46,2016-09-10 09:16:48,3,1.1803333333333332,8.891333333333334,8.899172152509468,8.291265119374746,0.04167710894965982,8.032867043886855,False,1.0789658609146273,8.572337578409169,7.374310056774009,Flight 07,20160910_flight07_airborne.tab,45.0,43.4823481517797,187.2582311033201,90.0,downstream wake,8.032867043886855,1.1136736060390344,188.3335639642,10.138099379067574,-0.2594775629409831
20160910_flight07,5,6.4,8.796694663338043,54.94059942,7.72377659,92.039,2016-09-10 09:16:43,2016-09-10 09:16:45,3,1.3643333333333334,8.732,8.899172152509468,8.299600541164677,0.04167710894965982,8.032867043886855,False,1.0598937406334026,8.572337578409169,7.374310056774009,Flight 07,20160910_flight07_airborne.tab,45.0,43.4823481517797,187.2582311033201,90.0,downstream wake,8.032867043886855,1.0950877955875635,188.3335639642,10.138099379067574,-0.2594775629409831
20160910_flight07,5,6.6000000000000005,8.899172152509468,54.94090360999999,7.72075032,91.77,2016-09-10 09:16:40,2016-09-10 09:16:42,3,1.7333333333333334,8.698333333333332,8.873442623919987,8.30793596295461,0.04167710894965982,8.032867043886855,False,1.071165231916953,8.572337578409169,7.374310056774009,Flight 07,20160910_flight07_airborne.tab,45.0,43.4823481517797,187.2582311033201,90.0,downstream wake,8.032867043886855,1.1078450699967561,188.3335639642,10.138099379067574,-0.2594775629409831
20160910_flight07,5,6.800000000000001,8.873442623919987,54.94121558,7.7177251899999995,90.97399999999999,2016-09-10 09:16:37,2016-09-10 09:16:39,3,1.4116666666666668,8.744333333333335,8.796694663338043,8.316271384744542,0.04167710894965982,8.032867043886855,False,1.0669977221038656,8.572337578409169,7.374310056774009,Flight 07,20160910_flight07_airborne.tab,45.0,43.4823481517797,187.2582311033201,90.0,downstream wake,8.032867043886855,1.104642038196415,188.3335639642,10.138099379067574,-0.2594775629409831
20160910_flight07,5,7.0,8.60858693398632,54.9415334,7.71469794,90.851,2016-09-10 09:16:34,2016-09-10 09:16:36,3,1.4256666666666666,8.524,8.60858693398632,8.324606806534474,0.04167710894965982,8.032867043886855,False,1.0341133382094314,8.572337578409169,7.374310056774009,Flight 07,20160910_flight07_airborne.tab,45.0,43.4823481517797,187.2582311033201,90.0,downstream wake,8.032867043886855,1.0716705364291568,188.3335639642,10.138099379067574,-0.2594775629409831
20160910_flight07,5,7.2,8.452699273013325,54.94185385,7.71167229,91.355,2016-09-10 09:16:31,2016-09-10 09:16:33,3,1.619,8.278,8.60858693398632,8.332942228324406,0.04167710894965982,8.032867043886855,False,1.0143715198554784,8.572337578409169,7.374310056774009,Flight 07,20160910_flight07_airborne.tab,45.0,43.4823481517797,187.2582311033201,90.0,downstream wake,8.032867043886855,1.0522643069818975,188.3335639642,10.138099379067574,-0.2594775629409831
20160910_flight07,5,7.4,8.125300363678873,54.94216648,7.70864557,91.779,2016-09-10 09:16:28,2016-09-10 09:16:30,3,1.023,8.215333333333334,8.60858693398632,8.341277650114337,0.04167710894965982,8.032867043886855,False,0.9741074095006892,8.572337578409169,7.374310056774009,Flight 07,20160910_flight07_airborne.tab,45.0,43.4823481517797,187.2582311033201,90.0,downstream wake,8.032867043886855,1.01150689029048,188.3335639642,10.138099379067574,-0.2594775629409831
20160910_flight07,5,7.6000000000000005,8.669280535315487,54.94247347,7.7056162,91.962,2016-09-10 09:16:25,2016-09-10 09:16:27,3,1.1853333333333333,8.525333333333334,8.644883110834988,8.34961307190427,0.04167710894965982,8.032867043886855,False,1.038285302643169,8.572337578409169,7.374310056774009,Flight 07,20160910_flight07_airborne.tab,45.0,43.4823481517797,187.2582311033201,90.0,downstream wake,8.032867043886855,1.0792261950747652,188.3335639642,10.138099379067574,-0.2594775629409831
20160910_flight07,5,7.800000000000001,8.644883110834988,54.94278042,7.70258619,91.8,2016-09-10 09:16:22,2016-09-10 09:16:24,3,0.9706666666666667,8.663333333333332,8.669280535315487,8.357948493694202,0.04167710894965982,8.032867043886855,False,1.0343307472350742,8.572337578409169,7.374310056774009,Flight 07,20160910_flight07_airborne.tab,45.0,43.4823481517797,187.2582311033201,90.0,downstream wake,8.032867043886855,1.0761889949882697,188.3335639642,10.138099379067574,-0.2594775629409831
20160910_flight07,5,8.0,8.685007311453456,54.9430877,7.699554399999999,92.04,2016-09-10 09:16:19,2016-09-10 09:16:21,3,1.2976666666666665,8.63,8.669280535315487,8.366283915484134,0.04167710894965982,8.032867043886855,False,1.0380961725885773,8.572337578409169,7.374310056774009,Flight 07,20160910_flight07_airborne.tab,45.0,43.4823481517797,187.2582311033201,90.0,downstream wake,8.032867043886855,1.081183998689844,188.3335639642,10.138099379067574,-0.2594775629409831
20160910_flight07,5,8.200000000000001,8.743335576311823,54.94339821,7.69652743,92.57199999999999,2016-09-10 09:16:16,2016-09-10 09:16:18,3,1.2409999999999999,8.671333333333335,8.644883110834988,8.374619337274066,0.04167710894965982,8.032867043886855,False,1.0440278207508085,8.572337578409169,7.374310056774009,Flight 07,20160910_flight07_airborne.tab,45.0,43.4823481517797,187.2582311033201,90.0,downstream wake,8.032867043886855,1.0884452000192941,188.3335639642,10.138099379067574,-0.2594775629409831
20160910_flight07,5,8.4,8.583070371376435,54.943709680000005,7.69350326,92.37899999999999,2016-09-10 09:16:13,2016-09-10 09:16:15,3,0.8886666666666668,8.408333333333333,8.583070371376435,8.382954759063997,0.04167710894965982,8.032867043886855,False,1.0238717275786398,8.572337578409169,7.374310056774009,Flight 07,20160910_flight07_airborne.tab,45.0,43.4823481517797,187.2582311033201,90.0,downstream wake,8.032867043886855,1.0684940164555934,188.3335639642,10.138099379067574,-0.2594775629409831
20160910_flight07,5,8.6,8.503570191396081,54.9440189,7.690475320000001,92.19300000000001,2016-09-10 09:16:10,2016-09-10 09:16:12,3,0.739,8.348999999999998,8.503570191396081,8.391290180853929,0.04167710894965982,8.032867043886855,False,1.013380541981296,8.572337578409169,7.374310056774009,Flight 07,20160910_flight07_airborne.tab,45.0,43.4823481517797,187.2582311033201,90.0,downstream wake,8.032867043886855,1.0585971540344912,188.3335639642,10.138099379067574,-0.2594775629409831
20160910_flight07,5,8.8,8.04699819808604,54.944328969999994,7.6874467200000005,92.53699999999999,2016-09-10 09:16:07,2016-09-10 09:16:09,3,0.9363333333333334,8.090333333333334,8.296042068360068,8.399625602643862,0.04167710894965982,8.032867043886855,False,0.9580186759220757,8.572337578409169,7.374310056774009,Flight 07,20160910_flight07_airborne.tab,45.0,43.4823481517797,187.2582311033201,90.0,downstream wake,8.032867043886855,1.0017591669477388,188.3335639642,10.138099379067574,-0.2594775629409831
20160910_flight07,5,9.0,8.296042068360068,54.94463516,7.68441697,92.63600000000001,2016-09-10 09:16:04,2016-09-10 09:16:06,3,0.6983333333333334,8.173333333333334,8.04699819808604,8.407961024433794,0.04167710894965982,8.032867043886855,False,0.9866889301997849,8.572337578409169,7.374310056774009,Flight 07,20160910_flight07_airborne.tab,45.0,43.4823481517797,187.2582311033201,90.0,downstream wake,8.032867043886855,1.0327622781549077,188.3335639642,10.138099379067574,-0.2594775629409831
20160910_flight07,5,9.200000000000001,7.81738914216249,54.9449378,7.68138284,92.21799999999999,2016-09-10 09:16:01,2016-09-10 09:16:03,3,0.7763333333333332,7.922333333333334,8.04699819808604,8.416296446223726,0.04167710894965982,8.032867043886855,False,0.9288395664425584,8.572337578409169,7.374310056774009,Flight 07,20160910_flight07_airborne.tab,45.0,43.4823481517797,187.2582311033201,90.0,downstream wake,8.032867043886855,0.9731754676696228,188.3335639642,10.138099379067574,-0.2594775629409831
20160910_flight07,5,9.4,7.899934809857611,54.94524203,7.6783480399999995,92.32700000000001,2016-09-10 09:15:58,2016-09-10 09:16:00,3,1.2573333333333334,7.942333333333333,8.234551232459484,8.424631868013657,0.04167710894965982,8.032867043886855,False,0.937718696036061,8.572337578409169,7.374310056774009,Flight 07,20160910_flight07_airborne.tab,45.0,43.4823481517797,187.2582311033201,90.0,downstream wake,8.032867043886855,0.9834514584515118,188.3335639642,10.138099379067574,-0.2594775629409831
20160910_flight07,5,9.600000000000001,8.234551232459484,54.94555599,7.67531997,91.995,2016-09-10 09:15:55,2016-09-10 09:15:57,3,1.0440000000000003,8.031333333333334,8.234551232459484,8.432967289803589,0.04167710894965982,8.032867043886855,False,0.9764713830226743,8.572337578409169,7.374310056774009,Flight 07,20160910_flight07_airborne.tab,45.0,43.4823481517797,187.2582311033201,90.0,downstream wake,8.032867043886855,1.0251073729305795,188.3335639642,10.138099379067574,-0.2594775629409831
20160910_flight07,5,9.8,8.453332242376376,54.94588819,7.67230174,91.7,2016-09-10 09:15:52,2016-09-10 09:15:54,3,1.207,8.452,8.453332242376376,8.441302711593522,0.04167710894965982,8.032867043886855,False,1.001425079895113,8.572337578409169,7.374310056774009,Flight 07,20160910_flight07_airborne.tab,45.0,43.4823481517797,187.2582311033201,90.0,downstream wake,8.032867043886855,1.052343104422412,188.3335639642,10.138099379067574,-0.2594775629409831
20160910_flight07,5,10.0,8.462355759479745,54.946236920000004,7.669291100000001,91.712,2016-09-10 09:15:49,2016-09-10 09:15:51,3,1.3216666666666668,8.225666666666667,8.453332242376376,8.449638133383454,0.04167710894965982,8.032867043886855,True,1.0015051089639029,8.572337578409169,7.374310056774009,Flight 07,20160910_flight07_airborne.tab,45.0,43.4823481517797,187.2582311033201,90.0,downstream wake,8.032867043886855,1.0534664290154956,188.3335639642,10.138099379067574,-0.2594775629409831
20160910_flight07,5,10.200000000000001,8.51136945502896,54.94660815,7.66629427,91.8,2016-09-10 09:15:46,2016-09-10 09:15:48,3,1.145,8.295666666666667,8.453332242376376,8.457973555173385,0.04167710894965982,8.032867043886855,True,1.0063130842757146,8.572337578409169,7.374310056774009,Flight 07,20160910_flight07_airborne.tab,45.0,43.4823481517797,187.2582311033201,90.0,downstream wake,8.032867043886855,1.059568073083726,188.3335639642,10.138099379067574,-0.2594775629409831
20160910_flight07,5,10.4,8.051531034530017,54.946986280000004,7.6633014,91.835,2016-09-10 09:15:43,2016-09-10 09:15:45,3,1.1380000000000001,8.068,8.21514795971442,8.466308976963317,0.04167710894965982,8.032867043886855,True,0.9510084095014836,8.572337578409169,7.374310056774009,Flight 07,20160910_flight07_airborne.tab,45.0,43.4823481517797,187.2582311033201,90.0,downstream wake,8.032867043886855,1.002323453200606,188.3335639642,10.138099379067574,-0.2594775629409831
20160910_flight07,5,10.600000000000001,8.21514795971442,54.947371540000006,7.66031176,91.79799999999999,2016-09-10 09:15:40,2016-09-10 09:15:42,3,1.3933333333333333,8.202333333333334,8.166404594434445,8.474644398753249,0.04167710894965982,8.032867043886855,True,0.9693796663518998,8.572337578409169,7.374310056774009,Flight 07,20160910_flight07_airborne.tab,45.0,43.4823481517797,187.2582311033201,90.0,downstream wake,8.032867043886855,1.0226918875703643,188.3335639642,10.138099379067574,-0.2594775629409831
20160910_flight07,5,10.8,8.166404594434445,54.94775873,7.65732391,91.9,2016-09-10 09:15:37,2016-09-10 09:15:39,3,1.3243333333333334,8.076333333333332,8.166404594434445,8.482979820543182,0.04167710894965982,8.032867043886855,True,0.9626811294137363,8.572337578409169,7.374310056774009,Flight 07,20160910_flight07_airborne.tab,45.0,43.4823481517797,187.2582311033201,90.0,downstream wake,8.032867043886855,1.016623896526361,188.3335639642,10.138099379067574,-0.2594775629409831
20160910_flight07,5,11.0,8.1610103541167,54.94813886,7.6543338400000005,91.8,2016-09-10 09:15:34,2016-09-10 09:15:36,3,1.3866666666666667,8.03,8.166404594434445,8.491315242333114,0.04167710894965982,8.032867043886855,True,0.9611008567236213,8.572337578409169,7.374310056774009,Flight 07,20160910_flight07_airborne.tab,45.0,43.4823481517797,187.2582311033201,90.0,downstream wake,8.032867043886855,1.015952375351135,188.3335639642,10.138099379067574,-0.2594775629409831
20160910_flight07,5,11.200000000000001,8.567444543152876,54.948515230000005,7.6513437,91.646,2016-09-10 09:15:31,2016-09-10 09:15:33,3,1.463,8.453,8.166404594434445,8.499650664123045,0.04167710894965982,8.032867043886855,True,1.0079760782776623,8.572337578409169,7.374310056774009,Flight 07,20160910_flight07_airborne.tab,45.0,43.4823481517797,187.2582311033201,90.0,downstream wake,8.032867043886855,1.066548779700374,188.3335639642,10.138099379067574,-0.2594775629409831
20160910_flight07,5,11.4,8.138717958007883,54.94889448,7.64835458,91.405,2016-09-10 09:15:28,2016-09-10 09:15:30,3,1.0930000000000002,8.044666666666666,8.199945182743601,8.507986085912977,0.04167710894965982,8.032867043886855,True,0.9565974692275876,8.572337578409169,7.374310056774009,Flight 07,20160910_flight07_airborne.tab,45.0,43.4823481517797,187.2582311033201,90.0,downstream wake,8.032867043886855,1.013177227202034,188.3335639642,10.138099379067574,-0.2594775629409831
20160910_flight07,5,11.600000000000001,8.199945182743601,54.94927038,7.64536269,91.53200000000001,2016-09-10 09:15:25,2016-09-10 09:15:27,3,1.2393333333333334,8.151666666666666,8.199945182743601,8.516321507702909,0.04167710894965982,8.032867043886855,True,0.9628505893450419,8.572337578409169,7.374310056774009,Flight 07,20160910_flight07_airborne.tab,45.0,43.4823481517797,187.2582311033201,90.0,downstream wake,8.032867043886855,1.0207993158537207,188.3335639642,10.138099379067574,-0.2594775629409831
20160910_flight07,5,11.8,8.281699161404017,54.94963923,7.642367930000001,91.99,2016-09-10 09:15:22,2016-09-10 09:15:24,3,1.1056666666666668,8.149,8.138717958007883,8.524656929492842,0.04167710894965982,8.032867043886855,True,0.9714994081171453,8.572337578409169,7.374310056774009,Flight 07,20160910_flight07_airborne.tab,45.0,43.4823481517797,187.2582311033201,90.0,downstream wake,8.032867043886855,1.0309767504127343,188.3335639642,10.138099379067574,-0.2594775629409831
20160910_flight07,5,12.0,7.624292557345894,54.94999954,7.63937022,92.49,2016-09-10 09:15:19,2016-09-10 09:15:21,3,0.9206666666666666,7.572666666666667,8.199945182743601,8.532992351282774,0.04167710894965982,8.032867043886855,True,0.8935074875813906,8.572337578409169,7.374310056774009,Flight 07,20160910_flight07_airborne.tab,45.0,43.4823481517797,187.2582311033201,90.0,downstream wake,8.032867043886855,0.949137153109998,188.3335639642,10.138099379067574,-0.2594775629409831
20160910_flight07,5,12.200000000000001,8.1336486892415,54.95034544,7.6363710000000005,92.663,2016-09-10 09:15:16,2016-09-10 09:15:18,3,0.8029999999999999,8.198333333333332,8.281699161404017,8.541327773072705,0.04167710894965982,8.032867043886855,True,0.9522698233035326,8.572337578409169,7.374310056774009,Flight 07,20160910_flight07_airborne.tab,45.0,43.4823481517797,187.2582311033201,90.0,downstream wake,8.032867043886855,1.0125461612652162,188.3335639642,10.138099379067574,-0.2594775629409831
20160910_flight07,5,12.4,8.286118089913996,54.950685,7.63336835,92.367,2016-09-10 09:15:13,2016-09-10 09:15:15,3,0.975,8.117666666666667,8.267117091223517,8.549663194862637,0.04167710894965982,8.032867043886855,True,0.9691747968379619,8.572337578409169,7.374310056774009,Flight 07,20160910_flight07_airborne.tab,45.0,43.4823481517797,187.2582311033201,90.0,downstream wake,8.032867043886855,1.0315268564316484,188.3335639642,10.138099379067574,-0.2594775629409831
20160910_flight07,5,12.600000000000001,8.36889317651982,54.95103057,7.630367,91.96300000000001,2016-09-10 09:15:10,2016-09-10 09:15:12,3,1.1153333333333333,8.192,8.286118089913996,8.557998616652569,0.04167710894965982,8.032867043886855,True,0.9779030765715737,8.572337578409169,7.374310056774009,Flight 07,20160910_flight07_airborne.tab,45.0,43.4823481517797,187.2582311033201,90.0,downstream wake,8.032867043886855,1.041831407241912,188.3335639642,10.138099379067574,-0.2594775629409831
20160910_flight07,5,12.8,8.267117091223517,54.951380179999994,7.62736542,91.816,2016-09-10 09:15:07,2016-09-10 09:15:09,3,1.051,8.242666666666667,8.36889317651982,8.5663340384425,0.04167710894965982,8.032867043886855,True,0.9650705954406856,8.572337578409169,7.374310056774009,Flight 07,20160910_flight07_airborne.tab,45.0,43.4823481517797,187.2582311033201,90.0,downstream wake,8.032867043886855,1.0291614495866617,188.3335639642,10.138099379067574,-0.2594775629409831
20160910_flight07,5,13.0,8.396479738557106,54.95173009,7.624364000000001,92.307,2016-09-10 09:15:04,2016-09-10 09:15:06,3,1.256,8.301333333333334,8.36889317651982,8.574669460232434,0.04167710894965982,8.032867043886855,True,0.9792190564893801,8.572337578409169,7.374310056774009,Flight 07,20160910_flight07_airborne.tab,45.0,43.4823481517797,187.2582311033201,90.0,downstream wake,8.032867043886855,1.0452656184502602,188.3335639642,10.138099379067574,-0.2594775629409831
20160910_flight07,5,13.200000000000001,8.518746973587136,54.952077769999995,7.62136472,93.012,2016-09-10 09:15:01,2016-09-10 09:15:03,3,1.1983333333333335,8.414,8.396479738557106,8.583004882022365,0.04167710894965982,8.032867043886855,True,0.9925133552504647,8.572337578409169,7.374310056774009,Flight 07,20160910_flight07_airborne.tab,45.0,43.4823481517797,187.2582311033201,90.0,downstream wake,8.032867043886855,1.0604864896985995,188.3335639642,10.138099379067574,-0.2594775629409831
20160910_flight07,5,13.4,8.192639343350393,54.952481785,7.617865999999999,92.43900000000001,2016-09-10 09:14:57,2016-09-10 09:15:00,4,0.97125,8.222249999999999,8.406371987962466,8.591340303812297,0.04167710894965982,8.032867043886855,True,0.9535926937633951,8.572337578409169,7.374310056774009,Flight 07,20160910_flight07_airborne.tab,45.0,43.4823481517797,187.2582311033201,90.0,downstream wake,8.032867043886855,1.0198898224744213,188.3335639642,10.138099379067574,-0.2594775629409831
20160910_flight07,5,13.600000000000001,8.406371987962466,54.95288592,7.614365,92.34700000000001,2016-09-10 09:14:54,2016-09-10 09:14:56,3,1.2466666666666668,8.334,8.424160551651424,8.599675725602228,0.04167710894965982,8.032867043886855,True,0.9775219736409042,8.572337578409169,7.374310056774009,Flight 07,20160910_flight07_airborne.tab,45.0,43.4823481517797,187.2582311033201,90.0,downstream wake,8.032867043886855,1.0464970902711324,188.3335639642,10.138099379067574,-0.2594775629409831
20160910_flight07,5,13.8,8.424160551651424,54.95323034,7.61136682,92.929,2016-09-10 09:14:51,2016-09-10 09:14:53,3,1.4716666666666667,8.382,8.424160551651424,8.60801114739216,0.04167710894965982,8.032867043886855,True,0.9786419194175376,8.572337578409169,7.374310056774009,Flight 07,20160910_flight07_airborne.tab,45.0,43.4823481517797,187.2582311033201,90.0,downstream wake,8.032867043886855,1.0487115628363786,188.3335639642,10.138099379067574,-0.2594775629409831
20160910_flight07,5,14.0,8.577230613665463,54.9535698,7.608369,92.76,2016-09-10 09:14:48,2016-09-10 09:14:50,3,1.1396666666666666,8.317666666666668,8.424160551651424,8.616346569182094,0.04167710894965982,8.032867043886855,True,0.9954602620492848,8.572337578409169,7.374310056774009,Flight 07,20160910_flight07_airborne.tab,45.0,43.4823481517797,187.2582311033201,90.0,downstream wake,8.032867043886855,1.0677670334644562,188.3335639642,10.138099379067574,-0.2594775629409831
20160910_flight07,5,14.200000000000001,8.56357507119544,54.95390606,7.60536796,92.257,2016-09-10 09:14:45,2016-09-10 09:14:47,3,1.0173333333333334,8.352666666666666,8.56357507119544,8.624681990972025,0.04167710894965982,8.032867043886855,True,0.992914878503283,8.572337578409169,7.374310056774009,Flight 07,20160910_flight07_airborne.tab,45.0,43.4823481517797,187.2582311033201,90.0,downstream wake,8.032867043886855,1.0660670747329826,188.3335639642,10.138099379067574,-0.2594775629409831
20160910_flight07,5,14.4,8.321326817281005,54.95424396000001,7.602363759999999,92.689,2016-09-10 09:14:42,2016-09-10 09:14:44,3,1.0963333333333334,8.240666666666668,8.577230613665463,8.633017412761957,0.04167710894965982,8.032867043886855,True,0.9638955210468835,8.572337578409169,7.374310056774009,Flight 07,20160910_flight07_airborne.tab,45.0,43.4823481517797,187.2582311033201,90.0,downstream wake,8.032867043886855,1.0359099399776164,188.3335639642,10.138099379067574,-0.2594775629409831
20160910_flight07,5,14.600000000000001,8.63888534476526,54.954582689999995,7.59936914,93.559,2016-09-10 09:14:39,2016-09-10 09:14:41,3,1.5313333333333332,8.530666666666667,8.62210415153981,8.641352834551888,0.04167710894965982,8.032867043886855,True,0.9997144556143152,8.572337578409169,7.374310056774009,Flight 07,20160910_flight07_airborne.tab,45.0,43.4823481517797,187.2582311033201,90.0,downstream wake,8.032867043886855,1.0754423417650856,188.3335639642,10.138099379067574,-0.2594775629409831
20160910_flight07,5,14.8,8.62210415153981,54.95491508,7.59637694,93.113,2016-09-10 09:14:36,2016-09-10 09:14:38,3,1.0886666666666667,8.570666666666668,8.63888534476526,8.64968825634182,0.04167710894965982,8.032867043886855,True,0.9968109712183227,8.572337578409169,7.374310056774009,Flight 07,20160910_flight07_airborne.tab,45.0,43.4823481517797,187.2582311033201,90.0,downstream wake,8.032867043886855,1.0733532752918369,188.3335639642,10.138099379067574,-0.2594775629409831
20160910_flight07,5,15.0,8.748382307604075,54.95524822,7.593382,92.19,2016-09-10 09:14:33,2016-09-10 09:14:35,3,1.2590000000000001,8.547666666666666,8.673418299609445,8.658023678131752,0.04167710894965982,8.032867043886855,True,1.0104364035987277,8.572337578409169,7.374310056774009,Flight 07,20160910_flight07_airborne.tab,45.0,43.4823481517797,187.2582311033201,90.0,downstream wake,8.032867043886855,1.0890734602985541,188.3335639642,10.138099379067574,-0.2594775629409831
20160910_flight07,5,15.200000000000001,8.760350734987727,54.95558185,7.59038179,91.6,2016-09-10 09:14:30,2016-09-10 09:14:32,3,1.2803333333333333,8.566333333333333,8.748382307604075,8.666359099921685,0.04167710894965982,8.032867043886855,True,1.0108455735542843,8.572337578409169,7.374310056774009,Flight 07,20160910_flight07_airborne.tab,45.0,43.4823481517797,187.2582311033201,90.0,downstream wake,8.032867043886855,1.0905633925130753,188.3335639642,10.138099379067574,-0.2594775629409831
20160910_flight07,5,15.4,8.673418299609445,54.95591353,7.5873784,91.81700000000001,2016-09-10 09:14:27,2016-09-10 09:14:29,3,1.3636666666666668,8.5,8.748382307604075,8.674694521711617,0.04167710894965982,8.032867043886855,True,0.999852879879634,8.572337578409169,7.374310056774009,Flight 07,20160910_flight07_airborne.tab,45.0,43.4823481517797,187.2582311033201,90.0,downstream wake,8.032867043886855,1.0797412993670872,188.3335639642,10.138099379067574,-0.2594775629409831
20160910_flight07,5,15.600000000000001,8.783041899023367,54.95623952,7.584377,92.596,2016-09-10 09:14:24,2016-09-10 09:14:26,3,1.492,8.676333333333334,8.760350734987727,8.683029943501548,0.04167710894965982,8.032867043886855,True,1.0115180940492632,8.572337578409169,7.374310056774009,Flight 07,20160910_flight07_airborne.tab,45.0,43.4823481517797,187.2582311033201,90.0,downstream wake,8.032867043886855,1.0933881827046308,188.3335639642,10.138099379067574,-0.2594775629409831
20160910_flight07,5,15.8,8.722738618117592,54.956564820000004,7.5813814100000005,93.163,2016-09-10 09:14:21,2016-09-10 09:14:23,3,1.2576666666666667,8.637,8.732385355674587,8.69136536529148,0.04167710894965982,8.032867043886855,True,1.0036097035974807,8.572337578409169,7.374310056774009,Flight 07,20160910_flight07_airborne.tab,45.0,43.4823481517797,187.2582311033201,90.0,downstream wake,8.032867043886855,1.0858811144839926,188.3335639642,10.138099379067574,-0.2594775629409831
20160910_flight07,5,16.0,8.892244542296394,54.956890460000004,7.578393129999999,93.66799999999999,2016-09-10 09:14:18,2016-09-10 09:14:20,3,1.4006666666666667,8.795666666666667,8.732385355674587,8.699700787081412,0.04167710894965982,8.032867043886855,True,1.022132227294633,8.572337578409169,7.374310056774009,Flight 07,20160910_flight07_airborne.tab,45.0,43.4823481517797,187.2582311033201,90.0,downstream wake,8.032867043886855,1.1069826618210419,188.3335639642,10.138099379067574,-0.2594775629409831
20160910_flight07,5,16.2,8.732385355674587,54.957216259999996,7.575409029999999,93.47200000000001,2016-09-10 09:14:15,2016-09-10 09:14:17,3,1.3456666666666666,8.641,8.722738618117592,8.708036208871345,0.04167710894965982,8.032867043886855,True,1.002796169678123,8.572337578409169,7.374310056774009,Flight 07,20160910_flight07_airborne.tab,45.0,43.4823481517797,187.2582311033201,90.0,downstream wake,8.032867043886855,1.0870820228899565,188.3335639642,10.138099379067574,-0.2594775629409831
20160910_flight07,5,16.400000000000002,8.557807429476314,54.957532799999996,7.572416,92.023,2016-09-10 09:14:12,2016-09-10 09:14:14,3,1.3343333333333334,8.442666666666668,8.557807429476314,8.716371630661277,0.04167710894965982,8.032867043886855,True,0.9818084625227329,8.572337578409169,7.374310056774009,Flight 07,20160910_flight07_airborne.tab,45.0,43.4823481517797,187.2582311033201,90.0,downstream wake,8.032867043886855,1.0653490693573657,188.3335639642,10.138099379067574,-0.2594775629409831
20160910_flight07,5,16.6,8.478266155293783,54.957833719999996,7.56940418,90.464,2016-09-10 09:14:09,2016-09-10 09:14:11,3,0.9483333333333333,8.524000000000001,8.557807429476314,8.724707052451208,0.04167710894965982,8.032867043886855,True,0.9717536765789532,8.572337578409169,7.374310056774009,Flight 07,20160910_flight07_airborne.tab,45.0,43.4823481517797,187.2582311033201,90.0,downstream wake,8.032867043886855,1.0554470911784708,188.3335639642,10.138099379067574,-0.2594775629409831
20160910_flight07,5,16.8,8.545997016147384,54.95811516,7.5663749199999994,90.2,2016-09-10 09:14:06,2016-09-10 09:14:08,3,1.1503333333333334,8.644666666666666,8.557807429476314,8.73304247424114,0.04167710894965982,8.032867043886855,True,0.978581867814629,8.572337578409169,7.374310056774009,Flight 07,20160910_flight07_airborne.tab,45.0,43.4823481517797,187.2582311033201,90.0,downstream wake,8.032867043886855,1.063878808083974,188.3335639642,10.138099379067574,-0.2594775629409831
20160910_flight07,5,17.0,8.608593671442508,54.95837366,7.56333496,90.4,2016-09-10 09:14:03,2016-09-10 09:14:05,3,1.1143333333333334,8.604000000000001,8.545997016147384,8.741377896031072,0.04167710894965982,8.032867043886855,True,0.9848096917708073,8.572337578409169,7.374310056774009,Flight 07,20160910_flight07_airborne.tab,45.0,43.4823481517797,187.2582311033201,90.0,downstream wake,8.032867043886855,1.0716713751653328,188.3335639642,10.138099379067574,-0.2594775629409831
20160910_flight07,5,17.2,8.93914414247807,54.958617610000005,7.5602908300000005,90.339,2016-09-10 09:14:00,2016-09-10 09:14:02,3,1.0216666666666667,8.767666666666665,8.608593671442508,8.749713317821005,0.04167710894965982,8.032867043886855,True,1.0216499464355298,8.572337578409169,7.374310056774009,Flight 07,20160910_flight07_airborne.tab,45.0,43.4823481517797,187.2582311033201,90.0,downstream wake,8.032867043886855,1.1128211252146776,188.3335639642,10.138099379067574,-0.2594775629409831
20160910_flight07,5,17.400000000000002,8.54492223487142,54.95885982,7.55724701,90.47200000000001,2016-09-10 09:13:57,2016-09-10 09:13:59,3,1.4553333333333331,8.449666666666666,8.93914414247807,8.758048739610937,0.04167710894965982,8.032867043886855,True,0.9756650698030959,8.572337578409169,7.374310056774009,Flight 07,20160910_flight07_airborne.tab,45.0,43.4823481517797,187.2582311033201,90.0,downstream wake,8.032867043886855,1.0637450101174335,188.3335639642,10.138099379067574,-0.2594775629409831
20160910_flight07,5,17.6,9.155489391616376,54.959104180000004,7.55420738,89.994,2016-09-10 09:13:54,2016-09-10 09:13:56,3,1.4126666666666665,9.165666666666667,8.93914414247807,8.766384161400868,0.04167710894965982,8.032867043886855,True,1.0443860573586052,8.572337578409169,7.374310056774009,Flight 07,20160910_flight07_airborne.tab,45.0,43.4823481517797,187.2582311033201,90.0,downstream wake,8.032867043886855,1.1397536323701332,188.3335639642,10.138099379067574,-0.2594775629409831
20160910_flight07,5,17.8,9.118205196199524,54.95935165,7.55116877,89.654,2016-09-10 09:13:51,2016-09-10 09:13:53,3,1.1306666666666667,8.912333333333335,8.929264751366711,8.7747195831908,0.04167710894965982,8.032867043886855,True,1.0391449105298725,8.572337578409169,7.374310056774009,Flight 07,20160910_flight07_airborne.tab,45.0,43.4823481517797,187.2582311033201,90.0,downstream wake,8.032867043886855,1.135112176808482,188.3335639642,10.138099379067574,-0.2594775629409831
20160910_flight07,5,18.0,8.929264751366711,54.959605499999995,7.54813346,90.228,2016-09-10 09:13:48,2016-09-10 09:13:50,3,1.026,8.88,9.06788051310779,8.783055004980731,0.04167710894965982,8.032867043886855,True,1.0166467984434877,8.572337578409169,7.374310056774009,Flight 07,20160910_flight07_airborne.tab,45.0,43.4823481517797,187.2582311033201,90.0,downstream wake,8.032867043886855,1.1115912541042279,188.3335639642,10.138099379067574,-0.2594775629409831
20160910_flight07,5,18.2,8.881528303169448,54.95986851,7.545109,91.473,2016-09-10 09:13:45,2016-09-10 09:13:47,3,0.9460000000000001,8.841999999999999,8.929264751366711,8.791390426770665,0.04167710894965982,8.032867043886855,True,1.0102529716032522,8.572337578409169,7.374310056774009,Flight 07,20160910_flight07_airborne.tab,45.0,43.4823481517797,187.2582311033201,90.0,downstream wake,8.032867043886855,1.1056486127115024,188.3335639642,10.138099379067574,-0.2594775629409831
20160910_flight07,5,18.400000000000002,9.06788051310779,54.96013927,7.54209486,91.454,2016-09-10 09:13:42,2016-09-10 09:13:44,3,0.882,8.967999999999998,8.929264751366711,8.799725848560596,0.04167710894965982,8.032867043886855,True,1.0304730703162823,8.572337578409169,7.374310056774009,Flight 07,20160910_flight07_airborne.tab,45.0,43.4823481517797,187.2582311033201,90.0,downstream wake,8.032867043886855,1.1288473297972232,188.3335639642,10.138099379067574,-0.2594775629409831
20160910_flight07,5,18.6,8.8957411158374,54.96040894,7.53907444,89.429,2016-09-10 09:13:39,2016-09-10 09:13:41,3,0.8466666666666667,8.905,9.06788051310779,8.808061270350528,0.04167710894965982,8.032867043886855,True,1.0099544999513135,8.572337578409169,7.374310056774009,Flight 07,20160910_flight07_airborne.tab,45.0,43.4823481517797,187.2582311033201,90.0,downstream wake,8.032867043886855,1.1074179452039115,188.3335639642,10.138099379067574,-0.2594775629409831
20160910_flight07,5,18.8,9.196735290308187,54.960661849999994,7.53603233,87.666,2016-09-10 09:13:36,2016-09-10 09:13:38,3,0.9223333333333334,9.121,9.088546885945206,8.81639669214046,0.04167710894965982,8.032867043886855,True,1.0431399143492246,8.572337578409169,7.374310056774009,Flight 07,20160910_flight07_airborne.tab,45.0,43.4823481517797,187.2582311033201,90.0,downstream wake,8.032867043886855,1.1448882746424958,188.3335639642,10.138099379067574,-0.2594775629409831
20160910_flight07,5,19.0,9.3206510064017,54.960834315,7.53347403,88.25549999999998,2016-09-10 09:13:34,2016-09-10 09:13:35,2,1.3835,9.215499999999999,9.136414668785564,8.824732113930391,0.04167710894965982,8.032867043886855,True,1.0561964812153868,8.572337578409169,7.374310056774009,Flight 07,20160910_flight07_airborne.tab,45.0,43.4823481517797,187.2582311033201,90.0,downstream wake,8.032867043886855,1.1603143629141566,188.3335639642,10.138099379067574,-0.2594775629409831
20160910_flight07,5,19.6,9.088546885945206,54.961021375,7.52311614,92.109,2016-09-10 09:13:24,2016-09-10 09:13:25,2,0.7195,9.059999999999999,9.196735290308187,8.849738379300188,0.04167710894965982,8.032867043886855,True,1.026984809766083,8.572337578409169,7.374310056774009,Flight 07,20160910_flight07_airborne.tab,45.0,43.4823481517797,187.2582311033201,90.0,downstream wake,8.032867043886855,1.1314200566610575,188.3335639642,10.138099379067574,-0.2594775629409831
20160910_flight07,5,19.8,9.136414668785564,54.96095836000001,7.52050607,92.3,2016-09-10 09:13:21,2016-09-10 09:13:23,3,0.964,9.086333333333334,9.282523202233323,8.85807380109012,0.04167710894965982,8.032867043886855,True,1.0314222791484522,8.572337578409169,7.374310056774009,Flight 07,20160910_flight07_airborne.tab,45.0,43.4823481517797,187.2582311033201,90.0,downstream wake,8.032867043886855,1.1373790477135468,188.3335639642,10.138099379067574,-0.2594775629409831
20160910_flight07,5,20.0,9.282523202233323,54.96087512,7.51737564,92.227,2016-09-10 09:13:18,2016-09-10 09:13:20,3,1.3073333333333332,9.205333333333334,9.20299519691692,8.866409222880051,0.04167710894965982,8.032867043886855,True,1.0469315107044097,8.572337578409169,7.374310056774009,Flight 07,20160910_flight07_airborne.tab,45.0,43.4823481517797,187.2582311033201,90.0,downstream wake,8.032867043886855,1.155567887719177,188.3335639642,10.138099379067574,-0.2594775629409831
20160910_flight07,5,20.200000000000003,9.494792520113329,54.96080183,7.514249019999999,91.8,2016-09-10 09:13:15,2016-09-10 09:13:17,3,1.1426666666666667,9.407666666666668,9.282523202233323,8.874744644669983,0.04167710894965982,8.032867043886855,True,1.0698665595765322,8.572337578409169,7.374310056774009,Flight 07,20160910_flight07_airborne.tab,45.0,43.4823481517797,187.2582311033201,90.0,downstream wake,8.032867043886855,1.1819929880874878,188.3335639642,10.138099379067574,-0.2594775629409831
20160910_flight07,5,20.400000000000002,9.20299519691692,54.96074965999999,7.510611665,92.0415,2016-09-10 09:13:11,2016-09-10 09:13:14,4,1.5445,9.11675,9.388657861173325,8.883080066459916,0.04167710894965982,8.032867043886855,True,1.0360139870476812,8.572337578409169,7.374310056774009,Flight 07,20160910_flight07_airborne.tab,45.0,43.4823481517797,187.2582311033201,90.0,downstream wake,8.032867043886855,1.1456675613622351,188.3335639642,10.138099379067574,-0.2594775629409831
20160910_flight07,5,20.6,9.53626719424325,54.96073824999999,7.50699167,91.67399999999999,2016-09-10 09:13:08,2016-09-10 09:13:10,3,1.4616666666666667,9.342333333333334,9.494792520113329,8.891415488249848,0.04167710894965982,8.032867043886855,True,1.0725252021846896,8.572337578409169,7.374310056774009,Flight 07,20160910_flight07_airborne.tab,45.0,43.4823481517797,187.2582311033201,90.0,downstream wake,8.032867043886855,1.1871561102832529,188.3335639642,10.138099379067574,-0.2594775629409831
