case_id,leg_id,crosswind_bin_km,observed_speed_mps,latitude,longitude,altitude_m,time_start,time_end,one_second_count,mean_u_east_mps,mean_v_north_mps,observed_speed_smoothed_mps,background_speed_mps,background_fit_slope_mps_per_km,background_fit_intercept_mps,is_background_shoulder,observed_u_over_background,background_west_mps,background_east_mps,flight_label,source_file,nominal_downstream_distance_km,actual_downstream_distance_km,wind_from_deg,measurement_height_m,transect_role,u_ref_mps,observed_u_over_uref,selection_frame_wind_from_deg,park_downstream_edge_km,park_crosswind_center_km
20160906_flight01,1,-15.0,5.173438701676091,54.55469701,7.99565202,105.30799999999999,2016-09-06 13:01:03,2016-09-06 13:01:05,3,1.0386666666666666,5.374333333333333,6.2288943641709,5.92346007430828,0.07355852803614016,7.026837994850383,True,0.8733812057102835,8.2254266908671,6.14024872621785,Flight 01,20160906_flight01_airborne.tab,5.0,3.5285263143863776,195.50249535446366,100.0,downstream wake,7.026837994850383,0.7362399283244391,197.309932474,10.608818171617886,-0.09371504433922961
20160906_flight01,1,-14.8,6.39567142683237,54.5549989,7.99266863,105.681,2016-09-06 13:01:00,2016-09-06 13:01:02,3,1.6186666666666667,6.180666666666667,6.111697964052151,5.938171779915509,0.07355852803614016,7.026837994850383,True,1.0770438552256518,8.2254266908671,6.14024872621785,Flight 01,20160906_flight01_airborne.tab,5.0,3.5285263143863776,195.50249535446366,100.0,downstream wake,7.026837994850383,0.9101777259585944,197.309932474,10.608818171617886,-0.09371504433922961
20160906_flight01,1,-14.600000000000001,6.2288943641709,54.555295990000005,7.98968624,105.9,2016-09-06 13:00:57,2016-09-06 13:00:59,3,1.1966666666666665,6.046333333333333,6.139487030689128,5.952883485522737,0.07355852803614016,7.026837994850383,True,1.0463659131443468,8.2254266908671,6.14024872621785,Flight 01,20160906_flight01_airborne.tab,5.0,3.5285263143863776,195.50249535446366,100.0,downstream wake,7.026837994850383,0.8864434285713921,197.309932474,10.608818171617886,-0.09371504433922961
20160906_flight01,1,-14.4,5.994501563933402,54.55558577,7.98670215,106.0,2016-09-06 13:00:54,2016-09-06 13:00:56,3,1.0736666666666668,5.897666666666666,6.139487030689128,5.9675951911299645,0.07355852803614016,7.026837994850383,True,1.0045087463109814,8.2254266908671,6.14024872621785,Flight 01,20160906_flight01_airborne.tab,5.0,3.5285263143863776,195.50249535446366,100.0,downstream wake,7.026837994850383,0.8530866327538035,197.309932474,10.608818171617886,-0.09371504433922961
20160906_flight01,1,-14.200000000000001,6.139487030689128,54.55587352,7.983717410000001,106.045,2016-09-06 13:00:51,2016-09-06 13:00:53,3,1.0183333333333333,5.990666666666667,6.139487030689128,5.982306896737192,0.07355852803614016,7.026837994850383,True,1.0262741675853613,8.2254266908671,6.14024872621785,Flight 01,20160906_flight01_airborne.tab,5.0,3.5285263143863776,195.50249535446366,100.0,downstream wake,7.026837994850383,0.8737197349915352,197.309932474,10.608818171617886,-0.09371504433922961
20160906_flight01,1,-14.0,5.714537601591227,54.556159550000004,7.98072991,106.009,2016-09-06 13:00:48,2016-09-06 13:00:50,3,1.209,5.5120000000000005,5.994501563933402,5.99701860234442,0.07355852803614016,7.026837994850383,True,0.9528964274610116,8.2254266908671,6.14024872621785,Flight 01,20160906_flight01_airborne.tab,5.0,3.5285263143863776,195.50249535446366,100.0,downstream wake,7.026837994850383,0.813244535561959,197.309932474,10.608818171617886,-0.09371504433922961
20160906_flight01,1,-13.8,6.156840504674456,54.556443550000004,7.97774433,105.9,2016-09-06 13:00:45,2016-09-06 13:00:47,3,1.1526666666666667,6.104666666666667,6.139487030689128,6.011730307951648,0.07355852803614016,7.026837994850383,True,1.0241378420670122,8.2254266908671,6.14024872621785,Flight 01,20160906_flight01_airborne.tab,5.0,3.5285263143863776,195.50249535446366,100.0,downstream wake,7.026837994850383,0.876189334261939,197.309932474,10.608818171617886,-0.09371504433922961
20160906_flight01,1,-13.600000000000001,5.829108718495958,54.55678348,7.974263994999999,105.6105,2016-09-06 13:00:41,2016-09-06 13:00:44,4,1.115,5.6915000000000004,6.156840504674456,6.026442013558876,0.07355852803614016,7.026837994850383,True,0.967255422914725,8.2254266908671,6.14024872621785,Flight 01,20160906_flight01_airborne.tab,5.0,3.5285263143863776,195.50249535446366,100.0,downstream wake,7.026837994850383,0.829549325424582,197.309932474,10.608818171617886,-0.09371504433922961
20160906_flight01,1,-13.4,6.504998693312705,54.5571315,7.97078689,105.54,2016-09-06 13:00:38,2016-09-06 13:00:40,3,1.2293333333333334,6.237333333333333,6.156840504674456,6.041153719166105,0.07355852803614016,7.026837994850383,True,1.076780859370456,8.2254266908671,6.14024872621785,Flight 01,20160906_flight01_airborne.tab,5.0,3.5285263143863776,195.50249535446366,100.0,downstream wake,7.026837994850383,0.9257362554935651,197.309932474,10.608818171617886,-0.09371504433922961
20160906_flight01,1,-13.200000000000001,6.172800012960083,54.557431429999994,7.96780679,105.588,2016-09-06 13:00:35,2016-09-06 13:00:37,3,1.232,6.049666666666667,6.1410104217465715,6.055865424773333,0.07355852803614016,7.026837994850383,True,1.019309310888646,8.2254266908671,6.14024872621785,Flight 01,20160906_flight01_airborne.tab,5.0,3.5285263143863776,195.50249535446366,100.0,downstream wake,7.026837994850383,0.8784605561539656,197.309932474,10.608818171617886,-0.09371504433922961
20160906_flight01,1,-13.0,5.78685519086144,54.55773064,7.964826319999999,105.42399999999999,2016-09-06 13:00:32,2016-09-06 13:00:34,3,1.2186666666666666,5.669,6.1410104217465715,6.070577130380561,0.07355852803614016,7.026837994850383,True,0.9532627733038399,8.2254266908671,6.14024872621785,Flight 01,20160906_flight01_airborne.tab,5.0,3.5285263143863776,195.50249535446366,100.0,downstream wake,7.026837994850383,0.8235361616565424,197.309932474,10.608818171617886,-0.09371504433922961
20160906_flight01,1,-12.8,6.1410104217465715,54.55802783,7.961845009999999,105.3,2016-09-06 13:00:29,2016-09-06 13:00:31,3,1.2263333333333333,5.974,5.78685519086144,6.085288835987789,0.07355852803614016,7.026837994850383,True,1.0091567692611814,8.2254266908671,6.14024872621785,Flight 01,20160906_flight01_airborne.tab,5.0,3.5285263143863776,195.50249535446366,100.0,downstream wake,7.026837994850383,0.8739365310893762,197.309932474,10.608818171617886,-0.09371504433922961
20160906_flight01,1,-12.600000000000001,5.784392275771069,54.55832289,7.958863099999999,105.601,2016-09-06 13:00:26,2016-09-06 13:00:28,3,1.0503333333333333,5.704666666666667,5.78685519086144,6.1000005415950165,0.07355852803614016,7.026837994850383,True,0.9482609446225683,8.2254266908671,6.14024872621785,Flight 01,20160906_flight01_airborne.tab,5.0,3.5285263143863776,195.50249535446366,100.0,downstream wake,7.026837994850383,0.823185660464943,197.309932474,10.608818171617886,-0.09371504433922961
20160906_flight01,1,-12.4,5.584360751240915,54.558612970000006,7.9558775200000005,105.444,2016-09-06 13:00:23,2016-09-06 13:00:25,3,0.9663333333333334,5.411666666666666,6.1410104217465715,6.114712247202245,0.07355852803614016,7.026837994850383,True,0.9132663198985382,8.2254266908671,6.14024872621785,Flight 01,20160906_flight01_airborne.tab,5.0,3.5285263143863776,195.50249535446366,100.0,downstream wake,7.026837994850383,0.7947188700427437,197.309932474,10.608818171617886,-0.09371504433922961
20160906_flight01,1,-12.200000000000001,6.248221907070843,54.55889947,7.9528896499999995,105.3,2016-09-06 13:00:20,2016-09-06 13:00:22,3,1.1976666666666667,6.122333333333333,6.015920544688069,6.129423952809473,0.07355852803614016,7.026837994850383,True,1.0193815854762205,8.2254266908671,6.14024872621785,Flight 01,20160906_flight01_airborne.tab,5.0,3.5285263143863776,195.50249535446366,100.0,downstream wake,7.026837994850383,0.889193960590788,197.309932474,10.608818171617886,-0.09371504433922961
20160906_flight01,1,-12.0,6.2864828004218705,54.55919108,7.9499031,105.2,2016-09-06 13:00:17,2016-09-06 13:00:19,3,1.2783333333333333,6.155333333333334,6.046954357360406,6.144135658416701,0.07355852803614016,7.026837994850383,True,1.0231679685994841,8.2254266908671,6.14024872621785,Flight 01,20160906_flight01_airborne.tab,5.0,3.5285263143863776,195.50249535446366,100.0,downstream wake,7.026837994850383,0.8946389265027767,197.309932474,10.608818171617886,-0.09371504433922961
20160906_flight01,1,-11.8,6.015920544688069,54.55949103,7.94692097,105.54899999999999,2016-09-06 13:00:14,2016-09-06 13:00:16,3,1.224,5.973333333333334,6.188403586783903,6.158847364023929,0.07355852803614016,7.026837994850383,True,0.9767932519044477,8.2254266908671,6.14024872621785,Flight 01,20160906_flight01_airborne.tab,5.0,3.5285263143863776,195.50249535446366,100.0,downstream wake,7.026837994850383,0.8561348004745286,197.309932474,10.608818171617886,-0.09371504433922961
20160906_flight01,1,-11.600000000000001,6.046954357360406,54.55979625,7.943945149999999,106.115,2016-09-06 13:00:11,2016-09-06 13:00:13,3,1.1976666666666667,5.890333333333333,6.162180945087543,6.173559069631157,0.07355852803614016,7.026837994850383,True,0.9794924271651433,8.2254266908671,6.14024872621785,Flight 01,20160906_flight01_airborne.tab,5.0,3.5285263143863776,195.50249535446366,100.0,downstream wake,7.026837994850383,0.8605512695456925,197.309932474,10.608818171617886,-0.09371504433922961
20160906_flight01,1,-11.4,6.188403586783903,54.560144815,7.9404745850000005,105.72749999999999,2016-09-06 13:00:07,2016-09-06 13:00:10,4,0.98275,6.090999999999999,6.046954357360406,6.188270775238385,0.07355852803614016,7.026837994850383,True,1.000021461818712,8.2254266908671,6.14024872621785,Flight 01,20160906_flight01_airborne.tab,5.0,3.5285263143863776,195.50249535446366,100.0,downstream wake,7.026837994850383,0.8806811244715012,197.309932474,10.608818171617886,-0.09371504433922961
20160906_flight01,1,-11.200000000000001,6.162180945087543,54.560495499999995,7.9370046,105.78,2016-09-06 13:00:04,2016-09-06 13:00:06,3,1.149,6.012666666666667,6.046954357360406,6.202982480845613,0.07355852803614016,7.026837994850383,True,0.9934222713212455,8.2254266908671,6.14024872621785,Flight 01,20160906_flight01_airborne.tab,5.0,3.5285263143863776,195.50249535446366,100.0,downstream wake,7.026837994850383,0.8769493404577559,197.309932474,10.608818171617886,-0.09371504433922961
20160906_flight01,1,-11.0,5.9690030155797364,54.56079646999999,7.93403013,105.8,2016-09-06 13:00:01,2016-09-06 13:00:03,3,1.0050000000000001,5.877,6.162180945087543,6.2176941864528406,0.07355852803614016,7.026837994850383,True,0.9600026692507724,8.2254266908671,6.14024872621785,Flight 01,20160906_flight01_airborne.tab,5.0,3.5285263143863776,195.50249535446366,100.0,downstream wake,7.026837994850383,0.8494578955647076,197.309932474,10.608818171617886,-0.09371504433922961
20160906_flight01,1,-10.8,6.020462606810211,54.56109541,7.931054810000001,105.852,2016-09-06 12:59:58,2016-09-06 13:00:00,3,1.0103333333333333,5.977333333333334,6.162180945087543,6.232405892060069,0.07355852803614016,7.026837994850383,True,0.9659933436748931,8.2254266908671,6.14024872621785,Flight 01,20160906_flight01_airborne.tab,5.0,3.5285263143863776,195.50249535446366,100.0,downstream wake,7.026837994850383,0.8567811882417534,197.309932474,10.608818171617886,-0.09371504433922961
20160906_flight01,1,-10.600000000000001,6.1923269455027965,54.561387880000005,7.92807358,105.86,2016-09-06 12:59:55,2016-09-06 12:59:57,3,1.0563333333333333,5.996666666666667,6.107786260176431,6.247117597667296,0.07355852803614016,7.026837994850383,True,0.9912294508134505,8.2254266908671,6.14024872621785,Flight 01,20160906_flight01_airborne.tab,5.0,3.5285263143863776,195.50249535446366,100.0,downstream wake,7.026837994850383,0.8812394636166142,197.309932474,10.608818171617886,-0.09371504433922961
20160906_flight01,1,-10.4,6.44059539173204,54.56167356,7.92508676,105.906,2016-09-06 12:59:52,2016-09-06 12:59:54,3,1.1463333333333334,6.338,6.1923269455027965,6.261829303274525,0.07355852803614016,7.026837994850383,True,1.0285485406579242,8.2254266908671,6.14024872621785,Flight 01,20160906_flight01_airborne.tab,5.0,3.5285263143863776,195.50249535446366,100.0,downstream wake,7.026837994850383,0.9165709237144828,197.309932474,10.608818171617886,-0.09371504433922961
20160906_flight01,1,-10.200000000000001,6.107786260176431,54.5619577,7.92209679,105.837,2016-09-06 12:59:49,2016-09-06 12:59:51,3,1.3156666666666668,5.969666666666666,6.320147150185666,6.276541008881753,0.07355852803614016,7.026837994850383,True,0.9731134157386174,8.2254266908671,6.14024872621785,Flight 01,20160906_flight01_airborne.tab,5.0,3.5285263143863776,195.50249535446366,100.0,downstream wake,7.026837994850383,0.8692083501359389,197.309932474,10.608818171617886,-0.09371504433922961
20160906_flight01,1,-10.0,6.320147150185666,54.56224822,7.9191092,105.645,2016-09-06 12:59:46,2016-09-06 12:59:48,3,0.9553333333333334,6.169333333333333,6.44059539173204,6.291252714488981,0.07355852803614016,7.026837994850383,True,1.0045927952679663,8.2254266908671,6.14024872621785,Flight 01,20160906_flight01_airborne.tab,5.0,3.5285263143863776,195.50249535446366,100.0,downstream wake,7.026837994850383,0.8994297513073995,197.309932474,10.608818171617886,-0.09371504433922961
20160906_flight01,1,-9.8,6.531779313479597,54.56254055,7.916121540000001,105.6,2016-09-06 12:59:43,2016-09-06 12:59:45,3,0.9996666666666666,6.347333333333334,6.531779313479597,6.30596442009621,0.07355852803614016,7.026837994850383,False,1.0358097316032655,8.2254266908671,6.14024872621785,Flight 01,20160906_flight01_airborne.tab,5.0,3.5285263143863776,195.50249535446366,100.0,downstream wake,7.026837994850383,0.9295474462719093,197.309932474,10.608818171617886,-0.09371504433922961
20160906_flight01,1,-9.600000000000001,6.885045388376172,54.56283521,7.91313803,105.54,2016-09-06 12:59:40,2016-09-06 12:59:42,3,1.1113333333333335,6.787,6.682954143375181,6.320676125703437,0.07355852803614016,7.026837994850383,False,1.0892893816181612,8.2254266908671,6.14024872621785,Flight 01,20160906_flight01_airborne.tab,5.0,3.5285263143863776,195.50249535446366,100.0,downstream wake,7.026837994850383,0.9798212785639681,197.309932474,10.608818171617886,-0.09371504433922961
20160906_flight01,1,-9.4,6.722605596046819,54.56312645,7.91015794,104.88,2016-09-06 12:59:37,2016-09-06 12:59:39,3,0.9196666666666666,6.582666666666667,6.722605596046819,6.3353878313106655,0.07355852803614016,7.026837994850383,False,1.0611198201351544,8.2254266908671,6.14024872621785,Flight 01,20160906_flight01_airborne.tab,5.0,3.5285263143863776,195.50249535446366,100.0,downstream wake,7.026837994850383,0.9567042247129476,197.309932474,10.608818171617886,-0.09371504433922961
20160906_flight01,1,-9.200000000000001,6.682954143375181,54.56346208000001,7.9066846900000005,103.919,2016-09-06 12:59:33,2016-09-06 12:59:36,4,1.1645,6.5115,6.735819623475676,6.350099536917893,0.07355852803614016,7.026837994850383,False,1.0524172266154497,8.2254266908671,6.14024872621785,Flight 01,20160906_flight01_airborne.tab,5.0,3.5285263143863776,195.50249535446366,100.0,downstream wake,7.026837994850383,0.9510613661895696,197.309932474,10.608818171617886,-0.09371504433922961
20160906_flight01,1,-9.0,6.735819623475676,54.5637923,7.90319515,103.41300000000001,2016-09-06 12:59:30,2016-09-06 12:59:32,3,1.405,6.700666666666667,6.735819623475676,6.364811242525121,0.07355852803614016,7.026837994850383,False,1.058290555181235,8.2254266908671,6.14024872621785,Flight 01,20160906_flight01_airborne.tab,5.0,3.5285263143863776,195.50249535446366,100.0,downstream wake,7.026837994850383,0.9585847330494911,197.309932474,10.608818171617886,-0.09371504433922961
20160906_flight01,1,-8.8,6.8169936188909555,54.564072370000005,7.90019854,103.2,2016-09-06 12:59:27,2016-09-06 12:59:29,3,1.4160000000000001,6.596,6.8169936188909555,6.379522948132349,0.07355852803614016,7.026837994850383,False,1.0685741981517096,8.2254266908671,6.14024872621785,Flight 01,20160906_flight01_airborne.tab,5.0,3.5285263143863776,195.50249535446366,100.0,downstream wake,7.026837994850383,0.9701367277695584,197.309932474,10.608818171617886,-0.09371504433922961
20160906_flight01,1,-8.6,7.007677575345486,54.564359059999994,7.89720364,103.5,2016-09-06 12:59:24,2016-09-06 12:59:26,3,1.665,6.766666666666666,6.8169936188909555,6.394234653739577,0.07355852803614016,7.026837994850383,False,1.0959368798339526,8.2254266908671,6.14024872621785,Flight 01,20160906_flight01_airborne.tab,5.0,3.5285263143863776,195.50249535446366,100.0,downstream wake,7.026837994850383,0.9972732515650797,197.309932474,10.608818171617886,-0.09371504433922961
20160906_flight01,1,-8.4,6.95491595923344,54.564654499999996,7.89421256,103.4,2016-09-06 12:59:21,2016-09-06 12:59:23,3,1.5519999999999998,6.736999999999999,6.8169936188909555,6.408946359346805,0.07355852803614016,7.026837994850383,False,1.0851886674149478,8.2254266908671,6.14024872621785,Flight 01,20160906_flight01_airborne.tab,5.0,3.5285263143863776,195.50249535446366,100.0,downstream wake,7.026837994850383,0.989764665747289,197.309932474,10.608818171617886,-0.09371504433922961
20160906_flight01,1,-8.200000000000001,6.744630234490249,54.5649571,7.89122431,103.28200000000001,2016-09-06 12:59:18,2016-09-06 12:59:20,3,1.4466666666666665,6.586666666666666,6.746521770512565,6.423658064954033,0.07355852803614016,7.026837994850383,False,1.0499671941268738,8.2254266908671,6.14024872621785,Flight 01,20160906_flight01_airborne.tab,5.0,3.5285263143863776,195.50249535446366,100.0,downstream wake,7.026837994850383,0.9598385845003187,197.309932474,10.608818171617886,-0.09371504433922961
20160906_flight01,1,-8.0,6.746521770512565,54.56526374,7.88823619,103.2,2016-09-06 12:59:15,2016-09-06 12:59:17,3,1.702,6.5056666666666665,6.746521770512565,6.438369770561261,0.07355852803614016,7.026837994850383,False,1.0478618052290651,8.2254266908671,6.14024872621785,Flight 01,20160906_flight01_airborne.tab,5.0,3.5285263143863776,195.50249535446366,100.0,downstream wake,7.026837994850383,0.9601077718679089,197.309932474,10.608818171617886,-0.09371504433922961
20160906_flight01,1,-7.800000000000001,6.643440825355488,54.565569169999996,7.88524683,103.2,2016-09-06 12:59:12,2016-09-06 12:59:14,3,1.469,6.407,6.746521770512565,6.45308147616849,0.07355852803614016,7.026837994850383,False,1.0294989843054057,8.2254266908671,6.14024872621785,Flight 01,20160906_flight01_airborne.tab,5.0,3.5285263143863776,195.50249535446366,100.0,downstream wake,7.026837994850383,0.9454381658185563,197.309932474,10.608818171617886,-0.09371504433922961
20160906_flight01,1,-7.6000000000000005,6.895963456979743,54.56587016,7.88225502,103.3,2016-09-06 12:59:09,2016-09-06 12:59:11,3,1.7383333333333333,6.651666666666667,6.746521770512565,6.4677931817757175,0.07355852803614016,7.026837994850383,False,1.066200365900765,8.2254266908671,6.14024872621785,Flight 01,20160906_flight01_airborne.tab,5.0,3.5285263143863776,195.50249535446366,100.0,downstream wake,7.026837994850383,0.9813750455088688,197.309932474,10.608818171617886,-0.09371504433922961
20160906_flight01,1,-7.4,6.78668763094339,54.56616483,7.879262710000001,103.53699999999999,2016-09-06 12:59:06,2016-09-06 12:59:08,3,1.4326666666666668,6.590333333333334,6.643440825355488,6.482504887382945,0.07355852803614016,7.026837994850383,False,1.0469236427653887,8.2254266908671,6.14024872621785,Flight 01,20160906_flight01_airborne.tab,5.0,3.5285263143863776,195.50249535446366,100.0,downstream wake,7.026837994850383,0.9658238365417009,197.309932474,10.608818171617886,-0.09371504433922961
20160906_flight01,1,-7.2,6.548508608836062,54.56645666,7.87627342,104.211,2016-09-06 12:59:03,2016-09-06 12:59:05,3,1.406666666666667,6.367,6.683257439303083,6.497216592990173,0.07355852803614016,7.026837994850383,False,1.0078944598986013,8.2254266908671,6.14024872621785,Flight 01,20160906_flight01_airborne.tab,5.0,3.5285263143863776,195.50249535446366,100.0,downstream wake,7.026837994850383,0.9319282177325185,197.309932474,10.608818171617886,-0.09371504433922961
20160906_flight01,1,-7.0,6.55320579934868,54.56679958,7.87279056,103.857,2016-09-06 12:58:59,2016-09-06 12:59:02,4,1.078,6.49325,6.683257439303083,6.511928298597402,0.07355852803614016,7.026837994850383,False,1.0063387523416325,8.2254266908671,6.14024872621785,Flight 01,20160906_flight01_airborne.tab,5.0,3.5285263143863776,195.50249535446366,100.0,downstream wake,7.026837994850383,0.9325966820568791,197.309932474,10.608818171617886,-0.09371504433922961
20160906_flight01,1,-6.800000000000001,6.683257439303083,54.56714473,7.86930512,103.165,2016-09-06 12:58:56,2016-09-06 12:58:58,3,1.244,6.549666666666667,6.55320579934868,6.52664000420463,0.07355852803614016,7.026837994850383,False,1.0239966406907008,8.2254266908671,6.14024872621785,Flight 01,20160906_flight01_airborne.tab,5.0,3.5285263143863776,195.50249535446366,100.0,downstream wake,7.026837994850383,0.9511045286942587,197.309932474,10.608818171617886,-0.09371504433922961
20160906_flight01,1,-6.6000000000000005,6.70803473455527,54.567443499999996,7.86631735,103.3,2016-09-06 12:58:53,2016-09-06 12:58:55,3,1.4336666666666664,6.573,6.55320579934868,6.541351709811858,0.07355852803614016,7.026837994850383,False,1.0254814344401315,8.2254266908671,6.14024872621785,Flight 01,20160906_flight01_airborne.tab,5.0,3.5285263143863776,195.50249535446366,100.0,downstream wake,7.026837994850383,0.9546306232577516,197.309932474,10.608818171617886,-0.09371504433922961
20160906_flight01,1,-6.4,6.451118120140105,54.5677449,7.86333034,103.2,2016-09-06 12:58:50,2016-09-06 12:58:52,3,1.2646666666666666,6.313,6.451118120140105,6.556063415419086,0.07355852803614016,7.026837994850383,False,0.9839926357282998,8.2254266908671,6.14024872621785,Flight 01,20160906_flight01_airborne.tab,5.0,3.5285263143863776,195.50249535446366,100.0,downstream wake,7.026837994850383,0.9180684291950101,197.309932474,10.608818171617886,-0.09371504433922961
20160906_flight01,1,-6.2,6.4381775371606516,54.56804306,7.860341170000001,103.116,2016-09-06 12:58:47,2016-09-06 12:58:49,3,1.32,6.321333333333333,6.4381775371606516,6.570775121026314,0.07355852803614016,7.026837994850383,False,0.9798201001520577,8.2254266908671,6.14024872621785,Flight 01,20160906_flight01_airborne.tab,5.0,3.5285263143863776,195.50249535446366,100.0,downstream wake,7.026837994850383,0.9162268351538585,197.309932474,10.608818171617886,-0.09371504433922961
20160906_flight01,1,-6.0,6.37776136273536,54.56833823,7.85735011,103.066,2016-09-06 12:58:44,2016-09-06 12:58:46,3,1.391333333333333,6.2043333333333335,6.4381775371606516,6.585486826633542,0.07355852803614016,7.026837994850383,False,0.9684570830727226,8.2254266908671,6.14024872621785,Flight 01,20160906_flight01_airborne.tab,5.0,3.5285263143863776,195.50249535446366,100.0,downstream wake,7.026837994850383,0.9076289175030507,197.309932474,10.608818171617886,-0.09371504433922961
20160906_flight01,1,-5.800000000000001,6.406282697477531,54.56863249,7.85435687,102.9,2016-09-06 12:58:41,2016-09-06 12:58:43,3,1.4983333333333333,6.221666666666667,6.4381775371606516,6.6001985322407695,0.07355852803614016,7.026837994850383,False,0.9706196966930624,8.2254266908671,6.14024872621785,Flight 01,20160906_flight01_airborne.tab,5.0,3.5285263143863776,195.50249535446366,100.0,downstream wake,7.026837994850383,0.9116878320195192,197.309932474,10.608818171617886,-0.09371504433922961
20160906_flight01,1,-5.6000000000000005,6.505101459623823,54.5689295,7.851364220000001,102.8,2016-09-06 12:58:38,2016-09-06 12:58:40,3,1.5113333333333332,6.330333333333333,6.406282697477531,6.614910237847997,0.07355852803614016,7.026837994850383,False,0.9833998082701274,8.2254266908671,6.14024872621785,Flight 01,20160906_flight01_airborne.tab,5.0,3.5285263143863776,195.50249535446366,100.0,downstream wake,7.026837994850383,0.925750880323566,197.309932474,10.608818171617886,-0.09371504433922961
20160906_flight01,1,-5.4,6.56048847266726,54.569230770000004,7.84837398,102.76,2016-09-06 12:58:35,2016-09-06 12:58:37,3,1.6426666666666667,6.328666666666667,6.406282697477531,6.629621943455226,0.07355852803614016,7.026837994850383,False,0.9895720342158855,8.2254266908671,6.14024872621785,Flight 01,20160906_flight01_airborne.tab,5.0,3.5285263143863776,195.50249535446366,100.0,downstream wake,7.026837994850383,0.9336330903708202,197.309932474,10.608818171617886,-0.09371504433922961
20160906_flight01,1,-5.2,6.400798778277599,54.5695405,7.84538769,102.6,2016-09-06 12:58:32,2016-09-06 12:58:34,3,1.532333333333333,6.236,6.400798778277599,6.644333649062454,0.07355852803614016,7.026837994850383,False,0.9633469835129036,8.2254266908671,6.14024872621785,Flight 01,20160906_flight01_airborne.tab,5.0,3.5285263143863776,195.50249535446366,100.0,downstream wake,7.026837994850383,0.9109074071393738,197.309932474,10.608818171617886,-0.09371504433922961
20160906_flight01,1,-5.0,6.290063592683305,54.56985449,7.842402949999999,102.706,2016-09-06 12:58:29,2016-09-06 12:58:31,3,1.3463333333333332,6.112333333333333,6.301660098735887,6.659045354669682,0.07355852803614016,7.026837994850383,False,0.9445893904705684,8.2254266908671,6.14024872621785,Flight 01,20160906_flight01_airborne.tab,5.0,3.5285263143863776,195.50249535446366,100.0,downstream wake,7.026837994850383,0.8951485144944251,197.309932474,10.608818171617886,-0.09371504433922961
20160906_flight01,1,-4.800000000000001,6.1549305438810595,54.570168759999994,7.8394178,102.9,2016-09-06 12:58:26,2016-09-06 12:58:28,3,1.2463333333333333,6.028,6.290063592683305,6.67375706027691,0.07355852803614016,7.026837994850383,False,0.9222587049978228,8.2254266908671,6.14024872621785,Flight 01,20160906_flight01_airborne.tab,5.0,3.5285263143863776,195.50249535446366,100.0,downstream wake,7.026837994850383,0.8759175248371599,197.309932474,10.608818171617886,-0.09371504433922961
20160906_flight01,1,-4.6000000000000005,6.301660098735887,54.570479569999996,7.83643058,103.0,2016-09-06 12:58:23,2016-09-06 12:58:25,3,1.239,6.126,6.290063592683305,6.688468765884138,0.07355852803614016,7.026837994850383,False,0.9421678293361786,8.2254266908671,6.14024872621785,Flight 01,20160906_flight01_airborne.tab,5.0,3.5285263143863776,195.50249535446366,100.0,downstream wake,7.026837994850383,0.8967988309043211,197.309932474,10.608818171617886,-0.09371504433922961
20160906_flight01,1,-4.4,6.211980399372356,54.570834035,7.83294061,103.0,2016-09-06 12:58:19,2016-09-06 12:58:22,4,1.20675,6.09975,6.228792499353307,6.703180471491366,0.07355852803614016,7.026837994850383,False,0.9267213415768703,8.2254266908671,6.14024872621785,Flight 01,20160906_flight01_airborne.tab,5.0,3.5285263143863776,195.50249535446366,100.0,downstream wake,7.026837994850383,0.8840363765216738,197.309932474,10.608818171617886,-0.09371504433922961
20160906_flight01,1,-4.2,6.300538707126558,54.57117961,7.82944618,102.9,2016-09-06 12:58:16,2016-09-06 12:58:18,3,1.3096666666666665,6.142333333333333,6.300538707126558,6.717892177098594,0.07355852803614016,7.026837994850383,False,0.937874342283313,8.2254266908671,6.14024872621785,Flight 01,20160906_flight01_airborne.tab,5.0,3.5285263143863776,195.50249535446366,100.0,downstream wake,7.026837994850383,0.8966392439592185,197.309932474,10.608818171617886,-0.09371504433922961
20160906_flight01,1,-4.0,6.228792499353307,54.5714678,7.826447000000001,102.9,2016-09-06 12:58:13,2016-09-06 12:58:15,3,1.2676666666666667,6.115666666666667,6.228792499353307,6.732603882705822,0.07355852803614016,7.026837994850383,False,0.9251684204017013,8.2254266908671,6.14024872621785,Flight 01,20160906_flight01_airborne.tab,5.0,3.5285263143863776,195.50249535446366,100.0,downstream wake,7.026837994850383,0.8864289320343056,197.309932474,10.608818171617886,-0.09371504433922961
20160906_flight01,1,-3.8000000000000003,6.373153144245006,54.571754520000006,7.823447,103.07199999999999,2016-09-06 12:58:10,2016-09-06 12:58:12,3,1.2246666666666666,6.173333333333333,6.285339449862673,6.74731558831305,0.07355852803614016,7.026837994850383,False,0.9445464734573662,8.2254266908671,6.14024872621785,Flight 01,20160906_flight01_airborne.tab,5.0,3.5285263143863776,195.50249535446366,100.0,downstream wake,7.026837994850383,0.9069731149224687,197.309932474,10.608818171617886,-0.09371504433922961
20160906_flight01,1,-3.6,6.214379454136993,54.57203944,7.82044793,103.616,2016-09-06 12:58:07,2016-09-06 12:58:09,3,1.1553333333333333,6.157666666666667,6.228792499353307,6.762027293920278,0.07355852803614016,7.026837994850383,False,0.9190112941017446,8.2254266908671,6.14024872621785,Flight 01,20160906_flight01_airborne.tab,5.0,3.5285263143863776,195.50249535446366,100.0,downstream wake,7.026837994850383,0.8843777896532125,197.309932474,10.608818171617886,-0.09371504433922961
20160906_flight01,1,-3.4000000000000004,6.285339449862673,54.5723325,7.8174563599999995,104.007,2016-09-06 12:58:04,2016-09-06 12:58:06,3,0.836,6.217,6.214379454136993,6.776738999527506,0.07355852803614016,7.026837994850383,False,0.927487313632841,8.2254266908671,6.14024872621785,Flight 01,20160906_flight01_airborne.tab,5.0,3.5285263143863776,195.50249535446366,100.0,downstream wake,7.026837994850383,0.8944762145461277,197.309932474,10.608818171617886,-0.09371504433922961
20160906_flight01,1,-3.2,5.971517813755562,54.57263476,7.8144713999999995,104.415,2016-09-06 12:58:01,2016-09-06 12:58:03,3,0.8773333333333334,5.986,6.175729673487983,6.791450705134734,0.07355852803614016,7.026837994850383,False,0.8792698457254126,8.2254266908671,6.14024872621785,Flight 01,20160906_flight01_airborne.tab,5.0,3.5285263143863776,195.50249535446366,100.0,downstream wake,7.026837994850383,0.8498157803170912,197.309932474,10.608818171617886,-0.09371504433922961
20160906_flight01,1,-3.0,6.142918687399337,54.572940790000004,7.8114894900000005,104.344,2016-09-06 12:57:58,2016-09-06 12:58:00,3,0.7903333333333333,6.141000000000001,6.175729673487983,6.806162410741962,0.07355852803614016,7.026837994850383,False,0.9025524688779323,8.2254266908671,6.14024872621785,Flight 01,20160906_flight01_airborne.tab,5.0,3.5285263143863776,195.50249535446366,100.0,downstream wake,7.026837994850383,0.8742080992761145,197.309932474,10.608818171617886,-0.09371504433922961
20160906_flight01,1,-2.8000000000000003,6.175729673487983,54.573240580000004,7.80850564,104.04799999999999,2016-09-06 12:57:55,2016-09-06 12:57:57,3,0.7466666666666667,6.2123333333333335,6.142918687399337,6.820874116349191,0.07355852803614016,7.026837994850383,False,0.9054161634042126,8.2254266908671,6.14024872621785,Flight 01,20160906_flight01_airborne.tab,5.0,3.5285263143863776,195.50249535446366,100.0,downstream wake,7.026837994850383,0.878877480598509,197.309932474,10.608818171617886,-0.09371504433922961
20160906_flight01,1,-2.6,6.1898214836940175,54.57354075,7.8055201499999995,103.632,2016-09-06 12:57:52,2016-09-06 12:57:54,3,1.0010000000000001,6.1000000000000005,6.142918687399337,6.8355858219564185,0.07355852803614016,7.026837994850383,False,0.9055290424138693,8.2254266908671,6.14024872621785,Flight 01,20160906_flight01_airborne.tab,5.0,3.5285263143863776,195.50249535446366,100.0,downstream wake,7.026837994850383,0.880882907536822,197.309932474,10.608818171617886,-0.09371504433922961
20160906_flight01,1,-2.4000000000000004,5.854556601485718,54.57385234,7.80253293,102.887,2016-09-06 12:57:49,2016-09-06 12:57:51,3,1.0216666666666667,5.723,6.037910400130164,6.850297527563646,0.07355852803614016,7.026837994850383,False,0.8546426747055365,8.2254266908671,6.14024872621785,Flight 01,20160906_flight01_airborne.tab,5.0,3.5285263143863776,195.50249535446366,100.0,downstream wake,7.026837994850383,0.8331708523486991,197.309932474,10.608818171617886,-0.09371504433922961
20160906_flight01,1,-2.2,6.037910400130164,54.57417742,7.79955321,103.01,2016-09-06 12:57:46,2016-09-06 12:57:48,3,1.774,5.855333333333334,5.854556601485718,6.865009233170874,0.07355852803614016,7.026837994850383,False,0.8795196328295858,8.2254266908671,6.14024872621785,Flight 01,20160906_flight01_airborne.tab,5.0,3.5285263143863776,195.50249535446366,100.0,downstream wake,7.026837994850383,0.8592642102400888,197.309932474,10.608818171617886,-0.09371504433922961
20160906_flight01,1,-2.0,5.625446450253225,54.574553425,7.79607858,102.93350000000001,2016-09-06 12:57:42,2016-09-06 12:57:45,4,1.10125,5.52625,5.854556601485718,6.879720938778102,0.07355852803614016,7.026837994850383,False,0.8176852666428579,8.2254266908671,6.14024872621785,Flight 01,20160906_flight01_airborne.tab,5.0,3.5285263143863776,195.50249535446366,100.0,downstream wake,7.026837994850383,0.800565838343766,197.309932474,10.608818171617886,-0.09371504433922961
20160906_flight01,1,-1.8,5.668645781842432,54.57492499,7.79259947,103.2,2016-09-06 12:57:39,2016-09-06 12:57:41,3,1.0106666666666666,5.472,5.668645781842432,6.89443264438533,0.07355852803614016,7.026837994850383,False,0.822206274864234,8.2254266908671,6.14024872621785,Flight 01,20160906_flight01_airborne.tab,5.0,3.5285263143863776,195.50249535446366,100.0,downstream wake,7.026837994850383,0.8067136009107793,197.309932474,10.608818171617886,-0.09371504433922961
20160906_flight01,1,-1.6,5.976070448045269,54.57525619,7.7896217100000005,103.345,2016-09-06 12:57:36,2016-09-06 12:57:38,3,1.1083333333333334,5.767666666666666,5.625446450253225,6.909144349992559,0.07355852803614016,7.026837994850383,False,0.8649508745683835,8.2254266908671,6.14024872621785,Flight 01,20160906_flight01_airborne.tab,5.0,3.5285263143863776,195.50249535446366,100.0,downstream wake,7.026837994850383,0.8504636726255581,197.309932474,10.608818171617886,-0.09371504433922961
20160906_flight01,1,-1.4000000000000001,5.568553223234919,54.5756063,7.78664933,102.852,2016-09-06 12:57:33,2016-09-06 12:57:35,3,0.8586666666666666,5.498666666666666,5.6235153596304865,6.923856055599787,0.07355852803614016,7.026837994850383,False,0.8042560646146386,8.2254266908671,6.14024872621785,Flight 01,20160906_flight01_airborne.tab,5.0,3.5285263143863776,195.50249535446366,100.0,downstream wake,7.026837994850383,0.7924692766954116,197.309932474,10.608818171617886,-0.09371504433922961
20160906_flight01,1,-1.2000000000000002,5.39416249291769,54.5759724,7.78367825,102.515,2016-09-06 12:57:30,2016-09-06 12:57:32,3,0.9236666666666666,5.282333333333333,5.6235153596304865,6.938567761207015,0.07355852803614016,7.026837994850383,False,0.7774172824363016,8.2254266908671,6.14024872621785,Flight 01,20160906_flight01_airborne.tab,5.0,3.5285263143863776,195.50249535446366,100.0,downstream wake,7.026837994850383,0.7676514666868371,197.309932474,10.608818171617886,-0.09371504433922961
20160906_flight01,1,-1.0,5.6235153596304865,54.57634388,7.780709809999999,104.066,2016-09-06 12:57:27,2016-09-06 12:57:29,3,1.1626666666666667,5.449333333333333,5.568553223234919,6.953279466814243,0.07355852803614016,7.026837994850383,False,0.8087572758249844,8.2254266908671,6.14024872621785,Flight 01,20160906_flight01_airborne.tab,5.0,3.5285263143863776,195.50249535446366,100.0,downstream wake,7.026837994850383,0.8002910219008434,197.309932474,10.608818171617886,-0.09371504433922961
20160906_flight01,1,-0.8,5.960801623942873,54.57671104,7.77774742,105.325,2016-09-06 12:57:24,2016-09-06 12:57:26,3,1.0656666666666668,5.886666666666667,5.537480022537327,6.9679911724214705,0.07355852803614016,7.026837994850383,False,0.8554548185329309,8.2254266908671,6.14024872621785,Flight 01,20160906_flight01_airborne.tab,5.0,3.5285263143863776,195.50249535446366,100.0,downstream wake,7.026837994850383,0.8482907430498962,197.309932474,10.608818171617886,-0.09371504433922961
20160906_flight01,1,-0.6000000000000001,5.425917894697633,54.5770745,7.774785560000001,105.275,2016-09-06 12:57:21,2016-09-06 12:57:23,3,0.643,5.376333333333332,5.537480022537327,6.982702878028698,0.07355852803614016,7.026837994850383,False,0.7770512349552292,8.2254266908671,6.14024872621785,Flight 01,20160906_flight01_airborne.tab,5.0,3.5285263143863776,195.50249535446366,100.0,downstream wake,7.026837994850383,0.7721706262011472,197.309932474,10.608818171617886,-0.09371504433922961
20160906_flight01,1,-0.4,5.537480022537327,54.57743243,7.7718153800000005,104.514,2016-09-06 12:57:18,2016-09-06 12:57:20,3,0.7033333333333333,5.404666666666667,5.528150685355818,6.997414583635926,0.07355852803614016,7.026837994850383,False,0.7913608599792292,8.2254266908671,6.14024872621785,Flight 01,20160906_flight01_airborne.tab,5.0,3.5285263143863776,195.50249535446366,100.0,downstream wake,7.026837994850383,0.7880472022544803,197.309932474,10.608818171617886,-0.09371504433922961
20160906_flight01,1,-0.2,5.3596329165344905,54.57778364,7.76883364,103.525,2016-09-06 12:57:15,2016-09-06 12:57:17,3,1.1376666666666668,5.288333333333333,5.528150685355818,7.012126289243155,0.07355852803614016,7.026837994850383,False,0.7643377622499973,8.2254266908671,6.14024872621785,Flight 01,20160906_flight01_airborne.tab,5.0,3.5285263143863776,195.50249535446366,100.0,downstream wake,7.026837994850383,0.7627375101663503,197.309932474,10.608818171617886,-0.09371504433922961
20160906_flight01,1,0.0,5.528150685355818,54.578131549999995,7.76584699,103.375,2016-09-06 12:57:12,2016-09-06 12:57:14,3,1.5033333333333332,5.447666666666667,5.537480022537327,7.026837994850383,0.07355852803614016,7.026837994850383,False,0.7867195300940655,8.2254266908671,6.14024872621785,Flight 01,20160906_flight01_airborne.tab,5.0,3.5285263143863776,195.50249535446366,100.0,downstream wake,7.026837994850383,0.7867195300940655,197.309932474,10.608818171617886,-0.09371504433922961
20160906_flight01,1,0.2,5.791395859376218,54.57847608,7.76285898,103.412,2016-09-06 12:57:09,2016-09-06 12:57:11,3,2.0076666666666667,5.619666666666667,5.791395859376218,7.041549700457611,0.07355852803614016,7.026837994850383,False,0.8224604108098322,8.2254266908671,6.14024872621785,Flight 01,20160906_flight01_airborne.tab,5.0,3.5285263143863776,195.50249535446366,100.0,downstream wake,7.026837994850383,0.8241823510973842,197.309932474,10.608818171617886,-0.09371504433922961
20160906_flight01,1,0.4,6.194042621745511,54.5788321,7.75987806,103.60799999999999,2016-09-06 12:57:06,2016-09-06 12:57:08,3,1.6366666666666667,5.9863333333333335,5.819898821916148,7.056261406064839,0.07355852803614016,7.026837994850383,False,0.8778079871618343,8.2254266908671,6.14024872621785,Flight 01,20160906_flight01_airborne.tab,5.0,3.5285263143863776,195.50249535446366,100.0,downstream wake,7.026837994850383,0.8814836241115582,197.309932474,10.608818171617886,-0.09371504433922961
20160906_flight01,1,0.6000000000000001,6.2967500347401435,54.579198399999996,7.756904980000001,104.2,2016-09-06 12:57:03,2016-09-06 12:57:05,3,1.466,5.986666666666667,5.819898821916148,7.070973111672067,0.07355852803614016,7.026837994850383,False,0.8905068560289231,8.2254266908671,6.14024872621785,Flight 01,20160906_flight01_airborne.tab,5.0,3.5285263143863776,195.50249535446366,100.0,downstream wake,7.026837994850383,0.8961000722308833,197.309932474,10.608818171617886,-0.09371504433922961
20160906_flight01,1,0.8,5.819898821916148,54.579647485,7.753446875,103.917,2016-09-06 12:56:59,2016-09-06 12:57:02,4,1.0615,5.71375,5.832888221113104,7.085684817279295,0.07355852803614016,7.026837994850383,False,0.8213601044917528,8.2254266908671,6.14024872621785,Flight 01,20160906_flight01_airborne.tab,5.0,3.5285263143863776,195.50249535446366,100.0,downstream wake,7.026837994850383,0.8282386510378152,197.309932474,10.608818171617886,-0.09371504433922961
20160906_flight01,1,1.0,5.770827410345937,54.58011021,7.74999089,103.994,2016-09-06 12:56:56,2016-09-06 12:56:58,3,1.2533333333333332,5.718,5.819898821916148,7.100396522886523,0.07355852803614016,7.026837994850383,False,0.8127472024618596,8.2254266908671,6.14024872621785,Flight 01,20160906_flight01_airborne.tab,5.0,3.5285263143863776,195.50249535446366,100.0,downstream wake,7.026837994850383,0.8212552238396683,197.309932474,10.608818171617886,-0.09371504433922961
20160906_flight01,1,1.2000000000000002,5.832888221113104,54.58049863,7.7470221200000005,104.521,2016-09-06 12:56:53,2016-09-06 12:56:55,3,1.4526666666666666,5.861666666666667,5.819898821916148,7.115108228493751,0.07355852803614016,7.026837994850383,False,0.8197891070376466,8.2254266908671,6.14024872621785,Flight 01,20160906_flight01_airborne.tab,5.0,3.5285263143863776,195.50249535446366,100.0,downstream wake,7.026837994850383,0.8300871921891092,197.309932474,10.608818171617886,-0.09371504433922961
20160906_flight01,1,1.4000000000000001,5.687391757211736,54.580876440000004,7.74405104,104.959,2016-09-06 12:56:50,2016-09-06 12:56:52,3,1.293,5.582666666666667,5.832888221113104,7.129819934100979,0.07355852803614016,7.026837994850383,False,0.7976907986146604,8.2254266908671,6.14024872621785,Flight 01,20160906_flight01_airborne.tab,5.0,3.5285263143863776,195.50249535446366,100.0,downstream wake,7.026837994850383,0.8093813691705629,197.309932474,10.608818171617886,-0.09371504433922961
20160906_flight01,1,1.6,6.141483289890155,54.581245689999996,7.7410767499999995,104.87100000000001,2016-09-06 12:56:47,2016-09-06 12:56:49,3,1.4133333333333333,5.928666666666667,5.917217082379182,7.144531639708207,0.07355852803614016,7.026837994850383,False,0.8596061434953602,8.2254266908671,6.14024872621785,Flight 01,20160906_flight01_airborne.tab,5.0,3.5285263143863776,195.50249535446366,100.0,downstream wake,7.026837994850383,0.874003825673929,197.309932474,10.608818171617886,-0.09371504433922961
20160906_flight01,1,1.8,5.917217082379182,54.581603400000006,7.7380960100000005,104.6,2016-09-06 12:56:44,2016-09-06 12:56:46,3,1.5110000000000001,5.7763333333333335,5.917217082379182,7.159243345315435,0.07355852803614016,7.026837994850383,False,0.8265143112157295,8.2254266908671,6.14024872621785,Flight 01,20160906_flight01_airborne.tab,5.0,3.5285263143863776,195.50249535446366,100.0,downstream wake,7.026837994850383,0.8420881606656668,197.309932474,10.608818171617886,-0.09371504433922961
20160906_flight01,1,2.0,6.247076196109664,54.58194925,7.73511114,104.478,2016-09-06 12:56:41,2016-09-06 12:56:43,3,1.7633333333333334,6.169,6.141483289890155,7.173955050922663,0.07355852803614016,7.026837994850383,False,0.8707994616311695,8.2254266908671,6.14024872621785,Flight 01,20160906_flight01_airborne.tab,5.0,3.5285263143863776,195.50249535446366,100.0,downstream wake,7.026837994850383,0.8890309127217438,197.309932474,10.608818171617886,-0.09371504433922961
20160906_flight01,1,2.2,5.819768466184888,54.58228679,7.73212138,103.815,2016-09-06 12:56:38,2016-09-06 12:56:40,3,1.4160000000000001,5.631,6.231813299514035,7.188666756529891,0.07355852803614016,7.026837994850383,False,0.8095754975564069,8.2254266908671,6.14024872621785,Flight 01,20160906_flight01_airborne.tab,5.0,3.5285263143863776,195.50249535446366,100.0,downstream wake,7.026837994850383,0.8282200999154817,197.309932474,10.608818171617886,-0.09371504433922961
20160906_flight01,1,2.4000000000000004,6.231813299514035,54.58262432000001,7.729130629999999,104.189,2016-09-06 12:56:35,2016-09-06 12:56:37,3,1.8126666666666666,5.9433333333333325,6.2369659290395365,7.2033784621371195,0.07355852803614016,7.026837994850383,False,0.8651236822096894,8.2254266908671,6.14024872621785,Flight 01,20160906_flight01_airborne.tab,5.0,3.5285263143863776,195.50249535446366,100.0,downstream wake,7.026837994850383,0.8868588266985831,197.309932474,10.608818171617886,-0.09371504433922961
20160906_flight01,1,2.6,6.2369659290395365,54.582962509999994,7.726141770000001,104.3,2016-09-06 12:56:32,2016-09-06 12:56:34,3,1.7736666666666665,5.968333333333334,6.2369659290395365,7.218090167744347,0.07355852803614016,7.026837994850383,False,0.8640742612098163,8.2254266908671,6.14024872621785,Flight 01,20160906_flight01_airborne.tab,5.0,3.5285263143863776,195.50249535446366,100.0,downstream wake,7.026837994850383,0.8875921052414039,197.309932474,10.608818171617886,-0.09371504433922961
20160906_flight01,1,2.8000000000000003,6.560539611952664,54.583299260000004,7.723155,104.03,2016-09-06 12:56:29,2016-09-06 12:56:31,3,1.859,6.185333333333333,6.373627303192429,7.232801873351575,0.07355852803614016,7.026837994850383,False,0.9070536877450239,8.2254266908671,6.14024872621785,Flight 01,20160906_flight01_airborne.tab,5.0,3.5285263143863776,195.50249535446366,100.0,downstream wake,7.026837994850383,0.9336403680802879,197.309932474,10.608818171617886,-0.09371504433922961
20160906_flight01,1,3.0,6.373627303192429,54.58363926,7.72017083,103.873,2016-09-06 12:56:26,2016-09-06 12:56:28,3,1.8763333333333332,5.961666666666666,6.560539611952664,7.247513578958803,0.07355852803614016,7.026837994850383,False,0.8794226093893129,8.2254266908671,6.14024872621785,Flight 01,20160906_flight01_airborne.tab,5.0,3.5285263143863776,195.50249535446366,100.0,downstream wake,7.026837994850383,0.9070405932032788,197.309932474,10.608818171617886,-0.09371504433922961
20160906_flight01,1,3.2,6.960702047925913,54.58398497,7.717190540000001,103.54299999999999,2016-09-06 12:56:23,2016-09-06 12:56:25,3,1.898,6.532666666666667,6.628209411296537,7.262225284566031,0.07355852803614016,7.026837994850383,False,0.9584805999779534,8.2254266908671,6.14024872621785,Flight 01,20160906_flight01_airborne.tab,5.0,3.5285263143863776,195.50249535446366,100.0,downstream wake,7.026837994850383,0.9905880928273945,197.309932474,10.608818171617886,-0.09371504433922961
20160906_flight01,1,3.4000000000000004,6.628209411296537,54.58433708,7.714213089999999,103.73,2016-09-06 12:56:20,2016-09-06 12:56:22,3,2.046,6.319,6.646165285335597,7.276936990173259,0.07355852803614016,7.026837994850383,False,0.9108515602439927,8.2254266908671,6.14024872621785,Flight 01,20160906_flight01_airborne.tab,5.0,3.5285263143863776,195.50249535446366,100.0,downstream wake,7.026837994850383,0.9432705601230624,197.309932474,10.608818171617886,-0.09371504433922961
20160906_flight01,1,3.6,6.646165285335597,54.58469978,7.7112428,103.8,2016-09-06 12:56:17,2016-09-06 12:56:19,3,1.9896666666666667,6.266666666666666,6.9055157664000735,7.291648695780487,0.07355852803614016,7.026837994850383,False,0.9114763426797541,8.2254266908671,6.14024872621785,Flight 01,20160906_flight01_airborne.tab,5.0,3.5285263143863776,195.50249535446366,100.0,downstream wake,7.026837994850383,0.9458258878611173,197.309932474,10.608818171617886,-0.09371504433922961
20160906_flight01,1,3.8000000000000003,6.9055157664000735,54.58506189,7.70827389,103.6,2016-09-06 12:56:14,2016-09-06 12:56:16,3,2.3906666666666667,6.230333333333334,6.9055157664000735,7.306360401387716,0.07355852803614016,7.026837994850383,False,0.9451375769922999,8.2254266908671,6.14024872621785,Flight 01,20160906_flight01_airborne.tab,5.0,3.5285263143863776,195.50249535446366,100.0,downstream wake,7.026837994850383,0.9827344491876402,197.309932474,10.608818171617886,-0.09371504433922961
20160906_flight01,1,4.0,7.040023495825144,54.58546774,7.704804344999999,103.5,2016-09-06 12:56:10,2016-09-06 12:56:13,4,2.09625,6.55475,7.040023495825144,7.321072106994944,0.07355852803614016,7.026837994850383,False,0.9616110035439659,8.2254266908671,6.14024872621785,Flight 01,20160906_flight01_airborne.tab,5.0,3.5285263143863776,195.50249535446366,100.0,downstream wake,7.026837994850383,1.0018764486934841,197.309932474,10.608818171617886,-0.09371504433922961
20160906_flight01,1,4.2,7.071704320741924,54.58584864,7.70132241,103.5,2016-09-06 12:56:07,2016-09-06 12:56:09,3,2.051,6.946333333333333,7.040023495825144,7.3357838126021715,0.07355852803614016,7.026837994850383,False,0.9640011894289218,8.2254266908671,6.14024872621785,Flight 01,20160906_flight01_airborne.tab,5.0,3.5285263143863776,195.50249535446366,100.0,downstream wake,7.026837994850383,1.0063849950609964,197.309932474,10.608818171617886,-0.09371504433922961
20160906_flight01,1,4.4,7.321606449407125,54.58616626,7.698331319999999,103.652,2016-09-06 12:56:04,2016-09-06 12:56:06,3,2.1663333333333337,7.056333333333334,7.071704320741924,7.350495518209399,0.07355852803614016,7.026837994850383,False,0.9960697794140942,8.2254266908671,6.14024872621785,Flight 01,20160906_flight01_airborne.tab,5.0,3.5285263143863776,195.50249535446366,100.0,downstream wake,7.026837994850383,1.0419489469904903,197.309932474,10.608818171617886,-0.09371504433922961
20160906_flight01,1,4.6000000000000005,6.937645854322632,54.5864725,7.695334249999999,103.43700000000001,2016-09-06 12:56:01,2016-09-06 12:56:03,3,2.433,6.576666666666667,7.224043881372815,7.365207223816627,0.07355852803614016,7.026837994850383,False,0.9419484942512677,8.2254266908671,6.14024872621785,Flight 01,20160906_flight01_airborne.tab,5.0,3.5285263143863776,195.50249535446366,100.0,downstream wake,7.026837994850383,0.9873069308566506,197.309932474,10.608818171617886,-0.09371504433922961
20160906_flight01,1,4.800000000000001,7.224043881372815,54.5867758,7.6923392,102.969,2016-09-06 12:55:58,2016-09-06 12:56:00,3,2.3843333333333336,6.846333333333334,7.224043881372815,7.379918929423855,0.07355852803614016,7.026837994850383,False,0.9788784877528174,8.2254266908671,6.14024872621785,Flight 01,20160906_flight01_airborne.tab,5.0,3.5285263143863776,195.50249535446366,100.0,downstream wake,7.026837994850383,1.0280646695806783,197.309932474,10.608818171617886,-0.09371504433922961
20160906_flight01,1,5.0,7.350235166305906,54.58708163,7.68934339,102.682,2016-09-06 12:55:55,2016-09-06 12:55:57,3,2.317,7.114666666666667,7.224043881372815,7.394630635031083,0.07355852803614016,7.026837994850383,False,0.9939962560787201,8.2254266908671,6.14024872621785,Flight 01,20160906_flight01_airborne.tab,5.0,3.5285263143863776,195.50249535446366,100.0,downstream wake,7.026837994850383,1.0460231432249505,197.309932474,10.608818171617886,-0.09371504433922961
20160906_flight01,1,5.2,7.186209640693764,54.58739166,7.6863491,102.978,2016-09-06 12:55:52,2016-09-06 12:55:54,3,2.6046666666666667,6.928,7.224043881372815,7.409342340638312,0.07355852803614016,7.026837994850383,False,0.9698849520394376,8.2254266908671,6.14024872621785,Flight 01,20160906_flight01_airborne.tab,5.0,3.5285263143863776,195.50249535446366,100.0,downstream wake,7.026837994850383,1.022680421259203,197.309932474,10.608818171617886,-0.09371504433922961
20160906_flight01,1,5.4,7.573518204903187,54.58771179,7.683363829999999,103.4,2016-09-06 12:55:49,2016-09-06 12:55:51,3,2.581,7.146666666666666,7.186209640693764,7.42405404624554,0.07355852803614016,7.026837994850383,False,1.020132417911644,8.2254266908671,6.14024872621785,Flight 01,20160906_flight01_airborne.tab,5.0,3.5285263143863776,195.50249535446366,100.0,downstream wake,7.026837994850383,1.0777988919701065,197.309932474,10.608818171617886,-0.09371504433922961
20160906_flight01,1,5.6000000000000005,7.145245272207246,54.58803479,7.680383920000001,103.06,2016-09-06 12:55:46,2016-09-06 12:55:48,3,2.1199999999999997,6.856333333333333,7.186209640693764,7.438765751852768,0.07355852803614016,7.026837994850383,False,0.9605417767628434,8.2254266908671,6.14024872621785,Flight 01,20160906_flight01_airborne.tab,5.0,3.5285263143863776,195.50249535446366,100.0,downstream wake,7.026837994850383,1.0168507196898005,197.309932474,10.608818171617886,-0.09371504433922961
20160906_flight01,1,5.800000000000001,7.147056037278566,54.58835991,7.677403839999999,102.68299999999999,2016-09-06 12:55:43,2016-09-06 12:55:45,3,2.3160000000000003,6.782666666666667,7.333173733111742,7.453477457459996,0.07355852803614016,7.026837994850383,False,0.9588887976209359,8.2254266908671,6.14024872621785,Flight 01,20160906_flight01_airborne.tab,5.0,3.5285263143863776,195.50249535446366,100.0,downstream wake,7.026837994850383,1.0171084124205347,197.309932474,10.608818171617886,-0.09371504433922961
20160906_flight01,1,6.0,7.570205875668112,54.5886736,7.67441552,102.609,2016-09-06 12:55:40,2016-09-06 12:55:42,3,1.9336666666666666,7.100333333333334,7.333173733111742,7.4681891630672235,0.07355852803614016,7.026837994850383,False,1.0136601671935945,8.2254266908671,6.14024872621785,Flight 01,20160906_flight01_airborne.tab,5.0,3.5285263143863776,195.50249535446366,100.0,downstream wake,7.026837994850383,1.077327509359962,197.309932474,10.608818171617886,-0.09371504433922961
20160906_flight01,1,6.2,7.333173733111742,54.58898112,7.671418,102.699,2016-09-06 12:55:37,2016-09-06 12:55:39,3,2.34,6.718333333333334,7.570205875668112,7.482900868674451,0.07355852803614016,7.026837994850383,False,0.9799907631825634,8.2254266908671,6.14024872621785,Flight 01,20160906_flight01_airborne.tab,5.0,3.5285263143863776,195.50249535446366,100.0,downstream wake,7.026837994850383,1.0435951047236123,197.309932474,10.608818171617886,-0.09371504433922961
20160906_flight01,1,6.4,7.738769152778754,54.589289019999995,7.668421990000001,103.10699999999999,2016-09-06 12:55:34,2016-09-06 12:55:36,3,2.215666666666667,7.307333333333333,7.738769152778754,7.49761257428168,0.07355852803614016,7.026837994850383,False,1.0321644491640298,8.2254266908671,6.14024872621785,Flight 01,20160906_flight01_airborne.tab,5.0,3.5285263143863776,195.50249535446366,100.0,downstream wake,7.026837994850383,1.1013160056415288,197.309932474,10.608818171617886,-0.09371504433922961
20160906_flight01,1,6.6000000000000005,7.985053720950223,54.589655215,7.66493264,103.077,2016-09-06 12:55:30,2016-09-06 12:55:33,4,2.08725,7.5635,7.738769152778754,7.512324279888908,0.07355852803614016,7.026837994850383,False,1.0629271878381035,8.2254266908671,6.14024872621785,Flight 01,20160906_flight01_airborne.tab,5.0,3.5285263143863776,195.50249535446366,100.0,downstream wake,7.026837994850383,1.1363651370363268,197.309932474,10.608818171617886,-0.09371504433922961
20160906_flight01,1,6.800000000000001,7.818654679674759,54.59002622,7.6614428299999995,103.0,2016-09-06 12:55:27,2016-09-06 12:55:29,3,2.0656666666666665,7.506666666666667,7.738769152778754,7.527035985496136,0.07355852803614016,7.026837994850383,False,1.0387428324695862,8.2254266908671,6.14024872621785,Flight 01,20160906_flight01_airborne.tab,5.0,3.5285263143863776,195.50249535446366,100.0,downstream wake,7.026837994850383,1.1126846364473835,197.309932474,10.608818171617886,-0.09371504433922961
20160906_flight01,1,7.0,7.500382456915114,54.59034768000001,7.65845041,103.0,2016-09-06 12:55:24,2016-09-06 12:55:26,3,1.969,7.220666666666666,7.818654679674759,7.541747691103364,0.07355852803614016,7.026837994850383,False,0.9945151659956688,8.2254266908671,6.14024872621785,Flight 01,20160906_flight01_airborne.tab,5.0,3.5285263143863776,195.50249535446366,100.0,downstream wake,7.026837994850383,1.0673908324642987,197.309932474,10.608818171617886,-0.09371504433922961
20160906_flight01,1,7.2,7.530855993842931,54.59067038999999,7.65545929,103.449,2016-09-06 12:55:21,2016-09-06 12:55:23,3,1.899,7.302333333333333,7.714569916722513,7.556459396710592,0.07355852803614016,7.026837994850383,False,0.9966117196528832,8.2254266908671,6.14024872621785,Flight 01,20160906_flight01_airborne.tab,5.0,3.5285263143863776,195.50249535446366,100.0,downstream wake,7.026837994850383,1.0717275678423095,197.309932474,10.608818171617886,-0.09371504433922961
20160906_flight01,1,7.4,7.993361307985522,54.590989529999995,7.652468679999999,103.74,2016-09-06 12:55:18,2016-09-06 12:55:20,3,2.1300000000000003,7.6306666666666665,7.714569916722513,7.57117110231782,0.07355852803614016,7.026837994850383,False,1.0557628667959247,8.2254266908671,6.14024872621785,Flight 01,20160906_flight01_airborne.tab,5.0,3.5285263143863776,195.50249535446366,100.0,downstream wake,7.026837994850383,1.1375474023797696,197.309932474,10.608818171617886,-0.09371504433922961
20160906_flight01,1,7.6000000000000005,7.714569916722513,54.59129815,7.64947029,103.03699999999999,2016-09-06 12:55:15,2016-09-06 12:55:17,3,1.806,7.511333333333333,7.87893704759722,7.5858828079250475,0.07355852803614016,7.026837994850383,False,1.0169640254214085,8.2254266908671,6.14024872621785,Flight 01,20160906_flight01_airborne.tab,5.0,3.5285263143863776,195.50249535446366,100.0,downstream wake,7.026837994850383,1.0978721755612033,197.309932474,10.608818171617886,-0.09371504433922961
20160906_flight01,1,7.800000000000001,7.87893704759722,54.591596040000006,7.6464634,103.046,2016-09-06 12:55:12,2016-09-06 12:55:14,3,2.0853333333333333,7.625333333333333,7.941651213696053,7.600594513532276,0.07355852803614016,7.026837994850383,False,1.0366211529334155,8.2254266908671,6.14024872621785,Flight 01,20160906_flight01_airborne.tab,5.0,3.5285263143863776,195.50249535446366,100.0,downstream wake,7.026837994850383,1.1212635118913084,197.309932474,10.608818171617886,-0.09371504433922961
20160906_flight01,1,8.0,7.941651213696053,54.59188972,7.643455,103.445,2016-09-06 12:55:09,2016-09-06 12:55:11,3,2.1553333333333335,7.643666666666667,7.87893704759722,7.615306219139504,0.07355852803614016,7.026837994850383,False,1.0428538242804142,8.2254266908671,6.14024872621785,Flight 01,20160906_flight01_airborne.tab,5.0,3.5285263143863776,195.50249535446366,100.0,downstream wake,7.026837994850383,1.1301884602314856,197.309932474,10.608818171617886,-0.09371504433922961
20160906_flight01,1,8.200000000000001,8.128706231621365,54.59217837,7.64044542,103.31700000000001,2016-09-06 12:55:06,2016-09-06 12:55:08,3,2.283333333333333,7.849,7.941651213696053,7.630017924746732,0.07355852803614016,7.026837994850383,False,1.0653587333336685,8.2254266908671,6.14024872621785,Flight 01,20160906_flight01_airborne.tab,5.0,3.5285263143863776,195.50249535446366,100.0,downstream wake,7.026837994850383,1.1568085442667793,197.309932474,10.608818171617886,-0.09371504433922961
20160906_flight01,1,8.4,7.784156280548328,54.592470819999996,7.63743596,102.8,2016-09-06 12:55:03,2016-09-06 12:55:05,3,2.081,7.603333333333333,7.996316964703188,7.64472963035396,0.07355852803614016,7.026837994850383,False,1.018238270931226,8.2254266908671,6.14024872621785,Flight 01,20160906_flight01_airborne.tab,5.0,3.5285263143863776,195.50249535446366,100.0,downstream wake,7.026837994850383,1.1077751168097152,197.309932474,10.608818171617886,-0.09371504433922961
20160906_flight01,1,8.6,8.403367896266353,54.59277383,7.6344305,102.7,2016-09-06 12:55:00,2016-09-06 12:55:02,3,2.3286666666666664,7.928666666666667,8.069939343018632,7.659441335961188,0.07355852803614016,7.026837994850383,False,1.0971254335237766,8.2254266908671,6.14024872621785,Flight 01,20160906_flight01_airborne.tab,5.0,3.5285263143863776,195.50249535446366,100.0,downstream wake,7.026837994850383,1.195896063410706,197.309932474,10.608818171617886,-0.09371504433922961
20160906_flight01,1,8.8,7.996316964703188,54.59309487,7.63143291,102.67200000000001,2016-09-06 12:54:57,2016-09-06 12:54:59,3,2.2676666666666665,7.684333333333332,7.996316964703188,7.674153041568416,0.07355852803614016,7.026837994850383,False,1.0419803881144556,8.2254266908671,6.14024872621785,Flight 01,20160906_flight01_airborne.tab,5.0,3.5285263143863776,195.50249535446366,100.0,downstream wake,7.026837994850383,1.1379680263816083,197.309932474,10.608818171617886,-0.09371504433922961
20160906_flight01,1,9.0,8.069939343018632,54.59342899,7.62844078,102.7,2016-09-06 12:54:54,2016-09-06 12:54:56,3,2.366,7.631333333333334,7.996316964703188,7.688864747175644,0.07355852803614016,7.026837994850383,False,1.0495618805081686,8.2254266908671,6.14024872621785,Flight 01,20160906_flight01_airborne.tab,5.0,3.5285263143863776,195.50249535446366,100.0,downstream wake,7.026837994850383,1.1484453389892701,197.309932474,10.608818171617886,-0.09371504433922961
20160906_flight01,1,9.200000000000001,7.781946864377834,54.593758120000004,7.62544587,102.82700000000001,2016-09-06 12:54:51,2016-09-06 12:54:53,3,2.009333333333333,7.694,7.781946864377834,7.7035764527828725,0.07355852803614016,7.026837994850383,False,1.0101732503176042,8.2254266908671,6.14024872621785,Flight 01,20160906_flight01_airborne.tab,5.0,3.5285263143863776,195.50249535446366,100.0,downstream wake,7.026837994850383,1.107460691434872,197.309932474,10.608818171617886,-0.09371504433922961
20160906_flight01,1,9.4,7.738595479801229,54.59407571,7.622448,104.042,2016-09-06 12:54:48,2016-09-06 12:54:50,3,1.8483333333333334,7.619,7.738595479801229,7.7182881583901,0.07355852803614016,7.026837994850383,False,1.002631065463532,8.2254266908671,6.14024872621785,Flight 01,20160906_flight01_airborne.tab,5.0,3.5285263143863776,195.50249535446366,100.0,downstream wake,7.026837994850383,1.1012912899760117,197.309932474,10.608818171617886,-0.09371504433922961
20160906_flight01,1,9.600000000000001,7.673616198560875,54.59443684,7.61895054,104.1175,2016-09-06 12:54:44,2016-09-06 12:54:47,4,1.67975,7.4815000000000005,7.738595479801229,7.732999863997328,0.07355852803614016,7.026837994850383,False,0.9923207466079332,8.2254266908671,6.14024872621785,Flight 01,20160906_flight01_airborne.tab,5.0,3.5285263143863776,195.50249535446366,100.0,downstream wake,7.026837994850383,1.092043989655729,197.309932474,10.608818171617886,-0.09371504433922961
20160906_flight01,1,9.8,7.412993794682416,54.59478484,7.6154424700000005,103.508,2016-09-06 12:54:41,2016-09-06 12:54:43,3,1.545,7.272333333333333,7.738595479801229,7.747711569604556,0.07355852803614016,7.026837994850383,False,0.9567978528995209,8.2254266908671,6.14024872621785,Flight 01,20160906_flight01_airborne.tab,5.0,3.5285263143863776,195.50249535446366,100.0,downstream wake,7.026837994850383,1.0549544190594728,197.309932474,10.608818171617886,-0.09371504433922961
20160906_flight01,1,10.0,7.890127058546015,54.59507654,7.61242984,103.275,2016-09-06 12:54:38,2016-09-06 12:54:40,3,1.8113333333333335,7.69,7.890127058546015,7.762423275211784,0.07355852803614016,7.026837994850383,True,1.0164515356618127,8.2254266908671,6.14024872621785,Flight 01,20160906_flight01_airborne.tab,5.0,3.5285263143863776,195.50249535446366,100.0,downstream wake,7.026837994850383,1.1228559793648711,197.309932474,10.608818171617886,-0.09371504433922961
20160906_flight01,1,10.200000000000001,7.9285572458045595,54.59537303,7.60941717,103.134,2016-09-06 12:54:35,2016-09-06 12:54:37,3,1.9473333333333331,7.695,7.9285572458045595,7.777134980819012,0.07355852803614016,7.026837994850383,True,1.0194701860465332,8.2254266908671,6.14024872621785,Flight 01,20160906_flight01_airborne.tab,5.0,3.5285263143863776,195.50249535446366,100.0,downstream wake,7.026837994850383,1.1283250377502656,197.309932474,10.608818171617886,-0.09371504433922961
20160906_flight01,1,10.4,7.941842670312728,54.595689410000006,7.60641485,103.3,2016-09-06 12:54:32,2016-09-06 12:54:34,3,2.1233333333333335,7.642333333333333,7.941842670312728,7.791846686426241,0.07355852803614016,7.026837994850383,True,1.019250376697964,8.2254266908671,6.14024872621785,Flight 01,20160906_flight01_airborne.tab,5.0,3.5285263143863776,195.50249535446366,100.0,downstream wake,7.026837994850383,1.130215706713732,197.309932474,10.608818171617886,-0.09371504433922961
20160906_flight01,1,10.600000000000001,8.39448688128107,54.59603411,7.60342895,103.064,2016-09-06 12:54:29,2016-09-06 12:54:31,3,2.212666666666667,8.030333333333333,8.076537005425036,7.806558392033469,0.07355852803614016,7.026837994850383,True,1.0753121234381053,8.2254266908671,6.14024872621785,Flight 01,20160906_flight01_airborne.tab,5.0,3.5285263143863776,195.50249535446366,100.0,downstream wake,7.026837994850383,1.1946321926637513,197.309932474,10.608818171617886,-0.09371504433922961
20160906_flight01,1,10.8,8.076537005425036,54.59640983,7.60045889,102.71600000000001,2016-09-06 12:54:26,2016-09-06 12:54:28,3,2.073,7.812,8.076537005425036,7.821270097640697,0.07355852803614016,7.026837994850383,True,1.0326375262070724,8.2254266908671,6.14024872621785,Flight 01,20160906_flight01_airborne.tab,5.0,3.5285263143863776,195.50249535446366,100.0,downstream wake,7.026837994850383,1.1493842623586776,197.309932474,10.608818171617886,-0.09371504433922961
20160906_flight01,1,11.0,8.094992279181,54.59680059,7.597495380000001,102.7,2016-09-06 12:54:23,2016-09-06 12:54:25,3,2.193,7.859999999999999,8.076537005425036,7.8359818032479245,0.07355852803614016,7.026837994850383,True,1.033053991501833,8.2254266908671,6.14024872621785,Flight 01,20160906_flight01_airborne.tab,5.0,3.5285263143863776,195.50249535446366,100.0,downstream wake,7.026837994850383,1.1520106604298281,197.309932474,10.608818171617886,-0.09371504433922961
20160906_flight01,1,11.200000000000001,7.983006075407935,54.59718445000001,7.59452743,102.87100000000001,2016-09-06 12:54:20,2016-09-06 12:54:22,3,2.239333333333333,7.666666666666667,7.983006075407935,7.850693508855152,0.07355852803614016,7.026837994850383,True,1.0168536150855387,8.2254266908671,6.14024872621785,Flight 01,20160906_flight01_airborne.tab,5.0,3.5285263143863776,195.50249535446366,100.0,downstream wake,7.026837994850383,1.1360737334855706,197.309932474,10.608818171617886,-0.09371504433922961
20160906_flight01,1,11.4,7.977335206696532,54.597557939999994,7.59155279,102.72399999999999,2016-09-06 12:54:17,2016-09-06 12:54:19,3,2.1206666666666667,7.7203333333333335,7.983006075407935,7.86540521446238,0.07355852803614016,7.026837994850383,True,1.0142306707896425,8.2254266908671,6.14024872621785,Flight 01,20160906_flight01_airborne.tab,5.0,3.5285263143863776,195.50249535446366,100.0,downstream wake,7.026837994850383,1.1352667035361739,197.309932474,10.608818171617886,-0.09371504433922961
20160906_flight01,1,11.600000000000001,7.968699078268672,54.59791817,7.5885694699999995,103.068,2016-09-06 12:54:14,2016-09-06 12:54:16,3,2.212666666666667,7.669333333333333,7.983006075407935,7.880116920069609,0.07355852803614016,7.026837994850383,True,1.0112412238419275,8.2254266908671,6.14024872621785,Flight 01,20160906_flight01_airborne.tab,5.0,3.5285263143863776,195.50249535446366,100.0,downstream wake,7.026837994850383,1.1340376829675782,197.309932474,10.608818171617886,-0.09371504433922961
20160906_flight01,1,11.8,8.054128009908958,54.59827201,7.58558637,103.53,2016-09-06 12:54:11,2016-09-06 12:54:13,3,2.4073333333333333,7.710000000000001,8.054128009908958,7.894828625676837,0.07355852803614016,7.026837994850383,True,1.0201776874185744,8.2254266908671,6.14024872621785,Flight 01,20160906_flight01_airborne.tab,5.0,3.5285263143863776,195.50249535446366,100.0,downstream wake,7.026837994850383,1.1461952041318477,197.309932474,10.608818171617886,-0.09371504433922961
20160906_flight01,1,12.0,8.43870250690235,54.59863432,7.582610550000001,102.81,2016-09-06 12:54:08,2016-09-06 12:54:10,3,2.797,7.801333333333333,8.054128009908958,7.909540331284065,0.07355852803614016,7.026837994850383,True,1.0669017608425773,8.2254266908671,6.14024872621785,Flight 01,20160906_flight01_airborne.tab,5.0,3.5285263143863776,195.50249535446366,100.0,downstream wake,7.026837994850383,1.2009245855798372,197.309932474,10.608818171617886,-0.09371504433922961
20160906_flight01,1,12.200000000000001,8.294928631398825,54.59900904,7.57963498,102.4,2016-09-06 12:54:05,2016-09-06 12:54:07,3,2.4033333333333333,7.883333333333333,8.088205981551162,7.924252036891293,0.07355852803614016,7.026837994850383,True,1.0467774867308424,8.2254266908671,6.14024872621785,Flight 01,20160906_flight01_airborne.tab,5.0,3.5285263143863776,195.50249535446366,100.0,downstream wake,7.026837994850383,1.180463906735542,197.309932474,10.608818171617886,-0.09371504433922961
20160906_flight01,1,12.4,8.023806702557085,54.599391450000006,7.5766625,102.738,2016-09-06 12:54:02,2016-09-06 12:54:04,3,2.39,7.832333333333334,8.088205981551162,7.938963742498521,0.07355852803614016,7.026837994850383,True,1.010686906101408,8.2254266908671,6.14024872621785,Flight 01,20160906_flight01_airborne.tab,5.0,3.5285263143863776,195.50249535446366,100.0,downstream wake,7.026837994850383,1.1418801327762687,197.309932474,10.608818171617886,-0.09371504433922961
20160906_flight01,1,12.600000000000001,8.088205981551162,54.5997713,7.5736883299999995,102.49799999999999,2016-09-06 12:53:59,2016-09-06 12:54:01,3,2.029333333333333,7.765666666666665,8.023806702557085,7.953675448105749,0.07355852803614016,7.026837994850383,True,1.0169142598693104,8.2254266908671,6.14024872621785,Flight 01,20160906_flight01_airborne.tab,5.0,3.5285263143863776,195.50249535446366,100.0,downstream wake,7.026837994850383,1.151044892094937,197.309932474,10.608818171617886,-0.09371504433922961
20160906_flight01,1,12.8,7.904946426130919,54.600142569999996,7.570708150000001,102.662,2016-09-06 12:53:56,2016-09-06 12:53:58,3,2.286,7.546666666666667,8.023806702557085,7.9683871537129765,0.07355852803614016,7.026837994850383,True,0.9920384481378397,8.2254266908671,6.14024872621785,Flight 01,20160906_flight01_airborne.tab,5.0,3.5285263143863776,195.50249535446366,100.0,downstream wake,7.026837994850383,1.124964946100089,197.309932474,10.608818171617886,-0.09371504433922961
20160906_flight01,1,13.0,7.714295891663117,54.600556100000006,7.56721948,102.6925,2016-09-06 12:53:52,2016-09-06 12:53:55,4,2.2952500000000002,7.48325,7.904946426130919,7.983098859320204,0.07355852803614016,7.026837994850383,True,0.9663284931836635,8.2254266908671,6.14024872621785,Flight 01,20160906_flight01_airborne.tab,5.0,3.5285263143863776,195.50249535446366,100.0,downstream wake,7.026837994850383,1.0978331786383202,197.309932474,10.608818171617886,-0.09371504433922961
20160906_flight01,1,13.200000000000001,8.165447752573034,54.60093757,7.563713770000001,102.177,2016-09-06 12:53:49,2016-09-06 12:53:51,3,2.6293333333333333,7.836333333333333,7.782833674183203,7.997810564927433,0.07355852803614016,7.026837994850383,True,1.020960384880924,8.2254266908671,6.14024872621785,Flight 01,20160906_flight01_airborne.tab,5.0,3.5285263143863776,195.50249535446366,100.0,downstream wake,7.026837994850383,1.1620372859822699,197.309932474,10.608818171617886,-0.09371504433922961
20160906_flight01,1,13.4,7.782833674183203,54.60126267,7.5607083,102.131,2016-09-06 12:53:46,2016-09-06 12:53:48,3,2.3743333333333334,7.5183333333333335,7.782833674183203,8.01252227053466,0.07355852803614016,7.026837994850383,True,0.9713337962009645,8.2254266908671,6.14024872621785,Flight 01,20160906_flight01_airborne.tab,5.0,3.5285263143863776,195.50249535446366,100.0,downstream wake,7.026837994850383,1.1075868946867498,197.309932474,10.608818171617886,-0.09371504433922961
20160906_flight01,1,13.600000000000001,7.74458707743673,54.60161822,7.55772219,102.77799999999999,2016-09-06 12:53:43,2016-09-06 12:53:45,3,2.204,7.580333333333333,7.804588650274914,8.02723397614189,0.07355852803614016,7.026837994850383,True,0.9647890045879779,8.2254266908671,6.14024872621785,Flight 01,20160906_flight01_airborne.tab,5.0,3.5285263143863776,195.50249535446366,100.0,downstream wake,7.026837994850383,1.1021439633462946,197.309932474,10.608818171617886,-0.09371504433922961
20160906_flight01,1,13.8,7.9279673309115,54.60199375,7.55474923,103.0,2016-09-06 12:53:40,2016-09-06 12:53:42,3,1.852,7.585000000000001,7.804588650274914,8.041945681749118,0.07355852803614016,7.026837994850383,True,0.985827018068987,8.2254266908671,6.14024872621785,Flight 01,20160906_flight01_airborne.tab,5.0,3.5285263143863776,195.50249535446366,100.0,downstream wake,7.026837994850383,1.1282410860648144,197.309932474,10.608818171617886,-0.09371504433922961
20160906_flight01,1,14.0,7.804588650274914,54.602372089999996,7.55177523,102.6,2016-09-06 12:53:37,2016-09-06 12:53:39,3,1.992,7.586666666666666,7.9279673309115,8.056657387356346,0.07355852803614016,7.026837994850383,True,0.9687129879102202,8.2254266908671,6.14024872621785,Flight 01,20160906_flight01_airborne.tab,5.0,3.5285263143863776,195.50249535446366,100.0,downstream wake,7.026837994850383,1.1106828784148013,197.309932474,10.608818171617886,-0.09371504433922961
20160906_flight01,1,14.200000000000001,8.05801588481929,54.60275221,7.54880064,102.44800000000001,2016-09-06 12:53:34,2016-09-06 12:53:36,3,2.1086666666666667,7.760666666666666,8.05801588481929,8.071369092963574,0.07355852803614016,7.026837994850383,True,0.9983456080386754,8.2254266908671,6.14024872621785,Flight 01,20160906_flight01_airborne.tab,5.0,3.5285263143863776,195.50249535446366,100.0,downstream wake,7.026837994850383,1.1467484935222083,197.309932474,10.608818171617886,-0.09371504433922961
20160906_flight01,1,14.4,8.073292079443181,54.603128909999995,7.54582413,102.648,2016-09-06 12:53:31,2016-09-06 12:53:33,3,2.3409999999999997,7.841,8.073292079443181,8.086080798570801,0.07355852803614016,7.026837994850383,True,0.9984184279818376,8.2254266908671,6.14024872621785,Flight 01,20160906_flight01_airborne.tab,5.0,3.5285263143863776,195.50249535446366,100.0,downstream wake,7.026837994850383,1.1489224720079916,197.309932474,10.608818171617886,-0.09371504433922961
20160906_flight01,1,14.600000000000001,8.253321573766527,54.6034937,7.542842970000001,102.6,2016-09-06 12:53:28,2016-09-06 12:53:30,3,2.0756666666666668,8.025333333333334,8.253321573766527,8.10079250417803,0.07355852803614016,7.026837994850383,True,1.0188289071112278,8.2254266908671,6.14024872621785,Flight 01,20160906_flight01_airborne.tab,5.0,3.5285263143863776,195.50249535446366,100.0,downstream wake,7.026837994850383,1.1745427430965354,197.309932474,10.608818171617886,-0.09371504433922961
20160906_flight01,1,14.8,8.541952762688402,54.603863149999995,7.5398572999999995,102.5,2016-09-06 12:53:25,2016-09-06 12:53:27,3,2.282666666666667,8.315333333333333,8.421175333645536,8.115504209785257,0.07355852803614016,7.026837994850383,True,1.0525473885392056,8.2254266908671,6.14024872621785,Flight 01,20160906_flight01_airborne.tab,5.0,3.5285263143863776,195.50249535446366,100.0,downstream wake,7.026837994850383,1.2156182864822513,197.309932474,10.608818171617886,-0.09371504433922961
20160906_flight01,1,15.0,8.553467133274085,54.6042385,7.5368716,102.116,2016-09-06 12:53:22,2016-09-06 12:53:24,3,2.449,8.164666666666667,8.523952428304607,8.130215915392485,0.07355852803614016,7.026837994850383,True,1.052059037827062,8.2254266908671,6.14024872621785,Flight 01,20160906_flight01_airborne.tab,5.0,3.5285263143863776,195.50249535446366,100.0,downstream wake,7.026837994850383,1.2172569140689584,197.309932474,10.608818171617886,-0.09371504433922961
20160906_flight01,1,15.200000000000001,8.421175333645536,54.60460838,7.53388043,102.235,2016-09-06 12:53:19,2016-09-06 12:53:21,3,2.52,8.002333333333333,8.541952762688402,8.144927620999713,0.07355852803614016,7.026837994850383,True,1.0339165337618943,8.2254266908671,6.14024872621785,Flight 01,20160906_flight01_airborne.tab,5.0,3.5285263143863776,195.50249535446366,100.0,downstream wake,7.026837994850383,1.1984302669019824,197.309932474,10.608818171617886,-0.09371504433922961
20160906_flight01,1,15.4,8.523952428304607,54.60496976,7.5308858999999995,102.23700000000001,2016-09-06 12:53:16,2016-09-06 12:53:18,3,2.5423333333333336,8.180333333333333,8.553467133274085,8.159639326606941,0.07355852803614016,7.026837994850383,True,1.0446481869008248,8.2254266908671,6.14024872621785,Flight 01,20160906_flight01_airborne.tab,5.0,3.5285263143863776,195.50249535446366,100.0,downstream wake,7.026837994850383,1.2130566315249312,197.309932474,10.608818171617886,-0.09371504433922961
20160906_flight01,1,15.600000000000001,8.654390388698674,54.60532914,7.52788885,102.0,2016-09-06 12:53:13,2016-09-06 12:53:15,3,2.6336666666666666,8.193,8.576439412716677,8.174351032214169,0.07355852803614016,7.026837994850383,True,1.0587250724360535,8.2254266908671,6.14024872621785,Flight 01,20160906_flight01_airborne.tab,5.0,3.5285263143863776,195.50249535446366,100.0,downstream wake,7.026837994850383,1.2316194560115152,197.309932474,10.608818171617886,-0.09371504433922961
20160906_flight01,1,15.8,8.669546354913848,54.60569573,7.52489615,101.962,2016-09-06 12:53:10,2016-09-06 12:53:12,3,2.695,8.093666666666667,8.654390388698674,8.189062737821397,0.07355852803614016,7.026837994850383,True,1.0586738229362105,8.2254266908671,6.14024872621785,Flight 01,20160906_flight01_airborne.tab,5.0,3.5285263143863776,195.50249535446366,100.0,downstream wake,7.026837994850383,1.2337763246096358,197.309932474,10.608818171617886,-0.09371504433922961
20160906_flight01,1,16.0,8.576439412716677,54.6060602,7.52190096,101.62299999999999,2016-09-06 12:53:07,2016-09-06 12:53:09,3,2.5799999999999996,8.214666666666666,8.654390388698674,8.203774443428625,0.07355852803614016,7.026837994850383,True,1.045426037960681,8.2254266908671,6.14024872621785,Flight 01,20160906_flight01_airborne.tab,5.0,3.5285263143863776,195.50249535446366,100.0,downstream wake,7.026837994850383,1.2205261340878955,197.309932474,10.608818171617886,-0.09371504433922961
20160906_flight01,1,16.2,8.7090583302674,54.60641911,7.5188999999999995,101.756,2016-09-06 12:53:04,2016-09-06 12:53:06,3,2.6340000000000003,8.315333333333333,8.598812999478476,8.218486149035853,0.07355852803614016,7.026837994850383,True,1.059691307174509,8.2254266908671,6.14024872621785,Flight 01,20160906_flight01_airborne.tab,5.0,3.5285263143863776,195.50249535446366,100.0,downstream wake,7.026837994850383,1.2393993339037888,197.309932474,10.608818171617886,-0.09371504433922961
20160906_flight01,1,16.400000000000002,8.598812999478476,54.60677194,7.5158970499999995,102.133,2016-09-06 12:53:01,2016-09-06 12:53:03,3,2.5706666666666664,8.242,8.598812999478476,8.233197854643082,0.07355852803614016,7.026837994850383,True,1.0444074284731548,8.2254266908671,6.14024872621785,Flight 01,20160906_flight01_airborne.tab,5.0,3.5285263143863776,195.50249535446366,100.0,downstream wake,7.026837994850383,1.2237101532410615,197.309932474,10.608818171617886,-0.09371504433922961
20160906_flight01,1,16.6,8.38418040120798,54.60711072,7.51288537,101.93800000000002,2016-09-06 12:52:58,2016-09-06 12:53:00,3,2.3156666666666665,8.034666666666666,8.70865437366761,8.24790956025031,0.07355852803614016,7.026837994850383,True,1.0165218641114118,8.2254266908671,6.14024872621785,Flight 01,20160906_flight01_airborne.tab,5.0,3.5285263143863776,195.50249535446366,100.0,downstream wake,7.026837994850383,1.1931654618125997,197.309932474,10.608818171617886,-0.09371504433922961
20160906_flight01,1,16.8,8.796503907803372,54.60743966,7.5098641299999995,101.459,2016-09-06 12:52:55,2016-09-06 12:52:57,3,2.650333333333333,8.381,8.615264530575322,8.262621265857538,0.07355852803614016,7.026837994850383,True,1.0646141974523171,8.2254266908671,6.14024872621785,Flight 01,20160906_flight01_airborne.tab,5.0,3.5285263143863776,195.50249535446366,100.0,downstream wake,7.026837994850383,1.2518438470119686,197.309932474,10.608818171617886,-0.09371504433922961
20160906_flight01,1,17.0,8.70865437366761,54.60776958,7.50684055,101.04,2016-09-06 12:52:52,2016-09-06 12:52:54,3,3.219,8.136000000000001,8.615264530575322,8.277332971464766,0.07355852803614016,7.026837994850383,True,1.0521087412684471,8.2254266908671,6.14024872621785,Flight 01,20160906_flight01_airborne.tab,5.0,3.5285263143863776,195.50249535446366,100.0,downstream wake,7.026837994850383,1.2393418462258197,197.309932474,10.608818171617886,-0.09371504433922961
20160906_flight01,1,17.2,8.615264530575322,54.608191489999996,7.503334655,100.69800000000001,2016-09-06 12:52:48,2016-09-06 12:52:51,4,2.81775,8.07775,8.615264530575322,8.292044677071994,0.07355852803614016,7.026837994850383,True,1.0389795118201728,8.2254266908671,6.14024872621785,Flight 01,20160906_flight01_airborne.tab,5.0,3.5285263143863776,195.50249535446366,100.0,downstream wake,7.026837994850383,1.2260513956475185,197.309932474,10.608818171617886,-0.09371504433922961
20160906_flight01,1,17.400000000000002,8.19105884486249,54.608643060000006,7.49984322,100.619,2016-09-06 12:52:45,2016-09-06 12:52:47,3,2.33,7.7636666666666665,8.19105884486249,8.306756382679222,0.07355852803614016,7.026837994850383,True,0.9860718754124078,8.2254266908671,6.14024872621785,Flight 01,20160906_flight01_airborne.tab,5.0,3.5285263143863776,195.50249535446366,100.0,downstream wake,7.026837994850383,1.1656820394700014,197.309932474,10.608818171617886,-0.09371504433922961
20160906_flight01,1,17.6,7.973524503003675,54.60903182,7.49685342,102.041,2016-09-06 12:52:42,2016-09-06 12:52:44,3,2.2656666666666667,7.653,8.155049723944055,8.32146808828645,0.07355852803614016,7.026837994850383,True,0.9581872355224735,8.2254266908671,6.14024872621785,Flight 01,20160906_flight01_airborne.tab,5.0,3.5285263143863776,195.50249535446366,100.0,downstream wake,7.026837994850383,1.1347243964991183,197.309932474,10.608818171617886,-0.09371504433922961
20160906_flight01,1,17.8,8.138489110393895,54.609416499999995,7.493876800000001,104.84100000000001,2016-09-06 12:52:39,2016-09-06 12:52:41,3,1.973,7.804666666666667,8.138489110393895,8.336179793893677,0.07355852803614016,7.026837994850383,True,0.9762852183629014,8.2254266908671,6.14024872621785,Flight 01,20160906_flight01_airborne.tab,5.0,3.5285263143863776,195.50249535446366,100.0,downstream wake,7.026837994850383,1.158200760620664,197.309932474,10.608818171617886,-0.09371504433922961
20160906_flight01,1,18.0,8.155049723944055,54.609792989999995,7.49090961,105.743,2016-09-06 12:52:36,2016-09-06 12:52:38,3,1.9133333333333333,7.823666666666667,7.973524503003675,8.350891499500905,0.07355852803614016,7.026837994850383,True,0.9765483989860777,8.2254266908671,6.14024872621785,Flight 01,20160906_flight01_airborne.tab,5.0,3.5285263143863776,195.50249535446366,100.0,downstream wake,7.026837994850383,1.160557526716922,197.309932474,10.608818171617886,-0.09371504433922961
20160906_flight01,1,18.2,7.921215310796696,54.61015689,7.48793324,104.523,2016-09-06 12:52:33,2016-09-06 12:52:35,3,2.0393333333333334,7.689333333333333,8.138489110393895,8.365603205108133,0.07355852803614016,7.026837994850383,True,0.9468791570176208,8.2254266908671,6.14024872621785,Flight 01,20160906_flight01_airborne.tab,5.0,3.5285263143863776,195.50249535446366,100.0,downstream wake,7.026837994850383,1.1272801958152099,197.309932474,10.608818171617886,-0.09371504433922961
20160906_flight01,1,18.400000000000002,7.795020590094679,54.61050766,7.48494234,104.536,2016-09-06 12:52:30,2016-09-06 12:52:32,3,2.08,7.544666666666667,7.921215310796696,8.380314910715361,0.07355852803614016,7.026837994850383,True,0.9301584335604973,8.2254266908671,6.14024872621785,Flight 01,20160906_flight01_airborne.tab,5.0,3.5285263143863776,195.50249535446366,100.0,downstream wake,7.026837994850383,1.1093212332214373,197.309932474,10.608818171617886,-0.09371504433922961
20160906_flight01,1,18.6,8.191164813382771,54.61085238,7.481949419999999,105.041,2016-09-06 12:52:27,2016-09-06 12:52:29,3,2.4033333333333338,7.883,7.921215310796696,8.395026616322589,0.07355852803614016,7.026837994850383,True,0.9757163601431059,8.2254266908671,6.14024872621785,Flight 01,20160906_flight01_airborne.tab,5.0,3.5285263143863776,195.50249535446366,100.0,downstream wake,7.026837994850383,1.1656971200112576,197.309932474,10.608818171617886,-0.09371504433922961
20160906_flight01,1,18.8,7.886066827005716,54.61119659,7.47895814,105.0,2016-09-06 12:52:24,2016-09-06 12:52:26,3,1.8266666666666669,7.691,8.000976940349222,8.409738321929817,0.07355852803614016,7.026837994850383,True,0.9377303460728927,8.2254266908671,6.14024872621785,Flight 01,20160906_flight01_airborne.tab,5.0,3.5285263143863776,195.50249535446366,100.0,downstream wake,7.026837994850383,1.1222781616404163,197.309932474,10.608818171617886,-0.09371504433922961
20160906_flight01,1,19.0,8.006366466756315,54.61153852,7.47596617,105.23899999999999,2016-09-06 12:52:21,2016-09-06 12:52:23,3,1.994,7.711000000000001,8.006366466756315,8.424450027537045,0.07355852803614016,7.026837994850383,True,0.9503725988742129,8.2254266908671,6.14024872621785,Flight 01,20160906_flight01_airborne.tab,5.0,3.5285263143863776,195.50249535446366,100.0,downstream wake,7.026837994850383,1.13939818629998,197.309932474,10.608818171617886,-0.09371504433922961
20160906_flight01,1,19.200000000000003,8.000976940349222,54.61187542,7.47297276,105.494,2016-09-06 12:52:18,2016-09-06 12:52:20,3,1.97,7.655666666666666,8.006366466756315,8.439161733144275,0.07355852803614016,7.026837994850383,True,0.9480772135135046,8.2254266908671,6.14024872621785,Flight 01,20160906_flight01_airborne.tab,5.0,3.5285263143863776,195.50249535446366,100.0,downstream wake,7.026837994850383,1.1386311946017165,197.309932474,10.608818171617886,-0.09371504433922961
20160906_flight01,1,19.400000000000002,8.26136477829178,54.612211280000004,7.46997938,105.421,2016-09-06 12:52:15,2016-09-06 12:52:17,3,2.1733333333333333,7.900333333333333,8.074547727272408,8.453873438751502,0.07355852803614016,7.026837994850383,True,0.9772283484186921,8.2254266908671,6.14024872621785,Flight 01,20160906_flight01_airborne.tab,5.0,3.5285263143863776,195.50249535446366,100.0,downstream wake,7.026837994850383,1.1756873837629556,197.309932474,10.608818171617886,-0.09371504433922961
20160906_flight01,1,19.6,8.152517954595378,54.61255032,7.46698966,105.54699999999998,2016-09-06 12:52:12,2016-09-06 12:52:14,3,2.1613333333333333,7.7989999999999995,8.152517954595378,8.46858514435873,0.07355852803614016,7.026837994850383,True,0.9626776864877012,8.2254266908671,6.14024872621785,Flight 01,20160906_flight01_airborne.tab,5.0,3.5285263143863776,195.50249535446366,100.0,downstream wake,7.026837994850383,1.1601972267711238,197.309932474,10.608818171617886,-0.09371504433922961
20160906_flight01,1,19.8,8.074547727272408,54.61289091,7.46400179,105.52,2016-09-06 12:52:09,2016-09-06 12:52:11,3,2.1096666666666666,7.843333333333334,8.234632839416705,8.483296849965958,0.07355852803614016,7.026837994850383,True,0.951817185002174,8.2254266908671,6.14024872621785,Flight 01,20160906_flight01_airborne.tab,5.0,3.5285263143863776,195.50249535446366,100.0,downstream wake,7.026837994850383,1.1491011651598968,197.309932474,10.608818171617886,-0.09371504433922961
20160906_flight01,1,20.0,8.234632839416705,54.61322783,7.4610096299999995,105.14,2016-09-06 12:52:06,2016-09-06 12:52:08,3,2.4143333333333334,7.873,8.152517954595378,8.498008555573186,0.07355852803614016,7.026837994850383,True,0.9690073604381401,8.2254266908671,6.14024872621785,Flight 01,20160906_flight01_airborne.tab,5.0,3.5285263143863776,195.50249535446366,100.0,downstream wake,7.026837994850383,1.1718831208932743,197.309932474,10.608818171617886,-0.09371504433922961
20160906_flight01,1,20.200000000000003,8.616742133776548,54.6135582,7.458011699999999,105.04699999999998,2016-09-06 12:52:03,2016-09-06 12:52:05,3,2.841666666666667,8.097,8.234632839416705,8.512720261180414,0.07355852803614016,7.026837994850383,True,1.0122195807455923,8.2254266908671,6.14024872621785,Flight 01,20160906_flight01_airborne.tab,5.0,3.5285263143863776,195.50249535446366,100.0,downstream wake,7.026837994850383,1.2262616756059164,197.309932474,10.608818171617886,-0.09371504433922961
20160906_flight01,1,20.400000000000002,7.901162256275972,54.61388264,7.4550098,105.163,2016-09-06 12:52:00,2016-09-06 12:52:02,3,2.535666666666667,7.539666666666666,8.32123161008488,8.527431966787642,0.07355852803614016,7.026837994850383,True,0.9265582284384274,8.2254266908671,6.14024872621785,Flight 01,20160906_flight01_airborne.tab,5.0,3.5285263143863776,195.50249535446366,100.0,downstream wake,7.026837994850383,1.1244264151338537,197.309932474,10.608818171617886,-0.09371504433922961
20160906_flight01,1,20.6,8.424569425199131,54.6142035,7.452009,105.807,2016-09-06 12:51:57,2016-09-06 12:51:59,3,2.673,7.9879999999999995,8.424569425199131,8.54214367239487,0.07355852803614016,7.026837994850383,True,0.9862359787302927,8.2254266908671,6.14024872621785,Flight 01,20160906_flight01_airborne.tab,5.0,3.5285263143863776,195.50249535446366,100.0,downstream wake,7.026837994850383,1.1989132852320026,197.309932474,10.608818171617886,-0.09371504433922961
20160906_flight01,1,20.8,8.32123161008488,54.61457394,7.44851119,105.9315,2016-09-06 12:51:53,2016-09-06 12:51:56,4,2.21875,8.032499999999999,8.32123161008488,8.556855378002098,0.07355852803614016,7.026837994850383,True,0.9724637431032248,8.2254266908671,6.14024872621785,Flight 01,20160906_flight01_airborne.tab,5.0,3.5285263143863776,195.50249535446366,100.0,downstream wake,7.026837994850383,1.1842071236284504,197.309932474,10.608818171617886,-0.09371504433922961
20160906_flight01,1,21.0,8.47387325843383,54.61494358,7.44501587,106.164,2016-09-06 12:51:50,2016-09-06 12:51:52,3,2.447,8.105666666666666,8.32123161008488,8.571567083609326,0.07355852803614016,7.026837994850383,True,0.9886025712425086,8.2254266908671,6.14024872621785,Flight 01,20160906_flight01_airborne.tab,5.0,3.5285263143863776,195.50249535446366,100.0,downstream wake,7.026837994850383,1.2059297887106415,197.309932474,10.608818171617886,-0.09371504433922961
20160906_flight01,1,21.200000000000003,8.281763882169063,54.615261200000006,7.44202284,106.3,2016-09-06 12:51:47,2016-09-06 12:51:49,3,2.375666666666667,7.935666666666666,8.32123161008488,8.586278789216554,0.07355852803614016,7.026837994850383,True,0.9645347053685318,8.2254266908671,6.14024872621785,Flight 01,20160906_flight01_airborne.tab,5.0,3.5285263143863776,195.50249535446366,100.0,downstream wake,7.026837994850383,1.1785904112544436,197.309932474,10.608818171617886,-0.09371504433922961
20160906_flight01,1,21.400000000000002,8.216220542317496,54.61557457,7.43903006,106.3,2016-09-06 12:51:44,2016-09-06 12:51:46,3,2.343,7.946333333333334,8.47387325843383,8.600990494823783,0.07355852803614016,7.026837994850383,True,0.9552644602109666,8.2254266908671,6.14024872621785,Flight 01,20160906_flight01_airborne.tab,5.0,3.5285263143863776,195.50249535446366,100.0,downstream wake,7.026837994850383,1.1692628388954962,197.309932474,10.608818171617886,-0.09371504433922961
20160906_flight01,1,21.6,8.78200278979687,54.61588352,7.43603708,106.236,2016-09-06 12:51:41,2016-09-06 12:51:43,3,2.753,8.303333333333333,8.625257097617437,8.61570220043101,0.07355852803614016,7.026837994850383,True,1.0193020354577182,8.2254266908671,6.14024872621785,Flight 01,20160906_flight01_airborne.tab,5.0,3.5285263143863776,195.50249535446366,100.0,downstream wake,7.026837994850383,1.249780170858181,197.309932474,10.608818171617886,-0.09371504433922961
20160906_flight01,1,21.8,8.625257097617437,54.6161895,7.43304422,105.684,2016-09-06 12:51:38,2016-09-06 12:51:40,3,2.85,8.181666666666667,8.655893252576536,8.630413906038239,0.07355852803614016,7.026837994850383,True,0.9994024842288046,8.2254266908671,6.14024872621785,Flight 01,20160906_flight01_airborne.tab,5.0,3.5285263143863776,195.50249535446366,100.0,downstream wake,7.026837994850383,1.2274734530578981,197.309932474,10.608818171617886,-0.09371504433922961
20160906_flight01,1,22.0,8.667900322454106,54.616484570000004,7.43004333,104.618,2016-09-06 12:51:35,2016-09-06 12:51:37,3,2.6086666666666667,8.239666666666666,8.667900322454106,8.645125611645467,0.07355852803614016,7.026837994850383,True,1.0026343990627458,8.2254266908671,6.14024872621785,Flight 01,20160906_flight01_airborne.tab,5.0,3.5285263143863776,195.50249535446366,100.0,downstream wake,7.026837994850383,1.2335420752273463,197.309932474,10.608818171617886,-0.09371504433922961
20160906_flight01,1,22.200000000000003,8.655893252576536,54.61676203,7.42703082,104.3,2016-09-06 12:51:32,2016-09-06 12:51:34,3,2.7716666666666665,8.187333333333333,8.667900322454106,8.659837317252695,0.07355852803614016,7.026837994850383,True,0.999544556724143,8.2254266908671,6.14024872621785,Flight 01,20160906_flight01_airborne.tab,5.0,3.5285263143863776,195.50249535446366,100.0,downstream wake,7.026837994850383,1.2318333308552163,197.309932474,10.608818171617886,-0.09371504433922961
20160906_flight01,1,22.400000000000002,8.969017448973995,54.61701498,7.42400834,104.4,2016-09-06 12:51:29,2016-09-06 12:51:31,3,3.1020000000000003,8.35,8.667900322454106,8.674549022859923,0.07355852803614016,7.026837994850383,True,1.0339462518844569,8.2254266908671,6.14024872621785,Flight 01,20160906_flight01_airborne.tab,5.0,3.5285263143863776,195.50249535446366,100.0,downstream wake,7.026837994850383,1.276394511378651,197.309932474,10.608818171617886,-0.09371504433922961
20160906_flight01,1,22.6,8.784582175607444,54.61724779,7.42098133,104.6,2016-09-06 12:51:26,2016-09-06 12:51:28,3,3.0420000000000003,8.259666666666666,8.655893252576536,8.68926072846715,0.07355852803614016,7.026837994850383,True,1.010970029570871,8.2254266908671,6.14024872621785,Flight 01,20160906_flight01_airborne.tab,5.0,3.5285263143863776,195.50249535446366,100.0,downstream wake,7.026837994850383,1.250147247175077,197.309932474,10.608818171617886,-0.09371504433922961
20160906_flight01,1,22.8,8.633283790076636,54.6174831,7.4179609300000005,104.5,2016-09-06 12:51:23,2016-09-06 12:51:25,3,2.7736666666666667,8.18,8.722271378488518,8.703972434074378,0.07355852803614016,7.026837994850383,True,0.9918785767609959,8.2254266908671,6.14024872621785,Flight 01,20160906_flight01_airborne.tab,5.0,3.5285263143863776,195.50249535446366,100.0,downstream wake,7.026837994850383,1.2286157438670902,197.309932474,10.608818171617886,-0.09371504433922961
20160906_flight01,1,23.0,8.571725847225865,54.61774024,7.414954,104.5,2016-09-06 12:51:20,2016-09-06 12:51:22,3,2.689666666666667,8.112666666666668,8.633283790076636,8.718684139681606,0.07355852803614016,7.026837994850383,True,0.9831444412824998,8.2254266908671,6.14024872621785,Flight 01,20160906_flight01_airborne.tab,5.0,3.5285263143863776,195.50249535446366,100.0,downstream wake,7.026837994850383,1.2198553394154885,197.309932474,10.608818171617886,-0.09371504433922961
20160906_flight01,1,23.200000000000003,8.722271378488518,54.61800762,7.4119553,104.5,2016-09-06 12:51:17,2016-09-06 12:51:19,3,2.762,8.272666666666666,8.604835844912845,8.733395845288834,0.07355852803614016,7.026837994850383,True,0.9987262152091368,8.2254266908671,6.14024872621785,Flight 01,20160906_flight01_airborne.tab,5.0,3.5285263143863776,195.50249535446366,100.0,downstream wake,7.026837994850383,1.24127970288779,197.309932474,10.608818171617886,-0.09371504433922961
20160906_flight01,1,23.400000000000002,8.576387899749054,54.618222535,7.409454579999999,104.396,2016-09-06 12:51:15,2016-09-06 12:51:16,2,2.787,8.1105,8.576387899749054,8.748107550896062,0.07355852803614016,7.026837994850383,True,0.980370651578304,8.2254266908671,6.14024872621785,Flight 01,20160906_flight01_airborne.tab,5.0,3.5285263143863776,195.50249535446366,100.0,downstream wake,7.026837994850383,1.220518803199143,197.309932474,10.608818171617886,-0.09371504433922961
20160906_flight01,2,-17.2,6.657160130265758,54.64037888,8.07579184,89.6,2016-09-06 13:25:07,2016-09-06 13:25:07,1,0.7909999999999999,6.61,6.657160130265758,6.6378447246198515,0.05567920456530807,7.595527043143151,True,1.0029098911540166,8.526069740070046,6.798176593763948,Flight 01,20160906_flight01_airborne.tab,15.0,14.342070314730806,191.38392269244548,100.0,downstream wake,7.595527043143151,0.8764579590662505,197.309932474,10.608818171617886,-0.09371504433922961
20160906_flight01,2,-17.0,6.5610671388121,54.64063539,8.07383714,89.26799999999999,2016-09-06 13:25:04,2016-09-06 13:25:06,3,0.709,6.466666666666668,6.609113634538929,6.648980565532914,0.05567920456530807,7.595527043143151,True,0.9867779089058343,8.526069740070046,6.798176593763948,Flight 01,20160906_flight01_airborne.tab,15.0,14.342070314730806,191.38392269244548,100.0,downstream wake,7.595527043143151,0.863806698540438,197.309932474,10.608818171617886,-0.09371504433922961
20160906_flight01,2,-16.8,6.7876747859631585,54.64101856,8.07090273,89.397,2016-09-06 13:25:01,2016-09-06 13:25:03,3,0.867,6.746666666666667,6.5610671388121,6.660116406445975,0.05567920456530807,7.595527043143151,True,1.0191525750801782,8.526069740070046,6.798176593763948,Flight 01,20160906_flight01_airborne.tab,15.0,14.342070314730806,191.38392269244548,100.0,downstream wake,7.595527043143151,0.8936410531367563,197.309932474,10.608818171617886,-0.09371504433922961
20160906_flight01,2,-16.6,6.535570441820668,54.6413948,8.06796446,89.978,2016-09-06 13:24:58,2016-09-06 13:25:00,3,0.8056666666666668,6.4863333333333335,6.5610671388121,6.671252247359037,0.05567920456530807,7.595527043143151,True,0.9796617185938244,8.526069740070046,6.798176593763948,Flight 01,20160906_flight01_airborne.tab,15.0,14.342070314730806,191.38392269244548,100.0,downstream wake,7.595527043143151,0.8604498943520507,197.309932474,10.608818171617886,-0.09371504433922961
20160906_flight01,2,-16.400000000000002,6.473660633675509,54.64176213,8.06502359,90.098,2016-09-06 13:24:55,2016-09-06 13:24:57,3,0.6673333333333332,6.603333333333333,6.639677100582527,6.6823880882720985,0.05567920456530807,7.595527043143151,True,0.9687645416819003,8.526069740070046,6.798176593763948,Flight 01,20160906_flight01_airborne.tab,15.0,14.342070314730806,191.38392269244548,100.0,downstream wake,7.595527043143151,0.8522990698215729,197.309932474,10.608818171617886,-0.09371504433922961
20160906_flight01,2,-16.2,7.08826988763831,54.642126760000004,8.06208484,90.4,2016-09-06 13:24:52,2016-09-06 13:24:54,3,0.8213333333333334,7.012666666666667,6.639677100582527,6.69352392918516,0.05567920456530807,7.595527043143151,True,1.0589743104871823,8.526069740070046,6.798176593763948,Flight 01,20160906_flight01_airborne.tab,15.0,14.342070314730806,191.38392269244548,100.0,downstream wake,7.595527043143151,0.9332163321092029,197.309932474,10.608818171617886,-0.09371504433922961
20160906_flight01,2,-16.0,6.639677100582527,54.64248327,8.05914102,90.2,2016-09-06 13:24:49,2016-09-06 13:24:51,3,0.585,6.591666666666666,6.6404542766289705,6.704659770098221,0.05567920456530807,7.595527043143151,True,0.9903078348873858,8.526069740070046,6.798176593763948,Flight 01,20160906_flight01_airborne.tab,15.0,14.342070314730806,191.38392269244548,100.0,downstream wake,7.595527043143151,0.8741562057338054,197.309932474,10.608818171617886,-0.09371504433922961
20160906_flight01,2,-15.8,6.6404542766289705,54.64283114,8.05619036,90.07799999999999,2016-09-06 13:24:46,2016-09-06 13:24:48,3,0.8693333333333334,6.430333333333333,6.720833356065302,6.715795611011283,0.05567920456530807,7.595527043143151,True,0.9887814730009379,8.526069740070046,6.798176593763948,Flight 01,20160906_flight01_airborne.tab,15.0,14.342070314730806,191.38392269244548,100.0,downstream wake,7.595527043143151,0.8742585259601741,197.309932474,10.608818171617886,-0.09371504433922961
20160906_flight01,2,-15.600000000000001,6.762945290330242,54.64318066,8.053241960000001,89.95,2016-09-06 13:24:43,2016-09-06 13:24:45,3,0.9870000000000001,6.716,6.661713098448107,6.726931451924345,0.05567920456530807,7.595527043143151,True,1.005353680004513,8.526069740070046,6.798176593763948,Flight 01,20160906_flight01_airborne.tab,15.0,14.342070314730806,191.38392269244548,100.0,downstream wake,7.595527043143151,0.8903852559429012,197.309932474,10.608818171617886,-0.09371504433922961
20160906_flight01,2,-15.4,6.720833356065302,54.64353475,8.05029441,89.7,2016-09-06 13:24:40,2016-09-06 13:24:42,3,0.9036666666666667,6.544333333333333,6.720833356065302,6.738067292837407,0.05567920456530807,7.595527043143151,True,0.997442302662898,8.526069740070046,6.798176593763948,Flight 01,20160906_flight01_airborne.tab,15.0,14.342070314730806,191.38392269244548,100.0,downstream wake,7.595527043143151,0.8848409488756311,197.309932474,10.608818171617886,-0.09371504433922961
20160906_flight01,2,-15.200000000000001,6.661713098448107,54.643948135,8.046857939999999,90.07849999999999,2016-09-06 13:24:36,2016-09-06 13:24:39,4,0.8885000000000001,6.564500000000001,6.720833356065302,6.749203133750468,0.05567920456530807,7.595527043143151,True,0.9870369829491643,8.526069740070046,6.798176593763948,Flight 01,20160906_flight01_airborne.tab,15.0,14.342070314730806,191.38392269244548,100.0,downstream wake,7.595527043143151,0.8770573866183463,197.309932474,10.608818171617886,-0.09371504433922961
20160906_flight01,2,-15.0,6.798176593763948,54.644365879999995,8.04343085,90.6,2016-09-06 13:24:33,2016-09-06 13:24:35,3,1.0353333333333332,6.696333333333333,6.720833356065302,6.760338974663529,0.05567920456530807,7.595527043143151,True,1.0055970002750199,8.526069740070046,6.798176593763948,Flight 01,20160906_flight01_airborne.tab,15.0,14.342070314730806,191.38392269244548,100.0,downstream wake,7.595527043143151,0.8950236836956549,197.309932474,10.608818171617886,-0.09371504433922961
20160906_flight01,2,-14.8,6.2596118889273,54.64472946,8.040499129999999,90.3,2016-09-06 13:24:30,2016-09-06 13:24:32,3,0.7673333333333333,6.376333333333332,6.661713098448107,6.771474815576592,0.05567920456530807,7.595527043143151,True,0.9244089447882402,8.526069740070046,6.798176593763948,Flight 01,20160906_flight01_airborne.tab,15.0,14.342070314730806,191.38392269244548,100.0,downstream wake,7.595527043143151,0.8241181755225471,197.309932474,10.608818171617886,-0.09371504433922961
20160906_flight01,2,-14.600000000000001,6.800687759337286,54.645092500000004,8.03757056,90.055,2016-09-06 13:24:27,2016-09-06 13:24:29,3,1.0756666666666668,6.649,6.798176593763948,6.782610656489653,0.05567920456530807,7.595527043143151,True,1.0026652131108744,8.526069740070046,6.798176593763948,Flight 01,20160906_flight01_airborne.tab,15.0,14.342070314730806,191.38392269244548,100.0,downstream wake,7.595527043143151,0.8953542947986204,197.309932474,10.608818171617886,-0.09371504433922961
20160906_flight01,2,-14.4,6.1814594555007805,54.645456489999994,8.03464059,89.42200000000001,2016-09-06 13:24:24,2016-09-06 13:24:26,3,0.749,6.257000000000001,6.6730845191710255,6.793746497402714,0.05567920456530807,7.595527043143151,True,0.9098749059688915,8.526069740070046,6.798176593763948,Flight 01,20160906_flight01_airborne.tab,15.0,14.342070314730806,191.38392269244548,100.0,downstream wake,7.595527043143151,0.8138289048791002,197.309932474,10.608818171617886,-0.09371504433922961
20160906_flight01,2,-14.200000000000001,6.832601847027236,54.64581888,8.03170778,89.0,2016-09-06 13:24:21,2016-09-06 13:24:23,3,0.8576666666666667,6.672666666666667,6.6730845191710255,6.804882338315776,0.05567920456530807,7.595527043143151,True,1.0040734736228107,8.526069740070046,6.798176593763948,Flight 01,20160906_flight01_airborne.tab,15.0,14.342070314730806,191.38392269244548,100.0,downstream wake,7.595527043143151,0.899555989757861,197.309932474,10.608818171617886,-0.09371504433922961
20160906_flight01,2,-14.0,6.6730845191710255,54.64617974,8.02877208,88.67,2016-09-06 13:24:18,2016-09-06 13:24:20,3,1.0716666666666665,6.507666666666666,6.559164657180059,6.816018179228838,0.05567920456530807,7.595527043143151,True,0.979029741955004,8.526069740070046,6.798176593763948,Flight 01,20160906_flight01_airborne.tab,15.0,14.342070314730806,191.38392269244548,100.0,downstream wake,7.595527043143151,0.8785545073129772,197.309932474,10.608818171617886,-0.09371504433922961
20160906_flight01,2,-13.8,6.559164657180059,54.64653397,8.02583104,88.339,2016-09-06 13:24:15,2016-09-06 13:24:17,3,0.9710000000000001,6.558666666666667,6.6730845191710255,6.827154020141899,0.05567920456530807,7.595527043143151,True,0.9607465479508444,8.526069740070046,6.798176593763948,Flight 01,20160906_flight01_airborne.tab,15.0,14.342070314730806,191.38392269244548,100.0,downstream wake,7.595527043143151,0.8635562245942279,197.309932474,10.608818171617886,-0.09371504433922961
20160906_flight01,2,-13.600000000000001,6.402672332706086,54.64688624,8.02288585,88.1,2016-09-06 13:24:12,2016-09-06 13:24:14,3,1.024,6.398,6.6730845191710255,6.838289861054961,0.05567920456530807,7.595527043143151,True,0.9362972998805185,8.526069740070046,6.798176593763948,Flight 01,20160906_flight01_airborne.tab,15.0,14.342070314730806,191.38392269244548,100.0,downstream wake,7.595527043143151,0.8429530033055557,197.309932474,10.608818171617886,-0.09371504433922961
20160906_flight01,2,-13.4,6.936738426667104,54.64723558,8.01993912,88.375,2016-09-06 13:24:09,2016-09-06 13:24:11,3,1.1076666666666668,6.884,6.703481185175356,6.8494257019680225,0.05567920456530807,7.595527043143151,True,1.0127474519030106,8.526069740070046,6.798176593763948,Flight 01,20160906_flight01_airborne.tab,15.0,14.342070314730806,191.38392269244548,100.0,downstream wake,7.595527043143151,0.9132662404156975,197.309932474,10.608818171617886,-0.09371504433922961
20160906_flight01,2,-13.200000000000001,6.707612534555778,54.647637005,8.01650102,89.051,2016-09-06 13:24:05,2016-09-06 13:24:08,4,1.03825,6.61825,6.707612534555778,6.860561542881084,0.05567920456530807,7.595527043143151,True,0.9777060511199679,8.526069740070046,6.798176593763948,Flight 01,20160906_flight01_airborne.tab,15.0,14.342070314730806,191.38392269244548,100.0,downstream wake,7.595527043143151,0.88310034266958,197.309932474,10.608818171617886,-0.09371504433922961
20160906_flight01,2,-13.0,6.703481185175356,54.64803113,8.01306404,89.2,2016-09-06 13:24:02,2016-09-06 13:24:04,3,0.7160000000000001,6.5569999999999995,6.936738426667104,6.871697383794146,0.05567920456530807,7.595527043143151,True,0.9755204297826761,8.526069740070046,6.798176593763948,Flight 01,20160906_flight01_airborne.tab,15.0,14.342070314730806,191.38392269244548,100.0,downstream wake,7.595527043143151,0.882556423945184,197.309932474,10.608818171617886,-0.09371504433922961
20160906_flight01,2,-12.8,7.056837606180264,54.64836332,8.01011628,89.235,2016-09-06 13:23:59,2016-09-06 13:24:01,3,0.8079999999999999,6.992333333333332,6.716896977027412,6.882833224707207,0.05567920456530807,7.595527043143151,True,1.0252809236824794,8.526069740070046,6.798176593763948,Flight 01,20160906_flight01_airborne.tab,15.0,14.342070314730806,191.38392269244548,100.0,downstream wake,7.595527043143151,0.929078070040026,197.309932474,10.608818171617886,-0.09371504433922961
20160906_flight01,2,-12.600000000000001,7.415205593913091,54.64868596,8.007165800000001,89.566,2016-09-06 13:23:56,2016-09-06 13:23:58,3,0.9500000000000001,7.323666666666667,7.056837606180264,6.893969065620269,0.05567920456530807,7.595527043143151,True,1.0756076105551724,8.526069740070046,6.798176593763948,Flight 01,20160906_flight01_airborne.tab,15.0,14.342070314730806,191.38392269244548,100.0,downstream wake,7.595527043143151,0.9762595211358184,197.309932474,10.608818171617886,-0.09371504433922961
20160906_flight01,2,-12.4,6.716896977027412,54.64900686,8.00421341,89.6,2016-09-06 13:23:53,2016-09-06 13:23:55,3,0.8656666666666668,6.685,7.150248247438687,6.905104906533331,0.05567920456530807,7.595527043143151,True,0.9727436538541443,8.526069740070046,6.798176593763948,Flight 01,20160906_flight01_airborne.tab,15.0,14.342070314730806,191.38392269244548,100.0,downstream wake,7.595527043143151,0.884322699251144,197.309932474,10.608818171617886,-0.09371504433922961
20160906_flight01,2,-12.200000000000001,7.150248247438687,54.64933136,8.00126215,89.229,2016-09-06 13:23:50,2016-09-06 13:23:52,3,0.8550000000000001,6.928666666666667,7.181901489160096,6.916240747446392,0.05567920456530807,7.595527043143151,True,1.033834493120948,8.526069740070046,6.798176593763948,Flight 01,20160906_flight01_airborne.tab,15.0,14.342070314730806,191.38392269244548,100.0,downstream wake,7.595527043143151,0.9413761819061076,197.309932474,10.608818171617886,-0.09371504433922961
20160906_flight01,2,-12.0,7.268834432011779,54.64965823000001,7.99830826,88.873,2016-09-06 13:23:47,2016-09-06 13:23:49,3,0.864,7.175999999999999,7.150248247438687,6.927376588359454,0.05567920456530807,7.595527043143151,True,1.049291075675906,8.526069740070046,6.798176593763948,Flight 01,20160906_flight01_airborne.tab,15.0,14.342070314730806,191.38392269244548,100.0,downstream wake,7.595527043143151,0.9569888160129332,197.309932474,10.608818171617886,-0.09371504433922961
20160906_flight01,2,-11.8,7.181901489160096,54.64998657,7.99535293,88.95700000000001,2016-09-06 13:23:44,2016-09-06 13:23:46,3,0.9426666666666667,7.139666666666667,7.150248247438687,6.9385124292725155,0.05567920456530807,7.595527043143151,True,1.0350779885989336,8.526069740070046,6.798176593763948,Flight 01,20160906_flight01_airborne.tab,15.0,14.342070314730806,191.38392269244548,100.0,downstream wake,7.595527043143151,0.9455435348154735,197.309932474,10.608818171617886,-0.09371504433922961
20160906_flight01,2,-11.600000000000001,6.975525499917551,54.65030854,7.99239629,89.604,2016-09-06 13:23:41,2016-09-06 13:23:43,3,0.8433333333333334,6.823,6.996499767741009,6.949648270185577,0.05567920456530807,7.595527043143151,True,1.0037235308501855,8.526069740070046,6.798176593763948,Flight 01,20160906_flight01_airborne.tab,15.0,14.342070314730806,191.38392269244548,100.0,downstream wake,7.595527043143151,0.9183728081403771,197.309932474,10.608818171617886,-0.09371504433922961
20160906_flight01,2,-11.4,6.996499767741009,54.650629499999994,7.989445,90.33,2016-09-06 13:23:38,2016-09-06 13:23:40,3,1.0546666666666666,6.908,6.996499767741009,6.960784111098639,0.05567920456530807,7.595527043143151,True,1.0051309818078429,8.526069740070046,6.798176593763948,Flight 01,20160906_flight01_airborne.tab,15.0,14.342070314730806,191.38392269244548,100.0,downstream wake,7.595527043143151,0.9211342054343795,197.309932474,10.608818171617886,-0.09371504433922961
20160906_flight01,2,-11.200000000000001,6.890393983377896,54.650999715000005,7.986003285000001,90.3825,2016-09-06 13:23:34,2016-09-06 13:23:37,4,0.7777499999999999,6.8557500000000005,6.975525499917551,6.9719199520117,0.05567920456530807,7.595527043143151,True,0.9883065254341767,8.526069740070046,6.798176593763948,Flight 01,20160906_flight01_airborne.tab,15.0,14.342070314730806,191.38392269244548,100.0,downstream wake,7.595527043143151,0.9071646963061224,197.309932474,10.608818171617886,-0.09371504433922961
20160906_flight01,2,-11.0,7.118671786225294,54.65136869,7.9825603,89.742,2016-09-06 13:23:31,2016-09-06 13:23:33,3,0.9363333333333334,7.0006666666666675,6.96033476206425,6.983055792924762,0.05567920456530807,7.595527043143151,True,1.0194207231507355,8.526069740070046,6.798176593763948,Flight 01,20160906_flight01_airborne.tab,15.0,14.342070314730806,191.38392269244548,100.0,downstream wake,7.595527043143151,0.937218937644579,197.309932474,10.608818171617886,-0.09371504433922961
20160906_flight01,2,-10.8,6.812414623318226,54.65168735,7.979606700000001,88.95100000000001,2016-09-06 13:23:28,2016-09-06 13:23:30,3,0.6263333333333333,6.636333333333333,6.96033476206425,6.994191633837824,0.05567920456530807,7.595527043143151,True,0.9740102902471012,8.526069740070046,6.798176593763948,Flight 01,20160906_flight01_airborne.tab,15.0,14.342070314730806,191.38392269244548,100.0,downstream wake,7.595527043143151,0.8968982118848647,197.309932474,10.608818171617886,-0.09371504433922961
20160906_flight01,2,-10.600000000000001,6.96033476206425,54.652011,7.97665346,89.01,2016-09-06 13:23:25,2016-09-06 13:23:27,3,0.746,6.968,6.96033476206425,7.005327474750885,0.05567920456530807,7.595527043143151,True,0.9935773576825921,8.526069740070046,6.798176593763948,Flight 01,20160906_flight01_airborne.tab,15.0,14.342070314730806,191.38392269244548,100.0,downstream wake,7.595527043143151,0.9163728497744842,197.309932474,10.608818171617886,-0.09371504433922961
20160906_flight01,2,-10.4,7.342728443841567,54.65232827,7.97369868,89.419,2016-09-06 13:23:22,2016-09-06 13:23:24,3,1.0653333333333335,7.140333333333333,6.96033476206425,7.016463315663946,0.05567920456530807,7.595527043143151,True,1.0464999407107636,8.526069740070046,6.798176593763948,Flight 01,20160906_flight01_airborne.tab,15.0,14.342070314730806,191.38392269244548,100.0,downstream wake,7.595527043143151,0.9667174380572053,197.309932474,10.608818171617886,-0.09371504433922961
20160906_flight01,2,-10.200000000000001,6.936018454416049,54.65264488,7.97074573,89.811,2016-09-06 13:23:19,2016-09-06 13:23:21,3,0.8056666666666666,6.949000000000001,7.0149818246378945,7.027599156577009,0.05567920456530807,7.595527043143151,True,0.9869684226262035,8.526069740070046,6.798176593763948,Flight 01,20160906_flight01_airborne.tab,15.0,14.342070314730806,191.38392269244548,100.0,downstream wake,7.595527043143151,0.9131714514370043,197.309932474,10.608818171617886,-0.09371504433922961
20160906_flight01,2,-10.0,7.309296614586112,54.652964739999994,7.967794209999999,89.947,2016-09-06 13:23:16,2016-09-06 13:23:18,3,0.8870000000000001,7.212,7.309296614586112,7.03873499749007,0.05567920456530807,7.595527043143151,True,1.0384389548963728,8.526069740070046,6.798176593763948,Flight 01,20160906_flight01_airborne.tab,15.0,14.342070314730806,191.38392269244548,100.0,downstream wake,7.595527043143151,0.962315922656686,197.309932474,10.608818171617886,-0.09371504433922961
20160906_flight01,2,-9.8,7.0149818246378945,54.65329419,7.964847949999999,89.887,2016-09-06 13:23:13,2016-09-06 13:23:15,3,0.844,6.894666666666667,7.094679256251369,7.049870838403132,0.05567920456530807,7.595527043143151,False,0.9950511130537052,8.526069740070046,6.798176593763948,Flight 01,20160906_flight01_airborne.tab,15.0,14.342070314730806,191.38392269244548,100.0,downstream wake,7.595527043143151,0.9235674871266053,197.309932474,10.608818171617886,-0.09371504433922961
20160906_flight01,2,-9.600000000000001,7.335408441252606,54.65362749,7.96189887,89.146,2016-09-06 13:23:10,2016-09-06 13:23:12,3,0.9279999999999999,7.263000000000001,7.309296614586112,7.061006679316193,0.05567920456530807,7.595527043143151,False,1.0388615638532417,8.526069740070046,6.798176593763948,Flight 01,20160906_flight01_airborne.tab,15.0,14.342070314730806,191.38392269244548,100.0,downstream wake,7.595527043143151,0.9657537126241468,197.309932474,10.608818171617886,-0.09371504433922961
20160906_flight01,2,-9.4,7.094679256251369,54.654014285,7.958447855,88.434,2016-09-06 13:23:06,2016-09-06 13:23:09,4,0.89,7.03725,7.335408441252606,7.072142520229255,0.05567920456530807,7.595527043143151,False,1.0031866914386482,8.526069740070046,6.798176593763948,Flight 01,20160906_flight01_airborne.tab,15.0,14.342070314730806,191.38392269244548,100.0,downstream wake,7.595527043143151,0.9340601667208964,197.309932474,10.608818171617886,-0.09371504433922961
20160906_flight01,2,-9.200000000000001,7.452551576473657,54.65439251,7.954987549999999,88.336,2016-09-06 13:23:03,2016-09-06 13:23:05,3,1.1326666666666665,7.338666666666666,7.335408441252606,7.083278361142316,0.05567920456530807,7.595527043143151,False,1.0521330938167153,8.526069740070046,6.798176593763948,Flight 01,20160906_flight01_airborne.tab,15.0,14.342070314730806,191.38392269244548,100.0,downstream wake,7.595527043143151,0.9811763600001181,197.309932474,10.608818171617886,-0.09371504433922961
20160906_flight01,2,-9.0,7.3954962646194335,54.65471074,7.95201975,88.887,2016-09-06 13:23:00,2016-09-06 13:23:02,3,1.123,7.266333333333333,7.3954962646194335,7.094414202055378,0.05567920456530807,7.595527043143151,False,1.0424393126745866,8.526069740070046,6.798176593763948,Flight 01,20160906_flight01_airborne.tab,15.0,14.342070314730806,191.38392269244548,100.0,downstream wake,7.595527043143151,0.9736646611370708,197.309932474,10.608818171617886,-0.09371504433922961
20160906_flight01,2,-8.8,6.864617250801387,54.65502092,7.9490531099999995,90.04299999999999,2016-09-06 13:22:57,2016-09-06 13:22:59,3,0.9966666666666667,6.7059999999999995,7.398243169834309,7.1055500429684395,0.05567920456530807,7.595527043143151,False,0.9660923094327544,8.526069740070046,6.798176593763948,Flight 01,20160906_flight01_airborne.tab,15.0,14.342070314730806,191.38392269244548,100.0,downstream wake,7.595527043143151,0.9037710236313895,197.309932474,10.608818171617886,-0.09371504433922961
20160906_flight01,2,-8.6,7.445593394753705,54.65532718,7.946093100000001,90.815,2016-09-06 13:22:54,2016-09-06 13:22:56,3,0.867,7.446333333333333,7.3954962646194335,7.116685883881502,0.05567920456530807,7.595527043143151,False,1.0462163872677228,8.526069740070046,6.798176593763948,Flight 01,20160906_flight01_airborne.tab,15.0,14.342070314730806,191.38392269244548,100.0,downstream wake,7.595527043143151,0.980260270612189,197.309932474,10.608818171617886,-0.09371504433922961
20160906_flight01,2,-8.4,7.398243169834309,54.65563344,7.9431328699999995,90.04799999999999,2016-09-06 13:22:51,2016-09-06 13:22:53,3,0.7836666666666666,7.170000000000001,7.24317478734291,7.127821724794563,0.05567920456530807,7.595527043143151,False,1.0379388620367802,8.526069740070046,6.798176593763948,Flight 01,20160906_flight01_airborne.tab,15.0,14.342070314730806,191.38392269244548,100.0,downstream wake,7.595527043143151,0.9740263088804431,197.309932474,10.608818171617886,-0.09371504433922961
20160906_flight01,2,-8.200000000000001,7.24317478734291,54.655941860000006,7.94016734,88.619,2016-09-06 13:22:48,2016-09-06 13:22:50,3,0.8056666666666666,7.105,7.398243169834309,7.138957565707624,0.05567920456530807,7.595527043143151,False,1.0145983808806902,8.526069740070046,6.798176593763948,Flight 01,20160906_flight01_airborne.tab,15.0,14.342070314730806,191.38392269244548,100.0,downstream wake,7.595527043143151,0.95361055871451,197.309932474,10.608818171617886,-0.09371504433922961
20160906_flight01,2,-8.0,6.94384706052776,54.65624945,7.93719276,87.93700000000001,2016-09-06 13:22:45,2016-09-06 13:22:47,3,0.8406666666666668,7.050666666666667,7.398243169834309,7.1500934066206865,0.05567920456530807,7.595527043143151,False,0.9711547340204043,8.526069740070046,6.798176593763948,Flight 01,20160906_flight01_airborne.tab,15.0,14.342070314730806,191.38392269244548,100.0,downstream wake,7.595527043143151,0.9142021377958631,197.309932474,10.608818171617886,-0.09371504433922961
20160906_flight01,2,-7.800000000000001,7.418653381847678,54.656552389999995,7.93421149,88.38,2016-09-06 13:22:42,2016-09-06 13:22:44,3,1.1383333333333334,7.335999999999999,7.418653381847678,7.161229247533748,0.05567920456530807,7.595527043143151,False,1.0359469199233615,8.526069740070046,6.798176593763948,Flight 01,20160906_flight01_airborne.tab,15.0,14.342070314730806,191.38392269244548,100.0,downstream wake,7.595527043143151,0.9767134445982724,197.309932474,10.608818171617886,-0.09371504433922961
20160906_flight01,2,-7.6000000000000005,7.504437353992636,54.65684869,7.9312312799999996,89.186,2016-09-06 13:22:39,2016-09-06 13:22:41,3,1.2626666666666666,7.399,7.4604306175984245,7.172365088446809,0.05567920456530807,7.595527043143151,False,1.046298851418025,8.526069740070046,6.798176593763948,Flight 01,20160906_flight01_airborne.tab,15.0,14.342070314730806,191.38392269244548,100.0,downstream wake,7.595527043143151,0.9880074564104481,197.309932474,10.608818171617886,-0.09371504433922961
20160906_flight01,2,-7.4,7.619412329896257,54.657206620000004,7.92776778,90.04149999999998,2016-09-06 13:22:35,2016-09-06 13:22:38,4,0.948,7.51175,7.4604306175984245,7.183500929359871,0.05567920456530807,7.595527043143151,False,1.0606823058593562,8.526069740070046,6.798176593763948,Flight 01,20160906_flight01_airborne.tab,15.0,14.342070314730806,191.38392269244548,100.0,downstream wake,7.595527043143151,1.0031446516637272,197.309932474,10.608818171617886,-0.09371504433922961
20160906_flight01,2,-7.2,7.4604306175984245,54.65757573,7.9243172500000005,90.4,2016-09-06 13:22:32,2016-09-06 13:22:34,3,0.9066666666666666,7.428999999999999,7.4604306175984245,7.194636770272933,0.05567920456530807,7.595527043143151,False,1.0369433309578198,8.526069740070046,6.798176593763948,Flight 01,20160906_flight01_airborne.tab,15.0,14.342070314730806,191.38392269244548,100.0,downstream wake,7.595527043143151,0.9822136864529125,197.309932474,10.608818171617886,-0.09371504433922961
20160906_flight01,2,-7.0,6.977425671406325,54.65789381,7.921361050000001,89.654,2016-09-06 13:22:29,2016-09-06 13:22:31,3,0.726,7.063,7.005088507649279,7.205772611185994,0.05567920456530807,7.595527043143151,False,0.9683105543151347,8.526069740070046,6.798176593763948,Flight 01,20160906_flight01_airborne.tab,15.0,14.342070314730806,191.38392269244548,100.0,downstream wake,7.595527043143151,0.9186229779413642,197.309932474,10.608818171617886,-0.09371504433922961
20160906_flight01,2,-6.800000000000001,7.005088507649279,54.65820906,7.91839734,88.715,2016-09-06 13:22:26,2016-09-06 13:22:28,3,0.48233333333333334,7.024,6.9977689301662425,7.216908452099056,0.05567920456530807,7.595527043143151,False,0.9706494898950576,8.526069740070046,6.798176593763948,Flight 01,20160906_flight01_airborne.tab,15.0,14.342070314730806,191.38392269244548,100.0,downstream wake,7.595527043143151,0.9222649682977708,197.309932474,10.608818171617886,-0.09371504433922961
20160906_flight01,2,-6.6000000000000005,6.968929473025251,54.65852115,7.9154265,88.73299999999999,2016-09-06 13:22:23,2016-09-06 13:22:25,3,1.0026666666666666,6.933,6.9977689301662425,7.228044293012117,0.05567920456530807,7.595527043143151,False,0.9641514620715078,8.526069740070046,6.798176593763948,Flight 01,20160906_flight01_airborne.tab,15.0,14.342070314730806,191.38392269244548,100.0,downstream wake,7.595527043143151,0.9175043987653813,197.309932474,10.608818171617886,-0.09371504433922961
20160906_flight01,2,-6.4,6.9977689301662425,54.65883467,7.912458689999999,89.33200000000001,2016-09-06 13:22:20,2016-09-06 13:22:22,3,1.0853333333333335,6.963666666666666,7.005088507649279,7.239180133925179,0.05567920456530807,7.595527043143151,False,0.9666521347317214,8.526069740070046,6.798176593763948,Flight 01,20160906_flight01_airborne.tab,15.0,14.342070314730806,191.38392269244548,100.0,downstream wake,7.595527043143151,0.9213012988326421,197.309932474,10.608818171617886,-0.09371504433922961
20160906_flight01,2,-6.2,7.260279677808562,54.65914568,7.909495150000001,89.98899999999999,2016-09-06 13:22:17,2016-09-06 13:22:19,3,1.095,7.137666666666667,6.9977689301662425,7.250315974838241,0.05567920456530807,7.595527043143151,False,1.001374243964663,8.526069740070046,6.798176593763948,Flight 01,20160906_flight01_airborne.tab,15.0,14.342070314730806,191.38392269244548,100.0,downstream wake,7.595527043143151,0.9558625275862545,197.309932474,10.608818171617886,-0.09371504433922961
20160906_flight01,2,-6.0,7.158132787256744,54.6594549,7.90653607,90.166,2016-09-06 13:22:14,2016-09-06 13:22:16,3,0.9413333333333332,7.140333333333333,7.1154142535765255,7.261451815751302,0.05567920456530807,7.595527043143151,False,0.985771574181565,8.526069740070046,6.798176593763948,Flight 01,20160906_flight01_airborne.tab,15.0,14.342070314730806,191.38392269244548,100.0,downstream wake,7.595527043143151,0.9424142322972487,197.309932474,10.608818171617886,-0.09371504433922961
20160906_flight01,2,-5.800000000000001,6.787615929028394,54.65976505,7.903579130000001,89.59700000000001,2016-09-06 13:22:11,2016-09-06 13:22:13,3,0.9113333333333333,6.717,7.1154142535765255,7.2725876566643635,0.05567920456530807,7.595527043143151,False,0.933315107286255,8.526069740070046,6.798176593763948,Flight 01,20160906_flight01_airborne.tab,15.0,14.342070314730806,191.38392269244548,100.0,downstream wake,7.595527043143151,0.8936333042426468,197.309932474,10.608818171617886,-0.09371504433922961
20160906_flight01,2,-5.6000000000000005,7.1154142535765255,54.660073430000004,7.900618779999999,88.53399999999999,2016-09-06 13:22:08,2016-09-06 13:22:10,3,0.8766666666666666,7.030333333333334,7.1154142535765255,7.283723497577426,0.05567920456530807,7.595527043143151,False,0.9768924171741445,8.526069740070046,6.798176593763948,Flight 01,20160906_flight01_airborne.tab,15.0,14.342070314730806,191.38392269244548,100.0,downstream wake,7.595527043143151,0.9367900625144839,197.309932474,10.608818171617886,-0.09371504433922961
20160906_flight01,2,-5.4,7.0405619153603505,54.660438285,7.8971599999999995,87.6395,2016-09-06 13:22:04,2016-09-06 13:22:07,4,0.92425,6.9585,7.1154142535765255,7.294859338490487,0.05567920456530807,7.595527043143151,False,0.9651401882708875,8.526069740070046,6.798176593763948,Flight 01,20160906_flight01_airborne.tab,15.0,14.342070314730806,191.38392269244548,100.0,downstream wake,7.595527043143151,0.926935270636184,197.309932474,10.608818171617886,-0.09371504433922961
20160906_flight01,2,-5.2,7.417813154832089,54.6608153,7.893704840000001,88.258,2016-09-06 13:22:01,2016-09-06 13:22:03,3,1.344666666666667,7.334666666666666,7.1154142535765255,7.305995179403549,0.05567920456530807,7.595527043143151,False,1.0153049615668743,8.526069740070046,6.798176593763948,Flight 01,20160906_flight01_airborne.tab,15.0,14.342070314730806,191.38392269244548,100.0,downstream wake,7.595527043143151,0.9766028233061861,197.309932474,10.608818171617886,-0.09371504433922961
20160906_flight01,2,-5.0,7.3373014794268885,54.66114885,7.89075557,89.139,2016-09-06 13:21:58,2016-09-06 13:22:00,3,1.2550000000000001,7.205666666666667,7.179763575494669,7.3171310203166104,0.05567920456530807,7.595527043143151,False,1.002756607617695,8.526069740070046,6.798176593763948,Flight 01,20160906_flight01_airborne.tab,15.0,14.342070314730806,191.38392269244548,100.0,downstream wake,7.595527043143151,0.9660029432783898,197.309932474,10.608818171617886,-0.09371504433922961
20160906_flight01,2,-4.800000000000001,6.981394201733634,54.661487859999994,7.88781385,89.29,2016-09-06 13:21:55,2016-09-06 13:21:57,3,0.9193333333333333,7.002666666666667,7.179763575494669,7.328266861229672,0.05567920456530807,7.595527043143151,False,0.95266648089316,8.526069740070046,6.798176593763948,Flight 01,20160906_flight01_airborne.tab,15.0,14.342070314730806,191.38392269244548,100.0,downstream wake,7.595527043143151,0.9191454604899439,197.309932474,10.608818171617886,-0.09371504433922961
20160906_flight01,2,-4.6000000000000005,7.179763575494669,54.66183062,7.88487267,88.86200000000001,2016-09-06 13:21:52,2016-09-06 13:21:54,3,0.89,7.177333333333333,7.124911929280249,7.339402702142734,0.05567920456530807,7.595527043143151,False,0.978249030183143,8.526069740070046,6.798176593763948,Flight 01,20160906_flight01_airborne.tab,15.0,14.342070314730806,191.38392269244548,100.0,downstream wake,7.595527043143151,0.9452620647274488,197.309932474,10.608818171617886,-0.09371504433922961
20160906_flight01,2,-4.4,7.124911929280249,54.66217866,7.88192946,88.375,2016-09-06 13:21:49,2016-09-06 13:21:51,3,1.028,6.983666666666667,6.981394201733634,7.350538543055795,0.05567920456530807,7.595527043143151,False,0.9693047506037907,8.526069740070046,6.798176593763948,Flight 01,20160906_flight01_airborne.tab,15.0,14.342070314730806,191.38392269244548,100.0,downstream wake,7.595527043143151,0.938040492622859,197.309932474,10.608818171617886,-0.09371504433922961
20160906_flight01,2,-4.2,6.6996343930098154,54.662522179999996,7.87898009,88.07699999999998,2016-09-06 13:21:46,2016-09-06 13:21:48,3,0.721,6.760333333333333,7.124911929280249,7.3616743839688565,0.05567920456530807,7.595527043143151,False,0.9100693732935632,8.526069740070046,6.798176593763948,Flight 01,20160906_flight01_airborne.tab,15.0,14.342070314730806,191.38392269244548,100.0,downstream wake,7.595527043143151,0.8820499690087864,197.309932474,10.608818171617886,-0.09371504433922961
20160906_flight01,2,-4.0,6.904174751554309,54.66284891,7.87601922,87.73,2016-09-06 13:21:43,2016-09-06 13:21:45,3,0.9263333333333333,6.737333333333333,7.124911929280249,7.372810224881919,0.05567920456530807,7.595527043143151,False,0.9364373340648252,8.526069740070046,6.798176593763948,Flight 01,20160906_flight01_airborne.tab,15.0,14.342070314730806,191.38392269244548,100.0,downstream wake,7.595527043143151,0.9089790230932087,197.309932474,10.608818171617886,-0.09371504433922961
20160906_flight01,2,-3.8000000000000003,7.1909949242090265,54.663163219999994,7.873050419999999,87.583,2016-09-06 13:21:40,2016-09-06 13:21:42,3,1.0396666666666667,7.081333333333333,7.1909949242090265,7.38394606579498,0.05567920456530807,7.595527043143151,False,0.9738688311281456,8.526069740070046,6.798176593763948,Flight 01,20160906_flight01_airborne.tab,15.0,14.342070314730806,191.38392269244548,100.0,downstream wake,7.595527043143151,0.9467407440410188,197.309932474,10.608818171617886,-0.09371504433922961
20160906_flight01,2,-3.6,7.356566726401656,54.66346738,7.87007428,87.374,2016-09-06 13:21:37,2016-09-06 13:21:39,3,1.0803333333333331,7.263999999999999,7.356566726401656,7.395081906708041,0.05567920456530807,7.595527043143151,False,0.994791784487005,8.526069740070046,6.798176593763948,Flight 01,20160906_flight01_airborne.tab,15.0,14.342070314730806,191.38392269244548,100.0,downstream wake,7.595527043143151,0.9685393369829134,197.309932474,10.608818171617886,-0.09371504433922961
20160906_flight01,2,-3.4000000000000004,7.415427179281428,54.663824335,7.866602345,87.787,2016-09-06 13:21:33,2016-09-06 13:21:36,4,1.0625,7.3709999999999996,7.356566726401656,7.4062177476211035,0.05567920456530807,7.595527043143151,False,1.001243472980967,8.526069740070046,6.798176593763948,Flight 01,20160906_flight01_airborne.tab,15.0,14.342070314730806,191.38392269244548,100.0,downstream wake,7.595527043143151,0.9762886942750987,197.309932474,10.608818171617886,-0.09371504433922961
20160906_flight01,2,-3.2,7.475963884342941,54.664186380000004,7.86314044,88.939,2016-09-06 13:21:30,2016-09-06 13:21:32,3,1.1773333333333333,7.349333333333334,7.356566726401656,7.417353588534165,0.05567920456530807,7.595527043143151,False,1.0079017799420236,8.526069740070046,6.798176593763948,Flight 01,20160906_flight01_airborne.tab,15.0,14.342070314730806,191.38392269244548,100.0,downstream wake,7.595527043143151,0.9842587409509462,197.309932474,10.608818171617886,-0.09371504433922961
20160906_flight01,2,-3.0,7.183896226978784,54.66450373,7.860183019999999,89.12799999999999,2016-09-06 13:21:27,2016-09-06 13:21:29,3,1.0476666666666667,7.096666666666667,7.183896226978784,7.428489429447226,0.05567920456530807,7.595527043143151,False,0.9670736285227988,8.526069740070046,6.798176593763948,Flight 01,20160906_flight01_airborne.tab,15.0,14.342070314730806,191.38392269244548,100.0,downstream wake,7.595527043143151,0.9458061548821729,197.309932474,10.608818171617886,-0.09371504433922961
20160906_flight01,2,-2.8000000000000003,6.913778778641967,54.66482805,7.85722522,87.936,2016-09-06 13:21:24,2016-09-06 13:21:26,3,0.7843333333333332,6.832,6.999941785472219,7.439625270360288,0.05567920456530807,7.595527043143151,False,0.9293181480775233,8.526069740070046,6.798176593763948,Flight 01,20160906_flight01_airborne.tab,15.0,14.342070314730806,191.38392269244548,100.0,downstream wake,7.595527043143151,0.9102434550454755,197.309932474,10.608818171617886,-0.09371504433922961
20160906_flight01,2,-2.6,6.943454471658901,54.66515682,7.85426122,86.792,2016-09-06 13:21:21,2016-09-06 13:21:23,3,0.6956666666666668,6.997333333333333,6.999941785472219,7.45076111127335,0.05567920456530807,7.595527043143151,False,0.9319121050805307,8.526069740070046,6.798176593763948,Flight 01,20160906_flight01_airborne.tab,15.0,14.342070314730806,191.38392269244548,100.0,downstream wake,7.595527043143151,0.9141504509456119,197.309932474,10.608818171617886,-0.09371504433922961
20160906_flight01,2,-2.4000000000000004,6.999941785472219,54.66548978,7.85129277,86.97,2016-09-06 13:21:18,2016-09-06 13:21:20,3,0.9886666666666667,6.953333333333333,6.999941785472219,7.461896952186411,0.05567920456530807,7.595527043143151,False,0.9380914572160053,8.526069740070046,6.798176593763948,Flight 01,20160906_flight01_airborne.tab,15.0,14.342070314730806,191.38392269244548,100.0,downstream wake,7.595527043143151,0.9215873692124372,197.309932474,10.608818171617886,-0.09371504433922961
20160906_flight01,2,-2.2,7.269508993047605,54.66582144,7.848326869999999,88.065,2016-09-06 13:21:15,2016-09-06 13:21:17,3,1.3356666666666666,7.146,6.999941785472219,7.473032793099473,0.05567920456530807,7.595527043143151,False,0.9727655684530383,8.526069740070046,6.798176593763948,Flight 01,20160906_flight01_airborne.tab,15.0,14.342070314730806,191.38392269244548,100.0,downstream wake,7.595527043143151,0.9570776263129945,197.309932474,10.608818171617886,-0.09371504433922961
20160906_flight01,2,-2.0,7.2007500998159895,54.666149759999996,7.84536471,88.5,2016-09-06 13:21:12,2016-09-06 13:21:14,3,1.0403333333333333,7.090333333333334,6.999941785472219,7.484168634012534,0.05567920456530807,7.595527043143151,False,0.9621309262182413,8.526069740070046,6.798176593763948,Flight 01,20160906_flight01_airborne.tab,15.0,14.342070314730806,191.38392269244548,100.0,downstream wake,7.595527043143151,0.9480250756682453,197.309932474,10.608818171617886,-0.09371504433922961
20160906_flight01,2,-1.8,6.926199535098595,54.66647526,7.8424027,88.749,2016-09-06 13:21:09,2016-09-06 13:21:11,3,0.838,6.803666666666667,6.979092849360868,7.495304474925597,0.05567920456530807,7.595527043143151,False,0.924071804990597,8.526069740070046,6.798176593763948,Flight 01,20160906_flight01_airborne.tab,15.0,14.342070314730806,191.38392269244548,100.0,downstream wake,7.595527043143151,0.9118787275402054,197.309932474,10.608818171617886,-0.09371504433922961
20160906_flight01,2,-1.6,6.979092849360868,54.666805000000004,7.83944384,89.082,2016-09-06 13:21:06,2016-09-06 13:21:08,3,0.618,6.938,6.926199535098595,7.506440315838658,0.05567920456530807,7.595527043143151,False,0.9297473310531649,8.526069740070046,6.798176593763948,Flight 01,20160906_flight01_airborne.tab,15.0,14.342070314730806,191.38392269244548,100.0,downstream wake,7.595527043143151,0.9188424726446379,197.309932474,10.608818171617886,-0.09371504433922961
20160906_flight01,2,-1.4000000000000001,6.858096906753112,54.66718944,7.835991285,89.13,2016-09-06 13:21:02,2016-09-06 13:21:05,4,0.6145,6.8454999999999995,6.858096906753112,7.517576156751719,0.05567920456530807,7.595527043143151,False,0.9122750157434305,8.526069740070046,6.798176593763948,Flight 01,20160906_flight01_airborne.tab,15.0,14.342070314730806,191.38392269244548,100.0,downstream wake,7.595527043143151,0.9029125783897047,197.309932474,10.608818171617886,-0.09371504433922961
20160906_flight01,2,-1.2000000000000002,6.785490181261778,54.66757811,7.8325407600000005,89.37,2016-09-06 13:20:59,2016-09-06 13:21:01,3,0.6866666666666666,6.689,6.8236905703585355,7.528711997664781,0.05567920456530807,7.595527043143151,False,0.9012816778442937,8.526069740070046,6.798176593763948,Flight 01,20160906_flight01_airborne.tab,15.0,14.342070314730806,191.38392269244548,100.0,downstream wake,7.595527043143151,0.8933534358734682,197.309932474,10.608818171617886,-0.09371504433922961
20160906_flight01,2,-1.0,6.8236905703585355,54.66790925,7.8295794999999995,89.118,2016-09-06 13:20:56,2016-09-06 13:20:58,3,0.775,6.7556666666666665,6.8236905703585355,7.539847838577843,0.05567920456530807,7.595527043143151,False,0.9050170131345266,8.526069740070046,6.798176593763948,Flight 01,20160906_flight01_airborne.tab,15.0,14.342070314730806,191.38392269244548,100.0,downstream wake,7.595527043143151,0.8983827628549635,197.309932474,10.608818171617886,-0.09371504433922961
20160906_flight01,2,-0.8,6.537027611996143,54.66823992,7.826613640000001,88.569,2016-09-06 13:20:53,2016-09-06 13:20:55,3,0.9663333333333334,6.529333333333334,6.8236905703585355,7.550983679490904,0.05567920456530807,7.595527043143151,False,0.8657186784486438,8.526069740070046,6.798176593763948,Flight 01,20160906_flight01_airborne.tab,15.0,14.342070314730806,191.38392269244548,100.0,downstream wake,7.595527043143151,0.8606417401801543,197.309932474,10.608818171617886,-0.09371504433922961
20160906_flight01,2,-0.6000000000000001,6.873240356629469,54.6685769,7.82364687,88.103,2016-09-06 13:20:50,2016-09-06 13:20:52,3,0.926,6.806,6.867059996825425,7.562119520403966,0.05567920456530807,7.595527043143151,False,0.908903957162304,8.526069740070046,6.798176593763948,Flight 01,20160906_flight01_airborne.tab,15.0,14.342070314730806,191.38392269244548,100.0,downstream wake,7.595527043143151,0.9049063109892124,197.309932474,10.608818171617886,-0.09371504433922961
20160906_flight01,2,-0.4,6.867059996825425,54.668920289999996,7.82068141,88.221,2016-09-06 13:20:47,2016-09-06 13:20:49,3,1.0556666666666665,6.797000000000001,6.867059996825425,7.5732553613170275,0.05567920456530807,7.595527043143151,False,0.9067514125961295,8.526069740070046,6.798176593763948,Flight 01,20160906_flight01_airborne.tab,15.0,14.342070314730806,191.38392269244548,100.0,downstream wake,7.595527043143151,0.904092626860522,197.309932474,10.608818171617886,-0.09371504433922961
20160906_flight01,2,-0.2,6.876924385217565,54.66926557,7.81771826,88.553,2016-09-06 13:20:44,2016-09-06 13:20:46,3,0.9826666666666668,6.801333333333333,6.867059996825425,7.584391202230089,0.05567920456530807,7.595527043143151,False,0.9067206848712521,8.526069740070046,6.798176593763948,Flight 01,20160906_flight01_airborne.tab,15.0,14.342070314730806,191.38392269244548,100.0,downstream wake,7.595527043143151,0.9053913370535225,197.309932474,10.608818171617886,-0.09371504433922961
20160906_flight01,2,0.0,6.832389040445516,54.669610899999995,7.814756569999999,88.92200000000001,2016-09-06 13:20:41,2016-09-06 13:20:43,3,1.0333333333333332,6.774333333333334,6.832389040445516,7.595527043143151,0.05567920456530807,7.595527043143151,False,0.8995279724023159,8.526069740070046,6.798176593763948,Flight 01,20160906_flight01_airborne.tab,15.0,14.342070314730806,191.38392269244548,100.0,downstream wake,7.595527043143151,0.8995279724023159,197.309932474,10.608818171617886,-0.09371504433922961
20160906_flight01,2,0.2,6.752083085981688,54.669953830000004,7.811795839999999,89.288,2016-09-06 13:20:38,2016-09-06 13:20:40,3,0.8916666666666666,6.707333333333334,6.752083085981688,7.606662884056212,0.05567920456530807,7.595527043143151,False,0.8876537831240361,8.526069740070046,6.798176593763948,Flight 01,20160906_flight01_airborne.tab,15.0,14.342070314730806,191.38392269244548,100.0,downstream wake,7.595527043143151,0.8889551768599283,197.309932474,10.608818171617886,-0.09371504433922961
20160906_flight01,2,0.4,6.588680672183164,54.67028981000001,7.808833570000001,89.436,2016-09-06 13:20:35,2016-09-06 13:20:37,3,0.9123333333333333,6.553666666666667,6.588680672183164,7.617798724969274,0.05567920456530807,7.595527043143151,False,0.8649061113398924,8.526069740070046,6.798176593763948,Flight 01,20160906_flight01_airborne.tab,15.0,14.342070314730806,191.38392269244548,100.0,downstream wake,7.595527043143151,0.8674421978565773,197.309932474,10.608818171617886,-0.09371504433922961
20160906_flight01,2,0.6000000000000001,6.5252148623627715,54.670614699999994,7.805863970000001,88.88799999999999,2016-09-06 13:20:32,2016-09-06 13:20:34,3,0.753,6.4143333333333326,6.5252148623627715,7.628934565882336,0.05567920456530807,7.595527043143151,False,0.8553245287414637,8.526069740070046,6.798176593763948,Flight 01,20160906_flight01_airborne.tab,15.0,14.342070314730806,191.38392269244548,100.0,downstream wake,7.595527043143151,0.8590865156952339,197.309932474,10.608818171617886,-0.09371504433922961
20160906_flight01,2,0.8,6.519298275121334,54.67093235,7.802887040000001,88.68,2016-09-06 13:20:29,2016-09-06 13:20:31,3,0.9413333333333332,6.398,6.519298275121334,7.640070406795397,0.05567920456530807,7.595527043143151,False,0.8533034288954717,8.526069740070046,6.798176593763948,Flight 01,20160906_flight01_airborne.tab,15.0,14.342070314730806,191.38392269244548,100.0,downstream wake,7.595527043143151,0.8583075589213548,197.309932474,10.608818171617886,-0.09371504433922961
20160906_flight01,2,1.0,6.384208790137155,54.671305114999996,7.7994152549999995,89.049,2016-09-06 13:20:25,2016-09-06 13:20:28,4,0.9415000000000001,6.322,6.438189341732658,7.651206247708458,0.05567920456530807,7.595527043143151,False,0.8344055281543652,8.526069740070046,6.798176593763948,Flight 01,20160906_flight01_airborne.tab,15.0,14.342070314730806,191.38392269244548,100.0,downstream wake,7.595527043143151,0.8405221591437145,197.309932474,10.608818171617886,-0.09371504433922961
20160906_flight01,2,1.2000000000000002,6.438189341732658,54.67168443,7.795948429999999,89.56,2016-09-06 13:20:22,2016-09-06 13:20:24,3,0.8963333333333333,6.362333333333333,6.438189341732658,7.6623420886215206,0.05567920456530807,7.595527043143151,False,0.8402377846446305,8.526069740070046,6.798176593763948,Flight 01,20160906_flight01_airborne.tab,15.0,14.342070314730806,191.38392269244548,100.0,downstream wake,7.595527043143151,0.8476290460376574,197.309932474,10.608818171617886,-0.09371504433922961
20160906_flight01,2,1.4000000000000001,6.356054751180169,54.67202059,7.79298302,89.7,2016-09-06 13:20:19,2016-09-06 13:20:21,3,0.9949999999999998,6.283666666666666,6.438189341732658,7.673477929534582,0.05567920456530807,7.595527043143151,False,0.8283147237208098,8.526069740070046,6.798176593763948,Flight 01,20160906_flight01_airborne.tab,15.0,14.342070314730806,191.38392269244548,100.0,downstream wake,7.595527043143151,0.8368154987899209,197.309932474,10.608818171617886,-0.09371504433922961
20160906_flight01,2,1.6,6.534185565164186,54.67237387,7.79002307,89.155,2016-09-06 13:20:16,2016-09-06 13:20:18,3,0.911,6.4656666666666665,6.462103759612654,7.684613770447644,0.05567920456530807,7.595527043143151,False,0.8502945964951933,8.526069740070046,6.798176593763948,Flight 01,20160906_flight01_airborne.tab,15.0,14.342070314730806,191.38392269244548,100.0,downstream wake,7.595527043143151,0.8602675664308128,197.309932474,10.608818171617886,-0.09371504433922961
20160906_flight01,2,1.8,6.462103759612654,54.67275319,7.78707435,88.96300000000001,2016-09-06 13:20:13,2016-09-06 13:20:15,3,0.9306666666666668,6.329999999999999,6.462103759612654,7.695749611360705,0.05567920456530807,7.595527043143151,False,0.8396977664233117,8.526069740070046,6.798176593763948,Flight 01,20160906_flight01_airborne.tab,15.0,14.342070314730806,191.38392269244548,100.0,downstream wake,7.595527043143151,0.8507775330016508,197.309932474,10.608818171617886,-0.09371504433922961
20160906_flight01,2,2.0,6.6809834605393235,54.67315128,7.78413635,89.29799999999999,2016-09-06 13:20:10,2016-09-06 13:20:12,3,1.2466666666666668,6.522333333333333,6.462103759612654,7.706885452273767,0.05567920456530807,7.595527043143151,False,0.8668850084658036,8.526069740070046,6.798176593763948,Flight 01,20160906_flight01_airborne.tab,15.0,14.342070314730806,191.38392269244548,100.0,downstream wake,7.595527043143151,0.8795944537608579,197.309932474,10.608818171617886,-0.09371504433922961
20160906_flight01,2,2.2,6.308324658734679,54.67355454,7.78120241,89.365,2016-09-06 13:20:07,2016-09-06 13:20:09,3,0.9026666666666667,6.267,6.435118724623502,7.718021293186829,0.05567920456530807,7.595527043143151,False,0.8173499941368942,8.526069740070046,6.798176593763948,Flight 01,20160906_flight01_airborne.tab,15.0,14.342070314730806,191.38392269244548,100.0,downstream wake,7.595527043143151,0.8305315250545396,197.309932474,10.608818171617886,-0.09371504433922961
20160906_flight01,2,2.4000000000000004,6.435118724623502,54.67396159,7.7782693300000005,89.4,2016-09-06 13:20:04,2016-09-06 13:20:06,3,0.8033333333333333,6.328666666666667,6.313022810033242,7.72915713409989,0.05567920456530807,7.595527043143151,False,0.8325770343356996,8.526069740070046,6.798176593763948,Flight 01,20160906_flight01_airborne.tab,15.0,14.342070314730806,191.38392269244548,100.0,downstream wake,7.595527043143151,0.8472247795408475,197.309932474,10.608818171617886,-0.09371504433922961
20160906_flight01,2,2.6,6.313022810033242,54.674371369999996,7.77533689,89.4,2016-09-06 13:20:01,2016-09-06 13:20:03,3,1.1273333333333333,6.213333333333334,6.313022810033242,7.740292975012951,0.05567920456530807,7.595527043143151,False,0.8156051496258356,8.526069740070046,6.798176593763948,Flight 01,20160906_flight01_airborne.tab,15.0,14.342070314730806,191.38392269244548,100.0,downstream wake,7.595527043143151,0.8311500668979005,197.309932474,10.608818171617886,-0.09371504433922961
20160906_flight01,2,2.8000000000000003,6.1409710144243475,54.674781700000004,7.772403379999999,89.251,2016-09-06 13:19:58,2016-09-06 13:20:00,3,0.8236666666666667,6.104333333333333,6.313022810033242,7.751428815926014,0.05567920456530807,7.595527043143151,False,0.7922372971815422,8.526069740070046,6.798176593763948,Flight 01,20160906_flight01_airborne.tab,15.0,14.342070314730806,191.38392269244548,100.0,downstream wake,7.595527043143151,0.8084983411346154,197.309932474,10.608818171617886,-0.09371504433922961
20160906_flight01,2,3.0,6.433130653111283,54.67518825,7.76946504,89.266,2016-09-06 13:19:55,2016-09-06 13:19:57,3,1.1239999999999999,6.325666666666667,6.313022810033242,7.762564656839075,0.05567920456530807,7.595527043143151,False,0.8287377867369494,8.526069740070046,6.798176593763948,Flight 01,20160906_flight01_airborne.tab,15.0,14.342070314730806,191.38392269244548,100.0,downstream wake,7.595527043143151,0.8469630371362814,197.309932474,10.608818171617886,-0.09371504433922961
20160906_flight01,2,3.2,6.101921828407834,54.675586300000006,7.76652069,89.3,2016-09-06 13:19:52,2016-09-06 13:19:54,3,0.8126666666666668,6.0683333333333325,6.433130653111283,7.773700497752136,0.05567920456530807,7.595527043143151,False,0.7849442913541989,8.526069740070046,6.798176593763948,Flight 01,20160906_flight01_airborne.tab,15.0,14.342070314730806,191.38392269244548,100.0,downstream wake,7.595527043143151,0.8033572645780168,197.309932474,10.608818171617886,-0.09371504433922961
20160906_flight01,2,3.4000000000000004,6.741569721892924,54.676042055,7.76308147,89.886,2016-09-06 13:19:48,2016-09-06 13:19:51,4,1.07375,6.66125,6.640280867553721,7.784836338665198,0.05567920456530807,7.595527043143151,False,0.865987341109453,8.526069740070046,6.798176593763948,Flight 01,20160906_flight01_airborne.tab,15.0,14.342070314730806,191.38392269244548,100.0,downstream wake,7.595527043143151,0.8875710248413722,197.309932474,10.608818171617886,-0.09371504433922961
20160906_flight01,2,3.6,6.640280867553721,54.67649139,7.75964265,90.62299999999999,2016-09-06 13:19:45,2016-09-06 13:19:47,3,1.03,6.484333333333333,6.659106546677264,7.79597217957826,0.05567920456530807,7.595527043143151,False,0.8517578968467974,8.526069740070046,6.798176593763948,Flight 01,20160906_flight01_airborne.tab,15.0,14.342070314730806,191.38392269244548,100.0,downstream wake,7.595527043143151,0.8742356955398142,197.309932474,10.608818171617886,-0.09371504433922961
20160906_flight01,2,3.8000000000000003,6.659106546677264,54.676872180000004,7.75669712,90.772,2016-09-06 13:19:42,2016-09-06 13:19:44,3,1.0613333333333335,6.614666666666667,6.741569721892924,7.807108020491321,0.05567920456530807,7.595527043143151,False,0.8529543243412417,8.526069740070046,6.798176593763948,Flight 01,20160906_flight01_airborne.tab,15.0,14.342070314730806,191.38392269244548,100.0,downstream wake,7.595527043143151,0.8767142173088254,197.309932474,10.608818171617886,-0.09371504433922961
20160906_flight01,2,4.0,6.807750876758051,54.67724879,7.75374743,90.009,2016-09-06 13:19:39,2016-09-06 13:19:41,3,1.0113333333333334,6.774,6.807750876758051,7.818243861404383,0.05567920456530807,7.595527043143151,False,0.8707519229945305,8.526069740070046,6.798176593763948,Flight 01,20160906_flight01_airborne.tab,15.0,14.342070314730806,191.38392269244548,100.0,downstream wake,7.595527043143151,0.8962841996466507,197.309932474,10.608818171617886,-0.09371504433922961
20160906_flight01,2,4.2,7.099962394266607,54.67762411,7.75079193,89.758,2016-09-06 13:19:36,2016-09-06 13:19:38,3,1.1423333333333334,7.0296666666666665,6.867508208950317,7.8293797023174445,0.05567920456530807,7.595527043143151,False,0.9068358751543324,8.526069740070046,6.798176593763948,Flight 01,20160906_flight01_airborne.tab,15.0,14.342070314730806,191.38392269244548,100.0,downstream wake,7.595527043143151,0.9347557258289384,197.309932474,10.608818171617886,-0.09371504433922961
20160906_flight01,2,4.4,6.867508208950317,54.67799658,7.747833010000001,90.13199999999999,2016-09-06 13:19:33,2016-09-06 13:19:35,3,1.3173333333333332,6.725333333333334,7.099962394266607,7.840515543230506,0.05567920456530807,7.595527043143151,False,0.8759000822184094,8.526069740070046,6.798176593763948,Flight 01,20160906_flight01_airborne.tab,15.0,14.342070314730806,191.38392269244548,100.0,downstream wake,7.595527043143151,0.9041516368702747,197.309932474,10.608818171617886,-0.09371504433922961
20160906_flight01,2,4.6000000000000005,7.213960354756601,54.67836131,7.7448743,90.23100000000001,2016-09-06 13:19:30,2016-09-06 13:19:32,3,1.5586666666666666,7.016666666666667,7.213960354756601,7.851651384143568,0.05567920456530807,7.595527043143151,False,0.9187825594657978,8.526069740070046,6.798176593763948,Flight 01,20160906_flight01_airborne.tab,15.0,14.342070314730806,191.38392269244548,100.0,downstream wake,7.595527043143151,0.9497642907175206,197.309932474,10.608818171617886,-0.09371504433922961
20160906_flight01,2,4.800000000000001,7.671365197929245,54.678723950000006,7.74191466,89.869,2016-09-06 13:19:27,2016-09-06 13:19:29,3,1.7733333333333334,7.394666666666667,7.317617781764773,7.862787225056629,0.05567920456530807,7.595527043143151,False,0.975654685590706,8.526069740070046,6.798176593763948,Flight 01,20160906_flight01_airborne.tab,15.0,14.342070314730806,191.38392269244548,100.0,downstream wake,7.595527043143151,1.0099845809718442,197.309932474,10.608818171617886,-0.09371504433922961
20160906_flight01,2,5.0,7.34231850303431,54.67909399999999,7.73895519,89.051,2016-09-06 13:19:24,2016-09-06 13:19:26,3,1.7246666666666668,7.146333333333334,7.34231850303431,7.873923065969691,0.05567920456530807,7.595527043143151,False,0.9324854258186847,8.526069740070046,6.798176593763948,Flight 01,20160906_flight01_airborne.tab,15.0,14.342070314730806,191.38392269244548,100.0,downstream wake,7.595527043143151,0.9666634667126326,197.309932474,10.608818171617886,-0.09371504433922961
20160906_flight01,2,5.2,7.317617781764773,54.67947217,7.73599533,88.582,2016-09-06 13:19:21,2016-09-06 13:19:23,3,1.7776666666666667,7.128666666666667,7.629763364613611,7.885058906882753,0.05567920456530807,7.595527043143151,False,0.9280359053979078,8.526069740070046,6.798176593763948,Flight 01,20160906_flight01_airborne.tab,15.0,14.342070314730806,191.38392269244548,100.0,downstream wake,7.595527043143151,0.9634114578488322,197.309932474,10.608818171617886,-0.09371504433922961
20160906_flight01,2,5.4,7.629763364613611,54.679849409999996,7.73303231,88.664,2016-09-06 13:19:18,2016-09-06 13:19:20,3,2.0,7.2923333333333344,7.367748977808622,7.896194747795814,0.05567920456530807,7.595527043143151,False,0.966258255819162,8.526069740070046,6.798176593763948,Flight 01,20160906_flight01_airborne.tab,15.0,14.342070314730806,191.38392269244548,100.0,downstream wake,7.595527043143151,1.0045074319762137,197.309932474,10.608818171617886,-0.09371504433922961
20160906_flight01,2,5.6000000000000005,7.6674775513202515,54.680217160000005,7.73006791,89.1,2016-09-06 13:19:15,2016-09-06 13:19:17,3,2.1300000000000003,7.370666666666668,7.629763364613611,7.907330588708876,0.05567920456530807,7.595527043143151,False,0.9696670027011242,8.526069740070046,6.798176593763948,Flight 01,20160906_flight01_airborne.tab,15.0,14.342070314730806,191.38392269244548,100.0,downstream wake,7.595527043143151,1.0094727472851346,197.309932474,10.608818171617886,-0.09371504433922961
20160906_flight01,2,5.800000000000001,7.367748977808622,54.68057463,7.727100480000001,89.088,2016-09-06 13:19:12,2016-09-06 13:19:14,3,1.8983333333333332,7.207000000000001,7.629763364613611,7.918466429621938,0.05567920456530807,7.595527043143151,False,0.9304515013471354,8.526069740070046,6.798176593763948,Flight 01,20160906_flight01_airborne.tab,15.0,14.342070314730806,191.38392269244548,100.0,downstream wake,7.595527043143151,0.9700115523201046,197.309932474,10.608818171617886,-0.09371504433922961
20160906_flight01,2,6.0,7.802273768863113,54.680983784999995,7.723631825,88.7175,2016-09-06 13:19:08,2016-09-06 13:19:11,4,1.974,7.440250000000001,7.6674775513202515,7.929602270534999,0.05567920456530807,7.595527043143151,False,0.983942637054444,8.526069740070046,6.798176593763948,Flight 01,20160906_flight01_airborne.tab,15.0,14.342070314730806,191.38392269244548,100.0,downstream wake,7.595527043143151,1.02721953651743,197.309932474,10.608818171617886,-0.09371504433922961
20160906_flight01,2,6.2,7.402647431831398,54.68139346,7.72015981,88.6,2016-09-06 13:19:05,2016-09-06 13:19:07,3,1.9433333333333334,7.214333333333333,7.802273768863113,7.940738111448061,0.05567920456530807,7.595527043143151,False,0.9322366923496817,8.526069740070046,6.798176593763948,Flight 01,20160906_flight01_airborne.tab,15.0,14.342070314730806,191.38392269244548,100.0,downstream wake,7.595527043143151,0.9746061583065688,197.309932474,10.608818171617886,-0.09371504433922961
20160906_flight01,2,6.4,7.885917828636056,54.68173367,7.717178619999999,88.755,2016-09-06 13:19:02,2016-09-06 13:19:04,3,2.005333333333333,7.537999999999999,7.819817453112317,7.951873952361122,0.05567920456530807,7.595527043143151,False,0.9917055873722089,8.526069740070046,6.798176593763948,Flight 01,20160906_flight01_airborne.tab,15.0,14.342070314730806,191.38392269244548,100.0,downstream wake,7.595527043143151,1.0382318150990002,197.309932474,10.608818171617886,-0.09371504433922961
20160906_flight01,2,6.6000000000000005,8.107535075471459,54.68206773,7.71419754,88.73700000000001,2016-09-06 13:18:59,2016-09-06 13:19:01,3,2.3059999999999996,7.792000000000001,7.885917828636056,7.963009793274184,0.05567920456530807,7.595527043143151,False,1.0181495798635518,8.526069740070046,6.798176593763948,Flight 01,20160906_flight01_airborne.tab,15.0,14.342070314730806,191.38392269244548,100.0,downstream wake,7.595527043143151,1.067409151388714,197.309932474,10.608818171617886,-0.09371504433922961
20160906_flight01,2,6.800000000000001,7.819817453112317,54.682394169999995,7.7112105799999995,88.165,2016-09-06 13:18:56,2016-09-06 13:18:58,3,1.9213333333333333,7.686,8.079198598871054,7.974145634187246,0.05567920456530807,7.595527043143151,False,0.9806464305826967,8.526069740070046,6.798176593763948,Flight 01,20160906_flight01_airborne.tab,15.0,14.342070314730806,191.38392269244548,100.0,downstream wake,7.595527043143151,1.029529275413698,197.309932474,10.608818171617886,-0.09371504433922961
20160906_flight01,2,7.0,8.079198598871054,54.68271364,7.70821647,87.927,2016-09-06 13:18:53,2016-09-06 13:18:55,3,2.3143333333333334,7.7443333333333335,8.107535075471459,7.985281475100307,0.05567920456530807,7.595527043143151,False,1.0117612790561734,8.526069740070046,6.798176593763948,Flight 01,20160906_flight01_airborne.tab,15.0,14.342070314730806,191.38392269244548,100.0,downstream wake,7.595527043143151,1.063678471945477,197.309932474,10.608818171617886,-0.09371504433922961
20160906_flight01,2,7.2,8.305308723942778,54.68303771,7.7052272,88.44800000000001,2016-09-06 13:18:50,2016-09-06 13:18:52,3,2.3053333333333335,7.977666666666667,8.079198598871054,7.9964173160133685,0.05567920456530807,7.595527043143151,False,1.0386287253056232,8.526069740070046,6.798176593763948,Flight 01,20160906_flight01_airborne.tab,15.0,14.342070314730806,191.38392269244548,100.0,downstream wake,7.595527043143151,1.0934473245593117,197.309932474,10.608818171617886,-0.09371504433922961
20160906_flight01,2,7.4,8.394815781183052,54.68337004,7.702247509999999,88.32700000000001,2016-09-06 13:18:47,2016-09-06 13:18:49,3,2.416,8.104,8.305308723942778,8.00755315692643,0.05567920456530807,7.595527043143151,False,1.0483621671523522,8.526069740070046,6.798176593763948,Flight 01,20160906_flight01_airborne.tab,15.0,14.342070314730806,191.38392269244548,100.0,downstream wake,7.595527043143151,1.1052315044762375,197.309932474,10.608818171617886,-0.09371504433922961
20160906_flight01,2,7.6000000000000005,8.03687283711768,54.68371784,7.69927487,87.50399999999999,2016-09-06 13:18:44,2016-09-06 13:18:46,3,1.7476666666666667,7.850333333333334,8.305308723942778,8.018688997839492,0.05567920456530807,7.595527043143151,False,1.002267682321024,8.526069740070046,6.798176593763948,Flight 01,20160906_flight01_airborne.tab,15.0,14.342070314730806,191.38392269244548,100.0,downstream wake,7.595527043143151,1.0581060131137252,197.309932474,10.608818171617886,-0.09371504433922961
20160906_flight01,2,7.800000000000001,8.313600002405696,54.68407258,7.69630145,87.04299999999999,2016-09-06 13:18:41,2016-09-06 13:18:43,3,2.2756666666666665,7.845666666666666,8.233381140212082,8.029824838752553,0.05567920456530807,7.595527043143151,False,1.0353401436957406,8.526069740070046,6.798176593763948,Flight 01,20160906_flight01_airborne.tab,15.0,14.342070314730806,191.38392269244548,100.0,downstream wake,7.595527043143151,1.0945389247097455,197.309932474,10.608818171617886,-0.09371504433922961
20160906_flight01,2,8.0,7.852722139487682,54.68442519,7.69332583,87.111,2016-09-06 13:18:38,2016-09-06 13:18:40,3,2.0886666666666667,7.59,8.157053450848535,8.040960679665615,0.05567920456530807,7.595527043143151,False,0.976590043444192,8.526069740070046,6.798176593763948,Flight 01,20160906_flight01_airborne.tab,15.0,14.342070314730806,191.38392269244548,100.0,downstream wake,7.595527043143151,1.0338613890627528,197.309932474,10.608818171617886,-0.09371504433922961
20160906_flight01,2,8.200000000000001,8.233381140212082,54.68477385,7.6903492700000005,87.375,2016-09-06 13:18:35,2016-09-06 13:18:37,3,2.092,7.97,8.233381140212082,8.052096520578678,0.05567920456530807,7.595527043143151,False,1.0225139650487418,8.526069740070046,6.798176593763948,Flight 01,20160906_flight01_airborne.tab,15.0,14.342070314730806,191.38392269244548,100.0,downstream wake,7.595527043143151,1.0839775954250275,197.309932474,10.608818171617886,-0.09371504433922961
20160906_flight01,2,8.4,8.157053450848535,54.68512025,7.68737348,87.78299999999999,2016-09-06 13:18:32,2016-09-06 13:18:34,3,1.9133333333333333,7.907,8.157053450848535,8.063232361491739,0.05567920456530807,7.595527043143151,False,1.0116356673292544,8.526069740070046,6.798176593763948,Flight 01,20160906_flight01_airborne.tab,15.0,14.342070314730806,191.38392269244548,100.0,downstream wake,7.595527043143151,1.073928564076709,197.309932474,10.608818171617886,-0.09371504433922961
20160906_flight01,2,8.6,8.32687720577168,54.68546544,7.68439754,87.759,2016-09-06 13:18:29,2016-09-06 13:18:31,3,1.9573333333333334,8.113999999999999,8.175057002859369,8.0743682024048,0.05567920456530807,7.595527043143151,False,1.0312729116430033,8.526069740070046,6.798176593763948,Flight 01,20160906_flight01_airborne.tab,15.0,14.342070314730806,191.38392269244548,100.0,downstream wake,7.595527043143151,1.0962869539499243,197.309932474,10.608818171617886,-0.09371504433922961
20160906_flight01,2,8.8,8.110056141322506,54.68586304,7.68091972,87.318,2016-09-06 13:18:25,2016-09-06 13:18:28,4,1.7865000000000002,7.92225,8.175057002859369,8.085504043317862,0.05567920456530807,7.595527043143151,False,1.0030365575074982,8.526069740070046,6.798176593763948,Flight 01,20160906_flight01_airborne.tab,15.0,14.342070314730806,191.38392269244548,100.0,downstream wake,7.595527043143151,1.067741065926932,197.309932474,10.608818171617886,-0.09371504433922961
20160906_flight01,2,9.0,8.175057002859369,54.686260620000006,7.67744098,87.779,2016-09-06 13:18:22,2016-09-06 13:18:24,3,1.9493333333333334,7.969333333333334,8.326508992368892,8.096639884230923,0.05567920456530807,7.595527043143151,False,1.009685143436004,8.526069740070046,6.798176593763948,Flight 01,20160906_flight01_airborne.tab,15.0,14.342070314730806,191.38392269244548,100.0,downstream wake,7.595527043143151,1.076298847522291,197.309932474,10.608818171617886,-0.09371504433922961
20160906_flight01,2,9.200000000000001,8.341840863982002,54.68659874,7.67446209,88.29899999999999,2016-09-06 13:18:19,2016-09-06 13:18:21,3,1.9953333333333332,7.986333333333332,8.221230868914946,8.107775725143984,0.05567920456530807,7.595527043143151,False,1.0288692172517957,8.526069740070046,6.798176593763948,Flight 01,20160906_flight01_airborne.tab,15.0,14.342070314730806,191.38392269244548,100.0,downstream wake,7.595527043143151,1.0982570158199336,197.309932474,10.608818171617886,-0.09371504433922961
20160906_flight01,2,9.4,8.326508992368892,54.68694365,7.67149176,88.3,2016-09-06 13:18:16,2016-09-06 13:18:18,3,1.6436666666666666,8.053666666666667,8.221230868914946,8.118911566057047,0.05567920456530807,7.595527043143151,False,1.0255696129490746,8.526069740070046,6.798176593763948,Flight 01,20160906_flight01_airborne.tab,15.0,14.342070314730806,191.38392269244548,100.0,downstream wake,7.595527043143151,1.0962384762865973,197.309932474,10.608818171617886,-0.09371504433922961
20160906_flight01,2,9.600000000000001,8.221230868914946,54.68729587,7.66852789,88.3,2016-09-06 13:18:13,2016-09-06 13:18:15,3,1.7463333333333333,8.035,8.221230868914946,8.130047406970109,0.05567920456530807,7.595527043143151,False,1.0112156125764609,8.526069740070046,6.798176593763948,Flight 01,20160906_flight01_airborne.tab,15.0,14.342070314730806,191.38392269244548,100.0,downstream wake,7.595527043143151,1.0823779340416737,197.309932474,10.608818171617886,-0.09371504433922961
20160906_flight01,2,9.8,8.106909213750948,54.68765216,7.665566340000001,88.16799999999999,2016-09-06 13:18:10,2016-09-06 13:18:12,3,1.7233333333333334,7.870333333333334,8.106909213750948,8.14118324788317,0.05567920456530807,7.595527043143151,False,0.9957900426647276,8.526069740070046,6.798176593763948,Flight 01,20160906_flight01_airborne.tab,15.0,14.342070314730806,191.38392269244548,100.0,downstream wake,7.595527043143151,1.067326752666814,197.309932474,10.608818171617886,-0.09371504433922961
20160906_flight01,2,10.0,7.988378120745161,54.68800719,7.66260122,87.697,2016-09-06 13:18:07,2016-09-06 13:18:09,3,1.6156666666666666,7.9543333333333335,8.106909213750948,8.152319088796231,0.05567920456530807,7.595527043143151,True,0.9798902660377493,8.526069740070046,6.798176593763948,Flight 01,20160906_flight01_airborne.tab,15.0,14.342070314730806,191.38392269244548,100.0,downstream wake,7.595527043143151,1.0517213717192484,197.309932474,10.608818171617886,-0.09371504433922961
20160906_flight01,2,10.200000000000001,7.981720741794967,54.68836262,7.659632289999999,87.32,2016-09-06 13:18:04,2016-09-06 13:18:06,3,1.5893333333333333,7.853999999999999,8.056284255163792,8.163454929709292,0.05567920456530807,7.595527043143151,True,0.9777380791001933,8.526069740070046,6.798176593763948,Flight 01,20160906_flight01_airborne.tab,15.0,14.342070314730806,191.38392269244548,100.0,downstream wake,7.595527043143151,1.0508448849511307,197.309932474,10.608818171617886,-0.09371504433922961
20160906_flight01,2,10.4,8.273251476898306,54.688712370000005,7.65665799,87.1,2016-09-06 13:18:01,2016-09-06 13:18:03,3,1.862,8.070333333333332,8.056284255163792,8.174590770622356,0.05567920456530807,7.595527043143151,True,1.0120691920909992,8.526069740070046,6.798176593763948,Flight 01,20160906_flight01_airborne.tab,15.0,14.342070314730806,191.38392269244548,100.0,downstream wake,7.595527043143151,1.0892267817500525,197.309932474,10.608818171617886,-0.09371504433922961
20160906_flight01,2,10.600000000000001,8.056284255163792,54.68905367,7.6536770899999995,87.1,2016-09-06 13:17:58,2016-09-06 13:18:00,3,1.7213333333333332,7.812,8.272409866538286,8.185726611535417,0.05567920456530807,7.595527043143151,True,0.9841868214619808,8.526069740070046,6.798176593763948,Flight 01,20160906_flight01_airborne.tab,15.0,14.342070314730806,191.38392269244548,100.0,downstream wake,7.595527043143151,1.0606616511801625,197.309932474,10.608818171617886,-0.09371504433922961
20160906_flight01,2,10.8,8.272409866538286,54.68937831,7.65068548,87.2,2016-09-06 13:17:55,2016-09-06 13:17:57,3,1.7863333333333333,8.064333333333332,8.272409866538286,8.196862452448478,0.05567920456530807,7.595527043143151,True,1.009216625816045,8.526069740070046,6.798176593763948,Flight 01,20160906_flight01_airborne.tab,15.0,14.342070314730806,191.38392269244548,100.0,downstream wake,7.595527043143151,1.0891159783317723,197.309932474,10.608818171617886,-0.09371504433922961
20160906_flight01,2,11.0,8.28637538372478,54.68968944,7.647685770000001,87.3,2016-09-06 13:17:52,2016-09-06 13:17:54,3,1.5973333333333333,8.130333333333333,8.272409866538286,8.20799829336154,0.05567920456530807,7.595527043143151,True,1.0095488677704318,8.526069740070046,6.798176593763948,Flight 01,20160906_flight01_airborne.tab,15.0,14.342070314730806,191.38392269244548,100.0,downstream wake,7.595527043143151,1.0909546285145928,197.309932474,10.608818171617886,-0.09371504433922961
20160906_flight01,2,11.200000000000001,8.086794791510417,54.689992499999995,7.644682169999999,87.946,2016-09-06 13:17:49,2016-09-06 13:17:51,3,1.8926666666666663,7.971333333333334,8.28637538372478,8.2191341342746,0.05567920456530807,7.595527043143151,True,0.9838986272030389,8.526069740070046,6.798176593763948,Flight 01,20160906_flight01_airborne.tab,15.0,14.342070314730806,191.38392269244548,100.0,downstream wake,7.595527043143151,1.0646785595755015,197.309932474,10.608818171617886,-0.09371504433922961
20160906_flight01,2,11.4,8.35757434905607,54.69029364,7.6416812300000005,88.56,2016-09-06 13:17:46,2016-09-06 13:17:48,3,1.82,8.0,8.317883023943052,8.230269975187662,0.05567920456530807,7.595527043143151,True,1.0154678247800135,8.526069740070046,6.798176593763948,Flight 01,20160906_flight01_airborne.tab,15.0,14.342070314730806,191.38392269244548,100.0,downstream wake,7.595527043143151,1.1003284303491299,197.309932474,10.608818171617886,-0.09371504433922961
20160906_flight01,2,11.600000000000001,8.431729206709866,54.69066338500001,7.638192010000001,88.381,2016-09-06 13:17:42,2016-09-06 13:17:45,4,1.81775,8.238,8.3574228683249,8.241405816100725,0.05567920456530807,7.595527043143151,True,1.0230935588971142,8.526069740070046,6.798176593763948,Flight 01,20160906_flight01_airborne.tab,15.0,14.342070314730806,191.38392269244548,100.0,downstream wake,7.595527043143151,1.110091394424248,197.309932474,10.608818171617886,-0.09371504433922961
20160906_flight01,2,11.8,8.317883023943052,54.69106113,7.6347175300000005,88.06,2016-09-06 13:17:39,2016-09-06 13:17:41,3,1.885,8.115,8.35757434905607,8.252541657013786,0.05567920456530807,7.595527043143151,True,1.0079177263981132,8.526069740070046,6.798176593763948,Flight 01,20160906_flight01_airborne.tab,15.0,14.342070314730806,191.38392269244548,100.0,downstream wake,7.595527043143151,1.0951028120493635,197.309932474,10.608818171617886,-0.09371504433922961
20160906_flight01,2,12.0,8.3574228683249,54.69143263,7.63175576,87.514,2016-09-06 13:17:36,2016-09-06 13:17:38,3,1.83,8.217666666666666,8.3574228683249,8.263677497926848,0.05567920456530807,7.595527043143151,True,1.0113442677816953,8.526069740070046,6.798176593763948,Flight 01,20160906_flight01_airborne.tab,15.0,14.342070314730806,191.38392269244548,100.0,downstream wake,7.595527043143151,1.1003084869363409,197.309932474,10.608818171617886,-0.09371504433922961
20160906_flight01,2,12.200000000000001,8.506699301139072,54.69182699,7.628805089999999,87.20700000000001,2016-09-06 13:17:33,2016-09-06 13:17:35,3,1.9303333333333335,8.273333333333333,8.3574228683249,8.274813338839909,0.05567920456530807,7.595527043143151,True,1.0280231049092972,8.526069740070046,6.798176593763948,Flight 01,20160906_flight01_airborne.tab,15.0,14.342070314730806,191.38392269244548,100.0,downstream wake,7.595527043143151,1.1199616896655618,197.309932474,10.608818171617886,-0.09371504433922961
20160906_flight01,2,12.4,8.291008925335927,54.6922231,7.625852569999999,87.0,2016-09-06 13:17:30,2016-09-06 13:17:32,3,1.734,8.202,8.506699301139072,8.28594917975297,0.05567920456530807,7.595527043143151,True,1.000610641638416,8.526069740070046,6.798176593763948,Flight 01,20160906_flight01_airborne.tab,15.0,14.342070314730806,191.38392269244548,100.0,downstream wake,7.595527043143151,1.0915646640769479,197.309932474,10.608818171617886,-0.09371504433922961
20160906_flight01,2,12.600000000000001,8.584559394634068,54.69262182000001,7.62290262,87.546,2016-09-06 13:17:27,2016-09-06 13:17:29,3,2.031333333333333,8.321333333333333,8.506699301139072,8.297085020666032,0.05567920456530807,7.595527043143151,True,1.0346476350732827,8.526069740070046,6.798176593763948,Flight 01,20160906_flight01_airborne.tab,15.0,14.342070314730806,191.38392269244548,100.0,downstream wake,7.595527043143151,1.1302124718762951,197.309932474,10.608818171617886,-0.09371504433922961
20160906_flight01,2,12.8,8.619001624318212,54.693024210000004,7.61995864,87.7,2016-09-06 13:17:24,2016-09-06 13:17:26,3,2.0866666666666664,8.291666666666666,8.291008925335927,8.308220861579095,0.05567920456530807,7.595527043143151,True,1.0374064156354228,8.526069740070046,6.798176593763948,Flight 01,20160906_flight01_airborne.tab,15.0,14.342070314730806,191.38392269244548,100.0,downstream wake,7.595527043143151,1.1347470129935224,197.309932474,10.608818171617886,-0.09371504433922961
20160906_flight01,2,13.0,8.232914550752971,54.693433660000004,7.61701817,87.20700000000001,2016-09-06 13:17:21,2016-09-06 13:17:23,3,1.773,8.01,8.538552219199694,8.319356702492156,0.05567920456530807,7.595527043143151,True,0.9896095149143815,8.526069740070046,6.798176593763948,Flight 01,20160906_flight01_airborne.tab,15.0,14.342070314730806,191.38392269244548,100.0,downstream wake,7.595527043143151,1.083916165920997,197.309932474,10.608818171617886,-0.09371504433922961
20160906_flight01,2,13.200000000000001,8.119165597522938,54.69385597,7.61408192,86.8,2016-09-06 13:17:18,2016-09-06 13:17:20,3,1.734,8.029,8.234353951586003,8.330492543405217,0.05567920456530807,7.595527043143151,True,0.9746321187155285,8.526069740070046,6.798176593763948,Flight 01,20160906_flight01_airborne.tab,15.0,14.342070314730806,191.38392269244548,100.0,downstream wake,7.595527043143151,1.0689403844401424,197.309932474,10.608818171617886,-0.09371504433922961
20160906_flight01,2,13.4,8.538552219199694,54.6942804,7.61114514,86.94800000000001,2016-09-06 13:17:15,2016-09-06 13:17:17,3,2.157,8.253666666666668,8.234353951586003,8.341628384318279,0.05567920456530807,7.595527043143151,True,1.0236073612739234,8.526069740070046,6.798176593763948,Flight 01,20160906_flight01_airborne.tab,15.0,14.342070314730806,191.38392269244548,100.0,downstream wake,7.595527043143151,1.1241553312495751,197.309932474,10.608818171617886,-0.09371504433922961
20160906_flight01,2,13.600000000000001,8.234353951586003,54.69469759,7.608202840000001,86.88300000000001,2016-09-06 13:17:12,2016-09-06 13:17:14,3,2.0433333333333334,8.03,8.35183458887926,8.35276422523134,0.05567920456530807,7.595527043143151,True,0.985823821856763,8.526069740070046,6.798176593763948,Flight 01,20160906_flight01_airborne.tab,15.0,14.342070314730806,191.38392269244548,100.0,downstream wake,7.595527043143151,1.0841056723008513,197.309932474,10.608818171617886,-0.09371504433922961
20160906_flight01,2,13.8,8.427893212422664,54.69510433000001,7.605250989999999,86.329,2016-09-06 13:17:09,2016-09-06 13:17:11,3,2.1096666666666666,8.101666666666667,8.427893212422664,8.363900066144403,0.05567920456530807,7.595527043143151,True,1.0076511132094097,8.526069740070046,6.798176593763948,Flight 01,20160906_flight01_airborne.tab,15.0,14.342070314730806,191.38392269244548,100.0,downstream wake,7.595527043143151,1.1095863610980004,197.309932474,10.608818171617886,-0.09371504433922961
20160906_flight01,2,14.0,8.35183458887926,54.69550623,7.60229319,86.227,2016-09-06 13:17:06,2016-09-06 13:17:08,3,1.9153333333333336,8.137,8.417000950457352,8.375035907057464,0.05567920456530807,7.595527043143151,True,0.9972297052292454,8.526069740070046,6.798176593763948,Flight 01,20160906_flight01_airborne.tab,15.0,14.342070314730806,191.38392269244548,100.0,downstream wake,7.595527043143151,1.0995727539959015,197.309932474,10.608818171617886,-0.09371504433922961
20160906_flight01,2,14.200000000000001,8.449688514969058,54.69591505,7.5993414800000005,86.88,2016-09-06 13:17:03,2016-09-06 13:17:05,3,2.1986666666666665,8.089,8.427893212422664,8.386171747970526,0.05567920456530807,7.595527043143151,True,1.0075739883354886,8.526069740070046,6.798176593763948,Flight 01,20160906_flight01_airborne.tab,15.0,14.342070314730806,191.38392269244548,100.0,downstream wake,7.595527043143151,1.1124558528952904,197.309932474,10.608818171617886,-0.09371504433922961
20160906_flight01,2,14.4,8.417000950457352,54.69633832,7.59640461,87.28299999999999,2016-09-06 13:17:00,2016-09-06 13:17:02,3,2.2376666666666667,8.173333333333334,8.417000950457352,8.397307588883587,0.05567920456530807,7.595527043143151,True,1.0023451995017827,8.526069740070046,6.798176593763948,Flight 01,20160906_flight01_airborne.tab,15.0,14.342070314730806,191.38392269244548,100.0,downstream wake,7.595527043143151,1.1081523247364098,197.309932474,10.608818171617886,-0.09371504433922961
20160906_flight01,2,14.600000000000001,8.477846750071276,54.696839845,7.5929834849999995,87.0795,2016-09-06 13:16:56,2016-09-06 13:16:59,4,1.835,8.14375,8.417000950457352,8.408443429796648,0.05567920456530807,7.595527043143151,True,1.0082540033543765,8.526069740070046,6.798176593763948,Flight 01,20160906_flight01_airborne.tab,15.0,14.342070314730806,191.38392269244548,100.0,downstream wake,7.595527043143151,1.1161630656985992,197.309932474,10.608818171617886,-0.09371504433922961
20160906_flight01,2,14.8,8.295142012045362,54.697350109999995,7.58956027,87.00399999999999,2016-09-06 13:16:53,2016-09-06 13:16:55,3,1.6516666666666666,8.032333333333334,8.417000950457352,8.41957927070971,0.05567920456530807,7.595527043143151,True,0.9852204896867895,8.526069740070046,6.798176593763948,Flight 01,20160906_flight01_airborne.tab,15.0,14.342070314730806,191.38392269244548,100.0,downstream wake,7.595527043143151,1.0921088115318853,197.309932474,10.608818171617886,-0.09371504433922961
20160906_flight01,2,15.0,8.40840650777542,54.6977995,7.58662859,87.18,2016-09-06 13:16:50,2016-09-06 13:16:52,3,1.8123333333333334,8.246,8.40840650777542,8.430715111622773,0.05567920456530807,7.595527043143151,True,0.9973538894919367,8.526069740070046,6.798176593763948,Flight 01,20160906_flight01_airborne.tab,15.0,14.342070314730806,191.38392269244548,100.0,downstream wake,7.595527043143151,1.107020811066178,197.309932474,10.608818171617886,-0.09371504433922961
20160906_flight01,2,15.200000000000001,8.530346124278898,54.698251,7.58370508,87.7,2016-09-06 13:16:47,2016-09-06 13:16:49,3,1.7103333333333335,8.339,8.40840650777542,8.441850952535834,0.05567920456530807,7.595527043143151,True,1.0104829109446052,8.526069740070046,6.798176593763948,Flight 01,20160906_flight01_airborne.tab,15.0,14.342070314730806,191.38392269244548,100.0,downstream wake,7.595527043143151,1.1230749460604783,197.309932474,10.608818171617886,-0.09371504433922961
20160906_flight01,2,15.4,8.398120265869023,54.69870086,7.58078279,88.454,2016-09-06 13:16:44,2016-09-06 13:16:46,3,1.761,8.134,8.40840650777542,8.452986793448895,0.05567920456530807,7.595527043143151,True,0.9935092140895815,8.526069740070046,6.798176593763948,Flight 01,20160906_flight01_airborne.tab,15.0,14.342070314730806,191.38392269244548,100.0,downstream wake,7.595527043143151,1.1056665611440897,197.309932474,10.608818171617886,-0.09371504433922961
20160906_flight01,2,15.600000000000001,8.436986488077364,54.69914705,7.57786197,88.7,2016-09-06 13:16:41,2016-09-06 13:16:43,3,1.6603333333333332,8.255,8.436986488077364,8.464122634361956,0.05567920456530807,7.595527043143151,True,0.9967939800193316,8.526069740070046,6.798176593763948,Flight 01,20160906_flight01_airborne.tab,15.0,14.342070314730806,191.38392269244548,100.0,downstream wake,7.595527043143151,1.11078354933827,197.309932474,10.608818171617886,-0.09371504433922961
20160906_flight01,2,15.8,8.281619708728481,54.69959514999999,7.57494231,88.5,2016-09-06 13:16:38,2016-09-06 13:16:40,3,1.673,8.222,8.436986488077364,8.475258475275018,0.05567920456530807,7.595527043143151,True,0.9771524647759781,8.526069740070046,6.798176593763948,Flight 01,20160906_flight01_airborne.tab,15.0,14.342070314730806,191.38392269244548,100.0,downstream wake,7.595527043143151,1.0903285133063543,197.309932474,10.608818171617886,-0.09371504433922961
20160906_flight01,2,16.0,8.77766552108247,54.700047430000005,7.572024290000001,88.228,2016-09-06 13:16:35,2016-09-06 13:16:37,3,1.9159999999999997,8.562333333333333,8.544885019706234,8.486394316188079,0.05567920456530807,7.595527043143151,True,1.0343221389487856,8.526069740070046,6.798176593763948,Flight 01,20160906_flight01_airborne.tab,15.0,14.342070314730806,191.38392269244548,100.0,downstream wake,7.595527043143151,1.15563613574472,197.309932474,10.608818171617886,-0.09371504433922961
20160906_flight01,2,16.2,8.683931137451518,54.700505830000004,7.56910883,88.10699999999999,2016-09-06 13:16:32,2016-09-06 13:16:34,3,1.954666666666667,8.407666666666666,8.683115800218262,8.497530157101142,0.05567920456530807,7.595527043143151,True,1.021935901009378,8.526069740070046,6.798176593763948,Flight 01,20160906_flight01_airborne.tab,15.0,14.342070314730806,191.38392269244548,100.0,downstream wake,7.595527043143151,1.1432954011125431,197.309932474,10.608818171617886,-0.09371504433922961
20160906_flight01,2,16.400000000000002,8.544885019706234,54.700962499999996,7.56619109,88.339,2016-09-06 13:16:29,2016-09-06 13:16:31,3,1.92,8.234666666666667,8.683931137451518,8.508665998014203,0.05567920456530807,7.595527043143151,True,1.0042567215237364,8.526069740070046,6.798176593763948,Flight 01,20160906_flight01_airborne.tab,15.0,14.342070314730806,191.38392269244548,100.0,downstream wake,7.595527043143151,1.124989085177455,197.309932474,10.608818171617886,-0.09371504433922961
20160906_flight01,2,16.6,8.683115800218262,54.701409649999995,7.56326783,88.84299999999999,2016-09-06 13:16:26,2016-09-06 13:16:28,3,2.111333333333333,8.46,8.683931137451518,8.519801838927265,0.05567920456530807,7.595527043143151,True,1.0191687511492122,8.526069740070046,6.798176593763948,Flight 01,20160906_flight01_airborne.tab,15.0,14.342070314730806,191.38392269244548,100.0,downstream wake,7.595527043143151,1.143188056720426,197.309932474,10.608818171617886,-0.09371504433922961
20160906_flight01,2,16.8,8.79531471864424,54.701839490000005,7.56033608,89.0,2016-09-06 13:16:23,2016-09-06 13:16:25,3,2.076333333333334,8.521666666666667,8.79531471864424,8.530937679840326,0.05567920456530807,7.595527043143151,True,1.0309903844953259,8.526069740070046,6.798176593763948,Flight 01,20160906_flight01_airborne.tab,15.0,14.342070314730806,191.38392269244548,100.0,downstream wake,7.595527043143151,1.1579597661473928,197.309932474,10.608818171617886,-0.09371504433922961
20160906_flight01,2,17.0,8.888688204679022,54.702258549999996,7.55739725,88.53699999999999,2016-09-06 13:16:20,2016-09-06 13:16:22,3,2.1833333333333336,8.542,8.888688204679022,8.542073520753387,0.05567920456530807,7.595527043143151,True,1.040577347301392,8.526069740070046,6.798176593763948,Flight 01,20160906_flight01_airborne.tab,15.0,14.342070314730806,191.38392269244548,100.0,downstream wake,7.595527043143151,1.170252986289249,197.309932474,10.608818171617886,-0.09371504433922961
20160906_flight01,2,17.2,8.939397071391335,54.70267337,7.55445428,88.46,2016-09-06 13:16:17,2016-09-06 13:16:19,3,2.236666666666667,8.657,8.939397071391335,8.553209361666449,0.05567920456530807,7.595527043143151,True,1.0451512050500824,8.526069740070046,6.798176593763948,Flight 01,20160906_flight01_airborne.tab,15.0,14.342070314730806,191.38392269244548,100.0,downstream wake,7.595527043143151,1.176929134820389,197.309932474,10.608818171617886,-0.09371504433922961
20160906_flight01,2,17.400000000000002,8.986867035854104,54.703157649999994,7.5510194550000005,88.471,2016-09-06 13:16:13,2016-09-06 13:16:16,4,2.4415,8.718,8.939397071391335,8.564345202579512,0.05567920456530807,7.595527043143151,True,1.049334983969041,8.526069740070046,6.798176593763948,Flight 01,20160906_flight01_airborne.tab,15.0,14.342070314730806,191.38392269244548,100.0,downstream wake,7.595527043143151,1.1831788610333476,197.309932474,10.608818171617886,-0.09371504433922961
20160906_flight01,2,17.6,9.011670488871637,54.70363756,7.54757792,88.354,2016-09-06 13:16:10,2016-09-06 13:16:12,3,2.551,8.616333333333332,8.939397071391335,8.575481043492573,0.05567920456530807,7.595527043143151,True,1.050864720377414,8.526069740070046,6.798176593763948,Flight 01,20160906_flight01_airborne.tab,15.0,14.342070314730806,191.38392269244548,100.0,downstream wake,7.595527043143151,1.1864443951926822,197.309932474,10.608818171617886,-0.09371504433922961
20160906_flight01,2,17.8,8.566241883113038,54.70404791,7.54462984,88.23200000000001,2016-09-06 13:16:07,2016-09-06 13:16:09,3,2.220666666666667,8.289666666666667,8.908669148643922,8.586616884405634,0.05567920456530807,7.595527043143151,True,0.9976271211855743,8.526069740070046,6.798176593763948,Flight 01,20160906_flight01_airborne.tab,15.0,14.342070314730806,191.38392269244548,100.0,downstream wake,7.595527043143151,1.1278008536413808,197.309932474,10.608818171617886,-0.09371504433922961
20160906_flight01,2,18.0,8.908669148643922,54.704456369999996,7.541679769999999,88.4,2016-09-06 13:16:04,2016-09-06 13:16:06,3,2.853666666666667,8.626,8.908669148643922,8.597752725318696,0.05567920456530807,7.595527043143151,True,1.0361625221448436,8.526069740070046,6.798176593763948,Flight 01,20160906_flight01_airborne.tab,15.0,14.342070314730806,191.38392269244548,100.0,downstream wake,7.595527043143151,1.172883606106861,197.309932474,10.608818171617886,-0.09371504433922961
20160906_flight01,2,18.2,8.736551722504709,54.70485929,7.53872715,88.35700000000001,2016-09-06 13:16:01,2016-09-06 13:16:03,3,2.3426666666666667,8.428666666666667,8.736551722504709,8.608888566231757,0.05567920456530807,7.595527043143151,True,1.0148292262457326,8.526069740070046,6.798176593763948,Flight 01,20160906_flight01_airborne.tab,15.0,14.342070314730806,191.38392269244548,100.0,downstream wake,7.595527043143151,1.1502232396620344,197.309932474,10.608818171617886,-0.09371504433922961
20160906_flight01,2,18.400000000000002,8.939311942202263,54.70526311,7.53577908,88.954,2016-09-06 13:15:58,2016-09-06 13:16:00,3,2.627333333333333,8.466333333333333,8.736551722504709,8.62002440714482,0.05567920456530807,7.595527043143151,True,1.0370402124143403,8.526069740070046,6.798176593763948,Flight 01,20160906_flight01_airborne.tab,15.0,14.342070314730806,191.38392269244548,100.0,downstream wake,7.595527043143151,1.1769179270149808,197.309932474,10.608818171617886,-0.09371504433922961
20160906_flight01,2,18.6,8.693851735565774,54.7056632,7.532834289999999,88.844,2016-09-06 13:15:55,2016-09-06 13:15:57,3,2.137,8.374666666666668,8.736551722504709,8.631160248057881,0.05567920456530807,7.595527043143151,True,1.0072633905183257,8.526069740070046,6.798176593763948,Flight 01,20160906_flight01_airborne.tab,15.0,14.342070314730806,191.38392269244548,100.0,downstream wake,7.595527043143151,1.1446015116770776,197.309932474,10.608818171617886,-0.09371504433922961
20160906_flight01,2,18.8,8.538956435068632,54.70605793,7.5298862,88.34,2016-09-06 13:15:52,2016-09-06 13:15:54,3,2.034333333333333,8.254333333333333,8.693851735565774,8.642296088970943,0.05567920456530807,7.595527043143151,True,0.9880425696089967,8.526069740070046,6.798176593763948,Flight 01,20160906_flight01_airborne.tab,15.0,14.342070314730806,191.38392269244548,100.0,downstream wake,7.595527043143151,1.1242085488691875,197.309932474,10.608818171617886,-0.09371504433922961
20160906_flight01,2,19.0,8.96034692408726,54.706443820000004,7.5269292199999995,88.1,2016-09-06 13:15:49,2016-09-06 13:15:51,3,2.257,8.652333333333333,8.561723775035025,8.653431929884004,0.05567920456530807,7.595527043143151,True,1.0354674303432545,8.526069740070046,6.798176593763948,Flight 01,20160906_flight01_airborne.tab,15.0,14.342070314730806,191.38392269244548,100.0,downstream wake,7.595527043143151,1.1796873177057803,197.309932474,10.608818171617886,-0.09371504433922961
20160906_flight01,2,19.200000000000003,8.561723775035025,54.70681713,7.523963179999999,88.37700000000001,2016-09-06 13:15:46,2016-09-06 13:15:48,3,2.4343333333333335,8.248333333333333,8.539136548855511,8.664567770797065,0.05567920456530807,7.595527043143151,True,0.988130510547951,8.526069740070046,6.798176593763948,Flight 01,20160906_flight01_airborne.tab,15.0,14.342070314730806,191.38392269244548,100.0,downstream wake,7.595527043143151,1.1272060156462884,197.309932474,10.608818171617886,-0.09371504433922961
20160906_flight01,2,19.400000000000002,8.539136548855511,54.70717107,7.520991309999999,89.109,2016-09-06 13:15:43,2016-09-06 13:15:45,3,2.2323333333333335,8.196333333333333,8.561723775035025,8.675703611710126,0.05567920456530807,7.595527043143151,True,0.9842586758415441,8.526069740070046,6.798176593763948,Flight 01,20160906_flight01_airborne.tab,15.0,14.342070314730806,191.38392269244548,100.0,downstream wake,7.595527043143151,1.1242322620079672,197.309932474,10.608818171617886,-0.09371504433922961
20160906_flight01,2,19.6,8.521793355861195,54.70751035,7.51801327,88.92,2016-09-06 13:15:40,2016-09-06 13:15:42,3,1.885,8.437333333333333,8.561723775035025,8.68683945262319,0.05567920456530807,7.595527043143151,True,0.9810004435258494,8.526069740070046,6.798176593763948,Flight 01,20160906_flight01_airborne.tab,15.0,14.342070314730806,191.38392269244548,100.0,downstream wake,7.595527043143151,1.1219489190752379,197.309932474,10.608818171617886,-0.09371504433922961
20160906_flight01,2,19.8,8.810884688838005,54.70784273,7.51503155,88.875,2016-09-06 13:15:37,2016-09-06 13:15:39,3,1.984,8.668999999999999,8.664864453642654,8.69797529353625,0.05567920456530807,7.595527043143151,True,1.0129811124418415,8.526069740070046,6.798176593763948,Flight 01,20160906_flight01_airborne.tab,15.0,14.342070314730806,191.38392269244548,100.0,downstream wake,7.595527043143151,1.1600096528906465,197.309932474,10.608818171617886,-0.09371504433922961
20160906_flight01,2,20.0,8.664864453642654,54.70817309,7.5120498,89.17399999999999,2016-09-06 13:15:34,2016-09-06 13:15:36,3,2.074,8.361666666666666,8.721477225791512,8.709111134449312,0.05567920456530807,7.595527043143151,True,0.9949194952132786,8.526069740070046,6.798176593763948,Flight 01,20160906_flight01_airborne.tab,15.0,14.342070314730806,191.38392269244548,100.0,downstream wake,7.595527043143151,1.1407851495262393,197.309932474,10.608818171617886,-0.09371504433922961
20160906_flight01,2,20.200000000000003,8.778101908860279,54.708574105000004,7.508582655,88.858,2016-09-06 13:15:30,2016-09-06 13:15:33,4,1.79175,8.51925,8.721477225791512,8.720246975362373,0.05567920456530807,7.595527043143151,True,1.006634552170525,8.526069740070046,6.798176593763948,Flight 01,20160906_flight01_airborne.tab,15.0,14.342070314730806,191.38392269244548,100.0,downstream wake,7.595527043143151,1.1556935890031088,197.309932474,10.608818171617886,-0.09371504433922961
20160906_flight01,2,20.400000000000002,8.721477225791512,54.709002309999995,7.50513209,89.166,2016-09-06 13:15:27,2016-09-06 13:15:29,3,1.9829999999999999,8.420666666666667,8.670659778817296,8.731382816275435,0.05567920456530807,7.595527043143151,True,0.9988655187050717,8.526069740070046,6.798176593763948,Flight 01,20160906_flight01_airborne.tab,15.0,14.342070314730806,191.38392269244548,100.0,downstream wake,7.595527043143151,1.1482385851900574,197.309932474,10.608818171617886,-0.09371504433922961
20160906_flight01,2,20.6,8.478424499870245,54.70937876,7.50218346,89.262,2016-09-06 13:15:24,2016-09-06 13:15:26,3,2.003,8.266333333333334,8.721477225791512,8.742518657188498,0.05567920456530807,7.595527043143151,True,0.9697919824167487,8.526069740070046,6.798176593763948,Flight 01,20160906_flight01_airborne.tab,15.0,14.342070314730806,191.38392269244548,100.0,downstream wake,7.595527043143151,1.1162391301765067,197.309932474,10.608818171617886,-0.09371504433922961
20160906_flight01,2,20.8,8.670659778817296,54.709760020000004,7.499239579999999,89.03,2016-09-06 13:15:21,2016-09-06 13:15:23,3,1.8950000000000002,8.501666666666667,8.721477225791512,8.75365449810156,0.05567920456530807,7.595527043143151,True,0.9905188490929974,8.526069740070046,6.798176593763948,Flight 01,20160906_flight01_airborne.tab,15.0,14.342070314730806,191.38392269244548,100.0,downstream wake,7.595527043143151,1.141548141368902,197.309932474,10.608818171617886,-0.09371504433922961
20160906_flight01,2,21.0,8.735681141158942,54.71014083,7.49629556,89.111,2016-09-06 13:15:18,2016-09-06 13:15:20,3,1.864,8.555333333333332,8.670659778817296,8.76479033901462,0.05567920456530807,7.595527043143151,True,0.9966788483546372,8.526069740070046,6.798176593763948,Flight 01,20160906_flight01_airborne.tab,15.0,14.342070314730806,191.38392269244548,100.0,downstream wake,7.595527043143151,1.1501086220271,197.309932474,10.608818171617886,-0.09371504433922961
20160906_flight01,2,21.200000000000003,8.865354589637121,54.71051961,7.49335154,89.80799999999999,2016-09-06 13:15:15,2016-09-06 13:15:17,3,1.7283333333333333,8.631,8.670659778817296,8.775926179927682,0.05567920456530807,7.595527043143151,True,1.0101901962113105,8.526069740070046,6.798176593763948,Flight 01,20160906_flight01_airborne.tab,15.0,14.342070314730806,191.38392269244548,100.0,downstream wake,7.595527043143151,1.1671809657554053,197.309932474,10.608818171617886,-0.09371504433922961
20160906_flight01,2,21.400000000000002,8.611772639822767,54.71089022,7.490404,90.2,2016-09-06 13:15:12,2016-09-06 13:15:14,3,1.6013333333333335,8.465333333333334,8.735681141158942,8.787062020840743,0.05567920456530807,7.595527043143151,True,0.9800514232627205,8.526069740070046,6.798176593763948,Flight 01,20160906_flight01_airborne.tab,15.0,14.342070314730806,191.38392269244548,100.0,downstream wake,7.595527043143151,1.1337952706780277,197.309932474,10.608818171617886,-0.09371504433922961
20160906_flight01,2,21.6,7.975686009156684,54.711177199999995,7.487935895,90.32900000000001,2016-09-06 13:15:10,2016-09-06 13:15:11,2,1.4645,7.8395,8.611772639822767,8.798197861753804,0.05567920456530807,7.595527043143151,True,0.9065135990891249,8.526069740070046,6.798176593763948,Flight 01,20160906_flight01_airborne.tab,15.0,14.342070314730806,191.38392269244548,100.0,downstream wake,7.595527043143151,1.050050373575685,197.309932474,10.608818171617886,-0.09371504433922961
20160906_flight01,2,22.200000000000003,8.7548297529001,54.711894575,7.4778602,91.53549999999998,2016-09-06 13:15:00,2016-09-06 13:15:01,2,1.6795,8.591999999999999,8.536262648255383,8.83160538449299,0.05567920456530807,7.595527043143151,True,0.9913067185126164,8.526069740070046,6.798176593763948,Flight 01,20160906_flight01_airborne.tab,15.0,14.342070314730806,191.38392269244548,100.0,downstream wake,7.595527043143151,1.1526296599527623,197.309932474,10.608818171617886,-0.09371504433922961
20160906_flight01,2,22.400000000000002,8.255861999104702,54.711996515,7.4747992199999995,91.72,2016-09-06 13:14:56,2016-09-06 13:14:59,4,1.35375,8.13425,8.273020306997923,8.842741225406051,0.05567920456530807,7.595527043143151,True,0.9336315276743383,8.526069740070046,6.798176593763948,Flight 01,20160906_flight01_airborne.tab,15.0,14.342070314730806,191.38392269244548,100.0,downstream wake,7.595527043143151,1.08693734512573,197.309932474,10.608818171617886,-0.09371504433922961
20160906_flight01,2,22.6,8.536262648255383,54.71213432,7.47123929,92.31299999999999,2016-09-06 13:14:53,2016-09-06 13:14:55,3,1.524333333333333,8.369333333333334,8.388269726230792,8.853877066319113,0.05567920456530807,7.595527043143151,True,0.964127080635447,8.526069740070046,6.798176593763948,Flight 01,20160906_flight01_airborne.tab,15.0,14.342070314730806,191.38392269244548,100.0,downstream wake,7.595527043143151,1.123853894505119,197.309932474,10.608818171617886,-0.09371504433922961
20160906_flight01,2,22.8,8.273020306997923,54.71229454,7.46821192,93.03399999999999,2016-09-06 13:14:50,2016-09-06 13:14:52,3,1.5506666666666666,8.186333333333332,8.330645016614358,8.865012907232174,0.05567920456530807,7.595527043143151,True,0.9332214621197791,8.526069740070046,6.798176593763948,Flight 01,20160906_flight01_airborne.tab,15.0,14.342070314730806,191.38392269244548,100.0,downstream wake,7.595527043143151,1.0891963467454675,197.309932474,10.608818171617886,-0.09371504433922961
20160906_flight01,2,23.0,8.388269726230792,54.71247446,7.4651986,92.921,2016-09-06 13:14:47,2016-09-06 13:14:49,3,1.8743333333333334,8.201666666666666,8.388269726230792,8.876148748145237,0.05567920456530807,7.595527043143151,True,0.9450348303349025,8.526069740070046,6.798176593763948,Flight 01,20160906_flight01_airborne.tab,15.0,14.342070314730806,191.38392269244548,100.0,downstream wake,7.595527043143151,1.1043696742286355,197.309932474,10.608818171617886,-0.09371504433922961
20160906_flight01,3,-16.2,7.3886958253808235,54.72697544,8.10643626,91.45,2016-09-06 13:27:59,2016-09-06 13:27:59,1,1.135,7.301,7.212412772436142,7.287304044179689,0.043469512554328286,7.991510147559808,True,1.0139134830365855,8.815765617384276,7.371317590243804,Flight 01,20160906_flight01_airborne.tab,25.0,23.600011020943157,195.58672158199778,100.0,downstream wake,7.991510147559808,0.9245681590777868,197.309932474,10.608818171617886,-0.09371504433922961
20160906_flight01,3,-16.0,7.212412772436142,54.72717605,8.104477339999999,92.271,2016-09-06 13:28:00,2016-09-06 13:28:02,3,1.316,7.039000000000001,7.300554298908483,7.295997946690555,0.043469512554328286,7.991510147559808,True,0.9885436954800232,8.815765617384276,7.371317590243804,Flight 01,20160906_flight01_airborne.tab,25.0,23.600011020943157,195.58672158199778,100.0,downstream wake,7.991510147559808,0.9025093679745171,197.309932474,10.608818171617886,-0.09371504433922961
20160906_flight01,3,-15.8,6.7900245949480915,54.72745229,8.10153542,92.4,2016-09-06 13:28:03,2016-09-06 13:28:05,3,1.3303333333333334,6.735333333333333,7.313596447712985,7.30469184920142,0.043469512554328286,7.991510147559808,True,0.9295429205121645,8.815765617384276,7.371317590243804,Flight 01,20160906_flight01_airborne.tab,25.0,23.600011020943157,195.58672158199778,100.0,downstream wake,7.991510147559808,0.8496547548051869,197.309932474,10.608818171617886,-0.09371504433922961
20160906_flight01,3,-15.600000000000001,7.634294335431402,54.727720129999994,8.09858514,91.991,2016-09-06 13:28:06,2016-09-06 13:28:08,3,1.8390000000000002,7.324333333333333,7.313596447712985,7.3133857517122856,0.043469512554328286,7.991510147559808,True,1.04387961945587,8.815765617384276,7.371317590243804,Flight 01,20160906_flight01_airborne.tab,25.0,23.600011020943157,195.58672158199778,100.0,downstream wake,7.991510147559808,0.9553005870564426,197.309932474,10.608818171617886,-0.09371504433922961
20160906_flight01,3,-15.4,7.313596447712985,54.7279926,8.09563112,91.4,2016-09-06 13:28:09,2016-09-06 13:28:11,3,1.4606666666666668,7.159666666666666,7.313596447712985,7.322079654223152,0.043469512554328286,7.991510147559808,True,0.9988414211657376,8.815765617384276,7.371317590243804,Flight 01,20160906_flight01_airborne.tab,25.0,23.600011020943157,195.58672158199778,100.0,downstream wake,7.991510147559808,0.9151707640571761,197.309932474,10.608818171617886,-0.09371504433922961
20160906_flight01,3,-15.200000000000001,7.4135878924410346,54.728331170000004,8.092180935,91.0985,2016-09-06 13:28:12,2016-09-06 13:28:15,4,1.3595,7.2295,7.397449560490427,7.330773556734018,0.043469512554328286,7.991510147559808,True,1.0112968072286102,8.815765617384276,7.371317590243804,Flight 01,20160906_flight01_airborne.tab,25.0,23.600011020943157,195.58672158199778,100.0,downstream wake,7.991510147559808,0.9276829729991345,197.309932474,10.608818171617886,-0.09371504433922961
20160906_flight01,3,-15.0,7.2753408854843356,54.72870577,8.08872852,90.445,2016-09-06 13:28:16,2016-09-06 13:28:18,3,1.6210000000000002,7.047,7.313596447712985,7.339467459244883,0.043469512554328286,7.991510147559808,True,0.9912627756555045,8.815765617384276,7.371317590243804,Flight 01,20160906_flight01_airborne.tab,25.0,23.600011020943157,195.58672158199778,100.0,downstream wake,7.991510147559808,0.9103837386361634,197.309932474,10.608818171617886,-0.09371504433922961
20160906_flight01,3,-14.8,7.397449560490427,54.72904965,8.08577121,90.4,2016-09-06 13:28:19,2016-09-06 13:28:21,3,1.5883333333333332,7.182666666666667,7.283698030533666,7.348161361755749,0.043469512554328286,7.991510147559808,True,1.0067075553064477,8.815765617384276,7.371317590243804,Flight 01,20160906_flight01_airborne.tab,25.0,23.600011020943157,195.58672158199778,100.0,downstream wake,7.991510147559808,0.9256635384176074,197.309932474,10.608818171617886,-0.09371504433922961
20160906_flight01,3,-14.600000000000001,7.283698030533666,54.72940614,8.08281563,90.4,2016-09-06 13:28:22,2016-09-06 13:28:24,3,1.3846666666666667,7.156666666666666,7.2753408854843356,7.356855264266614,0.043469512554328286,7.991510147559808,True,0.9900559096101449,8.815765617384276,7.371317590243804,Flight 01,20160906_flight01_airborne.tab,25.0,23.600011020943157,195.58672158199778,100.0,downstream wake,7.991510147559808,0.9114294915533241,197.309932474,10.608818171617886,-0.09371504433922961
20160906_flight01,3,-14.4,6.9196367679235875,54.72977151,8.07985927,90.289,2016-09-06 13:28:25,2016-09-06 13:28:27,3,1.0563333333333333,6.854666666666667,7.283698030533666,7.36554916677748,0.043469512554328286,7.991510147559808,True,0.939459721365354,8.815765617384276,7.371317590243804,Flight 01,20160906_flight01_airborne.tab,25.0,23.600011020943157,195.58672158199778,100.0,downstream wake,7.991510147559808,0.8658734882588475,197.309932474,10.608818171617886,-0.09371504433922961
20160906_flight01,3,-14.200000000000001,6.803553262817894,54.730145789999995,8.07689796,89.729,2016-09-06 13:28:28,2016-09-06 13:28:30,3,1.1126666666666667,6.9926666666666675,7.025854040613141,7.374243069288346,0.043469512554328286,7.991510147559808,True,0.9226103884685853,8.815765617384276,7.371317590243804,Flight 01,20160906_flight01_airborne.tab,25.0,23.600011020943157,195.58672158199778,100.0,downstream wake,7.991510147559808,0.8513476348266098,197.309932474,10.608818171617886,-0.09371504433922961
20160906_flight01,3,-14.0,7.458952339303423,54.73053129,8.07393173,89.118,2016-09-06 13:28:31,2016-09-06 13:28:33,3,1.2763333333333333,7.326333333333333,7.025854040613141,7.382936971799212,0.043469512554328286,7.991510147559808,True,1.0102960878298932,8.815765617384276,7.371317590243804,Flight 01,20160906_flight01_airborne.tab,25.0,23.600011020943157,195.58672158199778,100.0,downstream wake,7.991510147559808,0.9333595530227787,197.309932474,10.608818171617886,-0.09371504433922961
20160906_flight01,3,-13.8,7.025854040613141,54.730919320000005,8.070964870000001,89.40700000000001,2016-09-06 13:28:34,2016-09-06 13:28:36,3,1.1246666666666667,7.004666666666666,7.165973067211459,7.391630874310077,0.043469512554328286,7.991510147559808,True,0.9505147321454852,8.815765617384276,7.371317590243804,Flight 01,20160906_flight01_airborne.tab,25.0,23.600011020943157,195.58672158199778,100.0,downstream wake,7.991510147559808,0.8791647524540117,197.309932474,10.608818171617886,-0.09371504433922961
20160906_flight01,3,-13.600000000000001,7.165973067211459,54.73130806,8.067996879999999,89.45700000000001,2016-09-06 13:28:37,2016-09-06 13:28:39,3,1.098,6.978666666666666,7.263897369869704,7.400324776820943,0.043469512554328286,7.991510147559808,True,0.9683322399114815,8.815765617384276,7.371317590243804,Flight 01,20160906_flight01_airborne.tab,25.0,23.600011020943157,195.58672158199778,100.0,downstream wake,7.991510147559808,0.896698237866791,197.309932474,10.608818171617886,-0.09371504433922961
20160906_flight01,3,-13.4,7.355907082066766,54.73170008,8.06502699,89.127,2016-09-06 13:28:40,2016-09-06 13:28:42,3,1.0276666666666667,7.281,7.263897369869704,7.409018679331808,0.043469512554328286,7.991510147559808,True,0.9928314936749718,8.815765617384276,7.371317590243804,Flight 01,20160906_flight01_airborne.tab,25.0,23.600011020943157,195.58672158199778,100.0,downstream wake,7.991510147559808,0.9204652119866078,197.309932474,10.608818171617886,-0.09371504433922961
20160906_flight01,3,-13.200000000000001,7.263897369869704,54.732089269999996,8.06205112,88.67,2016-09-06 13:28:43,2016-09-06 13:28:45,3,1.0513333333333332,7.199666666666666,7.355907082066766,7.417712581842674,0.043469512554328286,7.991510147559808,True,0.9792637945625604,8.815765617384276,7.371317590243804,Flight 01,20160906_flight01_airborne.tab,25.0,23.600011020943157,195.58672158199778,100.0,downstream wake,7.991510147559808,0.9089517795441605,197.309932474,10.608818171617886,-0.09371504433922961
20160906_flight01,3,-13.0,7.8216183747355,54.73246318,8.05906964,88.8,2016-09-06 13:28:46,2016-09-06 13:28:48,3,1.2670000000000001,7.725333333333334,7.386728098420843,7.42640648435354,0.043469512554328286,7.991510147559808,True,1.053217109946058,8.815765617384276,7.371317590243804,Flight 01,20160906_flight01_airborne.tab,25.0,23.600011020943157,195.58672158199778,100.0,downstream wake,7.991510147559808,0.9787409676409929,197.309932474,10.608818171617886,-0.09371504433922961
20160906_flight01,3,-12.8,7.695618623606552,54.73281631,8.05608641,89.101,2016-09-06 13:28:49,2016-09-06 13:28:51,3,1.1726666666666665,7.612333333333333,7.695618623606552,7.435100386864406,0.043469512554328286,7.991510147559808,True,1.0350389669522693,8.815765617384276,7.371317590243804,Flight 01,20160906_flight01_airborne.tab,25.0,23.600011020943157,195.58672158199778,100.0,downstream wake,7.991510147559808,0.962974266629242,197.309932474,10.608818171617886,-0.09371504433922961
20160906_flight01,3,-12.600000000000001,7.386728098420843,54.73314106,8.053100930000001,89.39399999999999,2016-09-06 13:28:52,2016-09-06 13:28:54,3,1.1763333333333332,7.198333333333333,7.695618623606552,7.443794289375271,0.043469512554328286,7.991510147559808,True,0.9923337227311775,8.815765617384276,7.371317590243804,Flight 01,20160906_flight01_airborne.tab,25.0,23.600011020943157,195.58672158199778,100.0,downstream wake,7.991510147559808,0.9243219319037423,197.309932474,10.608818171617886,-0.09371504433922961
20160906_flight01,3,-12.4,7.775142526120872,54.733488405,8.049613364999999,89.5155,2016-09-06 13:28:55,2016-09-06 13:28:58,4,1.13625,7.71225,7.593194057838901,7.452488191886136,0.043469512554328286,7.991510147559808,True,1.0432948467581638,8.815765617384276,7.371317590243804,Flight 01,20160906_flight01_airborne.tab,25.0,23.600011020943157,195.58672158199778,100.0,downstream wake,7.991510147559808,0.9729253148098669,197.309932474,10.608818171617886,-0.09371504433922961
20160906_flight01,3,-12.200000000000001,7.5399955570278685,54.733817849999994,8.04611782,89.02799999999999,2016-09-06 13:28:59,2016-09-06 13:29:01,3,1.2726666666666666,7.425999999999999,7.593194057838901,7.461182094397002,0.043469512554328286,7.991510147559808,True,1.0105631335133949,8.815765617384276,7.371317590243804,Flight 01,20160906_flight01_airborne.tab,25.0,23.600011020943157,195.58672158199778,100.0,downstream wake,7.991510147559808,0.9435007173619359,197.309932474,10.608818171617886,-0.09371504433922961
20160906_flight01,3,-12.0,7.593194057838901,54.73410258,8.04312133,88.7,2016-09-06 13:29:02,2016-09-06 13:29:04,3,1.1159999999999999,7.385666666666666,7.593194057838901,7.469875996907868,0.043469512554328286,7.991510147559808,True,1.0165087159388027,8.815765617384276,7.371317590243804,Flight 01,20160906_flight01_airborne.tab,25.0,23.600011020943157,195.58672158199778,100.0,downstream wake,7.991510147559808,0.9501575944513402,197.309932474,10.608818171617886,-0.09371504433922961
20160906_flight01,3,-11.8,7.909598535956171,54.73440042,8.040128039999999,88.7,2016-09-06 13:29:05,2016-09-06 13:29:07,3,1.4880000000000002,7.759333333333333,7.5399955570278685,7.4785698994187335,0.043469512554328286,7.991510147559808,True,1.0576351685328151,8.815765617384276,7.371317590243804,Flight 01,20160906_flight01_airborne.tab,25.0,23.600011020943157,195.58672158199778,100.0,downstream wake,7.991510147559808,0.9897501711076913,197.309932474,10.608818171617886,-0.09371504433922961
20160906_flight01,3,-11.600000000000001,7.326652782819723,54.734712710000004,8.03713889,89.132,2016-09-06 13:29:08,2016-09-06 13:29:10,3,1.1386666666666667,7.260333333333333,7.593194057838901,7.4872638019296,0.043469512554328286,7.991510147559808,True,0.9785487698365211,8.815765617384276,7.371317590243804,Flight 01,20160906_flight01_airborne.tab,25.0,23.600011020943157,195.58672158199778,100.0,downstream wake,7.991510147559808,0.9168045397598478,197.309932474,10.608818171617886,-0.09371504433922961
20160906_flight01,3,-11.4,7.177524991248725,54.73504336,8.03415266,89.142,2016-09-06 13:29:11,2016-09-06 13:29:13,3,1.1166666666666667,7.038666666666667,7.326652782819723,7.495957704440465,0.043469512554328286,7.991510147559808,True,0.9575194090272006,8.815765617384276,7.371317590243804,Flight 01,20160906_flight01_airborne.tab,25.0,23.600011020943157,195.58672158199778,100.0,downstream wake,7.991510147559808,0.8981437624077057,197.309932474,10.608818171617886,-0.09371504433922961
20160906_flight01,3,-11.200000000000001,7.595072744878748,54.73538783,8.03116518,89.399,2016-09-06 13:29:14,2016-09-06 13:29:16,3,1.0839999999999999,7.430333333333333,7.326652782819723,7.504651606951331,0.043469512554328286,7.991510147559808,True,1.0120486789611476,8.815765617384276,7.371317590243804,Flight 01,20160906_flight01_airborne.tab,25.0,23.600011020943157,195.58672158199778,100.0,downstream wake,7.991510147559808,0.9503926798113231,197.309932474,10.608818171617886,-0.09371504433922961
20160906_flight01,3,-11.0,7.275384869544703,54.73574415,8.0281759,88.663,2016-09-06 13:29:17,2016-09-06 13:29:19,3,0.9466666666666668,7.216,7.595072744878748,7.513345509462196,0.043469512554328286,7.991510147559808,True,0.9683282713915113,8.815765617384276,7.371317590243804,Flight 01,20160906_flight01_airborne.tab,25.0,23.600011020943157,195.58672158199778,100.0,downstream wake,7.991510147559808,0.9103892424845669,197.309932474,10.608818171617886,-0.09371504433922961
20160906_flight01,3,-10.8,7.7089494096147755,54.73609999,8.02518,88.23200000000001,2016-09-06 13:29:20,2016-09-06 13:29:22,3,1.323,7.577333333333333,7.595072744878748,7.522039411973062,0.043469512554328286,7.991510147559808,True,1.0248483140548563,8.815765617384276,7.371317590243804,Flight 01,20160906_flight01_airborne.tab,25.0,23.600011020943157,195.58672158199778,100.0,downstream wake,7.991510147559808,0.9646423851402715,197.309932474,10.608818171617886,-0.09371504433922961
20160906_flight01,3,-10.600000000000001,7.6363145561193315,54.736451290000005,8.0221826,88.35700000000001,2016-09-06 13:29:23,2016-09-06 13:29:25,3,1.4833333333333334,7.528666666666666,7.335952562551096,7.5307333144839275,0.043469512554328286,7.991510147559808,True,1.0140200478793133,8.815765617384276,7.371317590243804,Flight 01,20160906_flight01_airborne.tab,25.0,23.600011020943157,195.58672158199778,100.0,downstream wake,7.991510147559808,0.9555533829173783,197.309932474,10.608818171617886,-0.09371504433922961
20160906_flight01,3,-10.4,7.335952562551096,54.73679776,8.019185629999999,88.537,2016-09-06 13:29:26,2016-09-06 13:29:28,3,1.551,7.229666666666667,7.6363145561193315,7.539427216994794,0.043469512554328286,7.991510147559808,True,0.9730119213850834,8.815765617384276,7.371317590243804,Flight 01,20160906_flight01_airborne.tab,25.0,23.600011020943157,195.58672158199778,100.0,downstream wake,7.991510147559808,0.9179682471893145,197.309932474,10.608818171617886,-0.09371504433922961
20160906_flight01,3,-10.200000000000001,7.216371664486247,54.73714104,8.01618464,86.838,2016-09-06 13:29:29,2016-09-06 13:29:31,3,1.3103333333333333,7.147333333333333,7.6363145561193315,7.548121119505659,0.043469512554328286,7.991510147559808,True,0.9560487371934039,8.815765617384276,7.371317590243804,Flight 01,20160906_flight01_airborne.tab,25.0,23.600011020943157,195.58672158199778,100.0,downstream wake,7.991510147559808,0.9030047552013373,197.309932474,10.608818171617886,-0.09371504433922961
20160906_flight01,3,-10.0,7.826021275207474,54.737487030000004,8.013174900000001,84.977,2016-09-06 13:29:32,2016-09-06 13:29:34,3,1.6603333333333332,7.561,7.648475730496894,7.556815022016525,0.043469512554328286,7.991510147559808,True,1.0356243010324622,8.815765617384276,7.371317590243804,Flight 01,20160906_flight01_airborne.tab,25.0,23.600011020943157,195.58672158199778,100.0,downstream wake,7.991510147559808,0.9792919148825875,197.309932474,10.608818171617886,-0.09371504433922961
20160906_flight01,3,-9.8,7.648475730496894,54.73783607,8.01016326,84.664,2016-09-06 13:29:35,2016-09-06 13:29:37,3,1.3253333333333333,7.4303333333333335,7.648475730496894,7.56550892452739,0.043469512554328286,7.991510147559808,False,1.01096645404786,8.815765617384276,7.371317590243804,Flight 01,20160906_flight01_airborne.tab,25.0,23.600011020943157,195.58672158199778,100.0,downstream wake,7.991510147559808,0.9570751446561501,197.309932474,10.608818171617886,-0.09371504433922961
20160906_flight01,3,-9.600000000000001,7.793916217152966,54.73818983,8.00715331,85.014,2016-09-06 13:29:38,2016-09-06 13:29:40,3,1.1153333333333333,7.749,7.648475730496894,7.574202827038256,0.043469512554328286,7.991510147559808,False,1.029008120739833,8.815765617384276,7.371317590243804,Flight 01,20160906_flight01_airborne.tab,25.0,23.600011020943157,195.58672158199778,100.0,downstream wake,7.991510147559808,0.9752745192387479,197.309932474,10.608818171617886,-0.09371504433922961
20160906_flight01,3,-9.4,7.453233928973383,54.73855086,8.004152490000001,86.895,2016-09-06 13:29:41,2016-09-06 13:29:43,3,1.26,7.262333333333333,7.648475730496894,7.582896729549121,0.043469512554328286,7.991510147559808,False,0.9829006242336827,8.815765617384276,7.371317590243804,Flight 01,20160906_flight01_airborne.tab,25.0,23.600011020943157,195.58672158199778,100.0,downstream wake,7.991510147559808,0.9326439923559645,197.309932474,10.608818171617886,-0.09371504433922961
20160906_flight01,3,-9.200000000000001,7.222999169320179,54.73891739,8.00117063,89.975,2016-09-06 13:29:44,2016-09-06 13:29:46,3,1.302,7.088333333333334,7.453233928973383,7.5915906320599875,0.043469512554328286,7.991510147559808,False,0.9514474000767095,8.815765617384276,7.371317590243804,Flight 01,20160906_flight01_airborne.tab,25.0,23.600011020943157,195.58672158199778,100.0,downstream wake,7.991510147559808,0.9038340734042248,197.309932474,10.608818171617886,-0.09371504433922961
20160906_flight01,3,-9.0,7.716519033218383,54.739346940000004,7.997719825000001,93.33500000000001,2016-09-06 13:29:47,2016-09-06 13:29:50,4,1.138,7.58125,7.453233928973383,7.600284534570853,0.043469512554328286,7.991510147559808,False,1.0152934404125034,8.815765617384276,7.371317590243804,Flight 01,20160906_flight01_airborne.tab,25.0,23.600011020943157,195.58672158199778,100.0,downstream wake,7.991510147559808,0.9655895932979084,197.309932474,10.608818171617886,-0.09371504433922961
20160906_flight01,3,-8.8,6.895284838206469,54.73977427,7.9942813,94.516,2016-09-06 13:29:51,2016-09-06 13:29:53,3,1.075,7.029333333333334,7.491717693560002,7.608978437081719,0.043469512554328286,7.991510147559808,False,0.9062037558948618,8.815765617384276,7.371317590243804,Flight 01,20160906_flight01_airborne.tab,25.0,23.600011020943157,195.58672158199778,100.0,downstream wake,7.991510147559808,0.8628262632328548,197.309932474,10.608818171617886,-0.09371504433922961
20160906_flight01,3,-8.6,7.648313081980888,54.740148239999996,7.991330830000001,94.15799999999999,2016-09-06 13:29:54,2016-09-06 13:29:56,3,1.0333333333333334,7.438333333333333,7.491717693560002,7.617672339592584,0.043469512554328286,7.991510147559808,False,1.00402232348969,8.815765617384276,7.371317590243804,Flight 01,20160906_flight01_airborne.tab,25.0,23.600011020943157,195.58672158199778,100.0,downstream wake,7.991510147559808,0.9570547919927607,197.309932474,10.608818171617886,-0.09371504433922961
20160906_flight01,3,-8.4,7.491717693560002,54.740522600000006,7.9883711900000005,93.67,2016-09-06 13:29:57,2016-09-06 13:29:59,3,1.333,7.353999999999999,7.491717693560002,7.626366242103449,0.043469512554328286,7.991510147559808,False,0.9823443374906278,8.815765617384276,7.371317590243804,Flight 01,20160906_flight01_airborne.tab,25.0,23.600011020943157,195.58672158199778,100.0,downstream wake,7.991510147559808,0.937459573375826,197.309932474,10.608818171617886,-0.09371504433922961
20160906_flight01,3,-8.200000000000001,7.299095423406931,54.74090154,7.98540841,93.23299999999999,2016-09-06 13:30:00,2016-09-06 13:30:02,3,0.9510000000000001,7.122666666666667,7.491717693560002,7.635060144614315,0.043469512554328286,7.991510147559808,False,0.9559971087530502,8.815765617384276,7.371317590243804,Flight 01,20160906_flight01_airborne.tab,25.0,23.600011020943157,195.58672158199778,100.0,downstream wake,7.991510147559808,0.9133562103572747,197.309932474,10.608818171617886,-0.09371504433922961
20160906_flight01,3,-8.0,7.516614264414531,54.741284390000004,7.98244291,93.16,2016-09-06 13:30:03,2016-09-06 13:30:05,3,1.1733333333333336,7.339333333333333,7.491717693560002,7.6437540471251815,0.043469512554328286,7.991510147559808,False,0.9833668401773775,8.815765617384276,7.371317590243804,Flight 01,20160906_flight01_airborne.tab,25.0,23.600011020943157,195.58672158199778,100.0,downstream wake,7.991510147559808,0.9405749508695442,197.309932474,10.608818171617886,-0.09371504433922961
20160906_flight01,3,-7.800000000000001,7.271815316686748,54.74166518,7.97947408,93.30799999999999,2016-09-06 13:30:06,2016-09-06 13:30:08,3,0.8446666666666666,7.258666666666667,7.509126447197436,7.652447949636047,0.043469512554328286,7.991510147559808,False,0.950260016735246,8.815765617384276,7.371317590243804,Flight 01,20160906_flight01_airborne.tab,25.0,23.600011020943157,195.58672158199778,100.0,downstream wake,7.991510147559808,0.909942574359013,197.309932474,10.608818171617886,-0.09371504433922961
20160906_flight01,3,-7.6000000000000005,7.509126447197436,54.742028090000005,7.97649691,93.06199999999998,2016-09-06 13:30:09,2016-09-06 13:30:11,3,0.8196666666666667,7.545333333333333,7.516614264414531,7.661141852146912,0.043469512554328286,7.991510147559808,False,0.9801576047169944,8.815765617384276,7.371317590243804,Flight 01,20160906_flight01_airborne.tab,25.0,23.600011020943157,195.58672158199778,100.0,downstream wake,7.991510147559808,0.9396379793736899,197.309932474,10.608818171617886,-0.09371504433922961
20160906_flight01,3,-7.4,7.902107883343532,54.742362670000006,7.97350871,92.42200000000001,2016-09-06 13:30:12,2016-09-06 13:30:14,3,1.2523333333333333,7.746333333333332,7.509126447197436,7.669835754657778,0.043469512554328286,7.991510147559808,False,1.0302838465014976,8.815765617384276,7.371317590243804,Flight 01,20160906_flight01_airborne.tab,25.0,23.600011020943157,195.58672158199778,100.0,downstream wake,7.991510147559808,0.9888128448108678,197.309932474,10.608818171617886,-0.09371504433922961
20160906_flight01,3,-7.2,7.517878224605663,54.74266689,7.970515430000001,92.619,2016-09-06 13:30:15,2016-09-06 13:30:17,3,1.164,7.383333333333333,7.509126447197436,7.678529657168644,0.043469512554328286,7.991510147559808,False,0.9790778391520571,8.815765617384276,7.371317590243804,Flight 01,20160906_flight01_airborne.tab,25.0,23.600011020943157,195.58672158199778,100.0,downstream wake,7.991510147559808,0.9407331137408657,197.309932474,10.608818171617886,-0.09371504433922961
20160906_flight01,3,-7.0,7.231787400083053,54.74294227,7.967521369999999,92.848,2016-09-06 13:30:18,2016-09-06 13:30:20,3,1.142,7.255,7.517878224605663,7.687223559679509,0.043469512554328286,7.991510147559808,False,0.940754141458136,8.815765617384276,7.371317590243804,Flight 01,20160906_flight01_airborne.tab,25.0,23.600011020943157,195.58672158199778,100.0,downstream wake,7.991510147559808,0.90493376928155,197.309932474,10.608818171617886,-0.09371504433922961
20160906_flight01,3,-6.800000000000001,7.267131758816541,54.743194439999996,7.964524,92.432,2016-09-06 13:30:21,2016-09-06 13:30:23,3,1.1263333333333334,7.117333333333334,7.517878224605663,7.695917462190375,0.043469512554328286,7.991510147559808,False,0.9442840044113733,8.815765617384276,7.371317590243804,Flight 01,20160906_flight01_airborne.tab,25.0,23.600011020943157,195.58672158199778,100.0,downstream wake,7.991510147559808,0.9093565076727764,197.309932474,10.608818171617886,-0.09371504433922961
20160906_flight01,3,-6.6000000000000005,7.6525164504303635,54.74347967,7.961024,92.375,2016-09-06 13:30:24,2016-09-06 13:30:27,4,1.274,7.488250000000001,7.267131758816541,7.704611364701241,0.043469512554328286,7.991510147559808,False,0.9932384760496097,8.815765617384276,7.371317590243804,Flight 01,20160906_flight01_airborne.tab,25.0,23.600011020943157,195.58672158199778,100.0,downstream wake,7.991510147559808,0.957580771234714,197.309932474,10.608818171617886,-0.09371504433922961
20160906_flight01,3,-6.4,7.596907068011297,54.743779960000005,7.957525,92.17399999999999,2016-09-06 13:30:28,2016-09-06 13:30:30,3,1.3046666666666666,7.5136666666666665,7.415274101474604,7.713305267212107,0.043469512554328286,7.991510147559808,False,0.9849094266117538,8.815765617384276,7.371317590243804,Flight 01,20160906_flight01_airborne.tab,25.0,23.600011020943157,195.58672158199778,100.0,downstream wake,7.991510147559808,0.9506222137915945,197.309932474,10.608818171617886,-0.09371504433922961
20160906_flight01,3,-6.2,7.176474412969087,54.74405736,7.954527000000001,92.0,2016-09-06 13:30:31,2016-09-06 13:30:33,3,0.9346666666666668,7.096333333333334,7.415274101474604,7.721999169722972,0.043469512554328286,7.991510147559808,False,0.929354465758968,8.815765617384276,7.371317590243804,Flight 01,20160906_flight01_airborne.tab,25.0,23.600011020943157,195.58672158199778,100.0,downstream wake,7.991510147559808,0.8980123006113444,197.309932474,10.608818171617886,-0.09371504433922961
20160906_flight01,3,-6.0,7.415274101474604,54.74434857,7.951527,92.061,2016-09-06 13:30:34,2016-09-06 13:30:36,3,0.8826666666666667,7.318666666666666,7.415274101474604,7.730693072233838,0.043469512554328286,7.991510147559808,False,0.9591991341769708,8.815765617384276,7.371317590243804,Flight 01,20160906_flight01_airborne.tab,25.0,23.600011020943157,195.58672158199778,100.0,downstream wake,7.991510147559808,0.927893973048241,197.309932474,10.608818171617886,-0.09371504433922961
20160906_flight01,3,-5.800000000000001,7.087498853615428,54.74465045,7.94852557,91.9,2016-09-06 13:30:37,2016-09-06 13:30:39,3,1.1340000000000001,7.094666666666666,7.176474412969087,7.739386974744703,0.043469512554328286,7.991510147559808,False,0.9157700573370311,8.815765617384276,7.371317590243804,Flight 01,20160906_flight01_airborne.tab,25.0,23.600011020943157,195.58672158199778,100.0,downstream wake,7.991510147559808,0.8868785401942563,197.309932474,10.608818171617886,-0.09371504433922961
20160906_flight01,3,-5.6000000000000005,7.419005458954724,54.74495786000001,7.945524000000001,91.779,2016-09-06 13:30:40,2016-09-06 13:30:42,3,1.1026666666666667,7.198,7.412047827692425,7.748080877255569,0.043469512554328286,7.991510147559808,False,0.9575281384495039,8.815765617384276,7.371317590243804,Flight 01,20160906_flight01_airborne.tab,25.0,23.600011020943157,195.58672158199778,100.0,downstream wake,7.991510147559808,0.9283608882383892,197.309932474,10.608818171617886,-0.09371504433922961
20160906_flight01,3,-5.4,7.0742027819394595,54.745269879999995,7.9425225699999995,91.671,2016-09-06 13:30:43,2016-09-06 13:30:45,3,1.1053333333333333,7.082,7.256901060370053,7.756774779766435,0.043469512554328286,7.991510147559808,False,0.9120031176349911,8.815765617384276,7.371317590243804,Flight 01,20160906_flight01_airborne.tab,25.0,23.600011020943157,195.58672158199778,100.0,downstream wake,7.991510147559808,0.8852147655846441,197.309932474,10.608818171617886,-0.09371504433922961
20160906_flight01,3,-5.2,7.412047827692425,54.74558174,7.93952306,91.915,2016-09-06 13:30:46,2016-09-06 13:30:48,3,1.2276666666666667,7.238333333333333,7.318330410687946,7.765468682277301,0.043469512554328286,7.991510147559808,False,0.9544881488748428,8.815765617384276,7.371317590243804,Flight 01,20160906_flight01_airborne.tab,25.0,23.600011020943157,195.58672158199778,100.0,downstream wake,7.991510147559808,0.9274902603928595,197.309932474,10.608818171617886,-0.09371504433922961
20160906_flight01,3,-5.0,7.256901060370053,54.74589233,7.93652053,92.0,2016-09-06 13:30:49,2016-09-06 13:30:51,3,1.5073333333333334,7.145333333333333,7.256901060370053,7.774162584788166,0.043469512554328286,7.991510147559808,False,0.9334640202366944,8.815765617384276,7.371317590243804,Flight 01,20160906_flight01_airborne.tab,25.0,23.600011020943157,195.58672158199778,100.0,downstream wake,7.991510147559808,0.9080763117826902,197.309932474,10.608818171617886,-0.09371504433922961
20160906_flight01,3,-4.800000000000001,7.318330410687946,54.74620369,7.93351938,92.27,2016-09-06 13:30:52,2016-09-06 13:30:54,3,1.2706666666666666,6.996333333333333,7.318330410687946,7.782856487299032,0.043469512554328286,7.991510147559808,False,0.9403141921774926,8.815765617384276,7.371317590243804,Flight 01,20160906_flight01_airborne.tab,25.0,23.600011020943157,195.58672158199778,100.0,downstream wake,7.991510147559808,0.9157631380750464,197.309932474,10.608818171617886,-0.09371504433922961
20160906_flight01,3,-4.6000000000000005,7.008928377434027,54.7465161,7.9305200000000005,92.3,2016-09-06 13:30:55,2016-09-06 13:30:57,3,1.5376666666666667,6.861999999999999,7.270216640513541,7.791550389809897,0.043469512554328286,7.991510147559808,False,0.8995550342073877,8.815765617384276,7.371317590243804,Flight 01,20160906_flight01_airborne.tab,25.0,23.600011020943157,195.58672158199778,100.0,downstream wake,7.991510147559808,0.8770467969153727,197.309932474,10.608818171617886,-0.09371504433922961
20160906_flight01,3,-4.4,7.534233338568696,54.74682678,7.92752184,92.21799999999999,2016-09-06 13:30:58,2016-09-06 13:31:00,3,1.6173333333333335,7.245333333333334,7.270216640513541,7.800244292320763,0.043469512554328286,7.991510147559808,False,0.9658970996570003,8.815765617384276,7.371317590243804,Flight 01,20160906_flight01_airborne.tab,25.0,23.600011020943157,195.58672158199778,100.0,downstream wake,7.991510147559808,0.9427796748614853,197.309932474,10.608818171617886,-0.09371504433922961
20160906_flight01,3,-4.2,7.270216640513541,54.74714616999999,7.924524,91.46700000000001,2016-09-06 13:31:01,2016-09-06 13:31:03,3,1.2696666666666667,7.148666666666666,7.270216640513541,7.8089381948316285,0.043469512554328286,7.991510147559808,False,0.9310121887410197,8.815765617384276,7.371317590243804,Flight 01,20160906_flight01_airborne.tab,25.0,23.600011020943157,195.58672158199778,100.0,downstream wake,7.991510147559808,0.9097425275413669,197.309932474,10.608818171617886,-0.09371504433922961
20160906_flight01,3,-4.0,6.927548628483238,54.74746866,7.92152329,90.587,2016-09-06 13:31:04,2016-09-06 13:31:06,3,0.91,6.864999999999999,7.349091217759606,7.817632097342495,0.043469512554328286,7.991510147559808,False,0.8861441088840917,8.815765617384276,7.371317590243804,Flight 01,20160906_flight01_airborne.tab,25.0,23.600011020943157,195.58672158199778,100.0,downstream wake,7.991510147559808,0.866863521483302,197.309932474,10.608818171617886,-0.09371504433922961
20160906_flight01,3,-3.8000000000000003,7.352946688233228,54.747789059999995,7.9185186,90.1,2016-09-06 13:31:07,2016-09-06 13:31:09,3,1.1856666666666666,7.200666666666667,7.349091217759606,7.82632599985336,0.043469512554328286,7.991510147559808,False,0.939514491010341,8.815765617384276,7.371317590243804,Flight 01,20160906_flight01_airborne.tab,25.0,23.600011020943157,195.58672158199778,100.0,downstream wake,7.991510147559808,0.9200947696322999,197.309932474,10.608818171617886,-0.09371504433922961
20160906_flight01,3,-3.6,7.349091217759606,54.748163865,7.915015915,90.4145,2016-09-06 13:31:10,2016-09-06 13:31:13,4,1.121,7.2885,7.349091217759606,7.835019902364226,0.043469512554328286,7.991510147559808,False,0.9379799042427461,8.815765617384276,7.371317590243804,Flight 01,20160906_flight01_airborne.tab,25.0,23.600011020943157,195.58672158199778,100.0,downstream wake,7.991510147559808,0.9196123238363949,197.309932474,10.608818171617886,-0.09371504433922961
20160906_flight01,3,-3.4000000000000004,7.3799678183580175,54.74854312,7.91151674,90.9,2016-09-06 13:31:14,2016-09-06 13:31:16,3,1.2636666666666667,7.144666666666666,7.349091217759606,7.843713804875091,0.043469512554328286,7.991510147559808,False,0.9408767328776272,8.815765617384276,7.371317590243804,Flight 01,20160906_flight01_airborne.tab,25.0,23.600011020943157,195.58672158199778,100.0,downstream wake,7.991510147559808,0.9234759991653738,197.309932474,10.608818171617886,-0.09371504433922961
20160906_flight01,3,-3.2,7.22887301036614,54.748871390000005,7.90851974,90.709,2016-09-06 13:31:17,2016-09-06 13:31:19,3,1.1093333333333335,7.182333333333333,7.22887301036614,7.852407707385957,0.043469512554328286,7.991510147559808,False,0.920593183612547,8.815765617384276,7.371317590243804,Flight 01,20160906_flight01_airborne.tab,25.0,23.600011020943157,195.58672158199778,100.0,downstream wake,7.991510147559808,0.9045690835509309,197.309932474,10.608818171617886,-0.09371504433922961
20160906_flight01,3,-3.0,7.028808860681871,54.7491943,7.905521,90.561,2016-09-06 13:31:20,2016-09-06 13:31:22,3,1.1216666666666668,6.901666666666666,7.22887301036614,7.8611016098968225,0.043469512554328286,7.991510147559808,False,0.8941251760227693,8.815765617384276,7.371317590243804,Flight 01,20160906_flight01_airborne.tab,25.0,23.600011020943157,195.58672158199778,100.0,downstream wake,7.991510147559808,0.8795344973475513,197.309932474,10.608818171617886,-0.09371504433922961
20160906_flight01,3,-2.8000000000000003,7.179698391993914,54.74951308,7.90251895,90.214,2016-09-06 13:31:23,2016-09-06 13:31:25,3,1.1533333333333333,7.087666666666666,7.179698391993914,7.869795512407688,0.043469512554328286,7.991510147559808,False,0.9123106668622136,8.815765617384276,7.371317590243804,Flight 01,20160906_flight01_airborne.tab,25.0,23.600011020943157,195.58672158199778,100.0,downstream wake,7.991510147559808,0.8984157261173248,197.309932474,10.608818171617886,-0.09371504433922961
20160906_flight01,3,-2.6,7.33496203125824,54.749827530000005,7.899515249999999,90.346,2016-09-06 13:31:26,2016-09-06 13:31:28,3,1.1043333333333334,7.219333333333334,7.179698391993914,7.878489414918554,0.043469512554328286,7.991510147559808,False,0.9310112186441349,8.815765617384276,7.371317590243804,Flight 01,20160906_flight01_airborne.tab,25.0,23.600011020943157,195.58672158199778,100.0,downstream wake,7.991510147559808,0.9178442992402327,197.309932474,10.608818171617886,-0.09371504433922961
20160906_flight01,3,-2.4000000000000004,7.1237631207108505,54.750137089999996,7.89651138,90.40800000000002,2016-09-06 13:31:29,2016-09-06 13:31:31,3,0.8486666666666666,6.892666666666666,7.33496203125824,7.88718331742942,0.043469512554328286,7.991510147559808,False,0.9032074993069411,8.815765617384276,7.371317590243804,Flight 01,20160906_flight01_airborne.tab,25.0,23.600011020943157,195.58672158199778,100.0,downstream wake,7.991510147559808,0.8914163892898362,197.309932474,10.608818171617886,-0.09371504433922961
20160906_flight01,3,-2.2,7.335226240546368,54.75044647,7.89350596,90.42399999999999,2016-09-06 13:31:32,2016-09-06 13:31:34,3,1.3733333333333333,7.2010000000000005,7.33496203125824,7.895877219940285,0.043469512554328286,7.991510147559808,False,0.9289944658741595,8.815765617384276,7.371317590243804,Flight 01,20160906_flight01_airborne.tab,25.0,23.600011020943157,195.58672158199778,100.0,downstream wake,7.991510147559808,0.9178773604868868,197.309932474,10.608818171617886,-0.09371504433922961
20160906_flight01,3,-2.0,7.351852555648813,54.75075925,7.89050282,90.5,2016-09-06 13:31:35,2016-09-06 13:31:37,3,1.171,7.300999999999999,7.335226240546368,7.904571122451151,0.043469512554328286,7.991510147559808,False,0.9300760840480686,8.815765617384276,7.371317590243804,Flight 01,20160906_flight01_airborne.tab,25.0,23.600011020943157,195.58672158199778,100.0,downstream wake,7.991510147559808,0.9199578577640531,197.309932474,10.608818171617886,-0.09371504433922961
20160906_flight01,3,-1.8,7.048473097061519,54.751064930000005,7.88749977,90.42399999999999,2016-09-06 13:31:38,2016-09-06 13:31:40,3,0.7896666666666667,6.9590000000000005,7.351852555648813,7.9132650249620164,0.043469512554328286,7.991510147559808,False,0.8907161677041585,8.815765617384276,7.371317590243804,Flight 01,20160906_flight01_airborne.tab,25.0,23.600011020943157,195.58672158199778,100.0,downstream wake,7.991510147559808,0.8819951382047305,197.309932474,10.608818171617886,-0.09371504433922961
20160906_flight01,3,-1.6,7.410600515477811,54.751357209999995,7.8844939,90.12799999999999,2016-09-06 13:31:41,2016-09-06 13:31:43,3,1.1533333333333333,7.332333333333334,7.395181201295882,7.9219589274728826,0.043469512554328286,7.991510147559808,False,0.9354505095675628,8.815765617384276,7.371317590243804,Flight 01,20160906_flight01_airborne.tab,25.0,23.600011020943157,195.58672158199778,100.0,downstream wake,7.991510147559808,0.9273091541703946,197.309932474,10.608818171617886,-0.09371504433922961
20160906_flight01,3,-1.4000000000000001,7.395181201295882,54.75164101,7.88148599,90.0,2016-09-06 13:31:44,2016-09-06 13:31:46,3,1.348,7.273333333333333,7.410600515477811,7.930652829983748,0.043469512554328286,7.991510147559808,False,0.9324807629123059,8.815765617384276,7.371317590243804,Flight 01,20160906_flight01_airborne.tab,25.0,23.600011020943157,195.58672158199778,100.0,downstream wake,7.991510147559808,0.9253796922918238,197.309932474,10.608818171617886,-0.09371504433922961
20160906_flight01,3,-1.2000000000000002,7.470225163942516,54.75191601,7.87848021,90.26299999999999,2016-09-06 13:31:47,2016-09-06 13:31:49,3,1.3393333333333333,7.358666666666667,7.470225163942516,7.939346732494614,0.043469512554328286,7.991510147559808,False,0.9409118175136437,8.815765617384276,7.371317590243804,Flight 01,20160906_flight01_airborne.tab,25.0,23.600011020943157,195.58672158199778,100.0,downstream wake,7.991510147559808,0.9347701530759533,197.309932474,10.608818171617886,-0.09371504433922961
20160906_flight01,3,-1.0,7.501011265156184,54.752182080000004,7.875478,90.6,2016-09-06 13:31:50,2016-09-06 13:31:52,3,1.19,7.386333333333333,7.470225163942516,7.948040635005479,0.043469512554328286,7.991510147559808,False,0.9437560286392539,8.815765617384276,7.371317590243804,Flight 01,20160906_flight01_airborne.tab,25.0,23.600011020943157,195.58672158199778,100.0,downstream wake,7.991510147559808,0.9386225039639853,197.309932474,10.608818171617886,-0.09371504433922961
20160906_flight01,3,-0.8,7.5637864211340435,54.75247449,7.871975615,90.3455,2016-09-06 13:31:53,2016-09-06 13:31:56,4,1.00925,7.422499999999999,7.501011265156184,7.956734537516345,0.043469512554328286,7.991510147559808,False,0.9506143990943101,8.815765617384276,7.371317590243804,Flight 01,20160906_flight01_airborne.tab,25.0,23.600011020943157,195.58672158199778,100.0,downstream wake,7.991510147559808,0.9464777346799255,197.309932474,10.608818171617886,-0.09371504433922961
20160906_flight01,3,-0.6000000000000001,7.414835129657301,54.75274761,7.86846971,89.858,2016-09-06 13:31:57,2016-09-06 13:31:59,3,1.026,7.364,7.501011265156184,7.96542844002721,0.043469512554328286,7.991510147559808,False,0.9308771255036185,8.815765617384276,7.371317590243804,Flight 01,20160906_flight01_airborne.tab,25.0,23.600011020943157,195.58672158199778,100.0,downstream wake,7.991510147559808,0.9278390432778724,197.309932474,10.608818171617886,-0.09371504433922961
20160906_flight01,3,-0.4,7.515890499468442,54.75297611,7.86546292,89.5,2016-09-06 13:32:00,2016-09-06 13:32:02,3,0.8816666666666667,7.509333333333333,7.504815853836788,7.9741223425380765,0.043469512554328286,7.991510147559808,False,0.9425351376131779,8.815765617384276,7.371317590243804,Flight 01,20160906_flight01_airborne.tab,25.0,23.600011020943157,195.58672158199778,100.0,downstream wake,7.991510147559808,0.9404843841390109,197.309932474,10.608818171617886,-0.09371504433922961
20160906_flight01,3,-0.2,7.433778312540669,54.753205660000006,7.86245585,89.652,2016-09-06 13:32:03,2016-09-06 13:32:05,3,0.8283333333333333,7.423666666666667,7.433778312540669,7.982816245048942,0.043469512554328286,7.991510147559808,False,0.9312225265301837,8.815765617384276,7.371317590243804,Flight 01,20160906_flight01_airborne.tab,25.0,23.600011020943157,195.58672158199778,100.0,downstream wake,7.991510147559808,0.930209456695811,197.309932474,10.608818171617886,-0.09371504433922961
20160906_flight01,3,-0.0,7.504815853836788,54.75343736,7.8594503399999995,90.03,2016-09-06 13:32:06,2016-09-06 13:32:08,3,0.8903333333333334,7.4126666666666665,7.433778312540669,7.991510147559808,0.043469512554328286,7.991510147559808,False,0.9390985827789218,8.815765617384276,7.371317590243804,Flight 01,20160906_flight01_airborne.tab,25.0,23.600011020943157,195.58672158199778,100.0,downstream wake,7.991510147559808,0.9390985827789218,197.309932474,10.608818171617886,-0.09371504433922961
20160906_flight01,3,0.2,7.325426745248362,54.75367166,7.85644566,90.2,2016-09-06 13:32:09,2016-09-06 13:32:11,3,0.5723333333333332,7.320333333333333,7.392138053364534,8.000204050070673,0.043469512554328286,7.991510147559808,False,0.9156549882229129,8.815765617384276,7.371317590243804,Flight 01,20160906_flight01_airborne.tab,25.0,23.600011020943157,195.58672158199778,100.0,downstream wake,7.991510147559808,0.9166511222519271,197.309932474,10.608818171617886,-0.09371504433922961
20160906_flight01,3,0.4,7.305407928377442,54.753912840000005,7.85343824,90.21799999999999,2016-09-06 13:32:12,2016-09-06 13:32:14,3,0.7663333333333333,7.221,7.325426745248362,8.008897952581538,0.043469512554328286,7.991510147559808,False,0.9121614448867665,8.815765617384276,7.371317590243804,Flight 01,20160906_flight01_airborne.tab,25.0,23.600011020943157,195.58672158199778,100.0,downstream wake,7.991510147559808,0.9141461117468686,197.309932474,10.608818171617886,-0.09371504433922961
20160906_flight01,3,0.6000000000000001,7.392138053364534,54.75416078,7.85042871,90.154,2016-09-06 13:32:15,2016-09-06 13:32:17,3,0.8336666666666667,7.367999999999999,7.325426745248362,8.017591855092405,0.043469512554328286,7.991510147559808,False,0.9219898177617246,8.815765617384276,7.371317590243804,Flight 01,20160906_flight01_airborne.tab,25.0,23.600011020943157,195.58672158199778,100.0,downstream wake,7.991510147559808,0.9249988946859699,197.309932474,10.608818171617886,-0.09371504433922961
20160906_flight01,3,0.8,7.269656525586337,54.754409349999996,7.84741931,90.4,2016-09-06 13:32:18,2016-09-06 13:32:20,3,0.7673333333333333,7.250333333333334,7.305407928377442,8.02628575760327,0.043469512554328286,7.991510147559808,False,0.9057310872217349,8.815765617384276,7.371317590243804,Flight 01,20160906_flight01_airborne.tab,25.0,23.600011020943157,195.58672158199778,100.0,downstream wake,7.991510147559808,0.9096724387950771,197.309932474,10.608818171617886,-0.09371504433922961
20160906_flight01,3,1.0,7.342205118355112,54.7546586,7.844408519999999,90.273,2016-09-06 13:32:21,2016-09-06 13:32:23,3,0.9506666666666668,7.269000000000001,7.296723442751547,8.034979660114136,0.043469512554328286,7.991510147559808,False,0.9137801748026848,8.815765617384276,7.371317590243804,Flight 01,20160906_flight01_airborne.tab,25.0,23.600011020943157,195.58672158199778,100.0,downstream wake,7.991510147559808,0.9187506469721546,197.309932474,10.608818171617886,-0.09371504433922961
20160906_flight01,3,1.2000000000000002,7.296723442751547,54.75491333,7.84139729,90.26799999999999,2016-09-06 13:32:24,2016-09-06 13:32:26,3,1.3363333333333334,7.266333333333333,7.296723442751547,8.043673562625,0.043469512554328286,7.991510147559808,False,0.9071381857980706,8.815765617384276,7.371317590243804,Flight 01,20160906_flight01_airborne.tab,25.0,23.600011020943157,195.58672158199778,100.0,downstream wake,7.991510147559808,0.9130593977884877,197.309932474,10.608818171617886,-0.09371504433922961
20160906_flight01,3,1.4000000000000001,7.289535981253138,54.755225455,7.837890685,90.8955,2016-09-06 13:32:27,2016-09-06 13:32:30,4,1.17675,7.19875,7.3032937774678075,8.052367465135868,0.043469512554328286,7.991510147559808,False,0.9052661857291607,8.815765617384276,7.371317590243804,Flight 01,20160906_flight01_airborne.tab,25.0,23.600011020943157,195.58672158199778,100.0,downstream wake,7.991510147559808,0.9121600106431679,197.309932474,10.608818171617886,-0.09371504433922961
20160906_flight01,3,1.6,7.434857631454686,54.75555799,7.83439025,91.36300000000001,2016-09-06 13:32:31,2016-09-06 13:32:33,3,1.4639999999999997,7.337,7.296723442751547,8.061061367646733,0.043469512554328286,7.991510147559808,False,0.9223174582561384,8.815765617384276,7.371317590243804,Flight 01,20160906_flight01_airborne.tab,25.0,23.600011020943157,195.58672158199778,100.0,downstream wake,7.991510147559808,0.9303445148880785,197.309932474,10.608818171617886,-0.09371504433922961
20160906_flight01,3,1.8,7.3032937774678075,54.75585661,7.83139408,91.68,2016-09-06 13:32:34,2016-09-06 13:32:36,3,1.161,7.169999999999999,7.289535981253138,8.069755270157598,0.043469512554328286,7.991510147559808,False,0.9050204786848731,8.815765617384276,7.371317590243804,Flight 01,20160906_flight01_airborne.tab,25.0,23.600011020943157,195.58672158199778,100.0,downstream wake,7.991510147559808,0.913881562134768,197.309932474,10.608818171617886,-0.09371504433922961
20160906_flight01,3,2.0,7.076307653006616,54.75616076,7.828398,91.275,2016-09-06 13:32:37,2016-09-06 13:32:39,3,1.1526666666666667,7.101666666666667,7.119131196993071,8.078449172668464,0.043469512554328286,7.991510147559808,False,0.8759487745429707,8.815765617384276,7.371317590243804,Flight 01,20160906_flight01_airborne.tab,25.0,23.600011020943157,195.58672158199778,100.0,downstream wake,7.991510147559808,0.8854781539841193,197.309932474,10.608818171617886,-0.09371504433922961
20160906_flight01,3,2.2,6.9419580090922475,54.75646393,7.82539534,90.501,2016-09-06 13:32:40,2016-09-06 13:32:42,3,1.1083333333333334,6.864333333333334,7.076307653006616,8.08714307517933,0.043469512554328286,7.991510147559808,False,0.8583943605991305,8.815765617384276,7.371317590243804,Flight 01,20160906_flight01_airborne.tab,25.0,23.600011020943157,195.58672158199778,100.0,downstream wake,7.991510147559808,0.86866660755126,197.309932474,10.608818171617886,-0.09371504433922961
20160906_flight01,3,2.4000000000000004,7.119131196993071,54.75676739000001,7.82238729,89.94300000000001,2016-09-06 13:32:43,2016-09-06 13:32:45,3,1.0636666666666665,7.077333333333333,7.058194244989295,8.095836977690196,0.043469512554328286,7.991510147559808,False,0.8793570345612634,8.815765617384276,7.371317590243804,Flight 01,20160906_flight01_airborne.tab,25.0,23.600011020943157,195.58672158199778,100.0,downstream wake,7.991510147559808,0.8908367837294037,197.309932474,10.608818171617886,-0.09371504433922961
20160906_flight01,3,2.6,7.058194244989295,54.75706744,7.8193774,90.015,2016-09-06 13:32:46,2016-09-06 13:32:48,3,1.3086666666666666,6.991,7.058194244989295,8.104530880201061,0.043469512554328286,7.991510147559808,False,0.8708948549054318,8.815765617384276,7.371317590243804,Flight 01,20160906_flight01_airborne.tab,25.0,23.600011020943157,195.58672158199778,100.0,downstream wake,7.991510147559808,0.8832115726142825,197.309932474,10.608818171617886,-0.09371504433922961
20160906_flight01,3,2.8000000000000003,6.949151962649831,54.75736275,7.8163702,90.665,2016-09-06 13:32:49,2016-09-06 13:32:51,3,1.2053333333333336,6.8726666666666665,7.119131196993071,8.113224782711926,0.043469512554328286,7.991510147559808,False,0.856521561864949,8.815765617384276,7.371317590243804,Flight 01,20160906_flight01_airborne.tab,25.0,23.600011020943157,195.58672158199778,100.0,downstream wake,7.991510147559808,0.8695668070660888,197.309932474,10.608818171617886,-0.09371504433922961
20160906_flight01,3,3.0,7.244967977845037,54.7576504,7.81336627,91.0,2016-09-06 13:32:52,2016-09-06 13:32:54,3,1.2523333333333333,7.045000000000001,7.244967977845037,8.121918685222793,0.043469512554328286,7.991510147559808,False,0.892026657571283,8.815765617384276,7.371317590243804,Flight 01,20160906_flight01_airborne.tab,25.0,23.600011020943157,195.58672158199778,100.0,downstream wake,7.991510147559808,0.9065830918149148,197.309932474,10.608818171617886,-0.09371504433922961
20160906_flight01,3,3.2,7.331084503673383,54.757919279999996,7.810363,91.2,2016-09-06 13:32:55,2016-09-06 13:32:57,3,1.3716666666666668,7.286666666666666,7.331084503673383,8.130612587733658,0.043469512554328286,7.991510147559808,False,0.9016644717193274,8.815765617384276,7.371317590243804,Flight 01,20160906_flight01_airborne.tab,25.0,23.600011020943157,195.58672158199778,100.0,downstream wake,7.991510147559808,0.917359093376352,197.309932474,10.608818171617886,-0.09371504433922961
20160906_flight01,3,3.4000000000000004,7.437193086104461,54.75818184,7.8073603700000005,91.04799999999999,2016-09-06 13:32:58,2016-09-06 13:33:00,3,1.3256666666666665,7.298666666666667,7.332588697042812,8.139306490244524,0.043469512554328286,7.991510147559808,False,0.9137379327118852,8.815765617384276,7.371317590243804,Flight 01,20160906_flight01_airborne.tab,25.0,23.600011020943157,195.58672158199778,100.0,downstream wake,7.991510147559808,0.9306367568556981,197.309932474,10.608818171617886,-0.09371504433922961
20160906_flight01,3,3.6,7.332588697042812,54.75844736,7.8043550900000005,90.3,2016-09-06 13:33:01,2016-09-06 13:33:03,3,1.3483333333333334,7.221333333333334,7.332588697042812,8.148000392755389,0.043469512554328286,7.991510147559808,False,0.8999249317123768,8.815765617384276,7.371317590243804,Flight 01,20160906_flight01_airborne.tab,25.0,23.600011020943157,195.58672158199778,100.0,downstream wake,7.991510147559808,0.9175473172966945,197.309932474,10.608818171617886,-0.09371504433922961
20160906_flight01,3,3.8000000000000003,7.5053500917678715,54.7587234,7.80134831,89.539,2016-09-06 13:33:04,2016-09-06 13:33:06,3,1.3373333333333335,7.382333333333334,7.332588697042812,8.156694295266256,0.043469512554328286,7.991510147559808,False,0.9201460567332538,8.815765617384276,7.371317590243804,Flight 01,20160906_flight01_airborne.tab,25.0,23.600011020943157,195.58672158199778,100.0,downstream wake,7.991510147559808,0.9391654334643641,197.309932474,10.608818171617886,-0.09371504433922961
20160906_flight01,3,4.0,7.185578824948015,54.75906372,7.7978415000000005,89.64399999999999,2016-09-06 13:33:07,2016-09-06 13:33:10,4,1.178,7.17,7.292618528347688,8.165388197777121,0.043469512554328286,7.991510147559808,False,0.880004557150652,8.815765617384276,7.371317590243804,Flight 01,20160906_flight01_airborne.tab,25.0,23.600011020943157,195.58672158199778,100.0,downstream wake,7.991510147559808,0.8991515611279199,197.309932474,10.608818171617886,-0.09371504433922961
20160906_flight01,3,4.2,7.227136085615103,54.75941672,7.79433905,89.775,2016-09-06 13:33:11,2016-09-06 13:33:13,3,1.0130000000000001,7.043333333333333,7.227136085615103,8.174082100287986,0.043469512554328286,7.991510147559808,False,0.8841526176205741,8.815765617384276,7.371317590243804,Flight 01,20160906_flight01_airborne.tab,25.0,23.600011020943157,195.58672158199778,100.0,downstream wake,7.991510147559808,0.904351737302354,197.309932474,10.608818171617886,-0.09371504433922961
20160906_flight01,3,4.4,7.292618528347688,54.75972225,7.7913378799999995,89.70299999999999,2016-09-06 13:33:14,2016-09-06 13:33:16,3,1.0073333333333334,7.135000000000001,7.185578824948015,8.182776002798851,0.043469512554328286,7.991510147559808,False,0.8912157103962406,8.815765617384276,7.371317590243804,Flight 01,20160906_flight01_airborne.tab,25.0,23.600011020943157,195.58672158199778,100.0,downstream wake,7.991510147559808,0.9125457383764288,197.309932474,10.608818171617886,-0.09371504433922961
20160906_flight01,3,4.6000000000000005,6.905431268212001,54.76002946,7.788334760000001,89.51,2016-09-06 13:33:17,2016-09-06 13:33:19,3,1.2530000000000001,6.853666666666666,7.203551693435676,8.191469905309718,0.043469512554328286,7.991510147559808,False,0.8430027025718417,8.815765617384276,7.371317590243804,Flight 01,20160906_flight01_airborne.tab,25.0,23.600011020943157,195.58672158199778,100.0,downstream wake,7.991510147559808,0.8640959143774047,197.309932474,10.608818171617886,-0.09371504433922961
20160906_flight01,3,4.800000000000001,7.04017563701361,54.760336669999994,7.7853330000000005,90.118,2016-09-06 13:33:20,2016-09-06 13:33:22,3,1.333,6.953,7.203551693435676,8.200163807820584,0.043469512554328286,7.991510147559808,False,0.8585408538179835,8.815765617384276,7.371317590243804,Flight 01,20160906_flight01_airborne.tab,25.0,23.600011020943157,195.58672158199778,100.0,downstream wake,7.991510147559808,0.8809568538386096,197.309932474,10.608818171617886,-0.09371504433922961
20160906_flight01,3,5.0,7.203551693435676,54.76063970999999,7.78233349,90.99799999999999,2016-09-06 13:33:23,2016-09-06 13:33:25,3,1.4080000000000001,7.092333333333333,7.203551693435676,8.208857710331449,0.043469512554328286,7.991510147559808,False,0.8775339940865924,8.815765617384276,7.371317590243804,Flight 01,20160906_flight01_airborne.tab,25.0,23.600011020943157,195.58672158199778,100.0,downstream wake,7.991510147559808,0.9014005563936206,197.309932474,10.608818171617886,-0.09371504433922961
20160906_flight01,3,5.2,7.288208147411817,54.76093265,7.779337890000001,91.529,2016-09-06 13:33:26,2016-09-06 13:33:28,3,1.5616666666666668,7.120333333333332,7.203551693435676,8.217551612842314,0.043469512554328286,7.991510147559808,False,0.8869074988250603,8.815765617384276,7.371317590243804,Flight 01,20160906_flight01_airborne.tab,25.0,23.600011020943157,195.58672158199778,100.0,downstream wake,7.991510147559808,0.9119938550834797,197.309932474,10.608818171617886,-0.09371504433922961
20160906_flight01,3,5.4,7.337559062794658,54.76121564,7.77634432,91.524,2016-09-06 13:33:29,2016-09-06 13:33:31,3,1.7186666666666668,7.078333333333333,7.288208147411817,8.226245515353181,0.043469512554328286,7.991510147559808,False,0.8919693740115209,8.815765617384276,7.371317590243804,Flight 01,20160906_flight01_airborne.tab,25.0,23.600011020943157,195.58672158199778,100.0,downstream wake,7.991510147559808,0.9181692730547514,197.309932474,10.608818171617886,-0.09371504433922961
20160906_flight01,3,5.6000000000000005,6.828832477078348,54.7614963,7.7733519,90.93800000000002,2016-09-06 13:33:32,2016-09-06 13:33:34,3,1.636,6.598,7.290886503025541,8.234939417864046,0.043469512554328286,7.991510147559808,False,0.8292510886315165,8.815765617384276,7.371317590243804,Flight 01,20160906_flight01_airborne.tab,25.0,23.600011020943157,195.58672158199778,100.0,downstream wake,7.991510147559808,0.8545108935591502,197.309932474,10.608818171617886,-0.09371504433922961
20160906_flight01,3,5.800000000000001,7.312009983581807,54.76177207,7.770361739999999,90.615,2016-09-06 13:33:35,2016-09-06 13:33:37,3,1.5876666666666666,7.103666666666666,7.312009983581807,8.243633320374911,0.043469512554328286,7.991510147559808,False,0.8869887462739869,8.815765617384276,7.371317590243804,Flight 01,20160906_flight01_airborne.tab,25.0,23.600011020943157,195.58672158199778,100.0,downstream wake,7.991510147559808,0.9149722453664799,197.309932474,10.608818171617886,-0.09371504433922961
20160906_flight01,3,6.0,7.290886503025541,54.762057240000004,7.76737077,90.204,2016-09-06 13:33:38,2016-09-06 13:33:40,3,1.6076666666666666,7.228000000000001,7.312009983581807,8.252327222885777,0.043469512554328286,7.991510147559808,False,0.8834945956585533,8.815765617384276,7.371317590243804,Flight 01,20160906_flight01_airborne.tab,25.0,23.600011020943157,195.58672158199778,100.0,downstream wake,7.991510147559808,0.912329005207082,197.309932474,10.608818171617886,-0.09371504433922961
20160906_flight01,3,6.2,7.524719928342849,54.762358590000005,7.76437918,90.59,2016-09-06 13:33:41,2016-09-06 13:33:43,3,1.7926666666666666,7.266333333333333,7.524719928342849,8.261021125396644,0.043469512554328286,7.991510147559808,False,0.9108704377004675,8.815765617384276,7.371317590243804,Flight 01,20160906_flight01_airborne.tab,25.0,23.600011020943157,195.58672158199778,100.0,downstream wake,7.991510147559808,0.9415892352511757,197.309932474,10.608818171617886,-0.09371504433922961
20160906_flight01,3,6.4,7.554836927426032,54.762675419999994,7.7613923,91.024,2016-09-06 13:33:44,2016-09-06 13:33:46,3,1.6996666666666667,7.419999999999999,7.554836927426032,8.269715027907509,0.043469512554328286,7.991510147559808,False,0.9135546874264707,8.815765617384276,7.371317590243804,Flight 01,20160906_flight01_airborne.tab,25.0,23.600011020943157,195.58672158199778,100.0,downstream wake,7.991510147559808,0.9453578595195661,197.309932474,10.608818171617886,-0.09371504433922961
20160906_flight01,3,6.6000000000000005,7.916518484881879,54.763041905,7.75790741,91.434,2016-09-06 13:33:47,2016-09-06 13:33:50,4,1.63875,7.6987499999999995,7.8391796764712565,8.278408930418374,0.043469512554328286,7.991510147559808,False,0.9562850242627231,8.815765617384276,7.371317590243804,Flight 01,20160906_flight01_airborne.tab,25.0,23.600011020943157,195.58672158199778,100.0,downstream wake,7.991510147559808,0.9906160836571261,197.309932474,10.608818171617886,-0.09371504433922961
20160906_flight01,3,6.800000000000001,7.8391796764712565,54.76340851,7.75442143,91.061,2016-09-06 13:33:51,2016-09-06 13:33:53,3,1.633,7.724333333333334,7.876094527111771,8.28710283292924,0.043469512554328286,7.991510147559808,False,0.9459493666860104,8.815765617384276,7.371317590243804,Flight 01,20160906_flight01_airborne.tab,25.0,23.600011020943157,195.58672158199778,100.0,downstream wake,7.991510147559808,0.9809384624087519,197.309932474,10.608818171617886,-0.09371504433922961
20160906_flight01,3,7.0,7.876094527111771,54.76372229,7.75143098,90.582,2016-09-06 13:33:54,2016-09-06 13:33:56,3,1.5073333333333334,7.7316666666666665,7.889450297707692,8.295796735440106,0.043469512554328286,7.991510147559808,False,0.9494078481292407,8.815765617384276,7.371317590243804,Flight 01,20160906_flight01_airborne.tab,25.0,23.600011020943157,195.58672158199778,100.0,downstream wake,7.991510147559808,0.9855577208416261,197.309932474,10.608818171617886,-0.09371504433922961
20160906_flight01,3,7.2,7.889450297707692,54.764025499999995,7.74843654,90.289,2016-09-06 13:33:57,2016-09-06 13:33:59,3,1.7106666666666666,7.777666666666666,7.889450297707692,8.304490637950972,0.043469512554328286,7.991510147559808,False,0.9500221797654185,8.815765617384276,7.371317590243804,Flight 01,20160906_flight01_airborne.tab,25.0,23.600011020943157,195.58672158199778,100.0,downstream wake,7.991510147559808,0.9872289657439427,197.309932474,10.608818171617886,-0.09371504433922961
20160906_flight01,3,7.4,8.04137761829402,54.76432379,7.745443030000001,91.104,2016-09-06 13:34:00,2016-09-06 13:34:02,3,2.014,7.822666666666667,8.04137761829402,8.313184540461837,0.043469512554328286,7.991510147559808,False,0.9673041154271408,8.815765617384276,7.371317590243804,Flight 01,20160906_flight01_airborne.tab,25.0,23.600011020943157,195.58672158199778,100.0,downstream wake,7.991510147559808,1.006240055986094,197.309932474,10.608818171617886,-0.09371504433922961
20160906_flight01,3,7.6000000000000005,8.500877719388747,54.76462956,7.74245624,91.62799999999999,2016-09-06 13:34:03,2016-09-06 13:34:05,3,2.157,8.102,8.500877719388747,8.321878442972702,0.043469512554328286,7.991510147559808,False,1.0215094798178888,8.815765617384276,7.371317590243804,Flight 01,20160906_flight01_airborne.tab,25.0,23.600011020943157,195.58672158199778,100.0,downstream wake,7.991510147559808,1.0637385878793477,197.309932474,10.608818171617886,-0.09371504433922961
20160906_flight01,3,7.800000000000001,8.910010157121034,54.76494273,7.73947498,91.645,2016-09-06 13:34:06,2016-09-06 13:34:08,3,2.5253333333333337,8.591666666666667,8.802142750489791,8.330572345483569,0.043469512554328286,7.991510147559808,False,1.0695555824506593,8.815765617384276,7.371317590243804,Flight 01,20160906_flight01_airborne.tab,25.0,23.600011020943157,195.58672158199778,100.0,downstream wake,7.991510147559808,1.1149344732849633,197.309932474,10.608818171617886,-0.09371504433922961
20160906_flight01,3,8.0,8.808121309337196,54.7652567,7.73649941,91.973,2016-09-06 13:34:09,2016-09-06 13:34:11,3,2.7236666666666665,8.39,8.808121309337196,8.339266247994434,0.043469512554328286,7.991510147559808,False,1.0562225797090385,8.815765617384276,7.371317590243804,Flight 01,20160906_flight01_airborne.tab,25.0,23.600011020943157,195.58672158199778,100.0,downstream wake,7.991510147559808,1.1021848369956382,197.309932474,10.608818171617886,-0.09371504433922961
20160906_flight01,3,8.200000000000001,8.802142750489791,54.765575680000005,7.733528209999999,91.435,2016-09-06 13:34:12,2016-09-06 13:34:14,3,2.582333333333333,8.300666666666666,8.808121309337196,8.3479601505053,0.043469512554328286,7.991510147559808,False,1.0544064168726297,8.815765617384276,7.371317590243804,Flight 01,20160906_flight01_airborne.tab,25.0,23.600011020943157,195.58672158199778,100.0,downstream wake,7.991510147559808,1.1014367232177649,197.309932474,10.608818171617886,-0.09371504433922961
20160906_flight01,3,8.4,8.942595204972658,54.76590378,7.730556249999999,90.433,2016-09-06 13:34:15,2016-09-06 13:34:17,3,2.626,8.598666666666666,8.808121309337196,8.356654053016165,0.043469512554328286,7.991510147559808,False,1.0701167175569521,8.815765617384276,7.371317590243804,Flight 01,20160906_flight01_airborne.tab,25.0,23.600011020943157,195.58672158199778,100.0,downstream wake,7.991510147559808,1.1190119313936255,197.309932474,10.608818171617886,-0.09371504433922961
20160906_flight01,3,8.6,8.629693969081405,54.76624364,7.7275857,90.388,2016-09-06 13:34:18,2016-09-06 13:34:20,3,2.5533333333333332,8.267,8.802142750489791,8.36534795552703,0.043469512554328286,7.991510147559808,False,1.0316001217115804,8.815765617384276,7.371317590243804,Flight 01,20160906_flight01_airborne.tab,25.0,23.600011020943157,195.58672158199778,100.0,downstream wake,7.991510147559808,1.079857725228124,197.309932474,10.608818171617886,-0.09371504433922961
20160906_flight01,3,8.8,8.824742602478556,54.766598519999995,7.7246185800000005,90.21700000000001,2016-09-06 13:34:21,2016-09-06 13:34:23,3,2.5413333333333337,8.418,8.71640156254082,8.374041858037897,0.043469512554328286,7.991510147559808,False,1.0538211716732764,8.815765617384276,7.371317590243804,Flight 01,20160906_flight01_airborne.tab,25.0,23.600011020943157,195.58672158199778,100.0,downstream wake,7.991510147559808,1.1042647058607784,197.309932474,10.608818171617886,-0.09371504433922961
20160906_flight01,3,9.0,8.424807712939211,54.76696707,7.72165426,89.845,2016-09-06 13:34:24,2016-09-06 13:34:26,3,2.4,8.239666666666666,8.629693969081405,8.382735760548762,0.043469512554328286,7.991510147559808,False,1.0050188808990557,8.815765617384276,7.371317590243804,Flight 01,20160906_flight01_airborne.tab,25.0,23.600011020943157,195.58672158199778,100.0,downstream wake,7.991510147559808,1.0542197353665015,197.309932474,10.608818171617886,-0.09371504433922961
20160906_flight01,3,9.200000000000001,8.71640156254082,54.767383675000005,7.718193685,89.51400000000001,2016-09-06 13:34:27,2016-09-06 13:34:30,4,2.26675,8.391,8.71640156254082,8.391429663059627,0.043469512554328286,7.991510147559808,False,1.0387266428403457,8.815765617384276,7.371317590243804,Flight 01,20160906_flight01_airborne.tab,25.0,23.600011020943157,195.58672158199778,100.0,downstream wake,7.991510147559808,1.0907076887341947,197.309932474,10.608818171617886,-0.09371504433922961
20160906_flight01,3,9.4,8.604223381572563,54.76777611000001,7.71473128,89.6,2016-09-06 13:34:31,2016-09-06 13:34:33,3,2.2856666666666663,8.347666666666667,8.628371109311422,8.400123565570494,0.043469512554328286,7.991510147559808,False,1.0242972397261643,8.815765617384276,7.371317590243804,Flight 01,20160906_flight01_airborne.tab,25.0,23.600011020943157,195.58672158199778,100.0,downstream wake,7.991510147559808,1.0766705194261494,197.309932474,10.608818171617886,-0.09371504433922961
20160906_flight01,3,9.600000000000001,8.866039589354427,54.76810158,7.7117646,89.631,2016-09-06 13:34:34,2016-09-06 13:34:36,3,2.3800000000000003,8.441666666666668,8.628371109311422,8.40881746808136,0.043469512554328286,7.991510147559808,False,1.0543741284679584,8.815765617384276,7.371317590243804,Flight 01,20160906_flight01_airborne.tab,25.0,23.600011020943157,195.58672158199778,100.0,downstream wake,7.991510147559808,1.1094323132482857,197.309932474,10.608818171617886,-0.09371504433922961
20160906_flight01,3,9.8,8.628371109311422,54.7684184,7.708800989999999,89.7,2016-09-06 13:34:37,2016-09-06 13:34:39,3,2.2373333333333334,8.232333333333335,8.604223381572563,8.417511370592225,0.043469512554328286,7.991510147559808,False,1.0250501281715954,8.815765617384276,7.371317590243804,Flight 01,20160906_flight01_airborne.tab,25.0,23.600011020943157,195.58672158199778,100.0,downstream wake,7.991510147559808,1.0796921920878844,197.309932474,10.608818171617886,-0.09371504433922961
20160906_flight01,3,10.0,8.324625457040094,54.76872723,7.70583699,89.465,2016-09-06 13:34:40,2016-09-06 13:34:42,3,2.114,8.057333333333334,8.440606909458584,8.42620527310309,0.043469512554328286,7.991510147559808,True,0.987944773148686,8.815765617384276,7.371317590243804,Flight 01,20160906_flight01_airborne.tab,25.0,23.600011020943157,195.58672158199778,100.0,downstream wake,7.991510147559808,1.0416836496894148,197.309932474,10.608818171617886,-0.09371504433922961
20160906_flight01,3,10.200000000000001,8.440606909458584,54.769025570000004,7.70286966,89.04199999999999,2016-09-06 13:34:43,2016-09-06 13:34:45,3,2.3513333333333333,8.026,8.440606909458584,8.434899175613957,0.043469512554328286,7.991510147559808,True,1.0006766807433962,8.815765617384276,7.371317590243804,Flight 01,20160906_flight01_airborne.tab,25.0,23.600011020943157,195.58672158199778,100.0,downstream wake,7.991510147559808,1.0561967329836786,197.309932474,10.608818171617886,-0.09371504433922961
20160906_flight01,3,10.4,8.294240953818498,54.769308689999995,7.69990253,89.051,2016-09-06 13:34:46,2016-09-06 13:34:48,3,2.470666666666667,8.108333333333333,8.440606909458584,8.443593078124822,0.043469512554328286,7.991510147559808,True,0.9823117809060153,8.815765617384276,7.371317590243804,Flight 01,20160906_flight01_airborne.tab,25.0,23.600011020943157,195.58672158199778,100.0,downstream wake,7.991510147559808,1.0378815518805453,197.309932474,10.608818171617886,-0.09371504433922961
20160906_flight01,3,10.600000000000001,8.710738946840273,54.76958339,7.69693864,89.385,2016-09-06 13:34:49,2016-09-06 13:34:51,3,2.5016666666666665,8.251,8.710738946840273,8.452286980635687,0.043469512554328286,7.991510147559808,True,1.0305777556768603,8.815765617384276,7.371317590243804,Flight 01,20160906_flight01_airborne.tab,25.0,23.600011020943157,195.58672158199778,100.0,downstream wake,7.991510147559808,1.0899991098053077,197.309932474,10.608818171617886,-0.09371504433922961
20160906_flight01,3,10.8,8.728582931954074,54.769850569999996,7.6939775,89.759,2016-09-06 13:34:52,2016-09-06 13:34:54,3,2.422,8.460666666666667,8.728582931954074,8.460980883146553,0.043469512554328286,7.991510147559808,True,1.0316277808097356,8.815765617384276,7.371317590243804,Flight 01,20160906_flight01_airborne.tab,25.0,23.600011020943157,195.58672158199778,100.0,downstream wake,7.991510147559808,1.0922319775342249,197.309932474,10.608818171617886,-0.09371504433922961
20160906_flight01,3,11.0,8.989495206901069,54.770162775,7.690523905,89.6745,2016-09-06 13:34:55,2016-09-06 13:34:58,4,2.54225,8.621,8.915182219113639,8.469674785657418,0.043469512554328286,7.991510147559808,True,1.0613743070895612,8.815765617384276,7.371317590243804,Flight 01,20160906_flight01_airborne.tab,25.0,23.600011020943157,195.58672158199778,100.0,downstream wake,7.991510147559808,1.1248806597143586,197.309932474,10.608818171617886,-0.09371504433922961
20160906_flight01,3,11.200000000000001,8.915182219113639,54.770485740000005,7.68707493,90.258,2016-09-06 13:34:59,2016-09-06 13:35:01,3,2.6956666666666664,8.554666666666668,8.915182219113639,8.478368688168285,0.043469512554328286,7.991510147559808,True,1.051520940762453,8.815765617384276,7.371317590243804,Flight 01,20160906_flight01_airborne.tab,25.0,23.600011020943157,195.58672158199778,100.0,downstream wake,7.991510147559808,1.1155816678573414,197.309932474,10.608818171617886,-0.09371504433922961
20160906_flight01,3,11.4,8.944550799229663,54.77077259,7.6841227000000005,90.367,2016-09-06 13:35:02,2016-09-06 13:35:04,3,2.9026666666666667,8.583666666666666,8.944550799229663,8.48706259067915,0.043469512554328286,7.991510147559808,True,1.0539041869507297,8.815765617384276,7.371317590243804,Flight 01,20160906_flight01_airborne.tab,25.0,23.600011020943157,195.58672158199778,100.0,downstream wake,7.991510147559808,1.1192566403686373,197.309932474,10.608818171617886,-0.09371504433922961
20160906_flight01,3,11.600000000000001,8.910171771632688,54.771061630000005,7.68116965,89.774,2016-09-06 13:35:05,2016-09-06 13:35:07,3,2.9306666666666668,8.452666666666667,8.944550799229663,8.495756493190015,0.043469512554328286,7.991510147559808,True,1.0487790909231989,8.815765617384276,7.371317590243804,Flight 01,20160906_flight01_airborne.tab,25.0,23.600011020943157,195.58672158199778,100.0,downstream wake,7.991510147559808,1.1149546965604984,197.309932474,10.608818171617886,-0.09371504433922961
20160906_flight01,3,11.8,8.978345950117983,54.77134604,7.678215310000001,89.6,2016-09-06 13:35:08,2016-09-06 13:35:10,3,2.825333333333333,8.468666666666666,8.944550799229663,8.504450395700882,0.043469512554328286,7.991510147559808,True,1.055723242816098,8.815765617384276,7.371317590243804,Flight 01,20160906_flight01_airborne.tab,25.0,23.600011020943157,195.58672158199778,100.0,downstream wake,7.991510147559808,1.1234855220523625,197.309932474,10.608818171617886,-0.09371504433922961
20160906_flight01,3,12.0,9.019164983522588,54.77162174,7.675261829999999,89.3,2016-09-06 13:35:11,2016-09-06 13:35:13,3,2.736,8.472,8.910171771632688,8.513144298211747,0.043469512554328286,7.991510147559808,True,1.0594399281376135,8.815765617384276,7.371317590243804,Flight 01,20160906_flight01_airborne.tab,25.0,23.600011020943157,195.58672158199778,100.0,downstream wake,7.991510147559808,1.1285933217861923,197.309932474,10.608818171617886,-0.09371504433922961
20160906_flight01,3,12.200000000000001,8.812343672372293,54.77188592,7.67230946,89.204,2016-09-06 13:35:14,2016-09-06 13:35:16,3,2.4343333333333335,8.423,8.812343672372293,8.521838200722613,0.043469512554328286,7.991510147559808,True,1.034089531484539,8.815765617384276,7.371317590243804,Flight 01,20160906_flight01_airborne.tab,25.0,23.600011020943157,195.58672158199778,100.0,downstream wake,7.991510147559808,1.1027131930831777,197.309932474,10.608818171617886,-0.09371504433922961
20160906_flight01,3,12.4,8.201711528699361,54.77215349,7.66935546,88.8,2016-09-06 13:35:17,2016-09-06 13:35:19,3,2.5756666666666668,7.989999999999999,8.671714502165436,8.530532103233478,0.043469512554328286,7.991510147559808,True,0.9614536853557496,8.815765617384276,7.371317590243804,Flight 01,20160906_flight01_airborne.tab,25.0,23.600011020943157,195.58672158199778,100.0,downstream wake,7.991510147559808,1.0263030863076283,197.309932474,10.608818171617886,-0.09371504433922961
20160906_flight01,3,12.600000000000001,8.671714502165436,54.77246474500001,7.665911385,88.84049999999999,2016-09-06 13:35:20,2016-09-06 13:35:23,4,2.6185,8.1545,8.48134340773913,8.539226005744345,0.043469512554328286,7.991510147559808,True,1.0155152816346547,8.815765617384276,7.371317590243804,Flight 01,20160906_flight01_airborne.tab,25.0,23.600011020943157,195.58672158199778,100.0,downstream wake,7.991510147559808,1.0851158719748766,197.309932474,10.608818171617886,-0.09371504433922961
20160906_flight01,3,12.8,8.48134340773913,54.77277242,7.6624721,89.06199999999998,2016-09-06 13:35:24,2016-09-06 13:35:26,3,2.3569999999999998,8.129333333333333,8.48134340773913,8.54791990825521,0.043469512554328286,7.991510147559808,True,0.9922113799344583,8.815765617384276,7.371317590243804,Flight 01,20160906_flight01_airborne.tab,25.0,23.600011020943157,195.58672158199778,100.0,downstream wake,7.991510147559808,1.06129420486676,197.309932474,10.608818171617886,-0.09371504433922961
20160906_flight01,3,13.0,8.421424879436971,54.77303808,7.659524350000001,88.71700000000001,2016-09-06 13:35:27,2016-09-06 13:35:29,3,2.3173333333333335,8.096,8.521994191502362,8.556613810766075,0.043469512554328286,7.991510147559808,True,0.9842006505939292,8.815765617384276,7.371317590243804,Flight 01,20160906_flight01_airborne.tab,25.0,23.600011020943157,195.58672158199778,100.0,downstream wake,7.991510147559808,1.0537964319557847,197.309932474,10.608818171617886,-0.09371504433922961
20160906_flight01,3,13.200000000000001,8.611397389506537,54.77330402,7.65657239,88.038,2016-09-06 13:35:30,2016-09-06 13:35:32,3,2.5073333333333334,8.233666666666666,8.48134340773913,8.56530771327694,0.043469512554328286,7.991510147559808,True,1.0053809714457957,8.815765617384276,7.371317590243804,Flight 01,20160906_flight01_airborne.tab,25.0,23.600011020943157,195.58672158199778,100.0,downstream wake,7.991510147559808,1.0775682230893509,197.309932474,10.608818171617886,-0.09371504433922961
20160906_flight01,3,13.4,8.521994191502362,54.77356708,7.6536181899999995,88.035,2016-09-06 13:35:33,2016-09-06 13:35:35,3,2.432,8.232000000000001,8.421424879436971,8.574001615787806,0.043469512554328286,7.991510147559808,True,0.9939342880237299,8.815765617384276,7.371317590243804,Flight 01,20160906_flight01_airborne.tab,25.0,23.600011020943157,195.58672158199778,100.0,downstream wake,7.991510147559808,1.066380951052729,197.309932474,10.608818171617886,-0.09371504433922961
20160906_flight01,3,13.600000000000001,8.312640013858413,54.77382857,7.65066716,88.425,2016-09-06 13:35:36,2016-09-06 13:35:38,3,2.1003333333333334,7.897000000000001,8.318868810142828,8.582695518298673,0.043469512554328286,7.991510147559808,True,0.9685348846566338,8.815765617384276,7.371317590243804,Flight 01,20160906_flight01_airborne.tab,25.0,23.600011020943157,195.58672158199778,100.0,downstream wake,7.991510147559808,1.0401838776863297,197.309932474,10.608818171617886,-0.09371504433922961
20160906_flight01,3,13.8,8.195984199594335,54.774090029999996,7.64771389,88.73700000000001,2016-09-06 13:35:39,2016-09-06 13:35:41,3,2.281333333333333,7.882000000000001,8.312640013858413,8.591389420809538,0.043469512554328286,7.991510147559808,True,0.9539765686493646,8.815765617384276,7.371317590243804,Flight 01,20160906_flight01_airborne.tab,25.0,23.600011020943157,195.58672158199778,100.0,downstream wake,7.991510147559808,1.0255864096095733,197.309932474,10.608818171617886,-0.09371504433922961
20160906_flight01,3,14.0,8.318868810142828,54.77439619,7.64427161,89.0,2016-09-06 13:35:42,2016-09-06 13:35:45,4,2.061,8.04875,8.312640013858413,8.600083323320403,0.043469512554328286,7.991510147559808,True,0.9673009548157492,8.815765617384276,7.371317590243804,Flight 01,20160906_flight01_airborne.tab,25.0,23.600011020943157,195.58672158199778,100.0,downstream wake,7.991510147559808,1.0409633043740774,197.309932474,10.608818171617886,-0.09371504433922961
20160906_flight01,3,14.200000000000001,8.19880802312141,54.77470658,7.64082723,88.947,2016-09-06 13:35:46,2016-09-06 13:35:48,3,2.089,7.994,8.318868810142828,8.608777225831268,0.043469512554328286,7.991510147559808,True,0.9523777660920629,8.815765617384276,7.371317590243804,Flight 01,20160906_flight01_airborne.tab,25.0,23.600011020943157,195.58672158199778,100.0,downstream wake,7.991510147559808,1.0259397625397373,197.309932474,10.608818171617886,-0.09371504433922961
20160906_flight01,3,14.4,8.583042176291574,54.774964090000005,7.63787115,88.762,2016-09-06 13:35:49,2016-09-06 13:35:51,3,2.222,7.963333333333334,8.456769359513123,8.617471128342135,0.043469512554328286,7.991510147559808,True,0.9960047499390712,8.815765617384276,7.371317590243804,Flight 01,20160906_flight01_airborne.tab,25.0,23.600011020943157,195.58672158199778,100.0,downstream wake,7.991510147559808,1.074020056010614,197.309932474,10.608818171617886,-0.09371504433922961
20160906_flight01,3,14.600000000000001,8.687389308647335,54.77521398,7.63491492,89.05199999999999,2016-09-06 13:35:52,2016-09-06 13:35:54,3,2.3363333333333336,8.211666666666668,8.47677751271083,8.626165030853,0.043469512554328286,7.991510147559808,True,1.0070975082873275,8.815765617384276,7.371317590243804,Flight 01,20160906_flight01_airborne.tab,25.0,23.600011020943157,195.58672158199778,100.0,downstream wake,7.991510147559808,1.0870773043190107,197.309932474,10.608818171617886,-0.09371504433922961
20160906_flight01,3,14.8,8.456769359513123,54.77547256,7.631959859999999,89.148,2016-09-06 13:35:55,2016-09-06 13:35:57,3,2.263666666666667,8.146666666666667,8.583042176291574,8.634858933363866,0.043469512554328286,7.991510147559808,True,0.979375508595441,8.815765617384276,7.371317590243804,Flight 01,20160906_flight01_airborne.tab,25.0,23.600011020943157,195.58672158199778,100.0,downstream wake,7.991510147559808,1.0582191855309577,197.309932474,10.608818171617886,-0.09371504433922961
20160906_flight01,3,15.0,8.47677751271083,54.7757369,7.6290068,89.387,2016-09-06 13:35:58,2016-09-06 13:36:00,3,2.1473333333333335,8.14,8.662305733171236,8.643552835874731,0.043469512554328286,7.991510147559808,True,0.9807052347187946,8.815765617384276,7.371317590243804,Flight 01,20160906_flight01_airborne.tab,25.0,23.600011020943157,195.58672158199778,100.0,downstream wake,7.991510147559808,1.0607228616607836,197.309932474,10.608818171617886,-0.09371504433922961
20160906_flight01,3,15.200000000000001,8.672283032742877,54.7760112,7.62605017,89.08,2016-09-06 13:36:01,2016-09-06 13:36:03,3,2.1653333333333333,8.329666666666666,8.662305733171236,8.652246738385598,0.043469512554328286,7.991510147559808,True,1.0023157331226338,8.815765617384276,7.371317590243804,Flight 01,20160906_flight01_airborne.tab,25.0,23.600011020943157,195.58672158199778,100.0,downstream wake,7.991510147559808,1.0851870137950013,197.309932474,10.608818171617886,-0.09371504433922961
20160906_flight01,3,15.4,8.662305733171236,54.77634548,7.622597125,88.99549999999999,2016-09-06 13:36:04,2016-09-06 13:36:07,4,2.14725,8.442,8.672283032742877,8.660940640896463,0.043469512554328286,7.991510147559808,True,1.000157614782432,8.815765617384276,7.371317590243804,Flight 01,20160906_flight01_airborne.tab,25.0,23.600011020943157,195.58672158199778,100.0,downstream wake,7.991510147559808,1.0839385264143415,197.309932474,10.608818171617886,-0.09371504433922961
20160906_flight01,3,15.600000000000001,9.006684739680855,54.77668826,7.61914365,89.23299999999999,2016-09-06 13:36:08,2016-09-06 13:36:10,3,2.565,8.524333333333333,8.740716732625534,8.669634543407328,0.043469512554328286,7.991510147559808,True,1.0388770939058591,8.815765617384276,7.371317590243804,Flight 01,20160906_flight01_airborne.tab,25.0,23.600011020943157,195.58672158199778,100.0,downstream wake,7.991510147559808,1.1270316339936113,197.309932474,10.608818171617886,-0.09371504433922961
20160906_flight01,3,15.8,8.740716732625534,54.7769857,7.6161862,89.42,2016-09-06 13:36:11,2016-09-06 13:36:13,3,2.3016666666666667,8.533333333333333,8.740716732625534,8.678328445918194,0.043469512554328286,7.991510147559808,True,1.0071889750539098,8.815765617384276,7.371317590243804,Flight 01,20160906_flight01_airborne.tab,25.0,23.600011020943157,195.58672158199778,100.0,downstream wake,7.991510147559808,1.093750313924646,197.309932474,10.608818171617886,-0.09371504433922961
20160906_flight01,3,16.0,8.790545432451845,54.777285819999996,7.613230049999999,89.579,2016-09-06 13:36:14,2016-09-06 13:36:16,3,2.315,8.574,8.740716732625534,8.68702234842906,0.043469512554328286,7.991510147559808,True,1.0119169814316762,8.815765617384276,7.371317590243804,Flight 01,20160906_flight01_airborne.tab,25.0,23.600011020943157,195.58672158199778,100.0,downstream wake,7.991510147559808,1.0999855183986746,197.309932474,10.608818171617886,-0.09371504433922961
20160906_flight01,3,16.2,8.665618789215229,54.77758834,7.61027292,89.27799999999999,2016-09-06 13:36:17,2016-09-06 13:36:19,3,2.433333333333333,8.341666666666667,8.665618789215229,8.695716250939926,0.043469512554328286,7.991510147559808,True,0.9965388174066232,8.815765617384276,7.371317590243804,Flight 01,20160906_flight01_airborne.tab,25.0,23.600011020943157,195.58672158199778,100.0,downstream wake,7.991510147559808,1.084353098376689,197.309932474,10.608818171617886,-0.09371504433922961
20160906_flight01,3,16.400000000000002,8.608586237007794,54.777889009999996,7.60731318,88.803,2016-09-06 13:36:20,2016-09-06 13:36:22,3,2.493,8.307333333333334,8.665618789215229,8.704410153450791,0.043469512554328286,7.991510147559808,True,0.9889913371780845,8.815765617384276,7.371317590243804,Flight 01,20160906_flight01_airborne.tab,25.0,23.600011020943157,195.58672158199778,100.0,downstream wake,7.991510147559808,1.0772164557203758,197.309932474,10.608818171617886,-0.09371504433922961
20160906_flight01,3,16.6,8.549756604722733,54.77817542,7.604352179999999,88.86,2016-09-06 13:36:23,2016-09-06 13:36:25,3,2.438,8.137333333333332,8.665618789215229,8.713104055961658,0.043469512554328286,7.991510147559808,True,0.9812526683728562,8.815765617384276,7.371317590243804,Flight 01,20160906_flight01_airborne.tab,25.0,23.600011020943157,195.58672158199778,100.0,downstream wake,7.991510147559808,1.0698549394113432,197.309932474,10.608818171617886,-0.09371504433922961
20160906_flight01,3,16.8,9.00124002568535,54.778450050000004,7.60139415,89.516,2016-09-06 13:36:26,2016-09-06 13:36:28,3,2.6489999999999996,8.636000000000001,8.816805227152294,8.721797958472523,0.043469512554328286,7.991510147559808,True,1.03203950246765,8.815765617384276,7.371317590243804,Flight 01,20160906_flight01_airborne.tab,25.0,23.600011020943157,195.58672158199778,100.0,downstream wake,7.991510147559808,1.1263503217140831,197.309932474,10.608818171617886,-0.09371504433922961
20160906_flight01,3,17.0,9.099659004600118,54.77872018,7.59843975,89.7,2016-09-06 13:36:29,2016-09-06 13:36:31,3,2.619666666666667,8.692,8.816805227152294,8.730491860983388,0.043469512554328286,7.991510147559808,True,1.0422848047389563,8.815765617384276,7.371317590243804,Flight 01,20160906_flight01_airborne.tab,25.0,23.600011020943157,195.58672158199778,100.0,downstream wake,7.991510147559808,1.1386657636139874,197.309932474,10.608818171617886,-0.09371504433922961
20160906_flight01,3,17.2,8.816805227152294,54.7790321,7.594993705,89.424,2016-09-06 13:36:32,2016-09-06 13:36:35,4,2.42275,8.4905,8.816805227152294,8.739185763494254,0.043469512554328286,7.991510147559808,True,1.0088817729429984,8.815765617384276,7.371317590243804,Flight 01,20160906_flight01_airborne.tab,25.0,23.600011020943157,195.58672158199778,100.0,downstream wake,7.991510147559808,1.1032714799022671,197.309932474,10.608818171617886,-0.09371504433922961
20160906_flight01,3,17.400000000000002,8.472762064403792,54.77933919,7.5915431,89.2,2016-09-06 13:36:36,2016-09-06 13:36:38,3,2.6163333333333334,8.125,8.544625913403113,8.747879666005119,0.043469512554328286,7.991510147559808,True,0.9685503673912601,8.815765617384276,7.371317590243804,Flight 01,20160906_flight01_airborne.tab,25.0,23.600011020943157,195.58672158199778,100.0,downstream wake,7.991510147559808,1.060220397391466,197.309932474,10.608818171617886,-0.09371504433922961
20160906_flight01,3,17.6,8.291344703966903,54.77960474,7.58858655,89.178,2016-09-06 13:36:39,2016-09-06 13:36:41,3,2.4579999999999997,8.067333333333332,8.544625913403113,8.756573568515986,0.043469512554328286,7.991510147559808,True,0.9468709009398608,8.815765617384276,7.371317590243804,Flight 01,20160906_flight01_airborne.tab,25.0,23.600011020943157,195.58672158199778,100.0,downstream wake,7.991510147559808,1.037519136041972,197.309932474,10.608818171617886,-0.09371504433922961
20160906_flight01,3,17.8,8.544625913403113,54.77988506,7.585632,89.1,2016-09-06 13:36:42,2016-09-06 13:36:44,3,2.6136666666666666,8.28,8.544625913403113,8.765267471026851,0.043469512554328286,7.991510147559808,True,0.9748277438933772,8.815765617384276,7.371317590243804,Flight 01,20160906_flight01_airborne.tab,25.0,23.600011020943157,195.58672158199778,100.0,downstream wake,7.991510147559808,1.0692129216669015,197.309932474,10.608818171617886,-0.09371504433922961
20160906_flight01,3,18.0,8.849201376395499,54.7801825,7.5826791600000005,89.2,2016-09-06 13:36:45,2016-09-06 13:36:47,3,2.4613333333333336,8.484333333333334,8.849201376395499,8.773961373537716,0.043469512554328286,7.991510147559808,True,1.0085753742983992,8.815765617384276,7.371317590243804,Flight 01,20160906_flight01_airborne.tab,25.0,23.600011020943157,195.58672158199778,100.0,downstream wake,7.991510147559808,1.1073253006001107,197.309932474,10.608818171617886,-0.09371504433922961
20160906_flight01,3,18.2,9.093393316028951,54.7804825,7.57972654,89.0,2016-09-06 13:36:48,2016-09-06 13:36:50,3,2.6779999999999995,8.740333333333334,8.905171194311764,8.782655276048581,0.043469512554328286,7.991510147559808,True,1.0353808763083066,8.815765617384276,7.371317590243804,Flight 01,20160906_flight01_airborne.tab,25.0,23.600011020943157,195.58672158199778,100.0,downstream wake,7.991510147559808,1.1378817204912892,197.309932474,10.608818171617886,-0.09371504433922961
20160906_flight01,3,18.400000000000002,8.905171194311764,54.7807845,7.576775250000001,88.8,2016-09-06 13:36:51,2016-09-06 13:36:53,3,2.5559999999999996,8.488333333333333,8.905171194311764,8.791349178559448,0.043469512554328286,7.991510147559808,True,1.0129470475396323,8.815765617384276,7.371317590243804,Flight 01,20160906_flight01_airborne.tab,25.0,23.600011020943157,195.58672158199778,100.0,downstream wake,7.991510147559808,1.1143289603443651,197.309932474,10.608818171617886,-0.09371504433922961
20160906_flight01,3,18.6,8.921129885523325,54.781125275,7.57333208,88.713,2016-09-06 13:36:54,2016-09-06 13:36:57,4,2.5155,8.56825,8.905171194311764,8.800043081070314,0.043469512554328286,7.991510147559808,True,1.0137597967802543,8.815765617384276,7.371317590243804,Flight 01,20160906_flight01_airborne.tab,25.0,23.600011020943157,195.58672158199778,100.0,downstream wake,7.991510147559808,1.1163259159781427,197.309932474,10.608818171617886,-0.09371504433922961
20160906_flight01,3,18.8,8.735775466436852,54.78144904,7.56988872,88.73200000000001,2016-09-06 13:36:58,2016-09-06 13:37:00,3,2.6156666666666664,8.373666666666667,8.905171194311764,8.808736983581179,0.043469512554328286,7.991510147559808,True,0.9917171420510884,8.815765617384276,7.371317590243804,Flight 01,20160906_flight01_airborne.tab,25.0,23.600011020943157,195.58672158199778,100.0,downstream wake,7.991510147559808,1.0931319994762572,197.309932474,10.608818171617886,-0.09371504433922961
20160906_flight01,3,19.0,8.805700199302722,54.781715860000006,7.5669378400000005,89.3,2016-09-06 13:37:01,2016-09-06 13:37:03,3,2.6936666666666667,8.452,8.805700199302722,8.817430886092044,0.043469512554328286,7.991510147559808,True,0.9986696026381306,8.815765617384276,7.371317590243804,Flight 01,20160906_flight01_airborne.tab,25.0,23.600011020943157,195.58672158199778,100.0,downstream wake,7.991510147559808,1.1018818767303356,197.309932474,10.608818171617886,-0.09371504433922961
20160906_flight01,3,19.200000000000003,8.998475093036596,54.78198620999999,7.563988460000001,89.3,2016-09-06 13:37:04,2016-09-06 13:37:06,3,2.401,8.67,8.735775466436852,8.826124788602911,0.043469512554328286,7.991510147559808,True,1.0195272906923136,8.815765617384276,7.371317590243804,Flight 01,20160906_flight01_airborne.tab,25.0,23.600011020943157,195.58672158199778,100.0,downstream wake,7.991510147559808,1.126004337964116,197.309932474,10.608818171617886,-0.09371504433922961
20160906_flight01,3,19.400000000000002,8.680284327140441,54.78226534,7.56103592,88.92200000000001,2016-09-06 13:37:07,2016-09-06 13:37:09,3,2.6519999999999997,8.238999999999999,8.805700199302722,8.834818691113776,0.043469512554328286,7.991510147559808,True,0.982508484964296,8.815765617384276,7.371317590243804,Flight 01,20160906_flight01_airborne.tab,25.0,23.600011020943157,195.58672158199778,100.0,downstream wake,7.991510147559808,1.0861882381255499,197.309932474,10.608818171617886,-0.09371504433922961
20160906_flight01,3,19.6,8.391780859865205,54.78254515,7.55808164,88.7,2016-09-06 13:37:10,2016-09-06 13:37:12,3,2.4953333333333334,8.131,8.977848795786215,8.843512593624641,0.043469512554328286,7.991510147559808,True,0.9489194221213534,8.815765617384276,7.371317590243804,Flight 01,20160906_flight01_airborne.tab,25.0,23.600011020943157,195.58672158199778,100.0,downstream wake,7.991510147559808,1.0500869929355743,197.309932474,10.608818171617886,-0.09371504433922961
20160906_flight01,3,19.8,8.977848795786215,54.782819870000004,7.5551283,88.8,2016-09-06 13:37:13,2016-09-06 13:37:15,3,2.961,8.464666666666666,8.977848795786215,8.852206496135507,0.043469512554328286,7.991510147559808,True,1.0141933313129963,8.815765617384276,7.371317590243804,Flight 01,20160906_flight01_airborne.tab,25.0,23.600011020943157,195.58672158199778,100.0,downstream wake,7.991510147559808,1.1234233117413464,197.309932474,10.608818171617886,-0.09371504433922961
20160906_flight01,3,20.0,9.115495049639378,54.783089280000006,7.552177299999999,89.302,2016-09-06 13:37:16,2016-09-06 13:37:18,3,3.0536666666666665,8.695666666666666,8.995117438873134,8.860900398646374,0.043469512554328286,7.991510147559808,True,1.0287323679918463,8.815765617384276,7.371317590243804,Flight 01,20160906_flight01_airborne.tab,25.0,23.600011020943157,195.58672158199778,100.0,downstream wake,7.991510147559808,1.140647372189445,197.309932474,10.608818171617886,-0.09371504433922961
20160906_flight01,3,20.200000000000003,8.995117438873134,54.783397175000005,7.548738215,89.8595,2016-09-06 13:37:19,2016-09-06 13:37:22,4,2.74,8.51875,9.115495049639378,8.869594301157239,0.043469512554328286,7.991510147559808,True,1.0141520720625878,8.815765617384276,7.371317590243804,Flight 01,20160906_flight01_airborne.tab,25.0,23.600011020943157,195.58672158199778,100.0,downstream wake,7.991510147559808,1.1255841853144335,197.309932474,10.608818171617886,-0.09371504433922961
20160906_flight01,3,20.400000000000002,9.147034328130621,54.783713209999995,7.54529546,89.02799999999999,2016-09-06 13:37:23,2016-09-06 13:37:25,3,2.985,8.586666666666666,9.147034328130621,8.878288203668104,0.043469512554328286,7.991510147559808,True,1.0302700383562096,8.815765617384276,7.371317590243804,Flight 01,20160906_flight01_airborne.tab,25.0,23.600011020943157,195.58672158199778,100.0,downstream wake,7.991510147559808,1.1445939702552528,197.309932474,10.608818171617886,-0.09371504433922961
20160906_flight01,3,20.6,9.472952074195245,54.78399517,7.54234319,88.853,2016-09-06 13:37:26,2016-09-06 13:37:28,3,3.269,8.909666666666666,9.187120386715305,8.88698210617897,0.043469512554328286,7.991510147559808,True,1.06593576548431,8.815765617384276,7.371317590243804,Flight 01,20160906_flight01_airborne.tab,25.0,23.600011020943157,195.58672158199778,100.0,downstream wake,7.991510147559808,1.185376968718208,197.309932474,10.608818171617886,-0.09371504433922961
20160906_flight01,3,20.8,9.187120386715305,54.78428271,7.5393940399999995,88.8,2016-09-06 13:37:29,2016-09-06 13:37:31,3,3.212666666666667,8.693666666666667,9.187120386715305,8.895676008689836,0.043469512554328286,7.991510147559808,True,1.032762476706747,8.815765617384276,7.371317590243804,Flight 01,20160906_flight01_airborne.tab,25.0,23.600011020943157,195.58672158199778,100.0,downstream wake,7.991510147559808,1.1496100508012963,197.309932474,10.608818171617886,-0.09371504433922961
20160906_flight01,3,21.0,9.259626828333852,54.784570290000005,7.536447419999999,88.8,2016-09-06 13:37:32,2016-09-06 13:37:34,3,2.975,8.815,9.259626828333852,8.904369911200702,0.043469512554328286,7.991510147559808,True,1.03989691810605,8.815765617384276,7.371317590243804,Flight 01,20160906_flight01_airborne.tab,25.0,23.600011020943157,195.58672158199778,100.0,downstream wake,7.991510147559808,1.1586829844871387,197.309932474,10.608818171617886,-0.09371504433922961
20160906_flight01,3,21.200000000000003,9.179498297837416,54.784857030000005,7.533501189999999,88.539,2016-09-06 13:37:35,2016-09-06 13:37:37,3,3.2143333333333337,8.588333333333333,9.187120386715305,8.913063813711567,0.043469512554328286,7.991510147559808,True,1.0298925812374389,8.815765617384276,7.371317590243804,Flight 01,20160906_flight01_airborne.tab,25.0,23.600011020943157,195.58672158199778,100.0,downstream wake,7.991510147559808,1.1486562775172546,197.309932474,10.608818171617886,-0.09371504433922961
20160906_flight01,3,21.400000000000002,9.63824901110155,54.785137940000006,7.53055703,88.5,2016-09-06 13:37:38,2016-09-06 13:37:40,3,3.0733333333333337,9.018666666666666,9.179498297837416,8.921757716222434,0.043469512554328286,7.991510147559808,True,1.080308311172396,8.815765617384276,7.371317590243804,Flight 01,20160906_flight01_airborne.tab,25.0,23.600011020943157,195.58672158199778,100.0,downstream wake,7.991510147559808,1.2060610364168243,197.309932474,10.608818171617886,-0.09371504433922961
20160906_flight01,3,21.6,9.055100139063274,54.785457195000006,7.527124475000001,88.471,2016-09-06 13:37:41,2016-09-06 13:37:44,4,2.72275,8.684249999999999,9.055100139063274,8.930451618733299,0.043469512554328286,7.991510147559808,True,1.0139576950474152,8.815765617384276,7.371317590243804,Flight 01,20160906_flight01_airborne.tab,25.0,23.600011020943157,195.58672158199778,100.0,downstream wake,7.991510147559808,1.133089988233104,197.309932474,10.608818171617886,-0.09371504433922961
20160906_flight01,3,21.8,8.918005438437453,54.78577064,7.52368787,87.94200000000001,2016-09-06 13:37:45,2016-09-06 13:37:47,3,2.767666666666667,8.395999999999999,8.972904602189862,8.939145521244164,0.043469512554328286,7.991510147559808,True,0.9976351114593144,8.815765617384276,7.371317590243804,Flight 01,20160906_flight01_airborne.tab,25.0,23.600011020943157,195.58672158199778,100.0,downstream wake,7.991510147559808,1.1159349451818625,197.309932474,10.608818171617886,-0.09371504433922961
20160906_flight01,3,22.0,8.822547704603245,54.78604311,7.52073982,87.7,2016-09-06 13:37:48,2016-09-06 13:37:50,3,2.843666666666666,8.372333333333332,8.972904602189862,8.94783942375503,0.043469512554328286,7.991510147559808,True,0.9859975449694419,8.815765617384276,7.371317590243804,Flight 01,20160906_flight01_airborne.tab,25.0,23.600011020943157,195.58672158199778,100.0,downstream wake,7.991510147559808,1.1039900521551853,197.309932474,10.608818171617886,-0.09371504433922961
20160906_flight01,3,22.200000000000003,8.972904602189862,54.78631617,7.517793950000001,87.68,2016-09-06 13:37:51,2016-09-06 13:37:53,3,2.608,8.639000000000001,8.972904602189862,8.956533326265895,0.043469512554328286,7.991510147559808,True,1.0018278585394147,8.815765617384276,7.371317590243804,Flight 01,20160906_flight01_airborne.tab,25.0,23.600011020943157,195.58672158199778,100.0,downstream wake,7.991510147559808,1.122804630978254,197.309932474,10.608818171617886,-0.09371504433922961
20160906_flight01,3,22.400000000000002,9.323534791054303,54.78658014,7.5148489,87.84899999999999,2016-09-06 13:37:54,2016-09-06 13:37:56,3,2.748666666666667,8.831666666666667,9.05332496931376,8.965227228776762,0.043469512554328286,7.991510147559808,True,1.039966367068471,8.815765617384276,7.371317590243804,Flight 01,20160906_flight01_airborne.tab,25.0,23.600011020943157,195.58672158199778,100.0,downstream wake,7.991510147559808,1.1666799664768275,197.309932474,10.608818171617886,-0.09371504433922961
20160906_flight01,3,22.6,9.141252922876602,54.78684585,7.5119032500000005,87.971,2016-09-06 13:37:57,2016-09-06 13:37:59,3,3.0736666666666665,8.58,9.141252922876602,8.973921131287627,0.043469512554328286,7.991510147559808,True,1.0186464522187042,8.815765617384276,7.371317590243804,Flight 01,20160906_flight01_airborne.tab,25.0,23.600011020943157,195.58672158199778,100.0,downstream wake,7.991510147559808,1.1438705268575384,197.309932474,10.608818171617886,-0.09371504433922961
20160906_flight01,3,22.8,9.05332496931376,54.78712241,7.50896359,88.459,2016-09-06 13:38:00,2016-09-06 13:38:02,3,2.6300000000000003,8.619666666666667,9.141252922876602,8.982615033798492,0.043469512554328286,7.991510147559808,True,1.0078718652919234,8.815765617384276,7.371317590243804,Flight 01,20160906_flight01_airborne.tab,25.0,23.600011020943157,195.58672158199778,100.0,downstream wake,7.991510147559808,1.1328678562809777,197.309932474,10.608818171617886,-0.09371504433922961
20160906_flight01,3,23.0,9.163776560818384,54.78745042,7.505538424999999,88.8245,2016-09-06 13:38:03,2016-09-06 13:38:06,4,2.806,8.67475,9.083859587201905,8.991308936309357,0.043469512554328286,7.991510147559808,True,1.0191815925501744,8.815765617384276,7.371317590243804,Flight 01,20160906_flight01_airborne.tab,25.0,23.600011020943157,195.58672158199778,100.0,downstream wake,7.991510147559808,1.1466889726238445,197.309932474,10.608818171617886,-0.09371504433922961
20160906_flight01,3,23.200000000000003,8.656573282771886,54.78777146,7.5021115499999995,88.56,2016-09-06 13:38:07,2016-09-06 13:38:09,3,2.5530000000000004,8.346333333333334,9.05332496931376,9.000002838820224,0.043469512554328286,7.991510147559808,True,0.9618411724753014,8.815765617384276,7.371317590243804,Flight 01,20160906_flight01_airborne.tab,25.0,23.600011020943157,195.58672158199778,100.0,downstream wake,7.991510147559808,1.0832212088744144,197.309932474,10.608818171617886,-0.09371504433922961
20160906_flight01,3,23.400000000000002,9.083859587201905,54.78804008,7.499170319999999,88.3,2016-09-06 13:38:10,2016-09-06 13:38:12,3,3.3189999999999995,8.251333333333333,8.96596994195274,9.00869674133109,0.043469512554328286,7.991510147559808,True,1.0083433650869804,8.815765617384276,7.371317590243804,Flight 01,20160906_flight01_airborne.tab,25.0,23.600011020943157,195.58672158199778,100.0,downstream wake,7.991510147559808,1.1366887383576236,197.309932474,10.608818171617886,-0.09371504433922961
20160906_flight01,3,23.6,8.845634912203872,54.78830548,7.496233,88.84299999999999,2016-09-06 13:38:13,2016-09-06 13:38:15,3,3.1493333333333333,8.177999999999999,8.96596994195274,9.017390643841955,0.043469512554328286,7.991510147559808,True,0.9809528345369649,8.815765617384276,7.371317590243804,Flight 01,20160906_flight01_airborne.tab,25.0,23.600011020943157,195.58672158199778,100.0,downstream wake,7.991510147559808,1.106879018968007,197.309932474,10.608818171617886,-0.09371504433922961
20160906_flight01,3,23.8,8.96596994195274,54.78857183,7.493300339999999,88.87200000000001,2016-09-06 13:38:16,2016-09-06 13:38:18,3,2.8976666666666664,8.291666666666666,8.96596994195274,9.02608454635282,0.043469512554328286,7.991510147559808,True,0.9933399023583962,8.815765617384276,7.371317590243804,Flight 01,20160906_flight01_airborne.tab,25.0,23.600011020943157,195.58672158199778,100.0,downstream wake,7.991510147559808,1.1219368775613057,197.309932474,10.608818171617886,-0.09371504433922961
20160906_flight01,3,24.0,9.098622423202318,54.788840840000006,7.49036614,88.07600000000001,2016-09-06 13:38:19,2016-09-06 13:38:21,3,2.8063333333333333,8.657333333333334,8.845634912203872,9.034778448863687,0.043469512554328286,7.991510147559808,True,1.0070664681707453,8.815765617384276,7.371317590243804,Flight 01,20160906_flight01_airborne.tab,25.0,23.600011020943157,195.58672158199778,100.0,downstream wake,7.991510147559808,1.13853605328657,197.309932474,10.608818171617886,-0.09371504433922961
20160906_flight01,3,24.200000000000003,8.776933006466438,54.789108459999994,7.48742621,87.03200000000001,2016-09-06 13:38:22,2016-09-06 13:38:24,3,2.5363333333333333,8.399666666666667,8.843651847511863,9.043472351374552,0.043469512554328286,7.991510147559808,True,0.9705268801018005,8.815765617384276,7.371317590243804,Flight 01,20160906_flight01_airborne.tab,25.0,23.600011020943157,195.58672158199778,100.0,downstream wake,7.991510147559808,1.0982821574901531,197.309932474,10.608818171617886,-0.09371504433922961
20160906_flight01,3,24.400000000000002,8.631387978335695,54.78942115,7.483991875000001,86.9745,2016-09-06 13:38:25,2016-09-06 13:38:28,4,2.65525,8.26475,8.776933006466438,9.052166253885417,0.043469512554328286,7.991510147559808,True,0.9535162894993103,8.815765617384276,7.371317590243804,Flight 01,20160906_flight01_airborne.tab,25.0,23.600011020943157,195.58672158199778,100.0,downstream wake,7.991510147559808,1.08006970134065,197.309932474,10.608818171617886,-0.09371504433922961
20160906_flight01,3,24.6,8.843651847511863,54.78974387,7.48056116,88.027,2016-09-06 13:38:29,2016-09-06 13:38:31,3,2.6950000000000003,8.445333333333332,8.776933006466438,9.060860156396284,0.043469512554328286,7.991510147559808,True,0.9760278488868313,8.815765617384276,7.371317590243804,Flight 01,20160906_flight01_airborne.tab,25.0,23.600011020943157,195.58672158199778,100.0,downstream wake,7.991510147559808,1.1066308725406868,197.309932474,10.608818171617886,-0.09371504433922961
20160906_flight01,3,24.8,8.765931439385092,54.7900304,7.47762729,88.235,2016-09-06 13:38:32,2016-09-06 13:38:34,3,2.6750000000000003,8.429,8.816047300236088,9.06955405890715,0.043469512554328286,7.991510147559808,True,0.9665228722878749,8.815765617384276,7.371317590243804,Flight 01,20160906_flight01_airborne.tab,25.0,23.600011020943157,195.58672158199778,100.0,downstream wake,7.991510147559808,1.0969055006533093,197.309932474,10.608818171617886,-0.09371504433922961
20160906_flight01,3,25.0,8.816047300236088,54.790317400000006,7.47469421,88.258,2016-09-06 13:38:35,2016-09-06 13:38:37,3,2.4676666666666667,8.292666666666667,8.816047300236088,9.078247961418015,0.043469512554328286,7.991510147559808,True,0.9711177021936102,8.815765617384276,7.371317590243804,Flight 01,20160906_flight01_airborne.tab,25.0,23.600011020943157,195.58672158199778,100.0,downstream wake,7.991510147559808,1.1031766383889345,197.309932474,10.608818171617886,-0.09371504433922961
20160906_flight01,3,25.200000000000003,8.834043355112085,54.79060157,7.4717562399999995,87.764,2016-09-06 13:38:38,2016-09-06 13:38:40,3,2.5686666666666667,8.413666666666666,8.815483934532466,9.08694186392888,0.043469512554328286,7.991510147559808,True,0.9721690187299767,8.815765617384276,7.371317590243804,Flight 01,20160906_flight01_airborne.tab,25.0,23.600011020943157,195.58672158199778,100.0,downstream wake,7.991510147559808,1.1054285350322108,197.309932474,10.608818171617886,-0.09371504433922961
20160906_flight01,3,25.400000000000002,8.815483934532466,54.79087693,7.46881209,87.083,2016-09-06 13:38:41,2016-09-06 13:38:43,3,2.800333333333333,8.31,8.815483934532466,9.095635766439745,0.043469512554328286,7.991510147559808,True,0.9691993128241835,8.815765617384276,7.371317590243804,Flight 01,20160906_flight01_airborne.tab,25.0,23.600011020943157,195.58672158199778,100.0,downstream wake,7.991510147559808,1.1031061428639062,197.309932474,10.608818171617886,-0.09371504433922961
20160906_flight01,3,25.6,8.559368317814112,54.79115139,7.46586802,87.14399999999999,2016-09-06 13:38:44,2016-09-06 13:38:46,3,2.4646666666666666,8.212,8.631992701572448,9.104329668950612,0.043469512554328286,7.991510147559808,True,0.9401426166502916,8.815765617384276,7.371317590243804,Flight 01,20160906_flight01_airborne.tab,25.0,23.600011020943157,195.58672158199778,100.0,downstream wake,7.991510147559808,1.0710576799339608,197.309932474,10.608818171617886,-0.09371504433922961
20160906_flight01,3,25.8,8.583970098422846,54.791474855000004,7.46243503,87.73499999999999,2016-09-06 13:38:47,2016-09-06 13:38:50,4,2.536,8.296,8.631992701572448,9.113023571461477,0.043469512554328286,7.991510147559808,True,0.9419453413140041,8.815765617384276,7.371317590243804,Flight 01,20160906_flight01_airborne.tab,25.0,23.600011020943157,195.58672158199778,100.0,downstream wake,7.991510147559808,1.0741361695003222,197.309932474,10.608818171617886,-0.09371504433922961
20160906_flight01,3,26.0,8.631992701572448,54.79179277,7.45900196,88.367,2016-09-06 13:38:51,2016-09-06 13:38:53,3,2.8019999999999996,8.277000000000001,8.631992701572448,9.121717473972343,0.043469512554328286,7.991510147559808,True,0.9463122187463862,8.815765617384276,7.371317590243804,Flight 01,20160906_flight01_airborne.tab,25.0,23.600011020943157,195.58672158199778,100.0,downstream wake,7.991510147559808,1.080145372049388,197.309932474,10.608818171617886,-0.09371504433922961
20160906_flight01,3,26.200000000000003,8.970748017863393,54.79205491,7.456061600000001,89.4,2016-09-06 13:38:54,2016-09-06 13:38:56,3,2.786,8.342666666666666,8.970748017863393,9.13041137648321,0.043469512554328286,7.991510147559808,True,0.9825130158942176,8.815765617384276,7.371317590243804,Flight 01,20160906_flight01_airborne.tab,25.0,23.600011020943157,195.58672158199778,100.0,downstream wake,7.991510147559808,1.122534771554109,197.309932474,10.608818171617886,-0.09371504433922961
20160906_flight01,3,26.400000000000002,9.18383667102154,54.79231126,7.4531247800000004,89.7,2016-09-06 13:38:57,2016-09-06 13:38:59,3,3.138333333333333,8.617333333333333,9.031310023659577,9.139105278994075,0.043469512554328286,7.991510147559808,True,1.0048945045124142,8.815765617384276,7.371317590243804,Flight 01,20160906_flight01_airborne.tab,25.0,23.600011020943157,195.58672158199778,100.0,downstream wake,7.991510147559808,1.1491991502789753,197.309932474,10.608818171617886,-0.09371504433922961
20160906_flight01,3,26.6,9.091872029455761,54.79248017,7.451168729999999,89.679,2016-09-06 13:39:00,2016-09-06 13:39:00,1,3.0189999999999997,8.576,9.091872029455761,9.14779918150494,0.043469512554328286,7.991510147559808,True,0.9938862724312693,8.815765617384276,7.371317590243804,Flight 01,20160906_flight01_airborne.tab,25.0,23.600011020943157,195.58672158199778,100.0,downstream wake,7.991510147559808,1.137691357650587,197.309932474,10.608818171617886,-0.09371504433922961
20160906_flight01,4,-14.8,6.737653938695997,54.812303195,8.129704364999998,92.17599999999999,2016-09-06 13:52:14,2016-09-06 13:52:15,2,0.8414999999999999,6.6825,7.364831634192326,7.384462626481006,0.030786697672877283,7.840105752039589,True,0.912409511632502,8.423697347364755,7.434251811715823,Flight 01,20160906_flight01_airborne.tab,35.0,32.69364014837774,193.67848882446287,100.0,downstream wake,7.840105752039589,0.8593830430084708,197.309932474,10.608818171617886,-0.09371504433922961
20160906_flight01,4,-14.600000000000001,7.364831634192326,54.81254253,8.12719061,91.51100000000001,2016-09-06 13:52:11,2016-09-06 13:52:13,3,0.8996666666666666,7.282,7.167298347397579,7.390619966015581,0.030786697672877283,7.840105752039589,True,0.9965106673131837,8.423697347364755,7.434251811715823,Flight 01,20160906_flight01_airborne.tab,35.0,32.69364014837774,193.67848882446287,100.0,downstream wake,7.840105752039589,0.9393791189967531,197.309932474,10.608818171617886,-0.09371504433922961
20160906_flight01,4,-14.4,7.4167909502695295,54.812834089999996,8.12416711,90.45300000000002,2016-09-06 13:52:08,2016-09-06 13:52:10,3,1.0083333333333335,7.427,7.364831634192326,7.396777305550157,0.030786697672877283,7.840105752039589,True,1.0027057249248745,8.423697347364755,7.434251811715823,Flight 01,20160906_flight01_airborne.tab,35.0,32.69364014837774,193.67848882446287,100.0,downstream wake,7.840105752039589,0.9460064933869119,197.309932474,10.608818171617886,-0.09371504433922961
20160906_flight01,4,-14.200000000000001,6.969765060602832,54.81310658,8.121127249999999,90.98899999999999,2016-09-06 13:52:05,2016-09-06 13:52:07,3,0.9266666666666667,6.987666666666667,7.364831634192326,7.402934645084732,0.030786697672877283,7.840105752039589,True,0.9414867744686212,8.423697347364755,7.434251811715823,Flight 01,20160906_flight01_airborne.tab,35.0,32.69364014837774,193.67848882446287,100.0,downstream wake,7.840105752039589,0.8889886541121795,197.309932474,10.608818171617886,-0.09371504433922961
20160906_flight01,4,-14.0,7.620367248368021,54.81335254,8.11808652,92.859,2016-09-06 13:52:02,2016-09-06 13:52:04,3,0.9486666666666667,7.463,7.4167909502695295,7.409091984619308,0.030786697672877283,7.840105752039589,True,1.0285156756303342,8.423697347364755,7.434251811715823,Flight 01,20160906_flight01_airborne.tab,35.0,32.69364014837774,193.67848882446287,100.0,downstream wake,7.840105752039589,0.971972507690422,197.309932474,10.608818171617886,-0.09371504433922961
20160906_flight01,4,-13.8,7.176018115919162,54.8135763,8.11504672,93.66,2016-09-06 13:51:59,2016-09-06 13:52:01,3,0.8636666666666667,7.158,7.378091148799939,7.4152493241538835,0.030786697672877283,7.840105752039589,True,0.9677379413992909,8.423697347364755,7.434251811715823,Flight 01,20160906_flight01_airborne.tab,35.0,32.69364014837774,193.67848882446287,100.0,downstream wake,7.840105752039589,0.9152960869248905,197.309932474,10.608818171617886,-0.09371504433922961
20160906_flight01,4,-13.600000000000001,7.705253402711684,54.813792080000006,8.11200849,93.204,2016-09-06 13:51:56,2016-09-06 13:51:58,3,0.9176666666666667,7.521333333333334,7.4244952016955335,7.421406663688458,0.030786697672877283,7.840105752039589,True,1.0382470267277004,8.423697347364755,7.434251811715823,Flight 01,20160906_flight01_airborne.tab,35.0,32.69364014837774,193.67848882446287,100.0,downstream wake,7.840105752039589,0.9827996772501668,197.309932474,10.608818171617886,-0.09371504433922961
20160906_flight01,4,-13.4,7.378091148799939,54.8140033,8.10896621,92.627,2016-09-06 13:51:53,2016-09-06 13:51:55,3,0.8366666666666666,7.381,7.4244952016955335,7.427564003223034,0.030786697672877283,7.840105752039589,True,0.9933392893818718,8.423697347364755,7.434251811715823,Flight 01,20160906_flight01_airborne.tab,35.0,32.69364014837774,193.67848882446287,100.0,downstream wake,7.840105752039589,0.9410703608022816,197.309932474,10.608818171617886,-0.09371504433922961
20160906_flight01,4,-13.200000000000001,7.4244952016955335,54.81422216,8.10592596,92.846,2016-09-06 13:51:50,2016-09-06 13:51:52,3,0.9626666666666667,7.346,7.4244952016955335,7.433721342757609,0.030786697672877283,7.840105752039589,True,0.9987588798884607,8.423697347364755,7.434251811715823,Flight 01,20160906_flight01_airborne.tab,35.0,32.69364014837774,193.67848882446287,100.0,downstream wake,7.840105752039589,0.9469891652627345,197.309932474,10.608818171617886,-0.09371504433922961
20160906_flight01,4,-13.0,7.474423924290085,54.81445725,8.10289003,92.574,2016-09-06 13:51:47,2016-09-06 13:51:49,3,0.7733333333333333,7.4510000000000005,7.378091148799939,7.439878682292185,0.030786697672877283,7.840105752039589,True,1.0046432534014462,8.423697347364755,7.434251811715823,Flight 01,20160906_flight01_airborne.tab,35.0,32.69364014837774,193.67848882446287,100.0,downstream wake,7.840105752039589,0.9533575388757515,197.309932474,10.608818171617886,-0.09371504433922961
20160906_flight01,4,-12.8,7.166395258426651,54.81470766,8.099857309999999,92.99700000000001,2016-09-06 13:51:44,2016-09-06 13:51:46,3,0.842,7.117666666666666,7.349114300376611,7.44603602182676,0.030786697672877283,7.840105752039589,True,0.9624443445370945,8.423697347364755,7.434251811715823,Flight 01,20160906_flight01_airborne.tab,35.0,32.69364014837774,193.67848882446287,100.0,downstream wake,7.840105752039589,0.9140686981884558,197.309932474,10.608818171617886,-0.09371504433922961
20160906_flight01,4,-12.600000000000001,7.079889052803017,54.814970300000006,8.0968308,93.417,2016-09-06 13:51:41,2016-09-06 13:51:43,3,0.7286666666666667,7.026666666666666,7.349114300376611,7.452193361361336,0.030786697672877283,7.840105752039589,True,0.9500409757899374,8.423697347364755,7.434251811715823,Flight 01,20160906_flight01_airborne.tab,35.0,32.69364014837774,193.67848882446287,100.0,downstream wake,7.840105752039589,0.9030348922221102,197.309932474,10.608818171617886,-0.09371504433922961
20160906_flight01,4,-12.4,7.349114300376611,54.81524274,8.09381147,93.681,2016-09-06 13:51:38,2016-09-06 13:51:40,3,0.9406666666666667,7.1419999999999995,7.166395258426651,7.458350700895911,0.030786697672877283,7.840105752039589,True,0.9853538128066063,8.423697347364755,7.434251811715823,Flight 01,20160906_flight01_airborne.tab,35.0,32.69364014837774,193.67848882446287,100.0,downstream wake,7.840105752039589,0.9373743840718924,197.309932474,10.608818171617886,-0.09371504433922961
20160906_flight01,4,-12.200000000000001,7.434251811715823,54.81551503,8.090795550000001,93.251,2016-09-06 13:51:35,2016-09-06 13:51:37,3,0.7166666666666667,7.473,7.349114300376611,7.464508040430487,0.030786697672877283,7.840105752039589,True,0.9959466546822932,8.423697347364755,7.434251811715823,Flight 01,20160906_flight01_airborne.tab,35.0,32.69364014837774,193.67848882446287,100.0,downstream wake,7.840105752039589,0.9482336140404505,197.309932474,10.608818171617886,-0.09371504433922961
20160906_flight01,4,-12.0,7.141159651140771,54.81583632500001,8.08727327,92.6255,2016-09-06 13:51:31,2016-09-06 13:51:34,4,0.8075,7.06975,7.349114300376611,7.470665379965062,0.030786697672877283,7.840105752039589,True,0.9558933894017038,8.423697347364755,7.434251811715823,Flight 01,20160906_flight01_airborne.tab,35.0,32.69364014837774,193.67848882446287,100.0,downstream wake,7.840105752039589,0.9108499141459936,197.309932474,10.608818171617886,-0.09371504433922961
20160906_flight01,4,-11.8,7.435806143250374,54.81615394000001,8.08375216,93.46300000000001,2016-09-06 13:51:28,2016-09-06 13:51:30,3,0.8193333333333334,7.378,7.434251811715823,7.476822719499638,0.030786697672877283,7.840105752039589,True,0.9945141702848869,8.423697347364755,7.434251811715823,Flight 01,20160906_flight01_airborne.tab,35.0,32.69364014837774,193.67848882446287,100.0,downstream wake,7.840105752039589,0.9484318679395316,197.309932474,10.608818171617886,-0.09371504433922961
20160906_flight01,4,-11.600000000000001,7.260777713165443,54.81641615,8.08073417,93.633,2016-09-06 13:51:25,2016-09-06 13:51:27,3,0.8056666666666668,7.2763333333333335,7.435806143250374,7.4829800590342135,0.030786697672877283,7.840105752039589,True,0.9703056343708273,8.423697347364755,7.434251811715823,Flight 01,20160906_flight01_airborne.tab,35.0,32.69364014837774,193.67848882446287,100.0,downstream wake,7.840105752039589,0.9261071142154639,197.309932474,10.608818171617886,-0.09371504433922961
20160906_flight01,4,-11.4,7.772806764612124,54.81666776,8.07771453,93.402,2016-09-06 13:51:22,2016-09-06 13:51:24,3,0.665,7.748666666666666,7.636361044371855,7.489137398568788,0.030786697672877283,7.840105752039589,True,1.037877441812931,8.423697347364755,7.434251811715823,Flight 01,20160906_flight01_airborne.tab,35.0,32.69364014837774,193.67848882446287,100.0,downstream wake,7.840105752039589,0.9914160612680566,197.309932474,10.608818171617886,-0.09371504433922961
20160906_flight01,4,-11.200000000000001,7.76743310238331,54.81690969,8.07468787,93.309,2016-09-06 13:51:19,2016-09-06 13:51:21,3,0.8113333333333334,7.599333333333334,7.76743310238331,7.495294738103364,0.030786697672877283,7.840105752039589,True,1.0363078936571357,8.423697347364755,7.434251811715823,Flight 01,20160906_flight01_airborne.tab,35.0,32.69364014837774,193.67848882446287,100.0,downstream wake,7.840105752039589,0.9907306544127452,197.309932474,10.608818171617886,-0.09371504433922961
20160906_flight01,4,-11.0,7.636361044371855,54.81714312,8.07165751,93.62899999999999,2016-09-06 13:51:16,2016-09-06 13:51:18,3,0.695,7.5566666666666675,7.76743310238331,7.501452077637939,0.030786697672877283,7.840105752039589,True,1.0179843802689992,8.423697347364755,7.434251811715823,Flight 01,20160906_flight01_airborne.tab,35.0,32.69364014837774,193.67848882446287,100.0,downstream wake,7.840105752039589,0.9740125051738325,197.309932474,10.608818171617886,-0.09371504433922961
20160906_flight01,4,-10.8,8.07753656754335,54.817368509999994,8.06862489,93.65,2016-09-06 13:51:13,2016-09-06 13:51:15,3,0.8243333333333333,7.959333333333333,7.717698361558322,7.507609417172515,0.030786697672877283,7.840105752039589,True,1.0759132659548343,8.423697347364755,7.434251811715823,Flight 01,20160906_flight01_airborne.tab,35.0,32.69364014837774,193.67848882446287,100.0,downstream wake,7.840105752039589,1.030284134297805,197.309932474,10.608818171617886,-0.09371504433922961
20160906_flight01,4,-10.600000000000001,7.686719066025504,54.81758774,8.06559178,93.8,2016-09-06 13:51:10,2016-09-06 13:51:12,3,0.884,7.556,7.717698361558322,7.51376675670709,0.030786697672877283,7.840105752039589,True,1.0230180567109073,8.423697347364755,7.434251811715823,Flight 01,20160906_flight01_airborne.tab,35.0,32.69364014837774,193.67848882446287,100.0,downstream wake,7.840105752039589,0.9804356355812953,197.309932474,10.608818171617886,-0.09371504433922961
20160906_flight01,4,-10.4,7.717698361558322,54.817812409999995,8.06256268,93.84700000000001,2016-09-06 13:51:07,2016-09-06 13:51:09,3,0.6446666666666667,7.632000000000001,7.717698361558322,7.519924096241666,0.030786697672877283,7.840105752039589,True,1.026300034785657,8.423697347364755,7.434251811715823,Flight 01,20160906_flight01_airborne.tab,35.0,32.69364014837774,193.67848882446287,100.0,downstream wake,7.840105752039589,0.984387023038634,197.309932474,10.608818171617886,-0.09371504433922961
20160906_flight01,4,-10.200000000000001,7.728674724685987,54.818038640000005,8.05953437,93.605,2016-09-06 13:51:04,2016-09-06 13:51:06,3,1.032,7.558,7.686719066025504,7.526081435776241,0.030786697672877283,7.840105752039589,True,1.0269188276314272,8.423697347364755,7.434251811715823,Flight 01,20160906_flight01_airborne.tab,35.0,32.69364014837774,193.67848882446287,100.0,downstream wake,7.840105752039589,0.9857870504712754,197.309932474,10.608818171617886,-0.09371504433922961
20160906_flight01,4,-10.0,7.6308055931205585,54.81826923,8.05650625,92.78,2016-09-06 13:51:01,2016-09-06 13:51:03,3,0.9953333333333333,7.570666666666667,7.6308055931205585,7.532238775310817,0.030786697672877283,7.840105752039589,True,1.0130859921930282,8.423697347364755,7.434251811715823,Flight 01,20160906_flight01_airborne.tab,35.0,32.69364014837774,193.67848882446287,100.0,downstream wake,7.840105752039589,0.9733039112559698,197.309932474,10.608818171617886,-0.09371504433922961
20160906_flight01,4,-9.8,7.154821101886476,54.818510530000005,8.05347907,92.654,2016-09-06 13:50:58,2016-09-06 13:51:00,3,0.9443333333333334,7.149,7.568791183307459,7.538396114845392,0.030786697672877283,7.840105752039589,False,0.9491171587277644,8.423697347364755,7.434251811715823,Flight 01,20160906_flight01_airborne.tab,35.0,32.69364014837774,193.67848882446287,100.0,downstream wake,7.840105752039589,0.9125924226245498,197.309932474,10.608818171617886,-0.09371504433922961
20160906_flight01,4,-9.600000000000001,7.513770890837701,54.818770750000006,8.05046239,93.846,2016-09-06 13:50:55,2016-09-06 13:50:57,3,0.8146666666666667,7.371666666666667,7.513770890837701,7.544553454379968,0.030786697672877283,7.840105752039589,False,0.9959198958919967,8.423697347364755,7.434251811715823,Flight 01,20160906_flight01_airborne.tab,35.0,32.69364014837774,193.67848882446287,100.0,downstream wake,7.840105752039589,0.958376216913019,197.309932474,10.608818171617886,-0.09371504433922961
20160906_flight01,4,-9.4,7.568791183307459,54.81908708499999,8.046954035,94.5165,2016-09-06 13:50:51,2016-09-06 13:50:54,4,0.6415,7.5465,7.513770890837701,7.5507107939145435,0.030786697672877283,7.840105752039589,False,1.0023945281293898,8.423697347364755,7.434251811715823,Flight 01,20160906_flight01_airborne.tab,35.0,32.69364014837774,193.67848882446287,100.0,downstream wake,7.840105752039589,0.9653940166991308,197.309932474,10.608818171617886,-0.09371504433922961
20160906_flight01,4,-9.200000000000001,7.3742954239710246,54.81941739,8.04345219,93.524,2016-09-06 13:50:48,2016-09-06 13:50:50,3,0.6413333333333333,7.296666666666667,7.513770890837701,7.556868133449118,0.030786697672877283,7.840105752039589,False,0.9758401620547051,8.423697347364755,7.434251811715823,Flight 01,20160906_flight01_airborne.tab,35.0,32.69364014837774,193.67848882446287,100.0,downstream wake,7.840105752039589,0.9405862187576507,197.309932474,10.608818171617886,-0.09371504433922961
20160906_flight01,4,-9.0,7.581007123067488,54.81970994,8.04044725,92.553,2016-09-06 13:50:45,2016-09-06 13:50:47,3,0.7476666666666666,7.547666666666667,7.451241842807144,7.563025472983694,0.030786697672877283,7.840105752039589,False,1.0023775736506544,8.423697347364755,7.434251811715823,Flight 01,20160906_flight01_airborne.tab,35.0,32.69364014837774,193.67848882446287,100.0,downstream wake,7.840105752039589,0.966952151263432,197.309932474,10.608818171617886,-0.09371504433922961
20160906_flight01,4,-8.8,7.451241842807144,54.82000388,8.03743859,92.42399999999999,2016-09-06 13:50:42,2016-09-06 13:50:44,3,0.48500000000000004,7.408333333333334,7.3925022827186195,7.569182812518269,0.030786697672877283,7.840105752039589,False,0.9844182691008507,8.423697347364755,7.434251811715823,Flight 01,20160906_flight01_airborne.tab,35.0,32.69364014837774,193.67848882446287,100.0,downstream wake,7.840105752039589,0.9504006806118294,197.309932474,10.608818171617886,-0.09371504433922961
20160906_flight01,4,-8.6,7.3925022827186195,54.82029335,8.03442988,92.743,2016-09-06 13:50:39,2016-09-06 13:50:41,3,0.6816666666666666,7.302666666666667,7.3925022827186195,7.575340152052845,0.030786697672877283,7.840105752039589,False,0.9758640713599273,8.423697347364755,7.434251811715823,Flight 01,20160906_flight01_airborne.tab,35.0,32.69364014837774,193.67848882446287,100.0,downstream wake,7.840105752039589,0.9429084908447152,197.309932474,10.608818171617886,-0.09371504433922961
20160906_flight01,4,-8.4,6.889394821027461,54.82057695,8.03141486,92.889,2016-09-06 13:50:36,2016-09-06 13:50:38,3,0.45166666666666666,7.035333333333334,7.390188427908993,7.58149749158742,0.030786697672877283,7.840105752039589,False,0.9087116138562428,8.423697347364755,7.434251811715823,Flight 01,20160906_flight01_airborne.tab,35.0,32.69364014837774,193.67848882446287,100.0,downstream wake,7.840105752039589,0.8787374863196453,197.309932474,10.608818171617886,-0.09371504433922961
20160906_flight01,4,-8.200000000000001,7.293834725300539,54.82085709,8.02840108,93.462,2016-09-06 13:50:33,2016-09-06 13:50:35,3,0.6916666666666668,7.245666666666666,7.293834725300539,7.587654831121996,0.030786697672877283,7.840105752039589,False,0.9612765587838411,8.423697347364755,7.434251811715823,Flight 01,20160906_flight01_airborne.tab,35.0,32.69364014837774,193.67848882446287,100.0,downstream wake,7.840105752039589,0.9303235129708628,197.309932474,10.608818171617886,-0.09371504433922961
20160906_flight01,4,-8.0,7.390188427908993,54.82112025000001,8.02538302,93.98299999999999,2016-09-06 13:50:30,2016-09-06 13:50:32,3,0.7476666666666666,7.333333333333333,7.161967955806561,7.593812170656571,0.030786697672877283,7.840105752039589,False,0.9731855702812343,8.423697347364755,7.434251811715823,Flight 01,20160906_flight01_airborne.tab,35.0,32.69364014837774,193.67848882446287,100.0,downstream wake,7.840105752039589,0.9426133602836223,197.309932474,10.608818171617886,-0.09371504433922961
20160906_flight01,4,-7.800000000000001,7.097713505066261,54.82135722,8.02235668,93.911,2016-09-06 13:50:27,2016-09-06 13:50:29,3,0.38633333333333336,6.980333333333333,7.161967955806561,7.599969510191147,0.030786697672877283,7.840105752039589,False,0.9339134184089308,8.423697347364755,7.434251811715823,Flight 01,20160906_flight01_airborne.tab,35.0,32.69364014837774,193.67848882446287,100.0,downstream wake,7.840105752039589,0.9053083886298096,197.309932474,10.608818171617886,-0.09371504433922961
20160906_flight01,4,-7.6000000000000005,7.161967955806561,54.82157128,8.01932068,93.49,2016-09-06 13:50:24,2016-09-06 13:50:26,3,0.7253333333333334,7.168333333333333,7.097713505066261,7.606126849725722,0.030786697672877283,7.840105752039589,False,0.9416051161524899,8.423697347364755,7.434251811715823,Flight 01,20160906_flight01_airborne.tab,35.0,32.69364014837774,193.67848882446287,100.0,downstream wake,7.840105752039589,0.9135039988387131,197.309932474,10.608818171617886,-0.09371504433922961
20160906_flight01,4,-7.4,6.655527927970853,54.82178421,8.01628277,93.34899999999999,2016-09-06 13:50:21,2016-09-06 13:50:23,3,0.4383333333333334,6.923333333333333,7.097713505066261,7.612284189260298,0.030786697672877283,7.840105752039589,False,0.8743141693738559,8.423697347364755,7.434251811715823,Flight 01,20160906_flight01_airborne.tab,35.0,32.69364014837774,193.67848882446287,100.0,downstream wake,7.840105752039589,0.8489079278349568,197.309932474,10.608818171617886,-0.09371504433922961
20160906_flight01,4,-7.2,6.990735726659962,54.82200668,8.01324986,93.6,2016-09-06 13:50:18,2016-09-06 13:50:20,3,0.9706666666666667,7.014666666666667,7.161967955806561,7.6184415287948735,0.030786697672877283,7.840105752039589,False,0.9176070591652614,8.423697347364755,7.434251811715823,Flight 01,20160906_flight01_airborne.tab,35.0,32.69364014837774,193.67848882446287,100.0,downstream wake,7.840105752039589,0.8916634478866992,197.309932474,10.608818171617886,-0.09371504433922961
20160906_flight01,4,-7.0,7.494422592835288,54.82224943999999,8.01023086,93.7,2016-09-06 13:50:15,2016-09-06 13:50:17,3,0.7933333333333333,7.47,7.058573864457323,7.624598868329448,0.030786697672877283,7.840105752039589,False,0.9829268033975036,8.423697347364755,7.434251811715823,Flight 01,20160906_flight01_airborne.tab,35.0,32.69364014837774,193.67848882446287,100.0,downstream wake,7.840105752039589,0.955908355048097,197.309932474,10.608818171617886,-0.09371504433922961
20160906_flight01,4,-6.800000000000001,7.295407998171869,54.822572519999994,8.006728379999998,93.1395,2016-09-06 13:50:11,2016-09-06 13:50:14,4,0.68175,7.268750000000001,7.058573864457323,7.6307562078640245,0.030786697672877283,7.840105752039589,False,0.9560530830028935,8.423697347364755,7.434251811715823,Flight 01,20160906_flight01_airborne.tab,35.0,32.69364014837774,193.67848882446287,100.0,downstream wake,7.840105752039589,0.9305241828241898,197.309932474,10.608818171617886,-0.09371504433922961
20160906_flight01,4,-6.6000000000000005,7.058573864457323,54.82292703,8.00323494,91.81299999999999,2016-09-06 13:50:08,2016-09-06 13:50:10,3,0.9156666666666666,6.961333333333333,7.059936685268502,7.636913547398599,0.030786697672877283,7.840105752039589,False,0.9242704949647781,8.423697347364755,7.434251811715823,Flight 01,20160906_flight01_airborne.tab,35.0,32.69364014837774,193.67848882446287,100.0,downstream wake,7.840105752039589,0.9003161548708762,197.309932474,10.608818171617886,-0.09371504433922961
20160906_flight01,4,-6.4,6.990530809602372,54.82324111,8.000239950000001,91.63,2016-09-06 13:50:05,2016-09-06 13:50:07,3,0.9010000000000001,6.887666666666667,7.058573864457323,7.643070886933175,0.030786697672877283,7.840105752039589,False,0.9146233121497794,8.423697347364755,7.434251811715823,Flight 01,20160906_flight01_airborne.tab,35.0,32.69364014837774,193.67848882446287,100.0,downstream wake,7.840105752039589,0.8916373108594611,197.309932474,10.608818171617886,-0.09371504433922961
20160906_flight01,4,-6.2,7.059936685268502,54.82355269,7.997242,91.611,2016-09-06 13:50:02,2016-09-06 13:50:04,3,0.5196666666666666,7.160333333333334,7.058573864457323,7.64922822646775,0.030786697672877283,7.840105752039589,False,0.9229606538395351,8.423697347364755,7.434251811715823,Flight 01,20160906_flight01_airborne.tab,35.0,32.69364014837774,193.67848882446287,100.0,downstream wake,7.840105752039589,0.9004899817112636,197.309932474,10.608818171617886,-0.09371504433922961
20160906_flight01,4,-6.0,6.953640844909952,54.82386196,7.99423685,91.436,2016-09-06 13:49:59,2016-09-06 13:50:01,3,0.668,7.136666666666667,7.059936685268502,7.655385566002326,0.030786697672877283,7.840105752039589,False,0.9083331969314737,8.423697347364755,7.434251811715823,Flight 01,20160906_flight01_airborne.tab,35.0,32.69364014837774,193.67848882446287,100.0,downstream wake,7.840105752039589,0.8869320216887349,197.309932474,10.608818171617886,-0.09371504433922961
20160906_flight01,4,-5.800000000000001,7.2522082843779385,54.824167939999995,7.9912265200000006,91.5,2016-09-06 13:49:56,2016-09-06 13:49:58,3,0.6336666666666667,7.242,7.059936685268502,7.661542905536901,0.030786697672877283,7.840105752039589,False,0.9465728214008772,8.423697347364755,7.434251811715823,Flight 01,20160906_flight01_airborne.tab,35.0,32.69364014837774,193.67848882446287,100.0,downstream wake,7.840105752039589,0.9250140895728721,197.309932474,10.608818171617886,-0.09371504433922961
20160906_flight01,4,-5.6000000000000005,7.148126607720375,54.82446274,7.9882099900000005,91.727,2016-09-06 13:49:53,2016-09-06 13:49:55,3,0.5503333333333333,7.169666666666667,7.025215299191904,7.667700245071477,0.030786697672877283,7.840105752039589,False,0.9322386607790171,8.423697347364755,7.434251811715823,Flight 01,20160906_flight01_airborne.tab,35.0,32.69364014837774,193.67848882446287,100.0,downstream wake,7.840105752039589,0.9117385445803206,197.309932474,10.608818171617886,-0.09371504433922961
20160906_flight01,4,-5.4,7.0150656447391855,54.82474644,7.985188399999999,92.337,2016-09-06 13:49:50,2016-09-06 13:49:52,3,0.906,7.062666666666668,7.148126607720375,7.673857584606052,0.030786697672877283,7.840105752039589,False,0.9141511381201002,8.423697347364755,7.434251811715823,Flight 01,20160906_flight01_airborne.tab,35.0,32.69364014837774,193.67848882446287,100.0,downstream wake,7.840105752039589,0.8947667119049038,197.309932474,10.608818171617886,-0.09371504433922961
20160906_flight01,4,-5.2,7.025215299191904,54.82502243,7.98216831,93.156,2016-09-06 13:49:47,2016-09-06 13:49:49,3,1.0293333333333334,6.918333333333333,7.148126607720375,7.680014924140628,0.030786697672877283,7.840105752039589,False,0.9147397978498077,8.423697347364755,7.434251811715823,Flight 01,20160906_flight01_airborne.tab,35.0,32.69364014837774,193.67848882446287,100.0,downstream wake,7.840105752039589,0.8960612932248149,197.309932474,10.608818171617886,-0.09371504433922961
20160906_flight01,4,-5.0,7.50998009318267,54.82528628,7.97914758,92.973,2016-09-06 13:49:44,2016-09-06 13:49:46,3,0.672,7.505333333333333,7.4165988161690395,7.6861722636752035,0.030786697672877283,7.840105752039589,False,0.9770767341079231,8.423697347364755,7.434251811715823,Flight 01,20160906_flight01_airborne.tab,35.0,32.69364014837774,193.67848882446287,100.0,downstream wake,7.840105752039589,0.9578927033259675,197.309932474,10.608818171617886,-0.09371504433922961
20160906_flight01,4,-4.800000000000001,7.48527100377802,54.82554253,7.97612247,92.63699999999999,2016-09-06 13:49:41,2016-09-06 13:49:43,3,0.7026666666666667,7.4319999999999995,7.4165988161690395,7.692329603209779,0.030786697672877283,7.840105752039589,False,0.9730824587462606,8.423697347364755,7.434251811715823,Flight 01,20160906_flight01_airborne.tab,35.0,32.69364014837774,193.67848882446287,100.0,downstream wake,7.840105752039589,0.9547410762706536,197.309932474,10.608818171617886,-0.09371504433922961
20160906_flight01,4,-4.6000000000000005,7.4165988161690395,54.8257954,7.9730946,92.641,2016-09-06 13:49:38,2016-09-06 13:49:40,3,0.731,7.382666666666666,7.4165988161690395,7.6984869427443545,0.030786697672877283,7.840105752039589,False,0.9633839573059239,8.423697347364755,7.434251811715823,Flight 01,20160906_flight01_airborne.tab,35.0,32.69364014837774,193.67848882446287,100.0,downstream wake,7.840105752039589,0.9459819868169029,197.309932474,10.608818171617886,-0.09371504433922961
20160906_flight01,4,-4.4,7.22381429717016,54.82605081,7.97006933,93.31,2016-09-06 13:49:35,2016-09-06 13:49:37,3,0.9043333333333333,7.183333333333334,7.28499890185304,7.704644282278929,0.030786697672877283,7.840105752039589,False,0.9375921888808414,8.423697347364755,7.434251811715823,Flight 01,20160906_flight01_airborne.tab,35.0,32.69364014837774,193.67848882446287,100.0,downstream wake,7.840105752039589,0.921392456382479,197.309932474,10.608818171617886,-0.09371504433922961
20160906_flight01,4,-4.2,7.28499890185304,54.82631507,7.96705159,94.26100000000001,2016-09-06 13:49:32,2016-09-06 13:49:34,3,0.745,6.999666666666667,7.28499890185304,7.710801621813505,0.030786697672877283,7.840105752039589,False,0.944778410748386,8.423697347364755,7.434251811715823,Flight 01,20160906_flight01_airborne.tab,35.0,32.69364014837774,193.67848882446287,100.0,downstream wake,7.840105752039589,0.9291965098758854,197.309932474,10.608818171617886,-0.09371504433922961
20160906_flight01,4,-4.0,7.266270912807307,54.826638,7.9635479700000005,94.6815,2016-09-06 13:49:28,2016-09-06 13:49:31,4,0.8345,7.19925,7.266270912807307,7.71695896134808,0.030786697672877283,7.840105752039589,False,0.9415977134518747,8.423697347364755,7.434251811715823,Flight 01,20160906_flight01_airborne.tab,35.0,32.69364014837774,193.67848882446287,100.0,downstream wake,7.840105752039589,0.9268077679841243,197.309932474,10.608818171617886,-0.09371504433922961
20160906_flight01,4,-3.8000000000000003,7.311418808959038,54.826962949999995,7.96004041,92.521,2016-09-06 13:49:25,2016-09-06 13:49:27,3,0.7173333333333334,7.255,7.266270912807307,7.723116300882656,0.030786697672877283,7.840105752039589,False,0.946692827624962,8.423697347364755,7.434251811715823,Flight 01,20160906_flight01_airborne.tab,35.0,32.69364014837774,193.67848882446287,100.0,downstream wake,7.840105752039589,0.9325663505313032,197.309932474,10.608818171617886,-0.09371504433922961
20160906_flight01,4,-3.6,6.98702025186703,54.8272385,7.95701848,91.669,2016-09-06 13:49:22,2016-09-06 13:49:24,3,0.566,6.836333333333333,7.13966399769625,7.729273640417231,0.030786697672877283,7.840105752039589,False,0.9039685456769345,8.423697347364755,7.434251811715823,Flight 01,20160906_flight01_airborne.tab,35.0,32.69364014837774,193.67848882446287,100.0,downstream wake,7.840105752039589,0.8911895416779766,197.309932474,10.608818171617886,-0.09371504433922961
20160906_flight01,4,-3.4000000000000004,7.13966399769625,54.82750391,7.95399076,92.21600000000001,2016-09-06 13:49:19,2016-09-06 13:49:21,3,1.1476666666666666,7.058,7.0424652643800805,7.735430979951807,0.030786697672877283,7.840105752039589,False,0.9229820570050166,8.423697347364755,7.434251811715823,Flight 01,20160906_flight01_airborne.tab,35.0,32.69364014837774,193.67848882446287,100.0,downstream wake,7.840105752039589,0.9106591445962166,197.309932474,10.608818171617886,-0.09371504433922961
20160906_flight01,4,-3.2,7.0424652643800805,54.82776784,7.95096692,92.59100000000001,2016-09-06 13:49:16,2016-09-06 13:49:18,3,0.9033333333333333,6.912,7.0424652643800805,7.741588319486382,0.030786697672877283,7.840105752039589,False,0.9096925558096991,8.423697347364755,7.434251811715823,Flight 01,20160906_flight01_airborne.tab,35.0,32.69364014837774,193.67848882446287,100.0,downstream wake,7.840105752039589,0.898261514208274,197.309932474,10.608818171617886,-0.09371504433922961
20160906_flight01,4,-3.0,6.922109866218536,54.82802652,7.947942090000001,92.81,2016-09-06 13:49:13,2016-09-06 13:49:15,3,0.9550000000000001,6.967666666666666,7.13966399769625,7.747745659020958,0.030786697672877283,7.840105752039589,False,0.8934353515023938,8.423697347364755,7.434251811715823,Flight 01,20160906_flight01_airborne.tab,35.0,32.69364014837774,193.67848882446287,100.0,downstream wake,7.840105752039589,0.8829102674307373,197.309932474,10.608818171617886,-0.09371504433922961
20160906_flight01,4,-2.8000000000000003,7.21195569869921,54.828279460000005,7.94491451,92.478,2016-09-06 13:49:10,2016-09-06 13:49:12,3,0.6023333333333333,7.153666666666667,7.136283416457056,7.753902998555533,0.030786697672877283,7.840105752039589,False,0.9301065153952426,8.423697347364755,7.434251811715823,Flight 01,20160906_flight01_airborne.tab,35.0,32.69364014837774,193.67848882446287,100.0,downstream wake,7.840105752039589,0.9198799004494338,197.309932474,10.608818171617886,-0.09371504433922961
20160906_flight01,4,-2.6,7.304453572992302,54.82853699,7.9418877199999995,92.55699999999999,2016-09-06 13:49:07,2016-09-06 13:49:09,3,1.0373333333333334,7.116666666666667,7.172240514650913,7.760060338090109,0.030786697672877283,7.840105752039589,False,0.9412882445177043,8.423697347364755,7.434251811715823,Flight 01,20160906_flight01_airborne.tab,35.0,32.69364014837774,193.67848882446287,100.0,downstream wake,7.840105752039589,0.931677939559943,197.309932474,10.608818171617886,-0.09371504433922961
20160906_flight01,4,-2.4000000000000004,7.136283416457056,54.82880727,7.93886746,92.6,2016-09-06 13:49:04,2016-09-06 13:49:06,3,1.0423333333333333,7.0873333333333335,7.172240514650913,7.7662176776246845,0.030786697672877283,7.840105752039589,False,0.9188878953286955,8.423697347364755,7.434251811715823,Flight 01,20160906_flight01_airborne.tab,35.0,32.69364014837774,193.67848882446287,100.0,downstream wake,7.840105752039589,0.9102279538258224,197.309932474,10.608818171617886,-0.09371504433922961
20160906_flight01,4,-2.2,7.172240514650913,54.8290926,7.93585211,92.06,2016-09-06 13:49:01,2016-09-06 13:49:03,3,0.51,7.033333333333334,7.136283416457056,7.772375017159259,0.030786697672877283,7.840105752039589,False,0.9227862138428197,8.423697347364755,7.434251811715823,Flight 01,20160906_flight01_airborne.tab,35.0,32.69364014837774,193.67848882446287,100.0,downstream wake,7.840105752039589,0.9148142565277347,197.309932474,10.608818171617886,-0.09371504433922961
20160906_flight01,4,-2.0,6.909488548365935,54.82939244999999,7.93284032,91.84899999999999,2016-09-06 13:48:58,2016-09-06 13:49:00,3,0.7643333333333334,6.894333333333333,7.030052133519352,7.778532356693835,0.030786697672877283,7.840105752039589,False,0.8882766351701241,8.423697347364755,7.434251811715823,Flight 01,20160906_flight01_airborne.tab,35.0,32.69364014837774,193.67848882446287,100.0,downstream wake,7.840105752039589,0.8813004271745244,197.309932474,10.608818171617886,-0.09371504433922961
20160906_flight01,4,-1.8,7.030052133519352,54.829712980000004,7.92983724,91.925,2016-09-06 13:48:55,2016-09-06 13:48:57,3,0.8356666666666667,7.005333333333333,7.030052133519352,7.78468969622841,0.030786697672877283,7.840105752039589,False,0.9030613175147275,8.423697347364755,7.434251811715823,Flight 01,20160906_flight01_airborne.tab,35.0,32.69364014837774,193.67848882446287,100.0,downstream wake,7.840105752039589,0.8966782280571276,197.309932474,10.608818171617886,-0.09371504433922961
20160906_flight01,4,-1.6,6.9560231454474035,54.83003824,7.92683753,92.25299999999999,2016-09-06 13:48:52,2016-09-06 13:48:54,3,0.8833333333333334,6.876,7.030052133519352,7.790847035762986,0.030786697672877283,7.840105752039589,False,0.8928455549847892,8.423697347364755,7.434251811715823,Flight 01,20160906_flight01_airborne.tab,35.0,32.69364014837774,193.67848882446287,100.0,downstream wake,7.840105752039589,0.8872358824544946,197.309932474,10.608818171617886,-0.09371504433922961
20160906_flight01,4,-1.4000000000000001,7.2653898037201,54.830365359999995,7.9238409999999995,92.035,2016-09-06 13:48:49,2016-09-06 13:48:51,3,1.1683333333333332,7.2123333333333335,7.2653898037201,7.797004375297561,0.030786697672877283,7.840105752039589,False,0.9318181001332101,8.423697347364755,7.434251811715823,Flight 01,20160906_flight01_airborne.tab,35.0,32.69364014837774,193.67848882446287,100.0,downstream wake,7.840105752039589,0.9266953831368948,197.309932474,10.608818171617886,-0.09371504433922961
20160906_flight01,4,-1.2000000000000002,7.346382647262529,54.83067689000001,7.92083263,90.95,2016-09-06 13:48:46,2016-09-06 13:48:48,3,1.0853333333333333,7.186333333333333,7.346382647262529,7.803161714832137,0.030786697672877283,7.840105752039589,False,0.941462309219945,8.423697347364755,7.434251811715823,Flight 01,20160906_flight01_airborne.tab,35.0,32.69364014837774,193.67848882446287,100.0,downstream wake,7.840105752039589,0.937025963629557,197.309932474,10.608818171617886,-0.09371504433922961
20160906_flight01,4,-1.0,7.541946300524819,54.83096306,7.9178054,90.5,2016-09-06 13:48:43,2016-09-06 13:48:45,3,1.2556666666666667,7.361666666666667,7.443429854576451,7.809319054366712,0.030786697672877283,7.840105752039589,False,0.9657623472699085,8.423697347364755,7.434251811715823,Flight 01,20160906_flight01_airborne.tab,35.0,32.69364014837774,193.67848882446287,100.0,downstream wake,7.840105752039589,0.9619699706936727,197.309932474,10.608818171617886,-0.09371504433922961
20160906_flight01,4,-0.8,7.545219986695191,54.831259555,7.914258279999999,91.71600000000001,2016-09-06 13:48:39,2016-09-06 13:48:42,4,1.28675,7.43175,7.443429854576451,7.815476393901288,0.030786697672877283,7.840105752039589,False,0.9654203539765038,8.423697347364755,7.434251811715823,Flight 01,20160906_flight01_airborne.tab,35.0,32.69364014837774,193.67848882446287,100.0,downstream wake,7.840105752039589,0.9623875270728734,197.309932474,10.608818171617886,-0.09371504433922961
20160906_flight01,4,-0.6000000000000001,7.443429854576451,54.83152521,7.9107068400000005,92.67,2016-09-06 13:48:36,2016-09-06 13:48:38,3,1.2493333333333334,7.364999999999999,7.443429854576451,7.821633733435863,0.030786697672877283,7.840105752039589,False,0.9516464345239448,8.423697347364755,7.434251811715823,Flight 01,20160906_flight01_airborne.tab,35.0,32.69364014837774,193.67848882446287,100.0,downstream wake,7.840105752039589,0.9494042669819927,197.309932474,10.608818171617886,-0.09371504433922961
20160906_flight01,4,-0.4,7.439705975372951,54.83174097,7.90766667,93.73700000000001,2016-09-06 13:48:33,2016-09-06 13:48:35,3,1.3086666666666666,7.367,7.439705975372951,7.827791072970439,0.030786697672877283,7.840105752039589,False,0.9504221441298356,8.423697347364755,7.434251811715823,Flight 01,20160906_flight01_airborne.tab,35.0,32.69364014837774,193.67848882446287,100.0,downstream wake,7.840105752039589,0.9489292887965861,197.309932474,10.608818171617886,-0.09371504433922961
20160906_flight01,4,-0.2,6.757470902638057,54.83194558,7.90463027,94.819,2016-09-06 13:48:30,2016-09-06 13:48:32,3,0.8983333333333334,6.807333333333333,7.2835591574449365,7.8339484125050145,0.030786697672877283,7.840105752039589,False,0.8625881288484591,8.423697347364755,7.434251811715823,Flight 01,20160906_flight01_airborne.tab,35.0,32.69364014837774,193.67848882446287,100.0,downstream wake,7.840105752039589,0.8619106828858927,197.309932474,10.608818171617886,-0.09371504433922961
20160906_flight01,4,0.0,7.2835591574449365,54.83215241,7.90160139,94.664,2016-09-06 13:48:27,2016-09-06 13:48:29,3,1.051,7.138999999999999,7.2835591574449365,7.840105752039589,0.030786697672877283,7.840105752039589,False,0.9290128714845628,8.423697347364755,7.434251811715823,Flight 01,20160906_flight01_airborne.tab,35.0,32.69364014837774,193.67848882446287,100.0,downstream wake,7.840105752039589,0.9290128714845628,197.309932474,10.608818171617886,-0.09371504433922961
20160906_flight01,4,0.2,7.059436946386022,54.83237206,7.89857606,93.036,2016-09-06 13:48:24,2016-09-06 13:48:26,3,0.6716666666666667,7.191333333333333,7.2835591574449365,7.846263091574165,0.030786697672877283,7.840105752039589,False,0.8997196326448589,8.423697347364755,7.434251811715823,Flight 01,20160906_flight01_airborne.tab,35.0,32.69364014837774,193.67848882446287,100.0,downstream wake,7.840105752039589,0.9004262403666586,197.309932474,10.608818171617886,-0.09371504433922961
20160906_flight01,4,0.4,7.644868213383407,54.83261132,7.895551,91.74600000000001,2016-09-06 13:48:21,2016-09-06 13:48:23,3,1.0123333333333333,7.538,7.3750179660798105,7.85242043110874,0.030786697672877283,7.840105752039589,False,0.9735683768404607,8.423697347364755,7.434251811715823,Flight 01,20160906_flight01_airborne.tab,35.0,32.69364014837774,193.67848882446287,100.0,downstream wake,7.840105752039589,0.9750975886255882,197.309932474,10.608818171617886,-0.09371504433922961
20160906_flight01,4,0.6000000000000001,7.3750179660798105,54.83286779,7.89252379,91.08699999999999,2016-09-06 13:48:18,2016-09-06 13:48:20,3,1.196,7.347666666666666,7.518943875305893,7.858577770643316,0.030786697672877283,7.840105752039589,False,0.9384672623117758,8.423697347364755,7.434251811715823,Flight 01,20160906_flight01_airborne.tab,35.0,32.69364014837774,193.67848882446287,100.0,downstream wake,7.840105752039589,0.9406783784977917,197.309932474,10.608818171617886,-0.09371504433922961
20160906_flight01,4,0.8,7.518943875305893,54.8331311,7.8894988999999995,91.402,2016-09-06 13:48:15,2016-09-06 13:48:17,3,0.9306666666666668,7.388000000000001,7.518943875305893,7.864735110177891,0.030786697672877283,7.840105752039589,False,0.9560326914984709,8.423697347364755,7.434251811715823,Flight 01,20160906_flight01_airborne.tab,35.0,32.69364014837774,193.67848882446287,100.0,downstream wake,7.840105752039589,0.9590360274604527,197.309932474,10.608818171617886,-0.09371504433922961
20160906_flight01,4,1.0,7.545816589342734,54.833397219999995,7.88647901,91.69,2016-09-06 13:48:12,2016-09-06 13:48:14,3,0.81,7.5006666666666675,7.518943875305893,7.870892449712467,0.030786697672877283,7.840105752039589,False,0.9586989833177547,8.423697347364755,7.434251811715823,Flight 01,20160906_flight01_airborne.tab,35.0,32.69364014837774,193.67848882446287,100.0,downstream wake,7.840105752039589,0.9624636233229001,197.309932474,10.608818171617886,-0.09371504433922961
20160906_flight01,4,1.2000000000000002,7.440459192818681,54.83367652,7.883464,91.171,2016-09-06 13:48:09,2016-09-06 13:48:11,3,0.9466666666666667,7.415666666666667,7.518943875305893,7.877049789247042,0.030786697672877283,7.840105752039589,False,0.9445743510439212,8.423697347364755,7.434251811715823,Flight 01,20160906_flight01_airborne.tab,35.0,32.69364014837774,193.67848882446287,100.0,downstream wake,7.840105752039589,0.9490253611544792,197.309932474,10.608818171617886,-0.09371504433922961
20160906_flight01,4,1.4000000000000001,7.546721142323995,54.83397514,7.880451410000001,90.741,2016-09-06 13:48:06,2016-09-06 13:48:08,3,0.781,7.451666666666667,7.4431608876874344,7.883207128781618,0.030786697672877283,7.840105752039589,False,0.9573161048592632,8.423697347364755,7.434251811715823,Flight 01,20160906_flight01_airborne.tab,35.0,32.69364014837774,193.67848882446287,100.0,downstream wake,7.840105752039589,0.9625789984224038,197.309932474,10.608818171617886,-0.09371504433922961
20160906_flight01,4,1.6,7.4431608876874344,54.83428353,7.8774415499999995,91.45700000000001,2016-09-06 13:48:03,2016-09-06 13:48:05,3,0.999,7.373333333333334,7.440459192818681,7.889364468316193,0.030786697672877283,7.840105752039589,False,0.9434423922965254,8.423697347364755,7.434251811715823,Flight 01,20160906_flight01_airborne.tab,35.0,32.69364014837774,193.67848882446287,100.0,downstream wake,7.840105752039589,0.949369960443596,197.309932474,10.608818171617886,-0.09371504433922961
20160906_flight01,4,1.8,7.019292556946176,54.83459877999999,7.87443666,91.29799999999999,2016-09-06 13:48:00,2016-09-06 13:48:02,3,0.577,7.033666666666666,7.439115068339781,7.895521807850769,0.030786697672877283,7.840105752039589,False,0.8890219959834282,8.423697347364755,7.434251811715823,Flight 01,20160906_flight01_airborne.tab,35.0,32.69364014837774,193.67848882446287,100.0,downstream wake,7.840105752039589,0.8953058515977441,197.309932474,10.608818171617886,-0.09371504433922961
20160906_flight01,4,2.0,7.2853326865681325,54.834970715,7.870931430000001,91.4,2016-09-06 13:47:56,2016-09-06 13:47:59,4,0.875,7.23075,7.439115068339781,7.9016791473853445,0.030786697672877283,7.840105752039589,False,0.9219980399962,8.423697347364755,7.434251811715823,Flight 01,20160906_flight01_airborne.tab,35.0,32.69364014837774,193.67848882446287,100.0,downstream wake,7.840105752039589,0.9292390838826207,197.309932474,10.608818171617886,-0.09371504433922961
20160906_flight01,4,2.2,7.439115068339781,54.835355529999994,7.867430000000001,91.493,2016-09-06 13:47:53,2016-09-06 13:47:55,3,0.7280000000000001,7.3406666666666665,7.322087407290356,7.90783648691992,0.030786697672877283,7.840105752039589,False,0.9407269713586726,8.423697347364755,7.434251811715823,Flight 01,20160906_flight01_airborne.tab,35.0,32.69364014837774,193.67848882446287,100.0,downstream wake,7.840105752039589,0.9488539190181853,197.309932474,10.608818171617886,-0.09371504433922961
20160906_flight01,4,2.4000000000000004,7.465676995423791,54.83569389,7.86443142,91.43700000000001,2016-09-06 13:47:50,2016-09-06 13:47:52,3,0.7506666666666666,7.434333333333334,7.322087407290356,7.913993826454495,0.030786697672877283,7.840105752039589,False,0.943351379737991,8.423697347364755,7.434251811715823,Flight 01,20160906_flight01_airborne.tab,35.0,32.69364014837774,193.67848882446287,100.0,downstream wake,7.840105752039589,0.9522418742223736,197.309932474,10.608818171617886,-0.09371504433922961
20160906_flight01,4,2.6,7.322087407290356,54.836024390000006,7.861424929999999,90.99600000000001,2016-09-06 13:47:47,2016-09-06 13:47:49,3,0.8063333333333333,7.260666666666666,7.322087407290356,7.92015116598907,0.030786697672877283,7.840105752039589,False,0.9244883404161607,8.423697347364755,7.434251811715823,Flight 01,20160906_flight01_airborne.tab,35.0,32.69364014837774,193.67848882446287,100.0,downstream wake,7.840105752039589,0.9339271227796294,197.309932474,10.608818171617886,-0.09371504433922961
20160906_flight01,4,2.8000000000000003,7.266122624894243,54.83633117,7.85840071,90.875,2016-09-06 13:47:44,2016-09-06 13:47:46,3,0.8006666666666667,7.231999999999999,7.28406823142123,7.926308505523646,0.030786697672877283,7.840105752039589,False,0.9167095401132399,8.423697347364755,7.434251811715823,Flight 01,20160906_flight01_airborne.tab,35.0,32.69364014837774,193.67848882446287,100.0,downstream wake,7.840105752039589,0.9267888539646261,197.309932474,10.608818171617886,-0.09371504433922961
20160906_flight01,4,3.0,7.266986514367561,54.836601019999996,7.8553566,91.163,2016-09-06 13:47:41,2016-09-06 13:47:43,3,0.773,7.325,7.28406823142123,7.932465845058221,0.030786697672877283,7.840105752039589,False,0.9161068772700431,8.423697347364755,7.434251811715823,Flight 01,20160906_flight01_airborne.tab,35.0,32.69364014837774,193.67848882446287,100.0,downstream wake,7.840105752039589,0.9268990424621592,197.309932474,10.608818171617886,-0.09371504433922961
20160906_flight01,4,3.2,7.28406823142123,54.836839309999995,7.85229858,91.848,2016-09-06 13:47:38,2016-09-06 13:47:40,3,1.0773333333333335,7.200333333333333,7.28406823142123,7.938623184592797,0.030786697672877283,7.840105752039589,False,0.9175480510975857,8.423697347364755,7.434251811715823,Flight 01,20160906_flight01_airborne.tab,35.0,32.69364014837774,193.67848882446287,100.0,downstream wake,7.840105752039589,0.9290778035138484,197.309932474,10.608818171617886,-0.09371504433922961
20160906_flight01,4,3.4000000000000004,7.405529353125272,54.83706862,7.84924071,92.241,2016-09-06 13:47:35,2016-09-06 13:47:37,3,1.0919999999999999,7.317,7.28406823142123,7.944780524127372,0.030786697672877283,7.840105752039589,False,0.9321251015853166,8.423697347364755,7.434251811715823,Flight 01,20160906_flight01_airborne.tab,35.0,32.69364014837774,193.67848882446287,100.0,downstream wake,7.840105752039589,0.9445700845551397,197.309932474,10.608818171617886,-0.09371504433922961
20160906_flight01,4,3.6,7.357487682626455,54.837300379999995,7.846185930000001,92.21600000000001,2016-09-06 13:47:32,2016-09-06 13:47:34,3,0.9036666666666667,7.148,7.28406823142123,7.950937863661948,0.030786697672877283,7.840105752039589,False,0.9253609836711554,8.423697347364755,7.434251811715823,Flight 01,20160906_flight01_airborne.tab,35.0,32.69364014837774,193.67848882446287,100.0,downstream wake,7.840105752039589,0.9384424031158531,197.309932474,10.608818171617886,-0.09371504433922961
20160906_flight01,4,3.8000000000000003,7.134386098326891,54.83754288,7.84313593,92.36300000000001,2016-09-06 13:47:29,2016-09-06 13:47:31,3,0.8543333333333333,6.993333333333332,7.2121728348674505,7.957095203196523,0.030786697672877283,7.840105752039589,False,0.8966068541521114,8.423697347364755,7.434251811715823,Flight 01,20160906_flight01_airborne.tab,35.0,32.69364014837774,193.67848882446287,100.0,downstream wake,7.840105752039589,0.9099859522265874,197.309932474,10.608818171617886,-0.09371504433922961
20160906_flight01,4,4.0,7.030658930711971,54.837799059999995,7.8400943299999994,93.124,2016-09-06 13:47:26,2016-09-06 13:47:28,3,1.1966666666666665,6.954999999999999,7.2121728348674505,7.963252542731099,0.030786697672877283,7.840105752039589,False,0.8828878517898564,8.423697347364755,7.434251811715823,Flight 01,20160906_flight01_airborne.tab,35.0,32.69364014837774,193.67848882446287,100.0,downstream wake,7.840105752039589,0.8967556246142417,197.309932474,10.608818171617886,-0.09371504433922961
20160906_flight01,4,4.2,7.2121728348674505,54.83807173,7.83706511,93.12,2016-09-06 13:47:23,2016-09-06 13:47:25,3,0.922,7.042999999999999,7.2121728348674505,7.9694098822656745,0.030786697672877283,7.840105752039589,False,0.9049820427628772,8.423697347364755,7.434251811715823,Flight 01,20160906_flight01_airborne.tab,35.0,32.69364014837774,193.67848882446287,100.0,downstream wake,7.840105752039589,0.919907596015681,197.309932474,10.608818171617886,-0.09371504433922961
20160906_flight01,4,4.4,7.521486289291499,54.838369730000004,7.834042950000001,91.661,2016-09-06 13:47:20,2016-09-06 13:47:22,3,0.7136666666666667,7.478666666666666,7.2121728348674505,7.97556722180025,0.030786697672877283,7.840105752039589,False,0.9430660014666322,8.423697347364755,7.434251811715823,Flight 01,20160906_flight01_airborne.tab,35.0,32.69364014837774,193.67848882446287,100.0,downstream wake,7.840105752039589,0.9593603105844328,197.309932474,10.608818171617886,-0.09371504433922961
20160906_flight01,4,4.6000000000000005,7.42671246245605,54.838697069999995,7.83102776,91.296,2016-09-06 13:47:17,2016-09-06 13:47:19,3,1.0450000000000002,7.360666666666667,7.317668617804443,7.9817245613348256,0.030786697672877283,7.840105752039589,False,0.9304646389869963,8.423697347364755,7.434251811715823,Flight 01,20160906_flight01_airborne.tab,35.0,32.69364014837774,193.67848882446287,100.0,downstream wake,7.840105752039589,0.9472719753204865,197.309932474,10.608818171617886,-0.09371504433922961
20160906_flight01,4,4.800000000000001,6.876636168941904,54.83904296,7.828022,91.6,2016-09-06 13:47:14,2016-09-06 13:47:16,3,1.074,6.84,7.317668617804443,7.9878819008694,0.030786697672877283,7.840105752039589,False,0.8608835551503901,8.423697347364755,7.434251811715823,Flight 01,20160906_flight01_airborne.tab,35.0,32.69364014837774,193.67848882446287,100.0,downstream wake,7.840105752039589,0.8771101291781632,197.309932474,10.608818171617886,-0.09371504433922961
20160906_flight01,4,5.0,7.317668617804443,54.83940015,7.825023,91.854,2016-09-06 13:47:11,2016-09-06 13:47:13,3,1.141,7.139666666666667,7.243755517685561,7.994039240403976,0.030786697672877283,7.840105752039589,False,0.9153906301609107,8.423697347364755,7.434251811715823,Flight 01,20160906_flight01_airborne.tab,35.0,32.69364014837774,193.67848882446287,100.0,downstream wake,7.840105752039589,0.9333635092741913,197.309932474,10.608818171617886,-0.09371504433922961
20160906_flight01,4,5.2,7.2378477463953335,54.83975633,7.82202491,92.046,2016-09-06 13:47:08,2016-09-06 13:47:10,3,1.1093333333333335,7.242,7.2378477463953335,8.000196579938551,0.030786697672877283,7.840105752039589,False,0.9047087373509173,8.423697347364755,7.434251811715823,Flight 01,20160906_flight01_airborne.tab,35.0,32.69364014837774,193.67848882446287,100.0,downstream wake,7.840105752039589,0.9231824130066639,197.309932474,10.608818171617886,-0.09371504433922961
20160906_flight01,4,5.4,7.243755517685561,54.84010731,7.819023069999999,91.573,2016-09-06 13:47:05,2016-09-06 13:47:07,3,0.9073333333333333,7.293,7.243755517685561,8.006353919473128,0.030786697672877283,7.840105752039589,False,0.904750850454816,8.423697347364755,7.434251811715823,Flight 01,20160906_flight01_airborne.tab,35.0,32.69364014837774,193.67848882446287,100.0,downstream wake,7.840105752039589,0.9239359450988415,197.309932474,10.608818171617886,-0.09371504433922961
20160906_flight01,4,5.6000000000000005,7.087366224487062,54.84044459,7.81600742,90.63699999999999,2016-09-06 13:47:02,2016-09-06 13:47:04,3,1.4346666666666668,7.075333333333333,7.2378477463953335,8.012511259007702,0.030786697672877283,7.840105752039589,False,0.8845374434287893,8.423697347364755,7.434251811715823,Flight 01,20160906_flight01_airborne.tab,35.0,32.69364014837774,193.67848882446287,100.0,downstream wake,7.840105752039589,0.9039886002358191,197.309932474,10.608818171617886,-0.09371504433922961
20160906_flight01,4,5.800000000000001,7.530738144431792,54.84076132,7.81297377,90.21600000000001,2016-09-06 13:46:59,2016-09-06 13:47:01,3,1.295,7.245666666666668,7.087366224487062,8.018668598542277,0.030786697672877283,7.840105752039589,False,0.9391506896544912,8.423697347364755,7.434251811715823,Flight 01,20160906_flight01_airborne.tab,35.0,32.69364014837774,193.67848882446287,100.0,downstream wake,7.840105752039589,0.9605403782305723,197.309932474,10.608818171617886,-0.09371504433922961
20160906_flight01,4,6.0,7.043578209972542,54.84106097,7.80992672,90.68799999999999,2016-09-06 13:46:56,2016-09-06 13:46:58,3,1.1103333333333334,6.9639999999999995,7.043578209972542,8.024825938076853,0.030786697672877283,7.840105752039589,False,0.8777234876275126,8.423697347364755,7.434251811715823,Flight 01,20160906_flight01_airborne.tab,35.0,32.69364014837774,193.67848882446287,100.0,downstream wake,7.840105752039589,0.8984034696394456,197.309932474,10.608818171617886,-0.09371504433922961
20160906_flight01,4,6.2,6.761170386848715,54.84136565,7.80688364,92.229,2016-09-06 13:46:53,2016-09-06 13:46:55,3,1.4736666666666665,6.640999999999999,6.773867891899636,8.030983277611428,0.030786697672877283,7.840105752039589,False,0.8418857508640735,8.423697347364755,7.434251811715823,Flight 01,20160906_flight01_airborne.tab,35.0,32.69364014837774,193.67848882446287,100.0,downstream wake,7.840105752039589,0.8623825495070406,197.309932474,10.608818171617886,-0.09371504433922961
20160906_flight01,4,6.4,6.773867891899636,54.841763115,7.803361219999999,92.96199999999999,2016-09-06 13:46:49,2016-09-06 13:46:52,4,0.669,6.7585,6.761170386848715,8.037140617146004,0.030786697672877283,7.840105752039589,False,0.8428206267100304,8.423697347364755,7.434251811715823,Flight 01,20160906_flight01_airborne.tab,35.0,32.69364014837774,193.67848882446287,100.0,downstream wake,7.840105752039589,0.8640021073870625,197.309932474,10.608818171617886,-0.09371504433922961
20160906_flight01,4,6.6000000000000005,6.736034219034223,54.842207959999996,7.799858,91.42299999999999,2016-09-06 13:46:46,2016-09-06 13:46:48,3,1.2216666666666667,6.590333333333334,6.761170386848715,8.04329795668058,0.030786697672877283,7.840105752039589,False,0.8374716758365798,8.423697347364755,7.434251811715823,Flight 01,20160906_flight01_airborne.tab,35.0,32.69364014837774,193.67848882446287,100.0,downstream wake,7.840105752039589,0.8591764488995389,197.309932474,10.608818171617886,-0.09371504433922961
20160906_flight01,4,6.800000000000001,6.570693722888018,54.84261241,7.7968569,89.385,2016-09-06 13:46:43,2016-09-06 13:46:45,3,1.6523333333333332,6.320666666666667,6.773867891899636,8.049455296215156,0.030786697672877283,7.840105752039589,False,0.8162904794287821,8.423697347364755,7.434251811715823,Flight 01,20160906_flight01_airborne.tab,35.0,32.69364014837774,193.67848882446287,100.0,downstream wake,7.840105752039589,0.8380873843670622,197.309932474,10.608818171617886,-0.09371504433922961
20160906_flight01,4,7.0,7.2753395109781644,54.84302277,7.793854,89.896,2016-09-06 13:46:40,2016-09-06 13:46:42,3,2.2906666666666666,6.864,7.2753395109781644,8.05561263574973,0.030786697672877283,7.840105752039589,False,0.9031391949870059,8.423697347364755,7.434251811715823,Flight 01,20160906_flight01_airborne.tab,35.0,32.69364014837774,193.67848882446287,100.0,downstream wake,7.840105752039589,0.9279644613321062,197.309932474,10.608818171617886,-0.09371504433922961
20160906_flight01,4,7.2,7.315799887913831,54.84342138,7.790852609999999,90.84700000000001,2016-09-06 13:46:37,2016-09-06 13:46:39,3,1.4513333333333334,7.079000000000001,7.315097060189974,8.061769975284307,0.030786697672877283,7.840105752039589,False,0.9074681999539228,8.423697347364755,7.434251811715823,Flight 01,20160906_flight01_airborne.tab,35.0,32.69364014837774,193.67848882446287,100.0,downstream wake,7.840105752039589,0.9331251540848973,197.309932474,10.608818171617886,-0.09371504433922961
20160906_flight01,4,7.4,7.345732366483277,54.84380583,7.78784129,90.492,2016-09-06 13:46:34,2016-09-06 13:46:36,3,0.7933333333333333,7.315,7.315799887913831,8.067927314818881,0.030786697672877283,7.840105752039589,False,0.9104856897992745,8.423697347364755,7.434251811715823,Flight 01,20160906_flight01_airborne.tab,35.0,32.69364014837774,193.67848882446287,100.0,downstream wake,7.840105752039589,0.9369430207714097,197.309932474,10.608818171617886,-0.09371504433922961
20160906_flight01,4,7.6000000000000005,7.315097060189974,54.84417466,7.784812540000001,89.95100000000001,2016-09-06 13:46:31,2016-09-06 13:46:33,3,1.3259999999999998,7.0120000000000005,7.345732366483277,8.074084654353458,0.030786697672877283,7.840105752039589,False,0.9059970725283086,8.423697347364755,7.434251811715823,Flight 01,20160906_flight01_airborne.tab,35.0,32.69364014837774,193.67848882446287,100.0,downstream wake,7.840105752039589,0.9330355089007524,197.309932474,10.608818171617886,-0.09371504433922961
20160906_flight01,4,7.800000000000001,7.785123826889332,54.84453275,7.781771539999999,89.928,2016-09-06 13:46:28,2016-09-06 13:46:30,3,1.7583333333333335,7.731000000000001,7.785123826889332,8.080241993888032,0.030786697672877283,7.840105752039589,False,0.9634765682485833,8.423697347364755,7.434251811715823,Flight 01,20160906_flight01_airborne.tab,35.0,32.69364014837774,193.67848882446287,100.0,downstream wake,7.840105752039589,0.9929870939386304,197.309932474,10.608818171617886,-0.09371504433922961
20160906_flight01,4,8.0,8.530205214413074,54.8448869,7.77872928,91.226,2016-09-06 13:46:25,2016-09-06 13:46:27,3,2.2103333333333333,8.322000000000001,7.788563988310041,8.086399333422609,0.030786697672877283,7.840105752039589,False,1.0548830032615546,8.423697347364755,7.434251811715823,Flight 01,20160906_flight01_airborne.tab,35.0,32.69364014837774,193.67848882446287,100.0,downstream wake,7.840105752039589,1.0880217033034225,197.309932474,10.608818171617886,-0.09371504433922961
20160906_flight01,4,8.200000000000001,8.125389959872695,54.845248940000005,7.77569966,92.40700000000001,2016-09-06 13:46:22,2016-09-06 13:46:24,3,1.9526666666666668,8.027,7.9583468760792275,8.092556672957183,0.030786697672877283,7.840105752039589,False,1.0040572205104514,8.423697347364755,7.434251811715823,Flight 01,20160906_flight01_airborne.tab,35.0,32.69364014837774,193.67848882446287,100.0,downstream wake,7.840105752039589,1.0363878009883847,197.309932474,10.608818171617886,-0.09371504433922961
20160906_flight01,4,8.4,7.788563988310041,54.84560844,7.77267704,92.74600000000001,2016-09-06 13:46:19,2016-09-06 13:46:21,3,1.8376666666666666,7.392,8.01288293936708,8.098714012491758,0.030786697672877283,7.840105752039589,False,0.9617037935031005,8.423697347364755,7.434251811715823,Flight 01,20160906_flight01_airborne.tab,35.0,32.69364014837774,193.67848882446287,100.0,downstream wake,7.840105752039589,0.9934258841194661,197.309932474,10.608818171617886,-0.09371504433922961
20160906_flight01,4,8.6,7.9583468760792275,54.84596047,7.769654849999999,92.786,2016-09-06 13:46:16,2016-09-06 13:46:18,3,1.7596666666666667,7.763000000000001,7.9583468760792275,8.104871352026334,0.030786697672877283,7.840105752039589,False,0.981921431003285,8.423697347364755,7.434251811715823,Flight 01,20160906_flight01_airborne.tab,35.0,32.69364014837774,193.67848882446287,100.0,downstream wake,7.840105752039589,1.0150815725934408,197.309932474,10.608818171617886,-0.09371504433922961
20160906_flight01,4,8.8,8.01288293936708,54.84630832,7.76662944,92.271,2016-09-06 13:46:13,2016-09-06 13:46:15,3,1.6833333333333333,7.862666666666667,7.9583468760792275,8.111028691560909,0.030786697672877283,7.840105752039589,False,0.9878997158158317,8.423697347364755,7.434251811715823,Flight 01,20160906_flight01_airborne.tab,35.0,32.69364014837774,193.67848882446287,100.0,downstream wake,7.840105752039589,1.022037609286398,197.309932474,10.608818171617886,-0.09371504433922961
20160906_flight01,4,9.0,7.862861056892713,54.84665143,7.76359879,92.125,2016-09-06 13:46:10,2016-09-06 13:46:12,3,1.744,7.775666666666666,8.01288293936708,8.117186031095486,0.030786697672877283,7.840105752039589,False,0.9686683324456901,8.423697347364755,7.434251811715823,Flight 01,20160906_flight01_airborne.tab,35.0,32.69364014837774,193.67848882446287,100.0,downstream wake,7.840105752039589,1.002902423203565,197.309932474,10.608818171617886,-0.09371504433922961
20160906_flight01,4,9.200000000000001,8.161887036709096,54.84698985,7.76056274,92.544,2016-09-06 13:46:07,2016-09-06 13:46:09,3,1.8806666666666665,7.9526666666666666,8.161887036709096,8.12334337063006,0.030786697672877283,7.840105752039589,False,1.0047448032565496,8.423697347364755,7.434251811715823,Flight 01,20160906_flight01_airborne.tab,35.0,32.69364014837774,193.67848882446287,100.0,downstream wake,7.840105752039589,1.0410429775881271,197.309932474,10.608818171617886,-0.09371504433922961
20160906_flight01,4,9.4,8.48852083698921,54.84732021,7.75752348,93.005,2016-09-06 13:46:04,2016-09-06 13:46:06,3,2.0593333333333335,8.188666666666668,8.161887036709096,8.129500710164637,0.030786697672877283,7.840105752039589,False,1.0441626293698056,8.423697347364755,7.434251811715823,Flight 01,20160906_flight01_airborne.tab,35.0,32.69364014837774,193.67848882446287,100.0,downstream wake,7.840105752039589,1.0827048901452556,197.309932474,10.608818171617886,-0.09371504433922961
20160906_flight01,4,9.600000000000001,8.240008373782153,54.84764123,7.75448082,93.197,2016-09-06 13:46:01,2016-09-06 13:46:03,3,2.231666666666667,7.97,8.161887036709096,8.135658049699211,0.030786697672877283,7.840105752039589,False,1.012826291794159,8.423697347364755,7.434251811715823,Flight 01,20160906_flight01_airborne.tab,35.0,32.69364014837774,193.67848882446287,100.0,downstream wake,7.840105752039589,1.0510072994408948,197.309932474,10.608818171617886,-0.09371504433922961
20160906_flight01,4,9.8,8.078733192772244,54.84795226999999,7.7514345,92.324,2016-09-06 13:45:58,2016-09-06 13:46:00,3,2.034333333333333,7.773666666666667,8.21899385569791,8.141815389233788,0.030786697672877283,7.840105752039589,False,0.992252072363989,8.423697347364755,7.434251811715823,Flight 01,20160906_flight01_airborne.tab,35.0,32.69364014837774,193.67848882446287,100.0,downstream wake,7.840105752039589,1.0304367630080216,197.309932474,10.608818171617886,-0.09371504433922961
20160906_flight01,4,10.0,7.7362746202548935,54.84826299,7.7483841700000005,91.645,2016-09-06 13:45:55,2016-09-06 13:45:57,3,1.9213333333333333,7.513999999999999,8.21899385569791,8.147972728768362,0.030786697672877283,7.840105752039589,True,0.9494723261579079,8.423697347364755,7.434251811715823,Flight 01,20160906_flight01_airborne.tab,35.0,32.69364014837774,193.67848882446287,100.0,downstream wake,7.840105752039589,0.9867564118305823,197.309932474,10.608818171617886,-0.09371504433922961
20160906_flight01,4,10.200000000000001,8.21899385569791,54.84858573,7.74533863,91.93299999999999,2016-09-06 13:45:52,2016-09-06 13:45:54,3,2.2986666666666666,7.846,8.21899385569791,8.154130068302939,0.030786697672877283,7.840105752039589,True,1.0079547158129243,8.423697347364755,7.434251811715823,Flight 01,20160906_flight01_airborne.tab,35.0,32.69364014837774,193.67848882446287,100.0,downstream wake,7.840105752039589,1.0483269123710166,197.309932474,10.608818171617886,-0.09371504433922961
20160906_flight01,4,10.4,8.225861717777658,54.848923459999995,7.74230471,92.65899999999999,2016-09-06 13:45:49,2016-09-06 13:45:51,3,2.2676666666666665,7.858333333333333,8.225861717777658,8.160287407837513,0.030786697672877283,7.840105752039589,True,1.0080357843618553,8.423697347364755,7.434251811715823,Flight 01,20160906_flight01_airborne.tab,35.0,32.69364014837774,193.67848882446287,100.0,downstream wake,7.840105752039589,1.0492029033712607,197.309932474,10.608818171617886,-0.09371504433922961
20160906_flight01,4,10.600000000000001,8.256909651921838,54.849267929999996,7.73927696,92.86399999999999,2016-09-06 13:45:46,2016-09-06 13:45:48,3,2.0046666666666666,7.761333333333333,8.225861717777658,8.166444747372088,0.030786697672877283,7.840105752039589,True,1.0110776362723646,8.423697347364755,7.434251811715823,Flight 01,20160906_flight01_airborne.tab,35.0,32.69364014837774,193.67848882446287,100.0,downstream wake,7.840105752039589,1.0531630456354262,197.309932474,10.608818171617886,-0.09371504433922961
20160906_flight01,4,10.8,8.329136870048421,54.84961729,7.736251859999999,92.816,2016-09-06 13:45:43,2016-09-06 13:45:45,3,2.1096666666666666,8.026000000000002,8.225861717777658,8.172602086906664,0.030786697672877283,7.840105752039589,True,1.0191536038922708,8.423697347364755,7.434251811715823,Flight 01,20160906_flight01_airborne.tab,35.0,32.69364014837774,193.67848882446287,100.0,downstream wake,7.840105752039589,1.0623755767429044,197.309932474,10.608818171617886,-0.09371504433922961
20160906_flight01,4,11.0,8.106729858580463,54.84996763,7.73322581,92.75299999999999,2016-09-06 13:45:40,2016-09-06 13:45:42,3,2.1033333333333335,7.8613333333333335,8.106729858580463,8.178759426441239,0.030786697672877283,7.840105752039589,True,0.991193093707108,8.423697347364755,7.434251811715823,Flight 01,20160906_flight01_airborne.tab,35.0,32.69364014837774,193.67848882446287,100.0,downstream wake,7.840105752039589,1.0340077181320562,197.309932474,10.608818171617886,-0.09371504433922961
20160906_flight01,4,11.200000000000001,8.065228577046033,54.85030969,7.730196660000001,92.79799999999999,2016-09-06 13:45:37,2016-09-06 13:45:39,3,2.0476666666666667,7.793333333333333,8.106729858580463,8.184916765975816,0.030786697672877283,7.840105752039589,True,0.9853769815439886,8.423697347364755,7.434251811715823,Flight 01,20160906_flight01_airborne.tab,35.0,32.69364014837774,193.67848882446287,100.0,downstream wake,7.840105752039589,1.0287142587264055,197.309932474,10.608818171617886,-0.09371504433922961
20160906_flight01,4,11.4,8.0839575703983,54.85064441,7.72716229,93.03,2016-09-06 13:45:34,2016-09-06 13:45:36,3,2.023,7.908333333333334,8.106729858580463,8.19107410551039,0.030786697672877283,7.840105752039589,True,0.9869227730414466,8.423697347364755,7.434251811715823,Flight 01,20160906_flight01_airborne.tab,35.0,32.69364014837774,193.67848882446287,100.0,downstream wake,7.840105752039589,1.0311031287167618,197.309932474,10.608818171617886,-0.09371504433922961
20160906_flight01,4,11.600000000000001,8.379156580467988,54.85097082,7.72412759,93.3,2016-09-06 13:45:31,2016-09-06 13:45:33,3,2.169,8.163333333333332,8.310189648858803,8.197231445044967,0.030786697672877283,7.840105752039589,True,1.0221934852813008,8.423697347364755,7.434251811715823,Flight 01,20160906_flight01_airborne.tab,35.0,32.69364014837774,193.67848882446287,100.0,downstream wake,7.840105752039589,1.0687555557893038,197.309932474,10.608818171617886,-0.09371504433922961
20160906_flight01,4,11.8,8.51388471850541,54.851291010000004,7.72109131,93.37100000000001,2016-09-06 13:45:28,2016-09-06 13:45:30,3,2.2053333333333334,8.195,8.379156580467988,8.203388784579541,0.030786697672877283,7.840105752039589,True,1.037849715779597,8.423697347364755,7.434251811715823,Flight 01,20160906_flight01_airborne.tab,35.0,32.69364014837774,193.67848882446287,100.0,downstream wake,7.840105752039589,1.0859400354759934,197.309932474,10.608818171617886,-0.09371504433922961
20160906_flight01,4,12.0,8.310189648858803,54.851603340000004,7.71805066,93.5,2016-09-06 13:45:25,2016-09-06 13:45:27,3,1.9383333333333332,8.006,8.379156580467988,8.209546124114118,0.030786697672877283,7.840105752039589,True,1.0122593287403627,8.423697347364755,7.434251811715823,Flight 01,20160906_flight01_airborne.tab,35.0,32.69364014837774,193.67848882446287,100.0,downstream wake,7.840105752039589,1.0599588719446702,197.309932474,10.608818171617886,-0.09371504433922961
20160906_flight01,4,12.200000000000001,8.420243761317128,54.851912920000004,7.71500839,93.47,2016-09-06 13:45:22,2016-09-06 13:45:24,3,2.173666666666667,8.058666666666666,8.310189648858803,8.215703463648692,0.030786697672877283,7.840105752039589,True,1.024896260992555,8.423697347364755,7.434251811715823,Flight 01,20160906_flight01_airborne.tab,35.0,32.69364014837774,193.67848882446287,100.0,downstream wake,7.840105752039589,1.0739961969424476,197.309932474,10.608818171617886,-0.09371504433922961
20160906_flight01,4,12.4,8.263411220555348,54.8522266,7.71196785,93.223,2016-09-06 13:45:19,2016-09-06 13:45:21,3,1.8739999999999999,7.72,8.263411220555348,8.221860803183269,0.030786697672877283,7.840105752039589,True,1.005053651280011,8.423697347364755,7.434251811715823,Flight 01,20160906_flight01_airborne.tab,35.0,32.69364014837774,193.67848882446287,100.0,downstream wake,7.840105752039589,1.053992316163036,197.309932474,10.608818171617886,-0.09371504433922961
20160906_flight01,4,12.600000000000001,8.037083364007119,54.85255637,7.70893729,93.956,2016-09-06 13:45:16,2016-09-06 13:45:18,3,1.9063333333333332,7.821000000000001,8.13326779345178,8.228018142717843,0.030786697672877283,7.840105752039589,True,0.9767945603183058,8.423697347364755,7.434251811715823,Flight 01,20160906_flight01_airborne.tab,35.0,32.69364014837774,193.67848882446287,100.0,downstream wake,7.840105752039589,1.02512435650709,197.309932474,10.608818171617886,-0.09371504433922961
20160906_flight01,4,12.8,8.13326779345178,54.85288098,7.70590769,94.382,2016-09-06 13:45:13,2016-09-06 13:45:15,3,2.0386666666666664,7.783,8.13326779345178,8.234175482252418,0.030786697672877283,7.840105752039589,True,0.9877452588886247,8.423697347364755,7.434251811715823,Flight 01,20160906_flight01_airborne.tab,35.0,32.69364014837774,193.67848882446287,100.0,downstream wake,7.840105752039589,1.037392613146312,197.309932474,10.608818171617886,-0.09371504433922961
20160906_flight01,4,13.0,7.9003175885530075,54.85320661,7.70288183,94.196,2016-09-06 13:45:10,2016-09-06 13:45:12,3,1.9269999999999998,7.747,8.037083364007119,8.240332821786994,0.030786697672877283,7.840105752039589,True,0.9587376820102453,8.423697347364755,7.434251811715823,Flight 01,20160906_flight01_airborne.tab,35.0,32.69364014837774,193.67848882446287,100.0,downstream wake,7.840105752039589,1.0076799775944036,197.309932474,10.608818171617886,-0.09371504433922961
20160906_flight01,4,13.200000000000001,8.224298207142054,54.85353566,7.6998533799999995,93.205,2016-09-06 13:45:07,2016-09-06 13:45:09,3,2.0206666666666666,7.879666666666666,8.13326779345178,8.246490161321569,0.030786697672877283,7.840105752039589,True,0.9973089212810073,8.423697347364755,7.434251811715823,Flight 01,20160906_flight01_airborne.tab,35.0,32.69364014837774,193.67848882446287,100.0,downstream wake,7.840105752039589,1.0490034786842661,197.309932474,10.608818171617886,-0.09371504433922961
20160906_flight01,4,13.4,7.918941469666258,54.85386458,7.69681788,92.5,2016-09-06 13:45:04,2016-09-06 13:45:06,3,2.138666666666667,7.623333333333334,8.224298207142054,8.252647500856146,0.030786697672877283,7.840105752039589,True,0.9595637604592625,8.423697347364755,7.434251811715823,Flight 01,20160906_flight01_airborne.tab,35.0,32.69364014837774,193.67848882446287,100.0,downstream wake,7.840105752039589,1.01005544059226,197.309932474,10.608818171617886,-0.09371504433922961
20160906_flight01,4,13.600000000000001,8.309833331661952,54.854201169999996,7.69378564,92.7,2016-09-06 13:45:01,2016-09-06 13:45:03,3,2.4483333333333333,7.810666666666666,8.309833331661952,8.25880484039072,0.030786697672877283,7.840105752039589,True,1.0061786774548385,8.423697347364755,7.434251811715823,Flight 01,20160906_flight01_airborne.tab,35.0,32.69364014837774,193.67848882446287,100.0,downstream wake,7.840105752039589,1.0599134239356611,197.309932474,10.608818171617886,-0.09371504433922961
20160906_flight01,4,13.8,8.60878533824604,54.85454774,7.69076298,93.21700000000001,2016-09-06 13:44:58,2016-09-06 13:45:00,3,2.482666666666667,8.267333333333333,8.361501539795348,8.264962179925297,0.030786697672877283,7.840105752039589,True,1.0416000885225891,8.423697347364755,7.434251811715823,Flight 01,20160906_flight01_airborne.tab,35.0,32.69364014837774,193.67848882446287,100.0,downstream wake,7.840105752039589,1.0980445430862307,197.309932474,10.608818171617886,-0.09371504433922961
20160906_flight01,4,14.0,8.361501539795348,54.85489629,7.68774411,93.501,2016-09-06 13:44:55,2016-09-06 13:44:57,3,2.4326666666666665,7.9656666666666665,8.494682689777175,8.271119519459871,0.030786697672877283,7.840105752039589,True,1.010927422838327,8.423697347364755,7.434251811715823,Flight 01,20160906_flight01_airborne.tab,35.0,32.69364014837774,193.67848882446287,100.0,downstream wake,7.840105752039589,1.066503667711385,197.309932474,10.608818171617886,-0.09371504433922961
20160906_flight01,4,14.200000000000001,8.494682689777175,54.85523543,7.68472179,93.6,2016-09-06 13:44:52,2016-09-06 13:44:54,3,2.278,8.153333333333334,8.60878533824604,8.277276858994448,0.030786697672877283,7.840105752039589,True,1.0262653810530071,8.423697347364755,7.434251811715823,Flight 01,20160906_flight01_airborne.tab,35.0,32.69364014837774,193.67848882446287,100.0,downstream wake,7.840105752039589,1.0834908301545931,197.309932474,10.608818171617886,-0.09371504433922961
20160906_flight01,4,14.4,8.693830283597674,54.85557436,7.68170021,93.417,2016-09-06 13:44:49,2016-09-06 13:44:51,3,2.5203333333333333,8.368666666666668,8.568823606540164,8.283434198529022,0.030786697672877283,7.840105752039589,True,1.0495441957082885,8.423697347364755,7.434251811715823,Flight 01,20160906_flight01_airborne.tab,35.0,32.69364014837774,193.67848882446287,100.0,downstream wake,7.840105752039589,1.1088919663278762,197.309932474,10.608818171617886,-0.09371504433922961
20160906_flight01,4,14.600000000000001,8.66321424183888,54.855914899999995,7.67867879,93.2,2016-09-06 13:44:46,2016-09-06 13:44:48,3,2.376,8.282,8.568823606540164,8.289591538063599,0.030786697672877283,7.840105752039589,True,1.0450713044255202,8.423697347364755,7.434251811715823,Flight 01,20160906_flight01_airborne.tab,35.0,32.69364014837774,193.67848882446287,100.0,downstream wake,7.840105752039589,1.104986911635109,197.309932474,10.608818171617886,-0.09371504433922961
20160906_flight01,4,14.8,8.568823606540164,54.85625296,7.67565622,92.858,2016-09-06 13:44:43,2016-09-06 13:44:45,3,2.467,8.295333333333334,8.568823606540164,8.295748877598173,0.030786697672877283,7.840105752039589,True,1.0329174295137358,8.423697347364755,7.434251811715823,Flight 01,20160906_flight01_airborne.tab,35.0,32.69364014837774,193.67848882446287,100.0,downstream wake,7.840105752039589,1.0929474521834097,197.309932474,10.608818171617886,-0.09371504433922961
20160906_flight01,4,15.0,8.48113735442096,54.856650135,7.67213248,92.753,2016-09-06 13:44:39,2016-09-06 13:44:42,4,2.323,8.0845,8.48113735442096,8.301906217132748,0.030786697672877283,7.840105752039589,True,1.0215891546592433,8.423697347364755,7.434251811715823,Flight 01,20160906_flight01_airborne.tab,35.0,32.69364014837774,193.67848882446287,100.0,downstream wake,7.840105752039589,1.081763132112677,197.309932474,10.608818171617886,-0.09371504433922961
20160906_flight01,4,15.200000000000001,8.418669728644781,54.857044020000004,7.668608410000001,92.804,2016-09-06 13:44:36,2016-09-06 13:44:38,3,2.458333333333333,8.020333333333333,8.48113735442096,8.308063556667324,0.030786697672877283,7.840105752039589,True,1.013313110958172,8.423697347364755,7.434251811715823,Flight 01,20160906_flight01_airborne.tab,35.0,32.69364014837774,193.67848882446287,100.0,downstream wake,7.840105752039589,1.073795430177033,197.309932474,10.608818171617886,-0.09371504433922961
20160906_flight01,4,15.4,8.467076532074103,54.857377070000005,7.665587769999999,92.82799999999999,2016-09-06 13:44:33,2016-09-06 13:44:35,3,2.4326666666666665,8.066666666666668,8.467076532074103,8.314220896201899,0.030786697672877283,7.840105752039589,True,1.0183848418006347,8.423697347364755,7.434251811715823,Flight 01,20160906_flight01_airborne.tab,35.0,32.69364014837774,193.67848882446287,100.0,downstream wake,7.840105752039589,1.0799696840659845,197.309932474,10.608818171617886,-0.09371504433922961
20160906_flight01,4,15.600000000000001,8.536785636291917,54.85771094,7.66257214,93.03699999999999,2016-09-06 13:44:30,2016-09-06 13:44:32,3,2.443,8.157,8.467076532074103,8.320378235736476,0.030786697672877283,7.840105752039589,True,1.0260093224639668,8.423697347364755,7.434251811715823,Flight 01,20160906_flight01_airborne.tab,35.0,32.69364014837774,193.67848882446287,100.0,downstream wake,7.840105752039589,1.088861031507271,197.309932474,10.608818171617886,-0.09371504433922961
20160906_flight01,4,15.8,8.423697347364755,54.85804743,7.65956095,92.865,2016-09-06 13:44:27,2016-09-06 13:44:29,3,2.3249999999999997,8.117333333333333,8.476853484636855,8.32653557527105,0.030786697672877283,7.840105752039589,True,1.011668931359912,8.423697347364755,7.434251811715823,Flight 01,20160906_flight01_airborne.tab,35.0,32.69364014837774,193.67848882446287,100.0,downstream wake,7.840105752039589,1.0744366994250485,197.309932474,10.608818171617886,-0.09371504433922961
20160906_flight01,4,16.0,8.781048798406715,54.858379830000004,7.65655036,92.926,2016-09-06 13:44:24,2016-09-06 13:44:26,3,2.513333333333333,8.334000000000001,8.486060629055157,8.332692914805627,0.030786697672877283,7.840105752039589,True,1.0538068410998855,8.423697347364755,7.434251811715823,Flight 01,20160906_flight01_airborne.tab,35.0,32.69364014837774,193.67848882446287,100.0,downstream wake,7.840105752039589,1.1200166268321496,197.309932474,10.608818171617886,-0.09371504433922961
20160906_flight01,4,16.2,8.476853484636855,54.85870939,7.65354046,92.8,2016-09-06 13:44:21,2016-09-06 13:44:23,3,2.34,8.214999999999998,8.476853484636855,8.338850254340201,0.030786697672877283,7.840105752039589,True,1.0165494314069048,8.423697347364755,7.434251811715823,Flight 01,20160906_flight01_airborne.tab,35.0,32.69364014837774,193.67848882446287,100.0,downstream wake,7.840105752039589,1.0812167275207503,197.309932474,10.608818171617886,-0.09371504433922961
20160906_flight01,4,16.400000000000002,8.486060629055157,54.85903431,7.65053132,93.051,2016-09-06 13:44:18,2016-09-06 13:44:20,3,2.1793333333333336,8.178333333333333,8.476853484636855,8.345007593874778,0.030786697672877283,7.840105752039589,True,1.016902685059737,8.423697347364755,7.434251811715823,Flight 01,20160906_flight01_airborne.tab,35.0,32.69364014837774,193.67848882446287,100.0,downstream wake,7.840105752039589,1.0823910923456006,197.309932474,10.608818171617886,-0.09371504433922961
20160906_flight01,4,16.6,8.323369810359262,54.85935475,7.647526,93.78299999999999,2016-09-06 13:44:15,2016-09-06 13:44:17,3,2.3409999999999997,8.031,8.374576407198155,8.351164933409352,0.030786697672877283,7.840105752039589,True,0.9966717070885651,8.423697347364755,7.434251811715823,Flight 01,20160906_flight01_airborne.tab,35.0,32.69364014837774,193.67848882446287,100.0,downstream wake,7.840105752039589,1.0616399923169344,197.309932474,10.608818171617886,-0.09371504433922961
20160906_flight01,4,16.8,8.374576407198155,54.859673,7.64452776,93.94,2016-09-06 13:44:12,2016-09-06 13:44:14,3,2.291,7.845999999999999,8.323369810359262,8.357322272943929,0.030786697672877283,7.840105752039589,True,1.0020645529382162,8.423697347364755,7.434251811715823,Flight 01,20160906_flight01_airborne.tab,35.0,32.69364014837774,193.67848882446287,100.0,downstream wake,7.840105752039589,1.0681713578952077,197.309932474,10.608818171617886,-0.09371504433922961
20160906_flight01,4,17.0,8.21403220105692,54.85998738,7.641531,92.81200000000001,2016-09-06 13:44:09,2016-09-06 13:44:11,3,2.1946666666666665,7.893666666666667,8.248439610011097,8.363479612478503,0.030786697672877283,7.840105752039589,True,0.9821309528633747,8.423697347364755,7.434251811715823,Flight 01,20160906_flight01_airborne.tab,35.0,32.69364014837774,193.67848882446287,100.0,downstream wake,7.840105752039589,1.0476940567950954,197.309932474,10.608818171617886,-0.09371504433922961
20160906_flight01,4,17.2,8.248439610011097,54.86029666,7.63852322,90.541,2016-09-06 13:44:06,2016-09-06 13:44:08,3,1.9936666666666667,7.927666666666667,8.21403220105692,8.369636952013078,0.030786697672877283,7.840105752039589,True,0.9855194027295496,8.423697347364755,7.434251811715823,Flight 01,20160906_flight01_airborne.tab,35.0,32.69364014837774,193.67848882446287,100.0,downstream wake,7.840105752039589,1.0520826977193873,197.309932474,10.608818171617886,-0.09371504433922961
20160906_flight01,4,17.400000000000002,8.091111481125445,54.86060612,7.6355004,88.098,2016-09-06 13:44:03,2016-09-06 13:44:05,3,1.9400000000000002,7.855999999999999,8.177140392582238,8.375794291547654,0.030786697672877283,7.840105752039589,True,0.9660112461561414,8.423697347364755,7.434251811715823,Flight 01,20160906_flight01_airborne.tab,35.0,32.69364014837774,193.67848882446287,100.0,downstream wake,7.840105752039589,1.0320156050217253,197.309932474,10.608818171617886,-0.09371504433922961
20160906_flight01,4,17.6,8.098505849846624,54.86092295,7.6324663699999995,86.605,2016-09-06 13:44:00,2016-09-06 13:44:02,3,2.036,8.011000000000001,8.177140392582238,8.381951631082229,0.030786697672877283,7.840105752039589,True,0.966183796601197,8.423697347364755,7.434251811715823,Flight 01,20160906_flight01_airborne.tab,35.0,32.69364014837774,193.67848882446287,100.0,downstream wake,7.840105752039589,1.032958751575489,197.309932474,10.608818171617886,-0.09371504433922961
20160906_flight01,4,17.8,8.177140392582238,54.86125043,7.62943247,86.927,2016-09-06 13:43:57,2016-09-06 13:43:59,3,1.9883333333333333,7.834333333333333,8.177140392582238,8.388108970616805,0.030786697672877283,7.840105752039589,True,0.9748490894939991,8.423697347364755,7.434251811715823,Flight 01,20160906_flight01_airborne.tab,35.0,32.69364014837774,193.67848882446287,100.0,downstream wake,7.840105752039589,1.0429885324512327,197.309932474,10.608818171617886,-0.09371504433922961
20160906_flight01,4,18.0,8.315559211502254,54.86159194,7.62641001,87.94300000000001,2016-09-06 13:43:54,2016-09-06 13:43:56,3,1.836,8.150333333333334,8.177140392582238,8.39426631015138,0.030786697672877283,7.840105752039589,True,0.9906237072138224,8.423697347364755,7.434251811715823,Flight 01,20160906_flight01_airborne.tab,35.0,32.69364014837774,193.67848882446287,100.0,downstream wake,7.840105752039589,1.0606437559007384,197.309932474,10.608818171617886,-0.09371504433922961
20160906_flight01,4,18.2,8.392881030969045,54.861948240000004,7.62339801,87.7,2016-09-06 13:43:51,2016-09-06 13:43:53,3,1.6846666666666668,8.057666666666668,8.177140392582238,8.400423649685957,0.030786697672877283,7.840105752039589,True,0.9991021144847625,8.423697347364755,7.434251811715823,Flight 01,20160906_flight01_airborne.tab,35.0,32.69364014837774,193.67848882446287,100.0,downstream wake,7.840105752039589,1.0705060998425502,197.309932474,10.608818171617886,-0.09371504433922961
20160906_flight01,4,18.400000000000002,8.13630536545919,54.862308510000005,7.62038429,86.65299999999999,2016-09-06 13:43:48,2016-09-06 13:43:50,3,1.6806666666666665,7.864,8.173882370085833,8.406580989220531,0.030786697672877283,7.840105752039589,True,0.9678495188343624,8.423697347364755,7.434251811715823,Flight 01,20160906_flight01_airborne.tab,35.0,32.69364014837774,193.67848882446287,100.0,downstream wake,7.840105752039589,1.0377800533293247,197.309932474,10.608818171617886,-0.09371504433922961
20160906_flight01,4,18.6,8.12384791832048,54.862672780000004,7.61736531,86.367,2016-09-06 13:43:45,2016-09-06 13:43:47,3,1.922,7.908333333333334,8.173882370085833,8.412738328755108,0.030786697672877283,7.840105752039589,True,0.9656603594281321,8.423697347364755,7.434251811715823,Flight 01,20160906_flight01_airborne.tab,35.0,32.69364014837774,193.67848882446287,100.0,downstream wake,7.840105752039589,1.0361911146679466,197.309932474,10.608818171617886,-0.09371504433922961
20160906_flight01,4,18.8,8.173882370085833,54.863032569999994,7.61434291,86.915,2016-09-06 13:43:42,2016-09-06 13:43:44,3,1.989,7.931,8.173882370085833,8.418895668289682,0.030786697672877283,7.840105752039589,True,0.9708972164690545,8.423697347364755,7.434251811715823,Flight 01,20160906_flight01_airborne.tab,35.0,32.69364014837774,193.67848882446287,100.0,downstream wake,7.840105752039589,1.0425729739626806,197.309932474,10.608818171617886,-0.09371504433922961
20160906_flight01,4,19.0,8.525090087500542,54.863378659999995,7.61131389,87.18,2016-09-06 13:43:39,2016-09-06 13:43:41,3,2.2420000000000004,8.241999999999999,8.208901022670453,8.425053007824259,0.030786697672877283,7.840105752039589,True,1.0118737626437935,8.423697347364755,7.434251811715823,Flight 01,20160906_flight01_airborne.tab,35.0,32.69364014837774,193.67848882446287,100.0,downstream wake,7.840105752039589,1.0873692724467086,197.309932474,10.608818171617886,-0.09371504433922961
20160906_flight01,4,19.200000000000003,8.27956671571647,54.863709150000005,7.6082766,87.337,2016-09-06 13:43:36,2016-09-06 13:43:38,3,1.9626666666666666,8.145,8.208901022670453,8.431210347358833,0.030786697672877283,7.840105752039589,True,0.9820140139559124,8.423697347364755,7.434251811715823,Flight 01,20160906_flight01_airborne.tab,35.0,32.69364014837774,193.67848882446287,100.0,downstream wake,7.840105752039589,1.056052938260757,197.309932474,10.608818171617886,-0.09371504433922961
20160906_flight01,4,19.400000000000002,8.208901022670453,54.86403445,7.605237110000001,87.695,2016-09-06 13:43:33,2016-09-06 13:43:35,3,1.8646666666666667,7.945666666666667,8.220039537617808,8.43736768689341,0.030786697672877283,7.840105752039589,True,0.9729220448010276,8.423697347364755,7.434251811715823,Flight 01,20160906_flight01_airborne.tab,35.0,32.69364014837774,193.67848882446287,100.0,downstream wake,7.840105752039589,1.0470395785841182,197.309932474,10.608818171617886,-0.09371504433922961
20160906_flight01,4,19.6,8.069183353970834,54.86436476,7.60220338,88.258,2016-09-06 13:43:30,2016-09-06 13:43:32,3,1.8206666666666669,8.042,8.220039537617808,8.443525026427984,0.030786697672877283,7.840105752039589,True,0.9556652380036215,8.423697347364755,7.434251811715823,Flight 01,20160906_flight01_airborne.tab,35.0,32.69364014837774,193.67848882446287,100.0,downstream wake,7.840105752039589,1.029218687754518,197.309932474,10.608818171617886,-0.09371504433922961
20160906_flight01,4,19.8,8.220039537617808,54.864703490000004,7.599173550000001,87.92800000000001,2016-09-06 13:43:27,2016-09-06 13:43:29,3,1.694,8.000666666666666,8.220039537617808,8.449682365962559,0.030786697672877283,7.840105752039589,True,0.9728223123191222,8.423697347364755,7.434251811715823,Flight 01,20160906_flight01_airborne.tab,35.0,32.69364014837774,193.67848882446287,100.0,downstream wake,7.840105752039589,1.0484602883678424,197.309932474,10.608818171617886,-0.09371504433922961
20160906_flight01,4,20.0,8.279928139784788,54.86505304,7.5961484,88.04699999999998,2016-09-06 13:43:24,2016-09-06 13:43:26,3,1.8070000000000002,8.009666666666666,8.279928139784788,8.455839705497135,0.030786697672877283,7.840105752039589,True,0.9791964403490303,8.423697347364755,7.434251811715823,Flight 01,20160906_flight01_airborne.tab,35.0,32.69364014837774,193.67848882446287,100.0,downstream wake,7.840105752039589,1.0560990376476465,197.309932474,10.608818171617886,-0.09371504433922961
20160906_flight01,4,20.200000000000003,8.438392737956677,54.865399960000005,7.59312009,87.7,2016-09-06 13:43:21,2016-09-06 13:43:23,3,1.9146666666666665,8.211333333333334,8.438392737956677,8.46199704503171,0.030786697672877283,7.840105752039589,True,0.9972105512505596,8.423697347364755,7.434251811715823,Flight 01,20160906_flight01_airborne.tab,35.0,32.69364014837774,193.67848882446287,100.0,downstream wake,7.840105752039589,1.076311086207153,197.309932474,10.608818171617886,-0.09371504433922961
20160906_flight01,4,20.400000000000002,8.501184976225375,54.86573601,7.59008302,87.47200000000001,2016-09-06 13:43:18,2016-09-06 13:43:20,3,2.1366666666666667,8.236333333333333,8.501184976225375,8.468154384566287,0.030786697672877283,7.840105752039589,True,1.0039005655965942,8.423697347364755,7.434251811715823,Flight 01,20160906_flight01_airborne.tab,35.0,32.69364014837774,193.67848882446287,100.0,downstream wake,7.840105752039589,1.084320192238964,197.309932474,10.608818171617886,-0.09371504433922961
20160906_flight01,4,20.6,8.606604498871782,54.8660582,7.58703564,87.19300000000001,2016-09-06 13:43:15,2016-09-06 13:43:17,3,2.153,8.386666666666668,8.555923152997577,8.474311724100861,0.030786697672877283,7.840105752039589,True,1.0156110347457106,8.423697347364755,7.434251811715823,Flight 01,20160906_flight01_airborne.tab,35.0,32.69364014837774,193.67848882446287,100.0,downstream wake,7.840105752039589,1.0977663785507983,197.309932474,10.608818171617886,-0.09371504433922961
20160906_flight01,4,20.8,8.840014140260184,54.866366420000006,7.5839766399999995,87.1,2016-09-06 13:43:12,2016-09-06 13:43:14,3,2.459,8.49,8.606604498871782,8.480469063635438,0.030786697672877283,7.840105752039589,True,1.0423968384209417,8.423697347364755,7.434251811715823,Flight 01,20160906_flight01_airborne.tab,35.0,32.69364014837774,193.67848882446287,100.0,downstream wake,7.840105752039589,1.1275376149053182,197.309932474,10.608818171617886,-0.09371504433922961
20160906_flight01,4,21.0,8.555923152997577,54.86664768,7.58090244,87.1,2016-09-06 13:43:09,2016-09-06 13:43:11,3,2.398,8.241666666666667,8.840014140260184,8.486626403170012,0.030786697672877283,7.840105752039589,True,1.008165405961747,8.423697347364755,7.434251811715823,Flight 01,20160906_flight01_airborne.tab,35.0,32.69364014837774,193.67848882446287,100.0,downstream wake,7.840105752039589,1.0913020083653553,197.309932474,10.608818171617886,-0.09371504433922961
20160906_flight01,4,21.200000000000003,9.097160106318894,54.8669003,7.57781456,87.2,2016-09-06 13:43:06,2016-09-06 13:43:08,3,2.6763333333333335,8.705333333333334,8.840014140260184,8.492783742704589,0.030786697672877283,7.840105752039589,True,1.071163517395986,8.423697347364755,7.434251811715823,Flight 01,20160906_flight01_airborne.tab,35.0,32.69364014837774,193.67848882446287,100.0,downstream wake,7.840105752039589,1.1603364028542962,197.309932474,10.608818171617886,-0.09371504433922961
20160906_flight01,4,21.400000000000002,8.967369422169947,54.867177125,7.574204125,87.39699999999999,2016-09-06 13:43:02,2016-09-06 13:43:05,4,2.43425,8.67725,8.742213564080895,8.498941082239163,0.030786697672877283,7.840105752039589,True,1.0551160827446717,8.423697347364755,7.434251811715823,Flight 01,20160906_flight01_airborne.tab,35.0,32.69364014837774,193.67848882446287,100.0,downstream wake,7.840105752039589,1.143781691954487,197.309932474,10.608818171617886,-0.09371504433922961
20160906_flight01,4,21.6,8.742213564080895,54.86746383,7.5706009,88.236,2016-09-06 13:42:59,2016-09-06 13:43:01,3,2.3756666666666666,8.358333333333334,8.742213564080895,8.50509842177374,0.030786697672877283,7.840105752039589,True,1.0278791767653295,8.423697347364755,7.434251811715823,Flight 01,20160906_flight01_airborne.tab,35.0,32.69364014837774,193.67848882446287,100.0,downstream wake,7.840105752039589,1.1150632198815207,197.309932474,10.608818171617886,-0.09371504433922961
20160906_flight01,4,21.8,8.575010787165226,54.86771803,7.56752121,88.431,2016-09-06 13:42:56,2016-09-06 13:42:58,3,2.087,8.126666666666667,8.575010787165226,8.511255761308314,0.030786697672877283,7.840105752039589,True,1.0074906720752934,8.423697347364755,7.434251811715823,Flight 01,20160906_flight01_airborne.tab,35.0,32.69364014837774,193.67848882446287,100.0,downstream wake,7.840105752039589,1.0937366227406375,197.309932474,10.608818171617886,-0.09371504433922961
20160906_flight01,4,22.0,8.471770653175167,54.867979649999995,7.56444214,87.22200000000001,2016-09-06 13:42:53,2016-09-06 13:42:55,3,2.147,8.116999999999999,8.575010787165226,8.517413100842889,0.030786697672877283,7.840105752039589,True,0.9946412781524938,8.423697347364755,7.434251811715823,Flight 01,20160906_flight01_airborne.tab,35.0,32.69364014837774,193.67848882446287,100.0,downstream wake,7.840105752039589,1.080568415926182,197.309932474,10.608818171617886,-0.09371504433922961
20160906_flight01,4,22.200000000000003,8.538564867704642,54.868241330000004,7.56135798,86.736,2016-09-06 13:42:50,2016-09-06 13:42:52,3,2.5496666666666665,8.141,8.575010787165226,8.523570440377465,0.030786697672877283,7.840105752039589,True,1.0017591721018864,8.423697347364755,7.434251811715823,Flight 01,20160906_flight01_airborne.tab,35.0,32.69364014837774,193.67848882446287,100.0,downstream wake,7.840105752039589,1.0890879712283663,197.309932474,10.608818171617886,-0.09371504433922961
20160906_flight01,4,22.400000000000002,8.691811376232229,54.86849666,7.558268480000001,86.89200000000001,2016-09-06 13:42:47,2016-09-06 13:42:49,3,2.6293333333333333,8.25,8.597454507003803,8.52972777991204,0.030786697672877283,7.840105752039589,True,1.019002200363522,8.423697347364755,7.434251811715823,Flight 01,20160906_flight01_airborne.tab,35.0,32.69364014837774,193.67848882446287,100.0,downstream wake,7.840105752039589,1.1086344561068031,197.309932474,10.608818171617886,-0.09371504433922961
20160906_flight01,4,22.6,8.597454507003803,54.86873733,7.555173170000001,86.97399999999999,2016-09-06 13:42:44,2016-09-06 13:42:46,3,2.533666666666667,8.237,8.599380500943075,8.535885119446617,0.030786697672877283,7.840105752039589,True,1.0072130056456499,8.423697347364755,7.434251811715823,Flight 01,20160906_flight01_airborne.tab,35.0,32.69364014837774,193.67848882446287,100.0,downstream wake,7.840105752039589,1.0965993034937305,197.309932474,10.608818171617886,-0.09371504433922961
20160906_flight01,4,22.8,8.879408313620903,54.86896584,7.552071519999999,86.445,2016-09-06 13:42:41,2016-09-06 13:42:43,3,2.658666666666667,8.335333333333333,8.599380500943075,8.542042458981191,0.030786697672877283,7.840105752039589,True,1.0394947527198255,8.423697347364755,7.434251811715823,Flight 01,20160906_flight01_airborne.tab,35.0,32.69364014837774,193.67848882446287,100.0,downstream wake,7.840105752039589,1.1325623141385486,197.309932474,10.608818171617886,-0.09371504433922961
20160906_flight01,4,23.0,8.599380500943075,54.86919899,7.5489679899999995,86.337,2016-09-06 13:42:38,2016-09-06 13:42:40,3,2.191666666666667,8.363666666666667,8.597454507003803,8.548199798515768,0.030786697672877283,7.840105752039589,True,1.0059873076944452,8.423697347364755,7.434251811715823,Flight 01,20160906_flight01_airborne.tab,35.0,32.69364014837774,193.67848882446287,100.0,downstream wake,7.840105752039589,1.0968449626723418,197.309932474,10.608818171617886,-0.09371504433922961
20160906_flight01,4,23.200000000000003,8.574481675296765,54.869453990000004,7.545880929999999,87.839,2016-09-06 13:42:35,2016-09-06 13:42:37,3,2.4243333333333332,8.256333333333334,8.589652204833442,8.554357138050342,0.030786697672877283,7.840105752039589,True,1.0023525481718443,8.423697347364755,7.434251811715823,Flight 01,20160906_flight01_airborne.tab,35.0,32.69364014837774,193.67848882446287,100.0,downstream wake,7.840105752039589,1.093669134892234,197.309932474,10.608818171617886,-0.09371504433922961
20160906_flight01,4,23.400000000000002,8.589652204833442,54.86971955,7.54280906,88.916,2016-09-06 13:42:32,2016-09-06 13:42:34,3,2.2773333333333334,8.268,8.574481675296765,8.560514477584919,0.030786697672877283,7.840105752039589,True,1.0034037355260386,8.423697347364755,7.434251811715823,Flight 01,20160906_flight01_airborne.tab,35.0,32.69364014837774,193.67848882446287,100.0,downstream wake,7.840105752039589,1.095604125314108,197.309932474,10.608818171617886,-0.09371504433922961
20160906_flight01,4,23.6,8.481854632095505,54.86997585,7.53973804,88.845,2016-09-06 13:42:29,2016-09-06 13:42:31,3,2.1486666666666667,8.177333333333333,8.574481675296765,8.566671817119493,0.030786697672877283,7.840105752039589,True,0.990099167233827,8.423697347364755,7.434251811715823,Flight 01,20160906_flight01_airborne.tab,35.0,32.69364014837774,193.67848882446287,100.0,downstream wake,7.840105752039589,1.081854620377916,197.309932474,10.608818171617886,-0.09371504433922961
20160906_flight01,4,23.8,8.190689836637693,54.870216549999995,7.536655530000001,87.678,2016-09-06 13:42:26,2016-09-06 13:42:28,3,2.0493333333333332,7.801333333333333,8.589652204833442,8.57282915665407,0.030786697672877283,7.840105752039589,True,0.9554243630622492,8.423697347364755,7.434251811715823,Flight 01,20160906_flight01_airborne.tab,35.0,32.69364014837774,193.67848882446287,100.0,downstream wake,7.840105752039589,1.0447167545548606,197.309932474,10.608818171617886,-0.09371504433922961
20160906_flight01,4,24.0,8.644603518959098,54.870426390000006,7.533553110000001,87.39299999999999,2016-09-06 13:42:23,2016-09-06 13:42:25,3,2.332666666666667,8.301,8.481854632095505,8.578986496188644,0.030786697672877283,7.840105752039589,True,1.00764857513176,8.423697347364755,7.434251811715823,Flight 01,20160906_flight01_airborne.tab,35.0,32.69364014837774,193.67848882446287,100.0,downstream wake,7.840105752039589,1.10261312696072,197.309932474,10.608818171617886,-0.09371504433922961
20160906_flight01,4,24.200000000000003,8.857021169670986,54.87059067999999,7.53043425,88.46799999999999,2016-09-06 13:42:20,2016-09-06 13:42:22,3,2.4313333333333333,8.451333333333332,8.456192346440565,8.585143835723219,0.030786697672877283,7.840105752039589,True,1.031668349319492,8.423697347364755,7.434251811715823,Flight 01,20160906_flight01_airborne.tab,35.0,32.69364014837774,193.67848882446287,100.0,downstream wake,7.840105752039589,1.1297068496004468,197.309932474,10.608818171617886,-0.09371504433922961
20160906_flight01,4,24.400000000000002,8.456192346440565,54.87071568,7.527301660000001,88.44300000000001,2016-09-06 13:42:17,2016-09-06 13:42:19,3,2.131666666666667,8.32,8.456192346440565,8.591301175257795,0.030786697672877283,7.840105752039589,True,0.9842737641177879,8.423697347364755,7.434251811715823,Flight 01,20160906_flight01_airborne.tab,35.0,32.69364014837774,193.67848882446287,100.0,downstream wake,7.840105752039589,1.0785814138081877,197.309932474,10.608818171617886,-0.09371504433922961
20160906_flight01,4,24.6,8.238698501583851,54.870828339999996,7.5241628,88.227,2016-09-06 13:42:14,2016-09-06 13:42:16,3,2.387,8.046666666666667,8.404882212143129,8.59745851479237,0.030786697672877283,7.840105752039589,True,0.958271387690763,8.423697347364755,7.434251811715823,Flight 01,20160906_flight01_airborne.tab,35.0,32.69364014837774,193.67848882446287,100.0,downstream wake,7.840105752039589,1.0508402261590117,197.309932474,10.608818171617886,-0.09371504433922961
20160906_flight01,4,24.8,8.404882212143129,54.87093694,7.52102029,87.779,2016-09-06 13:42:11,2016-09-06 13:42:13,3,2.34,7.97,8.404882212143129,8.603615854326947,0.030786697672877283,7.840105752039589,True,0.9769011488252499,8.423697347364755,7.434251811715823,Flight 01,20160906_flight01_airborne.tab,35.0,32.69364014837774,193.67848882446287,100.0,downstream wake,7.840105752039589,1.0720368420995614,197.309932474,10.608818171617886,-0.09371504433922961
20160906_flight01,4,25.0,8.216535157838734,54.871048300000005,7.51787871,88.01799999999999,2016-09-06 13:42:08,2016-09-06 13:42:10,3,2.301,7.923333333333333,8.404882212143129,8.609773193861521,0.030786697672877283,7.840105752039589,True,0.9543265510985641,8.423697347364755,7.434251811715823,Flight 01,20160906_flight01_airborne.tab,35.0,32.69364014837774,193.67848882446287,100.0,downstream wake,7.840105752039589,1.048013307180355,197.309932474,10.608818171617886,-0.09371504433922961
20160906_flight01,4,25.200000000000003,8.646332979940109,54.871159909999996,7.51473986,88.726,2016-09-06 13:42:05,2016-09-06 13:42:07,3,2.336,8.262333333333332,8.404882212143129,8.615930533396098,0.030786697672877283,7.840105752039589,True,1.0035286318089693,8.423697347364755,7.434251811715823,Flight 01,20160906_flight01_airborne.tab,35.0,32.69364014837774,193.67848882446287,100.0,downstream wake,7.840105752039589,1.1028337184980932,197.309932474,10.608818171617886,-0.09371504433922961
20160906_flight01,4,25.400000000000002,8.704007812496494,54.87126653999999,7.51159953,88.985,2016-09-06 13:42:02,2016-09-06 13:42:04,3,2.5306666666666664,8.305666666666667,8.44401355991332,8.622087872930672,0.030786697672877283,7.840105752039589,True,1.0095011719635811,8.423697347364755,7.434251811715823,Flight 01,20160906_flight01_airborne.tab,35.0,32.69364014837774,193.67848882446287,100.0,downstream wake,7.840105752039589,1.1101901030138734,197.309932474,10.608818171617886,-0.09371504433922961
20160906_flight01,4,25.6,8.351057657566495,54.87136657,7.50845636,88.7,2016-09-06 13:41:59,2016-09-06 13:42:01,3,2.129,8.036333333333333,8.523002874574196,8.628245212465249,0.030786697672877283,7.840105752039589,True,0.9678743999419139,8.423697347364755,7.434251811715823,Flight 01,20160906_flight01_airborne.tab,35.0,32.69364014837774,193.67848882446287,100.0,downstream wake,7.840105752039589,1.0651715578446097,197.309932474,10.608818171617886,-0.09371504433922961
20160906_flight01,4,25.8,8.44401355991332,54.871463659999996,7.50531213,89.00200000000001,2016-09-06 13:41:56,2016-09-06 13:41:58,3,2.3206666666666664,8.083333333333334,8.44401355991332,8.634402551999823,0.030786697672877283,7.840105752039589,True,0.9779499518420753,8.423697347364755,7.434251811715823,Flight 01,20160906_flight01_airborne.tab,35.0,32.69364014837774,193.67848882446287,100.0,downstream wake,7.840105752039589,1.077028018112718,197.309932474,10.608818171617886,-0.09371504433922961
20160906_flight01,4,26.0,8.523002874574196,54.87157015,7.50217511,89.426,2016-09-06 13:41:53,2016-09-06 13:41:55,3,2.52,8.142333333333333,8.44401355991332,8.6405598915344,0.030786697672877283,7.840105752039589,True,0.9863947454290108,8.423697347364755,7.434251811715823,Flight 01,20160906_flight01_airborne.tab,35.0,32.69364014837774,193.67848882446287,100.0,downstream wake,7.840105752039589,1.0871030498991614,197.309932474,10.608818171617886,-0.09371504433922961
20160906_flight01,4,26.200000000000003,8.277305419035835,54.87168957,7.499047829999999,89.844,2016-09-06 13:41:50,2016-09-06 13:41:52,3,2.5909999999999997,7.975666666666666,8.523002874574196,8.646717231068974,0.030786697672877283,7.840105752039589,True,0.9572772183753406,8.423697347364755,7.434251811715823,Flight 01,20160906_flight01_airborne.tab,35.0,32.69364014837774,193.67848882446287,100.0,downstream wake,7.840105752039589,1.0557645114522225,197.309932474,10.608818171617886,-0.09371504433922961
20160906_flight01,4,26.400000000000002,8.71087699373605,54.8718281,7.49593111,90.0,2016-09-06 13:41:47,2016-09-06 13:41:49,3,2.645,8.125333333333332,8.71087699373605,8.65287457060355,0.030786697672877283,7.840105752039589,True,1.0067032548154058,8.423697347364755,7.434251811715823,Flight 01,20160906_flight01_airborne.tab,35.0,32.69364014837774,193.67848882446287,100.0,downstream wake,7.840105752039589,1.1110662622720275,197.309932474,10.608818171617886,-0.09371504433922961
20160906_flight01,4,26.6,8.719253695127811,54.87197202,7.49281575,89.46799999999999,2016-09-06 13:41:44,2016-09-06 13:41:46,3,2.324666666666667,8.205333333333334,8.71087699373605,8.659031910138125,0.030786697672877283,7.840105752039589,True,1.0069547942096364,8.423697347364755,7.434251811715823,Flight 01,20160906_flight01_airborne.tab,35.0,32.69364014837774,193.67848882446287,100.0,downstream wake,7.840105752039589,1.1121347046702161,197.309932474,10.608818171617886,-0.09371504433922961
20160906_flight01,4,26.8,8.747310043664852,54.872122929999996,7.48970105,88.986,2016-09-06 13:41:41,2016-09-06 13:41:43,3,2.581,8.374666666666666,8.714472387930321,8.6651892496727,0.030786697672877283,7.840105752039589,True,1.009477091800996,8.423697347364755,7.434251811715823,Flight 01,20160906_flight01_airborne.tab,35.0,32.69364014837774,193.67848882446287,100.0,downstream wake,7.840105752039589,1.1157132722845295,197.309932474,10.608818171617886,-0.09371504433922961
20160906_flight01,4,27.0,8.392233373780785,54.8722728,7.48658818,89.041,2016-09-06 13:41:38,2016-09-06 13:41:40,3,2.657,7.923333333333333,8.714472387930321,8.671346589207277,0.030786697672877283,7.840105752039589,True,0.9678120102160502,8.423697347364755,7.434251811715823,Flight 01,20160906_flight01_airborne.tab,35.0,32.69364014837774,193.67848882446287,100.0,downstream wake,7.840105752039589,1.0704234916215971,197.309932474,10.608818171617886,-0.09371504433922961
20160906_flight01,4,27.200000000000003,8.714472387930321,54.87243184,7.4834855000000005,89.875,2016-09-06 13:41:35,2016-09-06 13:41:37,3,2.7163333333333335,8.180666666666667,8.714472387930321,8.677503928741851,0.030786697672877283,7.840105752039589,True,1.004260264183347,8.423697347364755,7.434251811715823,Flight 01,20160906_flight01_airborne.tab,35.0,32.69364014837774,193.67848882446287,100.0,downstream wake,7.840105752039589,1.1115248522844565,197.309932474,10.608818171617886,-0.09371504433922961
20160906_flight01,4,27.400000000000002,8.446312923400365,54.8725885,7.4803875500000006,90.14399999999999,2016-09-06 13:41:32,2016-09-06 13:41:34,3,2.352,8.114666666666666,8.580392655665342,8.683661268276428,0.030786697672877283,7.840105752039589,True,0.9726672497298858,8.423697347364755,7.434251811715823,Flight 01,20160906_flight01_airborne.tab,35.0,32.69364014837774,193.67848882446287,100.0,downstream wake,7.840105752039589,1.0773213003157607,197.309932474,10.608818171617886,-0.09371504433922961
20160906_flight01,4,27.6,9.00605951568165,54.87268151,7.47831708,89.586,2016-09-06 13:41:31,2016-09-06 13:41:31,1,2.582,8.628,8.714472387930321,8.689818607811002,0.030786697672877283,7.840105752039589,True,1.0363921184253937,8.423697347364755,7.434251811715823,Flight 01,20160906_flight01_airborne.tab,35.0,32.69364014837774,193.67848882446287,100.0,downstream wake,7.840105752039589,1.1487165862958852,197.309932474,10.608818171617886,-0.09371504433922961
20160906_flight01,5,-13.200000000000001,7.515991019153762,54.895811679999994,8.14997064,98.3,2016-09-06 13:54:58,2016-09-06 13:55:00,3,1.6306666666666665,7.312666666666666,7.515991019153762,7.316929801442517,0.045666115826908445,7.919722530357708,True,1.027205566147703,8.816658594907521,7.474376295049641,Flight 01,20160906_flight01_airborne.tab,45.0,42.53293866087056,198.4261857307704,100.0,downstream wake,7.919722530357708,0.9490220131252867,197.309932474,10.608818171617886,-0.09371504433922961
20160906_flight01,5,-13.0,7.401307564293533,54.89616401,8.146477255,97.753,2016-09-06 13:55:01,2016-09-06 13:55:04,4,1.06875,7.41475,7.5803017832812785,7.326063024607898,0.045666115826908445,7.919722530357708,True,1.0102708015796331,8.816658594907521,7.474376295049641,Flight 01,20160906_flight01_airborne.tab,45.0,42.53293866087056,198.4261857307704,100.0,downstream wake,7.919722530357708,0.9345412716068021,197.309932474,10.608818171617886,-0.09371504433922961
20160906_flight01,5,-12.8,7.798828758217479,54.89652182,8.14297196,96.68700000000001,2016-09-06 13:55:05,2016-09-06 13:55:07,3,1.0006666666666666,7.567,7.561669789140491,7.335196247773281,0.045666115826908445,7.919722530357708,True,1.063206558459147,8.816658594907521,7.474376295049641,Flight 01,20160906_flight01_airborne.tab,45.0,42.53293866087056,198.4261857307704,100.0,downstream wake,7.919722530357708,0.9847351000395757,197.309932474,10.608818171617886,-0.09371504433922961
20160906_flight01,5,-12.600000000000001,7.644612547408796,54.89686694,8.13996231,96.2,2016-09-06 13:55:08,2016-09-06 13:55:10,3,1.2486666666666666,7.409333333333333,7.567119531235118,7.344329470938662,0.045666115826908445,7.919722530357708,True,1.0408863842040783,8.816658594907521,7.474376295049641,Flight 01,20160906_flight01_airborne.tab,45.0,42.53293866087056,198.4261857307704,100.0,downstream wake,7.919722530357708,0.9652626740527378,197.309932474,10.608818171617886,-0.09371504433922961
20160906_flight01,5,-12.4,7.561669789140491,54.89724298,8.136953459999999,96.28299999999999,2016-09-06 13:55:11,2016-09-06 13:55:13,3,1.4293333333333333,7.347,7.567119531235118,7.353462694104044,0.045666115826908445,7.919722530357708,True,1.0283141567038052,8.816658594907521,7.474376295049641,Flight 01,20160906_flight01_airborne.tab,45.0,42.53293866087056,198.4261857307704,100.0,downstream wake,7.919722530357708,0.9547897366549476,197.309932474,10.608818171617886,-0.09371504433922961
20160906_flight01,5,-12.200000000000001,7.567119531235118,54.89764818,8.1339495,95.65100000000001,2016-09-06 13:55:14,2016-09-06 13:55:16,3,1.1820000000000002,7.458666666666666,7.561669789140491,7.3625959172694255,0.045666115826908445,7.919722530357708,True,1.027778736774888,8.816658594907521,7.474376295049641,Flight 01,20160906_flight01_airborne.tab,45.0,42.53293866087056,198.4261857307704,100.0,downstream wake,7.919722530357708,0.9554778595119968,197.309932474,10.608818171617886,-0.09371504433922961
20160906_flight01,5,-12.0,7.152678169748727,54.89807544,8.13094445,94.961,2016-09-06 13:55:17,2016-09-06 13:55:19,3,1.3513333333333335,7.081666666666667,7.152678169748727,7.371729140434807,0.045666115826908445,7.919722530357708,True,0.9702849946717983,8.816658594907521,7.474376295049641,Flight 01,20160906_flight01_airborne.tab,45.0,42.53293866087056,198.4261857307704,100.0,downstream wake,7.919722530357708,0.9031475714371604,197.309932474,10.608818171617886,-0.09371504433922961
20160906_flight01,5,-11.8,7.076255012363531,54.89850115,8.12793745,95.056,2016-09-06 13:55:20,2016-09-06 13:55:22,3,1.4306666666666665,6.924666666666667,7.152678169748727,7.380862363600189,0.045666115826908445,7.919722530357708,True,0.9587301136058473,8.816658594907521,7.474376295049641,Flight 01,20160906_flight01_airborne.tab,45.0,42.53293866087056,198.4261857307704,100.0,downstream wake,7.919722530357708,0.8934978448094595,197.309932474,10.608818171617886,-0.09371504433922961
20160906_flight01,5,-11.600000000000001,6.938969801012519,54.898834879999995,8.12542836,95.167,2016-09-06 13:55:23,2016-09-06 13:55:24,2,1.141,6.844,7.152678169748727,7.38999558676557,0.045666115826908445,7.919722530357708,True,0.9389680574964382,8.816658594907521,7.474376295049641,Flight 01,20160906_flight01_airborne.tab,45.0,42.53293866087056,198.4261857307704,100.0,downstream wake,7.919722530357708,0.8761632461761395,197.309932474,10.608818171617886,-0.09371504433922961
20160906_flight01,5,-11.4,7.533989248731379,54.899339659999995,8.1208898,94.024,2016-09-06 13:55:28,2016-09-06 13:55:28,1,1.205,7.437,7.201742914045183,7.399128809930952,0.045666115826908445,7.919722530357708,True,1.0182265294015993,8.816658594907521,7.474376295049641,Flight 01,20160906_flight01_airborne.tab,45.0,42.53293866087056,198.4261857307704,100.0,downstream wake,7.919722530357708,0.9512945964776234,197.309932474,10.608818171617886,-0.09371504433922961
20160906_flight01,5,-11.200000000000001,7.201742914045183,54.89951605,8.11886501,94.322,2016-09-06 13:55:29,2016-09-06 13:55:31,3,1.0333333333333334,7.226333333333334,7.201742914045183,7.408262033096333,0.045666115826908445,7.919722530357708,True,0.9721231352065399,8.816658594907521,7.474376295049641,Flight 01,20160906_flight01_airborne.tab,45.0,42.53293866087056,198.4261857307704,100.0,downstream wake,7.919722530357708,0.9093428319539755,197.309932474,10.608818171617886,-0.09371504433922961
20160906_flight01,5,-11.0,7.474376295049641,54.899751079999994,8.11582815,94.425,2016-09-06 13:55:32,2016-09-06 13:55:34,3,1.2510000000000001,7.287333333333333,7.3143073492983595,7.417395256261716,0.045666115826908445,7.919722530357708,True,1.0076820820273562,8.816658594907521,7.474376295049641,Flight 01,20160906_flight01_airborne.tab,45.0,42.53293866087056,198.4261857307704,100.0,downstream wake,7.919722530357708,0.9437674446799146,197.309932474,10.608818171617886,-0.09371504433922961
20160906_flight01,5,-10.8,7.149234504476685,54.89997716,8.11279366,94.734,2016-09-06 13:55:35,2016-09-06 13:55:37,3,1.2846666666666666,6.947666666666667,7.3143073492983595,7.426528479427097,0.045666115826908445,7.919722530357708,True,0.9626616964146075,8.816658594907521,7.474376295049641,Flight 01,20160906_flight01_airborne.tab,45.0,42.53293866087056,198.4261857307704,100.0,downstream wake,7.919722530357708,0.9027127499823883,197.309932474,10.608818171617886,-0.09371504433922961
20160906_flight01,5,-10.600000000000001,7.3143073492983595,54.90024208,8.10976152,94.5,2016-09-06 13:55:38,2016-09-06 13:55:40,3,1.1756666666666666,7.119666666666667,7.368899239370831,7.435661702592479,0.045666115826908445,7.919722530357708,True,0.9836794144021092,8.816658594907521,7.474376295049641,Flight 01,20160906_flight01_airborne.tab,45.0,42.53293866087056,198.4261857307704,100.0,downstream wake,7.919722530357708,0.9235560111179799,197.309932474,10.608818171617886,-0.09371504433922961
20160906_flight01,5,-10.4,7.368899239370831,54.90056857,8.10673587,94.34100000000001,2016-09-06 13:55:41,2016-09-06 13:55:43,3,1.342666666666667,7.215,7.368899239370831,7.4447949257578605,0.045666115826908445,7.919722530357708,True,0.9898055370035187,8.816658594907521,7.474376295049641,Flight 01,20160906_flight01_airborne.tab,45.0,42.53293866087056,198.4261857307704,100.0,downstream wake,7.919722530357708,0.9304491680263451,197.309932474,10.608818171617886,-0.09371504433922961
20160906_flight01,5,-10.200000000000001,7.5804264391919265,54.90094374,8.103715620000001,93.735,2016-09-06 13:55:44,2016-09-06 13:55:46,3,1.49,7.238333333333333,7.372611816717329,7.453928148923242,0.045666115826908445,7.919722530357708,True,1.0169706881715728,8.816658594907521,7.474376295049641,Flight 01,20160906_flight01_airborne.tab,45.0,42.53293866087056,198.4261857307704,100.0,downstream wake,7.919722530357708,0.9571580835231034,197.309932474,10.608818171617886,-0.09371504433922961
20160906_flight01,5,-10.0,7.527392244330038,54.9013433,8.10069441,93.51,2016-09-06 13:55:47,2016-09-06 13:55:49,3,1.599,7.228333333333333,7.527392244330038,7.4630613720886245,0.045666115826908445,7.919722530357708,True,1.008619903955501,8.816658594907521,7.474376295049641,Flight 01,20160906_flight01_airborne.tab,45.0,42.53293866087056,198.4261857307704,100.0,downstream wake,7.919722530357708,0.9504616121936346,197.309932474,10.608818171617886,-0.09371504433922961
20160906_flight01,5,-9.8,7.372611816717329,54.90174997,8.09767603,93.281,2016-09-06 13:55:50,2016-09-06 13:55:52,3,1.5196666666666667,7.117333333333334,7.527392244330038,7.472194595254006,0.045666115826908445,7.919722530357708,False,0.9866728874272189,8.816658594907521,7.474376295049641,Flight 01,20160906_flight01_airborne.tab,45.0,42.53293866087056,198.4261857307704,100.0,downstream wake,7.919722530357708,0.9309179442154437,197.309932474,10.608818171617886,-0.09371504433922961
20160906_flight01,5,-9.600000000000001,7.691820720739662,54.90214465,8.09465642,93.37700000000001,2016-09-06 13:55:53,2016-09-06 13:55:55,3,1.4346666666666668,7.5473333333333334,7.372611816717329,7.481327818419388,0.045666115826908445,7.919722530357708,False,1.028135767798068,8.816658594907521,7.474376295049641,Flight 01,20160906_flight01_airborne.tab,45.0,42.53293866087056,198.4261857307704,100.0,downstream wake,7.919722530357708,0.9712235108307825,197.309932474,10.608818171617886,-0.09371504433922961
20160906_flight01,5,-9.4,7.19894610342375,54.90253153,8.09163379,92.4,2016-09-06 13:55:56,2016-09-06 13:55:58,3,1.2893333333333334,6.922999999999999,7.372611816717329,7.490461041584769,0.045666115826908445,7.919722530357708,False,0.9610818430878131,8.816658594907521,7.474376295049641,Flight 01,20160906_flight01_airborne.tab,45.0,42.53293866087056,198.4261857307704,100.0,downstream wake,7.919722530357708,0.9089896869276551,197.309932474,10.608818171617886,-0.09371504433922961
20160906_flight01,5,-9.200000000000001,7.151561298066318,54.90290398,8.08860306,91.64,2016-09-06 13:55:59,2016-09-06 13:56:01,3,1.1016666666666668,7.049,7.481614798958846,7.499594264750151,0.045666115826908445,7.919722530357708,False,0.9535930939198046,8.816658594907521,7.474376295049641,Flight 01,20160906_flight01_airborne.tab,45.0,42.53293866087056,198.4261857307704,100.0,downstream wake,7.919722530357708,0.9030065473446967,197.309932474,10.608818171617886,-0.09371504433922961
20160906_flight01,5,-9.0,7.481614798958846,54.90326317,8.085569060000001,92.23899999999999,2016-09-06 13:56:02,2016-09-06 13:56:04,3,1.2923333333333333,7.379333333333334,7.2266930196321475,7.508727487915532,0.045666115826908445,7.919722530357708,False,0.9963891765947931,8.816658594907521,7.474376295049641,Flight 01,20160906_flight01_airborne.tab,45.0,42.53293866087056,198.4261857307704,100.0,downstream wake,7.919722530357708,0.944681429214279,197.309932474,10.608818171617886,-0.09371504433922961
20160906_flight01,5,-8.8,7.603747562879767,54.903604720000004,8.08253549,92.1,2016-09-06 13:56:05,2016-09-06 13:56:07,3,1.1553333333333333,7.442333333333333,7.390545852641738,7.517860711080914,0.045666115826908445,7.919722530357708,False,1.0114243739142788,8.816658594907521,7.474376295049641,Flight 01,20160906_flight01_airborne.tab,45.0,42.53293866087056,198.4261857307704,100.0,downstream wake,7.919722530357708,0.9601027730117119,197.309932474,10.608818171617886,-0.09371504433922961
20160906_flight01,5,-8.6,7.2266930196321475,54.903929690000005,8.07949926,91.992,2016-09-06 13:56:08,2016-09-06 13:56:10,3,1.0743333333333334,7.131333333333333,7.479380188224154,7.5269939342462955,0.045666115826908445,7.919722530357708,False,0.960103473280636,8.816658594907521,7.474376295049641,Flight 01,20160906_flight01_airborne.tab,45.0,42.53293866087056,198.4261857307704,100.0,downstream wake,7.919722530357708,0.9124932081813403,197.309932474,10.608818171617886,-0.09371504433922961
20160906_flight01,5,-8.4,7.390545852641738,54.90425338,8.076462189999999,91.744,2016-09-06 13:56:11,2016-09-06 13:56:13,3,1.3316666666666668,7.28,7.390545852641738,7.536127157411677,0.045666115826908445,7.919722530357708,False,0.9806822122651205,8.816658594907521,7.474376295049641,Flight 01,20160906_flight01_airborne.tab,45.0,42.53293866087056,198.4261857307704,100.0,downstream wake,7.919722530357708,0.9331824220245669,197.309932474,10.608818171617886,-0.09371504433922961
20160906_flight01,5,-8.200000000000001,7.479380188224154,54.90458966999999,8.073426809999999,91.62,2016-09-06 13:56:14,2016-09-06 13:56:16,3,1.3479999999999999,7.431666666666666,7.312061952691593,7.545260380577059,0.045666115826908445,7.919722530357708,False,0.9912686654893326,8.816658594907521,7.474376295049641,Flight 01,20160906_flight01_airborne.tab,45.0,42.53293866087056,198.4261857307704,100.0,downstream wake,7.919722530357708,0.9443992715091163,197.309932474,10.608818171617886,-0.09371504433922961
20160906_flight01,5,-8.0,7.144239147732949,54.90493592,8.07039577,91.7,2016-09-06 13:56:17,2016-09-06 13:56:19,3,1.0213333333333334,7.029333333333334,7.312061952691593,7.554393603742441,0.045666115826908445,7.919722530357708,False,0.9457065017361153,8.816658594907521,7.474376295049641,Flight 01,20160906_flight01_airborne.tab,45.0,42.53293866087056,198.4261857307704,100.0,downstream wake,7.919722530357708,0.9020820010231175,197.309932474,10.608818171617886,-0.09371504433922961
20160906_flight01,5,-7.800000000000001,7.312061952691593,54.90529554,8.06736361,91.8,2016-09-06 13:56:20,2016-09-06 13:56:22,3,1.0583333333333333,7.272333333333333,7.144239147732949,7.563526826907823,0.045666115826908445,7.919722530357708,False,0.9667529606265659,8.816658594907521,7.474376295049641,Flight 01,20160906_flight01_airborne.tab,45.0,42.53293866087056,198.4261857307704,100.0,downstream wake,7.919722530357708,0.9232724915125696,197.309932474,10.608818171617886,-0.09371504433922961
20160906_flight01,5,-7.6000000000000005,7.0242970466801875,54.90566445,8.0643332,91.55199999999999,2016-09-06 13:56:23,2016-09-06 13:56:25,3,1.1456666666666668,7.072666666666667,7.144239147732949,7.572660050073204,0.045666115826908445,7.919722530357708,False,0.9275864755888896,8.816658594907521,7.474376295049641,Flight 01,20160906_flight01_airborne.tab,45.0,42.53293866087056,198.4261857307704,100.0,downstream wake,7.919722530357708,0.8869372657633907,197.309932474,10.608818171617886,-0.09371504433922961
20160906_flight01,5,-7.4,6.823039352077635,54.906019900000004,8.061303689999999,92.6,2016-09-06 13:56:26,2016-09-06 13:56:28,3,0.9863333333333335,6.956666666666667,7.0242970466801875,7.581793273238586,0.045666115826908445,7.919722530357708,False,0.89992421399313,8.816658594907521,7.474376295049641,Flight 01,20160906_flight01_airborne.tab,45.0,42.53293866087056,198.4261857307704,100.0,downstream wake,7.919722530357708,0.8615250503945951,197.309932474,10.608818171617886,-0.09371504433922961
20160906_flight01,5,-7.2,7.325365315122516,54.90634962,8.05827189,92.55199999999999,2016-09-06 13:56:29,2016-09-06 13:56:31,3,0.9706666666666668,7.288666666666667,7.0242970466801875,7.590926496403967,0.045666115826908445,7.919722530357708,False,0.9650159725025325,8.816658594907521,7.474376295049641,Flight 01,20160906_flight01_airborne.tab,45.0,42.53293866087056,198.4261857307704,100.0,downstream wake,7.919722530357708,0.9249522678405822,197.309932474,10.608818171617886,-0.09371504433922961
20160906_flight01,5,-7.0,6.78036466570936,54.906658500000006,8.05523363,92.0,2016-09-06 13:56:32,2016-09-06 13:56:34,3,1.127,6.637333333333333,7.147475428429258,7.60005971956935,0.045666115826908445,7.919722530357708,False,0.8921462351474211,8.816658594907521,7.474376295049641,Flight 01,20160906_flight01_airborne.tab,45.0,42.53293866087056,198.4261857307704,100.0,downstream wake,7.919722530357708,0.8561366436411142,197.309932474,10.608818171617886,-0.09371504433922961
20160906_flight01,5,-6.800000000000001,7.147475428429258,54.9069612,8.05219121,92.067,2016-09-06 13:56:35,2016-09-06 13:56:37,3,1.42,6.990333333333333,7.147475428429258,7.609192942734731,0.045666115826908445,7.919722530357708,False,0.9393210925547207,8.816658594907521,7.474376295049641,Flight 01,20160906_flight01_airborne.tab,45.0,42.53293866087056,198.4261857307704,100.0,downstream wake,7.919722530357708,0.9024906366393155,197.309932474,10.608818171617886,-0.09371504433922961
20160906_flight01,5,-6.6000000000000005,7.3870488017881675,54.90727106,8.049153669999999,92.6,2016-09-06 13:56:38,2016-09-06 13:56:40,3,1.3983333333333334,7.198333333333333,7.147475428429258,7.618326165900113,0.045666115826908445,7.919722530357708,False,0.969641971336545,8.816658594907521,7.474376295049641,Flight 01,20160906_flight01_airborne.tab,45.0,42.53293866087056,198.4261857307704,100.0,downstream wake,7.919722530357708,0.9327408597299075,197.309932474,10.608818171617886,-0.09371504433922961
20160906_flight01,5,-6.4,6.847875655997266,54.90758688,8.04612134,92.471,2016-09-06 13:56:41,2016-09-06 13:56:43,3,1.2023333333333335,6.777333333333334,7.28654602675369,7.6274593890654945,0.045666115826908445,7.919722530357708,False,0.8977924767209097,8.816658594907521,7.474376295049641,Flight 01,20160906_flight01_airborne.tab,45.0,42.53293866087056,198.4261857307704,100.0,downstream wake,7.919722530357708,0.8646610572211512,197.309932474,10.608818171617886,-0.09371504433922961
20160906_flight01,5,-6.2,7.354660087318789,54.90790287,8.04308736,92.113,2016-09-06 13:56:44,2016-09-06 13:56:46,3,1.242,7.228000000000001,7.28654602675369,7.636592612230876,0.045666115826908445,7.919722530357708,False,0.9630813715975185,8.816658594907521,7.474376295049641,Flight 01,20160906_flight01_airborne.tab,45.0,42.53293866087056,198.4261857307704,100.0,downstream wake,7.919722530357708,0.9286512323035391,197.309932474,10.608818171617886,-0.09371504433922961
20160906_flight01,5,-6.0,7.28654602675369,54.908222159999994,8.04005342,92.199,2016-09-06 13:56:47,2016-09-06 13:56:49,3,1.1773333333333333,7.109666666666667,7.28654602675369,7.645725835396258,0.045666115826908445,7.919722530357708,False,0.9530221438258056,8.816658594907521,7.474376295049641,Flight 01,20160906_flight01_airborne.tab,45.0,42.53293866087056,198.4261857307704,100.0,downstream wake,7.919722530357708,0.9200506708187137,197.309932474,10.608818171617886,-0.09371504433922961
20160906_flight01,5,-5.800000000000001,7.147256326731259,54.90854039,8.03701917,92.044,2016-09-06 13:56:50,2016-09-06 13:56:52,3,1.086,6.994666666666667,7.354660087318789,7.654859058561639,0.045666115826908445,7.919722530357708,False,0.9336888206631777,8.816658594907521,7.474376295049641,Flight 01,20160906_flight01_airborne.tab,45.0,42.53293866087056,198.4261857307704,100.0,downstream wake,7.919722530357708,0.9024629713142792,197.309932474,10.608818171617886,-0.09371504433922961
20160906_flight01,5,-5.6000000000000005,7.490793349172035,54.908863579999995,8.03398132,91.77799999999999,2016-09-06 13:56:53,2016-09-06 13:56:55,3,1.2356666666666667,7.3326666666666656,7.28654602675369,7.663992281727021,0.045666115826908445,7.919722530357708,False,0.977400951594388,8.816658594907521,7.474376295049641,Flight 01,20160906_flight01_airborne.tab,45.0,42.53293866087056,198.4261857307704,100.0,downstream wake,7.919722530357708,0.945840377672133,197.309932474,10.608818171617886,-0.09371504433922961
20160906_flight01,5,-5.4,7.528004582889147,54.909194420000006,8.03094507,92.0,2016-09-06 13:56:56,2016-09-06 13:56:58,3,1.3436666666666668,7.348,7.248991998891983,7.673125504892403,0.045666115826908445,7.919722530357708,False,0.9810871173799091,8.816658594907521,7.474376295049641,Flight 01,20160906_flight01_airborne.tab,45.0,42.53293866087056,198.4261857307704,100.0,downstream wake,7.919722530357708,0.9505389303770383,197.309932474,10.608818171617886,-0.09371504433922961
20160906_flight01,5,-5.2,7.248991998891983,54.90953865,8.027914070000001,92.19800000000001,2016-09-06 13:56:59,2016-09-06 13:57:01,3,1.0586666666666666,7.210333333333334,7.373599188998544,7.682258728057785,0.045666115826908445,7.919722530357708,False,0.9436016483559204,8.816658594907521,7.474376295049641,Flight 01,20160906_flight01_airborne.tab,45.0,42.53293866087056,198.4261857307704,100.0,downstream wake,7.919722530357708,0.9153088345084445,197.309932474,10.608818171617886,-0.09371504433922961
20160906_flight01,5,-5.0,7.097376768919627,54.90991298,8.024888220000001,92.124,2016-09-06 13:57:02,2016-09-06 13:57:04,3,1.2296666666666667,7.019666666666667,7.373599188998544,7.691391951223166,0.045666115826908445,7.919722530357708,False,0.9227688322126045,8.816658594907521,7.474376295049641,Flight 01,20160906_flight01_airborne.tab,45.0,42.53293866087056,198.4261857307704,100.0,downstream wake,7.919722530357708,0.8961648266986775,197.309932474,10.608818171617886,-0.09371504433922961
20160906_flight01,5,-4.800000000000001,7.373599188998544,54.910301170000004,8.02186392,91.98700000000001,2016-09-06 13:57:05,2016-09-06 13:57:07,3,1.313,7.108333333333333,7.248991998891983,7.700525174388548,0.045666115826908445,7.919722530357708,False,0.957544975441761,8.816658594907521,7.474376295049641,Flight 01,20160906_flight01_airborne.tab,45.0,42.53293866087056,198.4261857307704,100.0,downstream wake,7.919722530357708,0.9310426168005539,197.309932474,10.608818171617886,-0.09371504433922961
20160906_flight01,5,-4.6000000000000005,7.696414554843054,54.91069665,8.018841909999999,91.675,2016-09-06 13:57:08,2016-09-06 13:57:10,3,1.1813333333333336,7.592666666666666,7.217773964318916,7.7096583975539295,0.045666115826908445,7.919722530357708,False,0.9982821751590086,8.816658594907521,7.474376295049641,Flight 01,20160906_flight01_airborne.tab,45.0,42.53293866087056,198.4261857307704,100.0,downstream wake,7.919722530357708,0.9718035607107857,197.309932474,10.608818171617886,-0.09371504433922961
20160906_flight01,5,-4.4,6.9211598016517435,54.911094000000006,8.01582091,91.939,2016-09-06 13:57:11,2016-09-06 13:57:13,3,0.914,7.047000000000001,7.217773964318916,7.718791620719311,0.045666115826908445,7.919722530357708,False,0.8966636413753535,8.816658594907521,7.474376295049641,Flight 01,20160906_flight01_airborne.tab,45.0,42.53293866087056,198.4261857307704,100.0,downstream wake,7.919722530357708,0.873914430097987,197.309932474,10.608818171617886,-0.09371504433922961
20160906_flight01,5,-4.2,7.217773964318916,54.911477000000005,8.01279898,92.677,2016-09-06 13:57:14,2016-09-06 13:57:16,3,1.0666666666666667,7.150666666666667,7.168870495754437,7.7279248438846935,0.045666115826908445,7.919722530357708,False,0.9339860454298448,8.816658594907521,7.474376295049641,Flight 01,20160906_flight01_airborne.tab,45.0,42.53293866087056,198.4261857307704,100.0,downstream wake,7.919722530357708,0.9113670253789702,197.309932474,10.608818171617886,-0.09371504433922961
20160906_flight01,5,-4.0,7.168870495754437,54.911893655,8.009271174999999,93.02449999999999,2016-09-06 13:57:17,2016-09-06 13:57:20,4,1.412,7.05575,7.097542814242123,7.737058067050075,0.045666115826908445,7.919722530357708,False,0.9265628399875416,8.816658594907521,7.474376295049641,Flight 01,20160906_flight01_airborne.tab,45.0,42.53293866087056,198.4261857307704,100.0,downstream wake,7.919722530357708,0.9051921286730537,197.309932474,10.608818171617886,-0.09371504433922961
20160906_flight01,5,-3.8000000000000003,7.097542814242123,54.91228263,8.0057466,93.727,2016-09-06 13:57:21,2016-09-06 13:57:23,3,1.4763333333333335,6.954666666666667,7.168870495754437,7.746191290215457,0.045666115826908445,7.919722530357708,False,0.916262269847032,8.816658594907521,7.474376295049641,Flight 01,20160906_flight01_airborne.tab,45.0,42.53293866087056,198.4261857307704,100.0,downstream wake,7.919722530357708,0.8961857927517002,197.309932474,10.608818171617886,-0.09371504433922961
20160906_flight01,5,-3.6,6.8597901571403765,54.91258215,8.00272921,94.477,2016-09-06 13:57:24,2016-09-06 13:57:26,3,1.3453333333333333,6.725333333333334,7.168870495754437,7.755324513380838,0.045666115826908445,7.919722530357708,False,0.8845265140491118,8.816658594907521,7.474376295049641,Flight 01,20160906_flight01_airborne.tab,45.0,42.53293866087056,198.4261857307704,100.0,downstream wake,7.919722530357708,0.8661654661316199,197.309932474,10.608818171617886,-0.09371504433922961
20160906_flight01,5,-3.4000000000000004,7.1741052403766705,54.912835830000006,7.99970921,94.8,2016-09-06 13:57:27,2016-09-06 13:57:29,3,1.125,7.025666666666667,7.1741052403766705,7.76445773654622,0.045666115826908445,7.919722530357708,False,0.9239673244158646,8.816658594907521,7.474376295049641,Flight 01,20160906_flight01_airborne.tab,45.0,42.53293866087056,198.4261857307704,100.0,downstream wake,7.919722530357708,0.9058531044335261,197.309932474,10.608818171617886,-0.09371504433922961
20160906_flight01,5,-3.2,7.237172445092074,54.91304451,7.99668256,94.375,2016-09-06 13:57:30,2016-09-06 13:57:32,3,1.3186666666666669,7.117333333333334,7.176629849727517,7.773590959711601,0.045666115826908445,7.919722530357708,False,0.9309947593847376,8.816658594907521,7.474376295049641,Flight 01,20160906_flight01_airborne.tab,45.0,42.53293866087056,198.4261857307704,100.0,downstream wake,7.919722530357708,0.9138164143188984,197.309932474,10.608818171617886,-0.09371504433922961
20160906_flight01,5,-3.0,7.176629849727517,54.91323666,7.9936533999999995,94.185,2016-09-06 13:57:33,2016-09-06 13:57:35,3,1.6433333333333333,6.97,7.237172445092074,7.782724182876983,0.045666115826908445,7.919722530357708,False,0.9221231128191651,8.816658594907521,7.474376295049641,Flight 01,20160906_flight01_airborne.tab,45.0,42.53293866087056,198.4261857307704,100.0,downstream wake,7.919722530357708,0.9061718794084282,197.309932474,10.608818171617886,-0.09371504433922961
20160906_flight01,5,-2.8000000000000003,7.389806628051915,54.9134522,7.99062457,94.0,2016-09-06 13:57:36,2016-09-06 13:57:38,3,1.7513333333333332,7.290333333333333,7.343251868212065,7.791857406042364,0.045666115826908445,7.919722530357708,False,0.9484011632863467,8.816658594907521,7.474376295049641,Flight 01,20160906_flight01_airborne.tab,45.0,42.53293866087056,198.4261857307704,100.0,downstream wake,7.919722530357708,0.9330890823163903,197.309932474,10.608818171617886,-0.09371504433922961
20160906_flight01,5,-2.6,7.4041775370394785,54.91370071,7.98759848,93.884,2016-09-06 13:57:39,2016-09-06 13:57:41,3,1.45,7.264333333333333,7.343251868212065,7.800990629207746,0.045666115826908445,7.919722530357708,False,0.9491329869462275,8.816658594907521,7.474376295049641,Flight 01,20160906_flight01_airborne.tab,45.0,42.53293866087056,198.4261857307704,100.0,downstream wake,7.919722530357708,0.9349036545987497,197.309932474,10.608818171617886,-0.09371504433922961
20160906_flight01,5,-2.4000000000000004,7.343251868212065,54.91397571,7.984571560000001,93.296,2016-09-06 13:57:42,2016-09-06 13:57:44,3,1.543,7.103333333333333,7.343251868212065,7.8101238523731285,0.045666115826908445,7.919722530357708,False,0.9402222047965088,8.816658594907521,7.474376295049641,Flight 01,20160906_flight01_airborne.tab,45.0,42.53293866087056,198.4261857307704,100.0,downstream wake,7.919722530357708,0.9272107501322264,197.309932474,10.608818171617886,-0.09371504433922961
20160906_flight01,5,-2.2,7.132917776057704,54.91427527,7.98154174,92.95100000000001,2016-09-06 13:57:45,2016-09-06 13:57:47,3,1.3190000000000002,6.973333333333334,7.343251868212065,7.81925707553851,0.045666115826908445,7.919722530357708,False,0.9122244872050663,8.816658594907521,7.474376295049641,Flight 01,20160906_flight01_airborne.tab,45.0,42.53293866087056,198.4261857307704,100.0,downstream wake,7.919722530357708,0.9006524848207698,197.309932474,10.608818171617886,-0.09371504433922961
20160906_flight01,5,-2.0,7.323565593343177,54.91459831,7.97851231,92.35799999999999,2016-09-06 13:57:48,2016-09-06 13:57:50,3,1.5856666666666666,7.029333333333334,7.323565593343177,7.828390298703892,0.045666115826908445,7.919722530357708,False,0.935513600357369,8.816658594907521,7.474376295049641,Flight 01,20160906_flight01_airborne.tab,45.0,42.53293866087056,198.4261857307704,100.0,downstream wake,7.919722530357708,0.9247250222808494,197.309932474,10.608818171617886,-0.09371504433922961
20160906_flight01,5,-1.8,7.51459945705691,54.914936260000005,7.97548471,91.98899999999999,2016-09-06 13:57:51,2016-09-06 13:57:53,3,1.7566666666666666,7.277666666666668,7.323565593343177,7.837523521869273,0.045666115826908445,7.919722530357708,False,0.9587976911442373,8.816658594907521,7.474376295049641,Flight 01,20160906_flight01_airborne.tab,45.0,42.53293866087056,198.4261857307704,100.0,downstream wake,7.919722530357708,0.9488463046845531,197.309932474,10.608818171617886,-0.09371504433922961
20160906_flight01,5,-1.6,7.010878190355328,54.915286210000005,7.97245934,91.97200000000001,2016-09-06 13:57:54,2016-09-06 13:57:56,3,0.8923333333333332,6.899333333333334,7.323565593343177,7.846656745034655,0.045666115826908445,7.919722530357708,False,0.8934860308234834,8.816658594907521,7.474376295049641,Flight 01,20160906_flight01_airborne.tab,45.0,42.53293866087056,198.4261857307704,100.0,downstream wake,7.919722530357708,0.8852429063621082,197.309932474,10.608818171617886,-0.09371504433922961
20160906_flight01,5,-1.4000000000000001,7.464510298740299,54.91563526,7.96943219,92.15199999999999,2016-09-06 13:57:57,2016-09-06 13:57:59,3,1.4713333333333332,7.140999999999999,7.288338219374839,7.855789968200036,0.045666115826908445,7.919722530357708,False,0.9501921931411578,8.816658594907521,7.474376295049641,Flight 01,20160906_flight01_airborne.tab,45.0,42.53293866087056,198.4261857307704,100.0,downstream wake,7.919722530357708,0.9425216944315284,197.309932474,10.608818171617886,-0.09371504433922961
20160906_flight01,5,-1.2000000000000002,7.288338219374839,54.915963579999996,7.9664060800000005,92.479,2016-09-06 13:58:00,2016-09-06 13:58:02,3,1.2703333333333333,7.084,7.150957977781717,7.864923191365419,0.045666115826908445,7.919722530357708,False,0.9266890523961392,8.816658594907521,7.474376295049641,Flight 01,20160906_flight01_airborne.tab,45.0,42.53293866087056,198.4261857307704,100.0,downstream wake,7.919722530357708,0.9202769656938534,197.309932474,10.608818171617886,-0.09371504433922961
20160906_flight01,5,-1.0,6.961069458064616,54.91627958,7.96337919,92.2,2016-09-06 13:58:03,2016-09-06 13:58:05,3,1.2056666666666667,6.878,7.150957977781717,7.8740564145308,0.045666115826908445,7.919722530357708,False,0.8840512553629465,8.816658594907521,7.474376295049641,Flight 01,20160906_flight01_airborne.tab,45.0,42.53293866087056,198.4261857307704,100.0,downstream wake,7.919722530357708,0.8789537046760914,197.309932474,10.608818171617886,-0.09371504433922961
20160906_flight01,5,-0.8,7.150957977781717,54.91659553,7.96035122,92.486,2016-09-06 13:58:06,2016-09-06 13:58:08,3,1.3766666666666667,7.028,7.150957977781717,7.883189637696182,0.045666115826908445,7.919722530357708,False,0.9071147982520873,8.816658594907521,7.474376295049641,Flight 01,20160906_flight01_airborne.tab,45.0,42.53293866087056,198.4261857307704,100.0,downstream wake,7.919722530357708,0.9029303678722103,197.309932474,10.608818171617886,-0.09371504433922961
20160906_flight01,5,-0.6000000000000001,7.071293304622571,54.91691645,7.95732212,92.554,2016-09-06 13:58:09,2016-09-06 13:58:11,3,1.3333333333333333,7.0249999999999995,7.150957977781717,7.892322860861563,0.045666115826908445,7.919722530357708,False,0.8959711138642693,8.816658594907521,7.474376295049641,Flight 01,20160906_flight01_airborne.tab,45.0,42.53293866087056,198.4261857307704,100.0,downstream wake,7.919722530357708,0.8928713446105017,197.309932474,10.608818171617886,-0.09371504433922961
20160906_flight01,5,-0.4,7.43078252945139,54.91724333,7.9542920200000005,92.42800000000001,2016-09-06 13:58:12,2016-09-06 13:58:14,3,1.5816666666666668,7.166666666666667,7.43078252945139,7.901456084026945,0.045666115826908445,7.919722530357708,False,0.9404320482743633,8.816658594907521,7.474376295049641,Flight 01,20160906_flight01_airborne.tab,45.0,42.53293866087056,198.4261857307704,100.0,downstream wake,7.919722530357708,0.9382629885034326,197.309932474,10.608818171617886,-0.09371504433922961
20160906_flight01,5,-0.2,7.585090968472296,54.91756636,7.951267870000001,93.029,2016-09-06 13:58:15,2016-09-06 13:58:17,3,1.7413333333333334,7.377,7.473080355516057,7.910589307192327,0.045666115826908445,7.919722530357708,False,0.9588528330722357,8.816658594907521,7.474376295049641,Flight 01,20160906_flight01_airborne.tab,45.0,42.53293866087056,198.4261857307704,100.0,downstream wake,7.919722530357708,0.9577470598745462,197.309932474,10.608818171617886,-0.09371504433922961
20160906_flight01,5,-0.0,7.676998675327967,54.917934775,7.947746459999999,93.6385,2016-09-06 13:58:18,2016-09-06 13:58:21,4,1.65,7.452,7.570525080864602,7.919722530357708,0.045666115826908445,7.919722530357708,False,0.969351974883042,8.816658594907521,7.474376295049641,Flight 01,20160906_flight01_airborne.tab,45.0,42.53293866087056,198.4261857307704,100.0,downstream wake,7.919722530357708,0.969351974883042,197.309932474,10.608818171617886,-0.09371504433922961
20160906_flight01,5,0.2,7.473080355516057,54.91828986,7.9442297900000005,94.12899999999999,2016-09-06 13:58:22,2016-09-06 13:58:24,3,1.8073333333333335,7.258666666666667,7.585090968472296,7.92885575352309,0.045666115826908445,7.919722530357708,False,0.9425168760568617,8.816658594907521,7.474376295049641,Flight 01,20160906_flight01_airborne.tab,45.0,42.53293866087056,198.4261857307704,100.0,downstream wake,7.919722530357708,0.9436038102181494,197.309932474,10.608818171617886,-0.09371504433922961
20160906_flight01,5,0.4,7.570525080864602,54.91857877,7.94121744,94.39300000000001,2016-09-06 13:58:25,2016-09-06 13:58:27,3,1.6286666666666667,7.423333333333333,7.570525080864602,7.937988976688472,0.045666115826908445,7.919722530357708,False,0.9537081876904839,8.816658594907521,7.474376295049641,Flight 01,20160906_flight01_airborne.tab,45.0,42.53293866087056,198.4261857307704,100.0,downstream wake,7.919722530357708,0.9559078682170278,197.309932474,10.608818171617886,-0.09371504433922961
20160906_flight01,5,0.6000000000000001,7.754834169729227,54.91885554,7.9382031600000005,94.3,2016-09-06 13:58:28,2016-09-06 13:58:30,3,1.8373333333333333,7.527666666666666,7.473080355516057,7.947122199853854,0.045666115826908445,7.919722530357708,False,0.9758040677758594,8.816658594907521,7.474376295049641,Flight 01,20160906_flight01_airborne.tab,45.0,42.53293866087056,198.4261857307704,100.0,downstream wake,7.919722530357708,0.9791800331392375,197.309932474,10.608818171617886,-0.09371504433922961
20160906_flight01,5,0.8,7.309851503279667,54.919125320000006,7.93518596,93.70100000000001,2016-09-06 13:58:31,2016-09-06 13:58:33,3,1.4683333333333335,7.241666666666667,7.570525080864602,7.956255423019235,0.045666115826908445,7.919722530357708,False,0.9187552579232968,8.816658594907521,7.474376295049641,Flight 01,20160906_flight01_airborne.tab,45.0,42.53293866087056,198.4261857307704,100.0,downstream wake,7.919722530357708,0.9229933845863543,197.309932474,10.608818171617886,-0.09371504433922961
20160906_flight01,5,1.0,7.321306235911731,54.919396500000005,7.932165609999999,93.131,2016-09-06 13:58:34,2016-09-06 13:58:36,3,1.8566666666666667,7.158,7.321306235911731,7.965388646184617,0.045666115826908445,7.919722530357708,False,0.9191398638682372,8.816658594907521,7.474376295049641,Flight 01,20160906_flight01_airborne.tab,45.0,42.53293866087056,198.4261857307704,100.0,downstream wake,7.919722530357708,0.9244397398832925,197.309932474,10.608818171617886,-0.09371504433922961
20160906_flight01,5,1.2000000000000002,7.684514948908616,54.91967488,7.92914528,92.86,2016-09-06 13:58:37,2016-09-06 13:58:39,3,1.6306666666666667,7.431,7.321306235911731,7.974521869349998,0.045666115826908445,7.919722530357708,False,0.96363331555262,8.816658594907521,7.474376295049641,Flight 01,20160906_flight01_airborne.tab,45.0,42.53293866087056,198.4261857307704,100.0,downstream wake,7.919722530357708,0.9703010325743737,197.309932474,10.608818171617886,-0.09371504433922961
20160906_flight01,5,1.4000000000000001,7.2755110473423095,54.91996477,7.92612354,92.624,2016-09-06 13:58:40,2016-09-06 13:58:42,3,1.3226666666666667,7.145,7.440925816052731,7.98365509251538,0.045666115826908445,7.919722530357708,False,0.9113007717684409,8.816658594907521,7.474376295049641,Flight 01,20160906_flight01_airborne.tab,45.0,42.53293866087056,198.4261857307704,100.0,downstream wake,7.919722530357708,0.9186573165226406,197.309932474,10.608818171617886,-0.09371504433922961
20160906_flight01,5,1.6,7.73107418150932,54.92027255,7.92310011,91.929,2016-09-06 13:58:43,2016-09-06 13:58:45,3,1.5166666666666668,7.5040000000000004,7.510078162043322,7.9927883156807615,0.045666115826908445,7.919722530357708,False,0.9672562159993661,8.816658594907521,7.474376295049641,Flight 01,20160906_flight01_airborne.tab,45.0,42.53293866087056,198.4261857307704,100.0,downstream wake,7.919722530357708,0.9761799295208556,197.309932474,10.608818171617886,-0.09371504433922961
20160906_flight01,5,1.8,7.440925816052731,54.9206026,7.92007531,91.46799999999999,2016-09-06 13:58:46,2016-09-06 13:58:48,3,1.1666666666666667,7.368666666666667,7.457122300190604,8.001921538846144,0.045666115826908445,7.919722530357708,False,0.9298923739666777,8.816658594907521,7.474376295049641,Flight 01,20160906_flight01_airborne.tab,45.0,42.53293866087056,198.4261857307704,100.0,downstream wake,7.919722530357708,0.9395437513789575,197.309932474,10.608818171617886,-0.09371504433922961
20160906_flight01,5,2.0,7.510078162043322,54.92095566,7.917050809999999,91.8,2016-09-06 13:58:49,2016-09-06 13:58:51,3,1.4393333333333331,7.309,7.457122300190604,8.011054762011526,0.045666115826908445,7.919722530357708,False,0.9374643396093311,8.816658594907521,7.474376295049641,Flight 01,20160906_flight01_airborne.tab,45.0,42.53293866087056,198.4261857307704,100.0,downstream wake,7.919722530357708,0.9482754141014226,197.309932474,10.608818171617886,-0.09371504433922961
20160906_flight01,5,2.2,7.457122300190604,54.92132119,7.914030390000001,91.715,2016-09-06 13:58:52,2016-09-06 13:58:54,3,1.9736666666666667,7.264333333333333,7.457122300190604,8.020187985176907,0.045666115826908445,7.919722530357708,False,0.9297939542031965,8.816658594907521,7.474376295049641,Flight 01,20160906_flight01_airborne.tab,45.0,42.53293866087056,198.4261857307704,100.0,downstream wake,7.919722530357708,0.9415888336499322,197.309932474,10.608818171617886,-0.09371504433922961
20160906_flight01,5,2.4000000000000004,7.28049064280698,54.921695410000005,7.911017,92.56200000000001,2016-09-06 13:58:55,2016-09-06 13:58:57,3,1.705,7.036333333333334,7.510078162043322,8.029321208342289,0.045666115826908445,7.919722530357708,False,0.9067379986296613,8.816658594907521,7.474376295049641,Flight 01,20160906_flight01_airborne.tab,45.0,42.53293866087056,198.4261857307704,100.0,downstream wake,7.919722530357708,0.919286075351701,197.309932474,10.608818171617886,-0.09371504433922961
20160906_flight01,5,2.6,7.58816446843372,54.922072639999996,7.908011780000001,93.243,2016-09-06 13:58:58,2016-09-06 13:59:00,3,1.8116666666666668,7.324333333333333,7.58816446843372,8.03845443150767,0.045666115826908445,7.919722530357708,False,0.9439830172689684,8.816658594907521,7.474376295049641,Flight 01,20160906_flight01_airborne.tab,45.0,42.53293866087056,198.4261857307704,100.0,downstream wake,7.919722530357708,0.9581351416475682,197.309932474,10.608818171617886,-0.09371504433922961
20160906_flight01,5,2.8000000000000003,7.592504527492888,54.922440589999994,7.905010999999999,93.65700000000001,2016-09-06 13:59:01,2016-09-06 13:59:03,3,2.0086666666666666,7.325666666666667,7.592504527492888,8.047587654673052,0.045666115826908445,7.919722530357708,False,0.943450988456658,8.816658594907521,7.474376295049641,Flight 01,20160906_flight01_airborne.tab,45.0,42.53293866087056,198.4261857307704,100.0,downstream wake,7.919722530357708,0.9586831481013969,197.309932474,10.608818171617886,-0.09371504433922961
20160906_flight01,5,3.0,7.7566490187451445,54.922784039999996,7.902012,93.895,2016-09-06 13:59:04,2016-09-06 13:59:06,3,1.8543333333333332,7.508333333333333,7.7566490187451445,8.056720877838433,0.045666115826908445,7.919722530357708,False,0.9627550881254067,8.816658594907521,7.474376295049641,Flight 01,20160906_flight01_airborne.tab,45.0,42.53293866087056,198.4261857307704,100.0,downstream wake,7.919722530357708,0.9794091887705063,197.309932474,10.608818171617886,-0.09371504433922961
20160906_flight01,5,3.2,7.9795551254440245,54.92308587,7.89900636,93.411,2016-09-06 13:59:07,2016-09-06 13:59:09,3,2.2296666666666667,7.775333333333333,7.7566490187451445,8.065854101003815,0.045666115826908445,7.919722530357708,False,0.9893007021353076,8.816658594907521,7.474376295049641,Flight 01,20160906_flight01_airborne.tab,45.0,42.53293866087056,198.4261857307704,100.0,downstream wake,7.919722530357708,1.0075548852699028,197.309932474,10.608818171617886,-0.09371504433922961
20160906_flight01,5,3.4000000000000004,7.94430928400953,54.92334429,7.895998090000001,93.15899999999999,2016-09-06 13:59:10,2016-09-06 13:59:12,3,2.25,7.629666666666668,7.7566490187451445,8.074987324169197,0.045666115826908445,7.919722530357708,False,0.9838169355673743,8.816658594907521,7.474376295049641,Flight 01,20160906_flight01_airborne.tab,45.0,42.53293866087056,198.4261857307704,100.0,downstream wake,7.919722530357708,1.003104496850436,197.309932474,10.608818171617886,-0.09371504433922961
20160906_flight01,5,3.6,7.7233208531045765,54.92358478,7.89299501,93.465,2016-09-06 13:59:13,2016-09-06 13:59:15,3,1.713,7.543666666666667,7.7578098068978205,8.084120547334578,0.045666115826908445,7.919722530357708,False,0.9553693327409669,8.816658594907521,7.474376295049641,Flight 01,20160906_flight01_airborne.tab,45.0,42.53293866087056,198.4261857307704,100.0,downstream wake,7.919722530357708,0.975200939616219,197.309932474,10.608818171617886,-0.09371504433922961
20160906_flight01,5,3.8000000000000003,7.687529557856183,54.92389283,7.889488685,92.6405,2016-09-06 13:59:16,2016-09-06 13:59:19,4,1.66425,7.44525,7.7233208531045765,8.09325377049996,0.045666115826908445,7.919722530357708,False,0.9498688383993781,8.816658594907521,7.474376295049641,Flight 01,20160906_flight01_airborne.tab,45.0,42.53293866087056,198.4261857307704,100.0,downstream wake,7.919722530357708,0.9706816783528099,197.309932474,10.608818171617886,-0.09371504433922961
20160906_flight01,5,4.0,7.7578098068978205,54.924254170000005,7.8859765500000005,91.50299999999999,2016-09-06 13:59:20,2016-09-06 13:59:22,3,1.7396666666666667,7.597333333333334,7.687529557856183,8.102386993665343,0.045666115826908445,7.919722530357708,False,0.9574721391317248,8.816658594907521,7.474376295049641,Flight 01,20160906_flight01_airborne.tab,45.0,42.53293866087056,198.4261857307704,100.0,downstream wake,7.919722530357708,0.9795557580661132,197.309932474,10.608818171617886,-0.09371504433922961
20160906_flight01,5,4.2,7.662172668375465,54.924600410000004,7.882964490000001,90.97,2016-09-06 13:59:23,2016-09-06 13:59:25,3,1.6286666666666667,7.419999999999999,7.662172668375465,8.111520216830725,0.045666115826908445,7.919722530357708,False,0.944603781234139,8.816658594907521,7.474376295049641,Flight 01,20160906_flight01_airborne.tab,45.0,42.53293866087056,198.4261857307704,100.0,downstream wake,7.919722530357708,0.9674799387232307,197.309932474,10.608818171617886,-0.09371504433922961
20160906_flight01,5,4.4,7.561651737550467,54.92495435,7.8799582599999995,91.771,2016-09-06 13:59:26,2016-09-06 13:59:28,3,1.4043333333333334,7.495,7.609259162362655,8.120653439996106,0.045666115826908445,7.919722530357708,False,0.9311629653234029,8.816658594907521,7.474376295049641,Flight 01,20160906_flight01_airborne.tab,45.0,42.53293866087056,198.4261857307704,100.0,downstream wake,7.919722530357708,0.9547874573339291,197.309932474,10.608818171617886,-0.09371504433922961
20160906_flight01,5,4.6000000000000005,7.461332387717357,54.92530546,7.8769518000000005,91.54,2016-09-06 13:59:29,2016-09-06 13:59:31,3,1.6936666666666664,7.296333333333333,7.609259162362655,8.129786663161488,0.045666115826908445,7.919722530357708,False,0.9177771443286331,8.816658594907521,7.474376295049641,Flight 01,20160906_flight01_airborne.tab,45.0,42.53293866087056,198.4261857307704,100.0,downstream wake,7.919722530357708,0.9421204289817907,197.309932474,10.608818171617886,-0.09371504433922961
20160906_flight01,5,4.800000000000001,7.609259162362655,54.92565521,7.87394357,91.242,2016-09-06 13:59:32,2016-09-06 13:59:34,3,1.4946666666666666,7.489,7.609259162362655,8.13891988632687,0.045666115826908445,7.919722530357708,False,0.9349224797194493,8.816658594907521,7.474376295049641,Flight 01,20160906_flight01_airborne.tab,45.0,42.53293866087056,198.4261857307704,100.0,downstream wake,7.919722530357708,0.9607987064186918,197.309932474,10.608818171617886,-0.09371504433922961
20160906_flight01,5,5.0,7.857754513854451,54.92601603,7.87093235,92.07,2016-09-06 13:59:35,2016-09-06 13:59:37,3,1.8043333333333333,7.550333333333334,7.669963819992895,8.14805310949225,0.045666115826908445,7.919722530357708,False,0.964372029522045,8.816658594907521,7.474376295049641,Flight 01,20160906_flight01_airborne.tab,45.0,42.53293866087056,198.4261857307704,100.0,downstream wake,7.919722530357708,0.9921754813674694,197.309932474,10.608818171617886,-0.09371504433922961
20160906_flight01,5,5.2,7.669963819992895,54.926378590000006,7.86792574,92.99799999999999,2016-09-06 13:59:38,2016-09-06 13:59:40,3,1.7156666666666667,7.502,7.710217441810575,8.157186332657632,0.045666115826908445,7.919722530357708,False,0.9402707633741156,8.816658594907521,7.474376295049641,Flight 01,20160906_flight01_airborne.tab,45.0,42.53293866087056,198.4261857307704,100.0,downstream wake,7.919722530357708,0.9684637044533513,197.309932474,10.608818171617886,-0.09371504433922961
20160906_flight01,5,5.4,7.710217441810575,54.92672265,7.864922920000001,93.285,2016-09-06 13:59:41,2016-09-06 13:59:43,3,1.8176666666666665,7.475333333333334,7.857754513854451,8.166319555823014,0.045666115826908445,7.919722530357708,False,0.9441483876678308,8.816658594907521,7.474376295049641,Flight 01,20160906_flight01_airborne.tab,45.0,42.53293866087056,198.4261857307704,100.0,downstream wake,7.919722530357708,0.9735464105283913,197.309932474,10.608818171617886,-0.09371504433922961
20160906_flight01,5,5.6000000000000005,7.927134223664943,54.92704025,7.86191953,93.834,2016-09-06 13:59:44,2016-09-06 13:59:46,3,1.936,7.763333333333333,7.927134223664943,8.175452778988396,0.045666115826908445,7.919722530357708,False,0.9696263238212748,8.816658594907521,7.474376295049641,Flight 01,20160906_flight01_airborne.tab,45.0,42.53293866087056,198.4261857307704,100.0,downstream wake,7.919722530357708,1.000935852648729,197.309932474,10.608818171617886,-0.09371504433922961
20160906_flight01,5,5.800000000000001,8.049289285396569,54.927332500000006,7.858917,94.65100000000001,2016-09-06 13:59:47,2016-09-06 13:59:49,3,2.356,7.631,8.049289285396569,8.184586002153777,0.045666115826908445,7.919722530357708,False,0.9834693267659959,8.816658594907521,7.474376295049641,Flight 01,20160906_flight01_airborne.tab,45.0,42.53293866087056,198.4261857307704,100.0,downstream wake,7.919722530357708,1.016360011924939,197.309932474,10.608818171617886,-0.09371504433922961
20160906_flight01,5,6.0,8.417115004560648,54.927604259999995,7.855919699999999,95.182,2016-09-06 13:59:50,2016-09-06 13:59:52,3,2.4616666666666664,8.041666666666666,8.049289285396569,8.193719225319159,0.045666115826908445,7.919722530357708,False,1.0272642707296071,8.816658594907521,7.474376295049641,Flight 01,20160906_flight01_airborne.tab,45.0,42.53293866087056,198.4261857307704,100.0,downstream wake,7.919722530357708,1.06280428036416,197.309932474,10.608818171617886,-0.09371504433922961
20160906_flight01,5,6.2,8.052396723957408,54.92786365,7.85292293,94.346,2016-09-06 13:59:53,2016-09-06 13:59:55,3,2.1763333333333335,7.634666666666668,8.049289285396569,8.20285244848454,0.045666115826908445,7.919722530357708,False,0.9816581213093832,8.816658594907521,7.474376295049641,Flight 01,20160906_flight01_airborne.tab,45.0,42.53293866087056,198.4261857307704,100.0,downstream wake,7.919722530357708,1.0167523790247872,197.309932474,10.608818171617886,-0.09371504433922961
20160906_flight01,5,6.4,7.952524756327389,54.92811471,7.84992352,93.675,2016-09-06 13:59:56,2016-09-06 13:59:58,3,1.8566666666666667,7.771,7.952524756327389,8.211985671649922,0.045666115826908445,7.919722530357708,False,0.9684046069127635,8.816658594907521,7.474376295049641,Flight 01,20160906_flight01_airborne.tab,45.0,42.53293866087056,198.4261857307704,100.0,downstream wake,7.919722530357708,1.0041418403036146,197.309932474,10.608818171617886,-0.09371504433922961
20160906_flight01,5,6.6000000000000005,7.756320326030894,54.928381970000004,7.84692045,92.87200000000001,2016-09-06 13:59:59,2016-09-06 14:00:01,3,1.5746666666666667,7.606999999999999,7.828695549068184,8.221118894815305,0.045666115826908445,7.919722530357708,False,0.9434628577044983,8.816658594907521,7.474376295049641,Flight 01,20160906_flight01_airborne.tab,45.0,42.53293866087056,198.4261857307704,100.0,downstream wake,7.919722530357708,0.9793676857111516,197.309932474,10.608818171617886,-0.09371504433922961
20160906_flight01,5,6.800000000000001,7.828695549068184,54.92868479,7.843911,91.419,2016-09-06 14:00:02,2016-09-06 14:00:04,3,1.4856666666666667,7.703,7.8115000480061445,8.230252117980687,0.045666115826908445,7.919722530357708,False,0.9512096879711353,8.816658594907521,7.474376295049641,Flight 01,20160906_flight01_airborne.tab,45.0,42.53293866087056,198.4261857307704,100.0,downstream wake,7.919722530357708,0.9885062916105203,197.309932474,10.608818171617886,-0.09371504433922961
20160906_flight01,5,7.0,7.8115000480061445,54.92901869,7.8408966399999995,91.09899999999999,2016-09-06 14:00:05,2016-09-06 14:00:07,3,1.8940000000000001,7.7010000000000005,7.756320326030894,8.239385341146068,0.045666115826908445,7.919722530357708,False,0.9480682993422898,8.816658594907521,7.474376295049641,Flight 01,20160906_flight01_airborne.tab,45.0,42.53293866087056,198.4261857307704,100.0,downstream wake,7.919722530357708,0.9863350664197227,197.309932474,10.608818171617886,-0.09371504433922961
20160906_flight01,5,7.2,7.737826235975431,54.92941967,7.837393475000001,93.0175,2016-09-06 14:00:08,2016-09-06 14:00:11,4,1.8735,7.5024999999999995,7.737826235975431,8.24851856431145,0.045666115826908445,7.919722530357708,False,0.9380867819652353,8.816658594907521,7.474376295049641,Flight 01,20160906_flight01_airborne.tab,45.0,42.53293866087056,198.4261857307704,100.0,downstream wake,7.919722530357708,0.9770324915191112,197.309932474,10.608818171617886,-0.09371504433922961
20160906_flight01,5,7.4,7.72508207076145,54.92981718,7.83389776,93.78200000000001,2016-09-06 14:00:12,2016-09-06 14:00:14,3,1.8166666666666667,7.540666666666667,7.737826235975431,8.257651787476831,0.045666115826908445,7.919722530357708,False,0.9355059125255134,8.816658594907521,7.474376295049641,Flight 01,20160906_flight01_airborne.tab,45.0,42.53293866087056,198.4261857307704,100.0,downstream wake,7.919722530357708,0.9754233233739986,197.309932474,10.608818171617886,-0.09371504433922961
20160906_flight01,5,7.6000000000000005,7.2937843401076785,54.93015111,7.83090186,94.023,2016-09-06 14:00:15,2016-09-06 14:00:17,3,1.604,7.082999999999999,7.72508207076145,8.266785010642213,0.045666115826908445,7.919722530357708,False,0.8822999909539264,8.816658594907521,7.474376295049641,Flight 01,20160906_flight01_airborne.tab,45.0,42.53293866087056,198.4261857307704,100.0,downstream wake,7.919722530357708,0.9209646312922332,197.309932474,10.608818171617886,-0.09371504433922961
20160906_flight01,5,7.800000000000001,7.851966632634145,54.930478480000005,7.827902,94.3,2016-09-06 14:00:18,2016-09-06 14:00:20,3,2.2643333333333335,7.566333333333333,7.72508207076145,8.275918233807595,0.045666115826908445,7.919722530357708,False,0.9487728625155354,8.816658594907521,7.474376295049641,Flight 01,20160906_flight01_airborne.tab,45.0,42.53293866087056,198.4261857307704,100.0,downstream wake,7.919722530357708,0.991444662680562,197.309932474,10.608818171617886,-0.09371504433922961
20160906_flight01,5,8.0,7.512882269808306,54.93078471,7.8249019099999995,94.618,2016-09-06 14:00:21,2016-09-06 14:00:23,3,1.825,7.244,7.781704826064787,8.285051456972976,0.045666115826908445,7.919722530357708,False,0.9067997113627113,8.816658594907521,7.474376295049641,Flight 01,20160906_flight01_airborne.tab,45.0,42.53293866087056,198.4261857307704,100.0,downstream wake,7.919722530357708,0.9486294805165318,197.309932474,10.608818171617886,-0.09371504433922961
20160906_flight01,5,8.200000000000001,7.781704826064787,54.931057440000004,7.82189611,94.294,2016-09-06 14:00:24,2016-09-06 14:00:26,3,1.7723333333333333,7.670000000000001,7.851966632634145,8.294184680138358,0.045666115826908445,7.919722530357708,False,0.9382121481692132,8.816658594907521,7.474376295049641,Flight 01,20160906_flight01_airborne.tab,45.0,42.53293866087056,198.4261857307704,100.0,downstream wake,7.919722530357708,0.9825729116438265,197.309932474,10.608818171617886,-0.09371504433922961
20160906_flight01,5,8.4,8.45262119108623,54.93130954,7.818883929999999,93.9,2016-09-06 14:00:27,2016-09-06 14:00:29,3,2.1293333333333333,7.9993333333333325,8.050570787217513,8.30331790330374,0.045666115826908445,7.919722530357708,False,1.0179811600038926,8.816658594907521,7.474376295049641,Flight 01,20160906_flight01_airborne.tab,45.0,42.53293866087056,198.4261857307704,100.0,downstream wake,7.919722530357708,1.0672875417902365,197.309932474,10.608818171617886,-0.09371504433922961
20160906_flight01,5,8.6,8.050570787217513,54.931559799999995,7.81587138,94.09700000000001,2016-09-06 14:00:30,2016-09-06 14:00:32,3,2.391666666666666,7.7573333333333325,8.108169707153396,8.31245112646912,0.045666115826908445,7.919722530357708,False,0.9684954130535927,8.816658594907521,7.474376295049641,Flight 01,20160906_flight01_airborne.tab,45.0,42.53293866087056,198.4261857307704,100.0,downstream wake,7.919722530357708,1.0165218233793216,197.309932474,10.608818171617886,-0.09371504433922961
20160906_flight01,5,8.8,8.108169707153396,54.93181983,7.81286245,94.5,2016-09-06 14:00:33,2016-09-06 14:00:35,3,2.2763333333333335,7.785333333333333,8.108169707153396,8.321584349634502,0.045666115826908445,7.919722530357708,False,0.9743540852902032,8.816658594907521,7.474376295049641,Flight 01,20160906_flight01_airborne.tab,45.0,42.53293866087056,198.4261857307704,100.0,downstream wake,7.919722530357708,1.023794669077526,197.309932474,10.608818171617886,-0.09371504433922961
20160906_flight01,5,9.0,8.203391554716866,54.932096709999996,7.80985515,93.92300000000002,2016-09-06 14:00:36,2016-09-06 14:00:38,3,2.187,7.990666666666667,8.108169707153396,8.330717572799884,0.045666115826908445,7.919722530357708,False,0.9847160803411771,8.816658594907521,7.474376295049641,Flight 01,20160906_flight01_airborne.tab,45.0,42.53293866087056,198.4261857307704,100.0,downstream wake,7.919722530357708,1.0358180508561763,197.309932474,10.608818171617886,-0.09371504433922961
20160906_flight01,5,9.200000000000001,7.929441972799852,54.932396170000004,7.80684578,92.84899999999999,2016-09-06 14:00:39,2016-09-06 14:00:41,3,2.093666666666667,7.747666666666667,8.183109433461096,8.339850795965265,0.045666115826908445,7.919722530357708,False,0.9507894285873837,8.816658594907521,7.474376295049641,Flight 01,20160906_flight01_airborne.tab,45.0,42.53293866087056,198.4261857307704,100.0,downstream wake,7.919722530357708,1.0012272453239224,197.309932474,10.608818171617886,-0.09371504433922961
20160906_flight01,5,9.4,8.183109433461096,54.93271522,7.80383673,91.915,2016-09-06 14:00:42,2016-09-06 14:00:44,3,2.23,7.846666666666667,8.203391554716866,8.348984019130647,0.045666115826908445,7.919722530357708,False,0.9801323627773787,8.816658594907521,7.474376295049641,Flight 01,20160906_flight01_airborne.tab,45.0,42.53293866087056,198.4261857307704,100.0,downstream wake,7.919722530357708,1.0332570872393294,197.309932474,10.608818171617886,-0.09371504433922961
20160906_flight01,5,9.600000000000001,8.554242923836101,54.93306877,7.800830110000001,91.6,2016-09-06 14:00:45,2016-09-06 14:00:47,3,2.1603333333333334,8.238,8.261270120266012,8.35811724229603,0.045666115826908445,7.919722530357708,False,1.0234652943784495,8.816658594907521,7.474376295049641,Flight 01,20160906_flight01_airborne.tab,45.0,42.53293866087056,198.4261857307704,100.0,downstream wake,7.919722530357708,1.080119018191125,197.309932474,10.608818171617886,-0.09371504433922961
20160906_flight01,5,9.8,8.261270120266012,54.933437729999994,7.79783112,91.97399999999999,2016-09-06 14:00:48,2016-09-06 14:00:50,3,1.9243333333333332,7.916999999999999,8.554242923836101,8.367250465461412,0.045666115826908445,7.919722530357708,False,0.9873339102692253,8.816658594907521,7.474376295049641,Flight 01,20160906_flight01_airborne.tab,45.0,42.53293866087056,198.4261857307704,100.0,downstream wake,7.919722530357708,1.043126206580987,197.309932474,10.608818171617886,-0.09371504433922961
20160906_flight01,5,10.0,8.643624818327089,54.93380782,7.79483746,92.27600000000001,2016-09-06 14:00:51,2016-09-06 14:00:53,3,2.154,8.227333333333334,8.554242923836101,8.376383688626794,0.045666115826908445,7.919722530357708,True,1.031904117532623,8.816658594907521,7.474376295049641,Flight 01,20160906_flight01_airborne.tab,45.0,42.53293866087056,198.4261857307704,100.0,downstream wake,7.919722530357708,1.0914050063237106,197.309932474,10.608818171617886,-0.09371504433922961
20160906_flight01,5,10.200000000000001,8.588203362752887,54.9341711,7.7918433,92.402,2016-09-06 14:00:54,2016-09-06 14:00:56,3,2.18,8.182,8.588203362752887,8.385516911792175,0.045666115826908445,7.919722530357708,True,1.0241710145114231,8.816658594907521,7.474376295049641,Flight 01,20160906_flight01_airborne.tab,45.0,42.53293866087056,198.4261857307704,100.0,downstream wake,7.919722530357708,1.0844071026267363,197.309932474,10.608818171617886,-0.09371504433922961
20160906_flight01,5,10.4,8.388021220764763,54.93453213,7.7888528,92.353,2016-09-06 14:00:57,2016-09-06 14:00:59,3,2.102,8.105666666666666,8.588203362752887,8.394650134957557,0.045666115826908445,7.919722530357708,True,0.9992103406233467,8.816658594907521,7.474376295049641,Flight 01,20160906_flight01_airborne.tab,45.0,42.53293866087056,198.4261857307704,100.0,downstream wake,7.919722530357708,1.0591306941135858,197.309932474,10.608818171617886,-0.09371504433922961
20160906_flight01,5,10.600000000000001,8.716094610849318,54.93495697499999,7.785360485,92.06,2016-09-06 14:01:00,2016-09-06 14:01:03,4,2.61425,8.3705,8.388021220764763,8.403783358122938,0.045666115826908445,7.919722530357708,True,1.0371631727541508,8.816658594907521,7.474376295049641,Flight 01,20160906_flight01_airborne.tab,45.0,42.53293866087056,198.4261857307704,100.0,downstream wake,7.919722530357708,1.100555553232954,197.309932474,10.608818171617886,-0.09371504433922961
20160906_flight01,5,10.8,8.375058686361548,54.935387199999994,7.78187321,92.851,2016-09-06 14:01:04,2016-09-06 14:01:06,3,1.9616666666666667,8.109333333333334,8.375058686361548,8.41291658128832,0.045666115826908445,7.919722530357708,True,0.9955000273019498,8.816658594907521,7.474376295049641,Flight 01,20160906_flight01_airborne.tab,45.0,42.53293866087056,198.4261857307704,100.0,downstream wake,7.919722530357708,1.057493953135158,197.309932474,10.608818171617886,-0.09371504433922961
20160906_flight01,5,11.0,8.22646850112489,54.93576271,7.77888458,92.995,2016-09-06 14:01:07,2016-09-06 14:01:09,3,2.247666666666667,7.8999999999999995,8.375058686361548,8.422049804453701,0.045666115826908445,7.919722530357708,True,0.9767774701088344,8.816658594907521,7.474376295049641,Flight 01,20160906_flight01_airborne.tab,45.0,42.53293866087056,198.4261857307704,100.0,downstream wake,7.919722530357708,1.0387319088000078,197.309932474,10.608818171617886,-0.09371504433922961
20160906_flight01,5,11.200000000000001,8.064934779649493,54.93612396,7.7758941,93.40800000000002,2016-09-06 14:01:10,2016-09-06 14:01:12,3,2.212,7.7669999999999995,8.259798121019665,8.431183027619083,0.045666115826908445,7.919722530357708,True,0.9565602778673141,8.816658594907521,7.474376295049641,Flight 01,20160906_flight01_airborne.tab,45.0,42.53293866087056,198.4261857307704,100.0,downstream wake,7.919722530357708,1.018335522328612,197.309932474,10.608818171617886,-0.09371504433922961
20160906_flight01,5,11.4,8.551296977651987,54.936462979999995,7.772903199999999,93.545,2016-09-06 14:01:13,2016-09-06 14:01:15,3,2.173,8.119,8.22646850112489,8.440316250784464,0.045666115826908445,7.919722530357708,True,1.0131488825264348,8.816658594907521,7.474376295049641,Flight 01,20160906_flight01_airborne.tab,45.0,42.53293866087056,198.4261857307704,100.0,downstream wake,7.919722530357708,1.0797470422572686,197.309932474,10.608818171617886,-0.09371504433922961
20160906_flight01,5,11.600000000000001,8.259798121019665,54.936779200000004,7.7699123199999995,94.086,2016-09-06 14:01:16,2016-09-06 14:01:18,3,1.9916666666666665,7.962666666666667,8.234005890209213,8.449449473949846,0.045666115826908445,7.919722530357708,True,0.9775545905665349,8.816658594907521,7.474376295049641,Flight 01,20160906_flight01_airborne.tab,45.0,42.53293866087056,198.4261857307704,100.0,downstream wake,7.919722530357708,1.0429403415786838,197.309932474,10.608818171617886,-0.09371504433922961
20160906_flight01,5,11.8,7.662137691271281,54.93708182,7.76692039,94.259,2016-09-06 14:01:19,2016-09-06 14:01:21,3,2.0216666666666665,7.418666666666667,8.234005890209213,8.458582697115228,0.045666115826908445,7.919722530357708,True,0.9058417900063125,8.816658594907521,7.474376295049641,Flight 01,20160906_flight01_airborne.tab,45.0,42.53293866087056,198.4261857307704,100.0,downstream wake,7.919722530357708,0.967475522267471,197.309932474,10.608818171617886,-0.09371504433922961
20160906_flight01,5,12.0,8.234005890209213,54.93737153,7.7639239,94.37200000000001,2016-09-06 14:01:22,2016-09-06 14:01:24,3,2.4673333333333334,7.78,8.168789996076532,8.46771592028061,0.045666115826908445,7.919722530357708,True,0.972399873558388,8.816658594907521,7.474376295049641,Flight 01,20160906_flight01_airborne.tab,45.0,42.53293866087056,198.4261857307704,100.0,downstream wake,7.919722530357708,1.0396836326836958,197.309932474,10.608818171617886,-0.09371504433922961
20160906_flight01,5,12.200000000000001,8.163494962330779,54.93764522000001,7.760927000000001,94.28299999999999,2016-09-06 14:01:25,2016-09-06 14:01:27,3,2.3416666666666663,7.758666666666667,8.163494962330779,8.47684914344599,0.045666115826908445,7.919722530357708,True,0.9630341208375182,8.816658594907521,7.474376295049641,Flight 01,20160906_flight01_airborne.tab,45.0,42.53293866087056,198.4261857307704,100.0,downstream wake,7.919722530357708,1.030780425834194,197.309932474,10.608818171617886,-0.09371504433922961
20160906_flight01,5,12.4,8.168789996076532,54.93790826,7.7579281700000005,93.899,2016-09-06 14:01:28,2016-09-06 14:01:30,3,2.528,7.794666666666667,8.168789996076532,8.485982366611372,0.045666115826908445,7.919722530357708,True,0.9626216085738224,8.816658594907521,7.474376295049641,Flight 01,20160906_flight01_airborne.tab,45.0,42.53293866087056,198.4261857307704,100.0,downstream wake,7.919722530357708,1.0314490141244348,197.309932474,10.608818171617886,-0.09371504433922961
20160906_flight01,5,12.600000000000001,7.727099585226012,54.938172359999996,7.75492963,93.567,2016-09-06 14:01:31,2016-09-06 14:01:33,3,2.0866666666666664,7.591333333333334,8.168789996076532,8.495115589776756,0.045666115826908445,7.919722530357708,True,0.9095932249026729,8.816658594907521,7.474376295049641,Flight 01,20160906_flight01_airborne.tab,45.0,42.53293866087056,198.4261857307704,100.0,downstream wake,7.919722530357708,0.9756780689735861,197.309932474,10.608818171617886,-0.09371504433922961
20160906_flight01,5,12.8,8.383262014275827,54.93845399,7.7519290000000005,93.3,2016-09-06 14:01:34,2016-09-06 14:01:36,3,2.5323333333333333,7.929333333333333,8.383262014275827,8.504248812942137,0.045666115826908445,7.919722530357708,True,0.985773370308476,8.816658594907521,7.474376295049641,Flight 01,20160906_flight01_airborne.tab,45.0,42.53293866087056,198.4261857307704,100.0,downstream wake,7.919722530357708,1.0585297631503237,197.309932474,10.608818171617886,-0.09371504433922961
20160906_flight01,5,13.0,8.643715925457059,54.93876653,7.74893115,93.495,2016-09-06 14:01:37,2016-09-06 14:01:39,3,2.7290000000000005,8.211333333333334,8.522698609598208,8.513382036107519,0.045666115826908445,7.919722530357708,True,1.0153092964460844,8.816658594907521,7.474376295049641,Flight 01,20160906_flight01_airborne.tab,45.0,42.53293866087056,198.4261857307704,100.0,downstream wake,7.919722530357708,1.0914165101522377,197.309932474,10.608818171617886,-0.09371504433922961
20160906_flight01,5,13.200000000000001,8.736038690390513,54.93909733,7.74594016,93.73700000000001,2016-09-06 14:01:40,2016-09-06 14:01:42,3,3.110333333333333,8.16,8.522698609598208,8.5225152592729,0.045666115826908445,7.919722530357708,True,1.0250540391682244,8.816658594907521,7.474376295049641,Flight 01,20160906_flight01_airborne.tab,45.0,42.53293866087056,198.4261857307704,100.0,downstream wake,7.919722530357708,1.1030738333197558,197.309932474,10.608818171617886,-0.09371504433922961
20160906_flight01,5,13.4,8.522698609598208,54.939495980000004,7.742459195,93.9925,2016-09-06 14:01:43,2016-09-06 14:01:46,4,2.78675,7.9985,8.522698609598208,8.531648482438282,0.045666115826908445,7.919722530357708,True,0.9989509796543428,8.816658594907521,7.474376295049641,Flight 01,20160906_flight01_airborne.tab,45.0,42.53293866087056,198.4261857307704,100.0,downstream wake,7.919722530357708,1.0761360106909283,197.309932474,10.608818171617886,-0.09371504433922961
20160906_flight01,5,13.600000000000001,8.3870115058941,54.9398952,7.73897908,93.488,2016-09-06 14:01:47,2016-09-06 14:01:49,3,2.746333333333333,8.052999999999999,8.522698609598208,8.540781705603663,0.045666115826908445,7.919722530357708,True,0.9819957698241281,8.816658594907521,7.474376295049641,Flight 01,20160906_flight01_airborne.tab,45.0,42.53293866087056,198.4261857307704,100.0,downstream wake,7.919722530357708,1.0590032003956185,197.309932474,10.608818171617886,-0.09371504433922961
20160906_flight01,5,13.8,8.398353290973176,54.940236080000005,7.73599187,92.86399999999999,2016-09-06 14:01:50,2016-09-06 14:01:52,3,2.5516666666666663,8.091666666666667,8.522698609598208,8.549914928769045,0.045666115826908445,7.919722530357708,True,0.9822733162775821,8.816658594907521,7.474376295049641,Flight 01,20160906_flight01_airborne.tab,45.0,42.53293866087056,198.4261857307704,100.0,downstream wake,7.919722530357708,1.0604352941382469,197.309932474,10.608818171617886,-0.09371504433922961
20160906_flight01,5,14.0,8.68739045974106,54.94057466,7.73300193,92.08,2016-09-06 14:01:53,2016-09-06 14:01:55,3,2.7816666666666667,8.237333333333332,8.68739045974106,8.559048151934427,0.045666115826908445,7.919722530357708,True,1.0149949276518122,8.816658594907521,7.474376295049641,Flight 01,20160906_flight01_airborne.tab,45.0,42.53293866087056,198.4261857307704,100.0,downstream wake,7.919722530357708,1.0969311647523943,197.309932474,10.608818171617886,-0.09371504433922961
20160906_flight01,5,14.200000000000001,8.94496294011328,54.940916109999996,7.73001204,91.9,2016-09-06 14:01:56,2016-09-06 14:01:58,3,3.0060000000000002,8.343666666666666,8.833323553453706,8.568181375099808,0.045666115826908445,7.919722530357708,True,1.0439745085355505,8.816658594907521,7.474376295049641,Flight 01,20160906_flight01_airborne.tab,45.0,42.53293866087056,198.4261857307704,100.0,downstream wake,7.919722530357708,1.1294540819865397,197.309932474,10.608818171617886,-0.09371504433922961
20160906_flight01,5,14.4,8.935720731983515,54.941264010000005,7.7270259999999995,91.91300000000001,2016-09-06 14:01:59,2016-09-06 14:02:01,3,2.8659999999999997,8.265333333333333,8.872008115415586,8.57731459826519,0.045666115826908445,7.919722530357708,True,1.0417853547998361,8.816658594907521,7.474376295049641,Flight 01,20160906_flight01_airborne.tab,45.0,42.53293866087056,198.4261857307704,100.0,downstream wake,7.919722530357708,1.1282870956313564,197.309932474,10.608818171617886,-0.09371504433922961
20160906_flight01,5,14.600000000000001,8.833323553453706,54.94161279,7.7240423499999995,91.714,2016-09-06 14:02:02,2016-09-06 14:02:04,3,2.851333333333333,8.325000000000001,8.872008115415586,8.586447821430571,0.045666115826908445,7.919722530357708,True,1.0287517885343656,8.816658594907521,7.474376295049641,Flight 01,20160906_flight01_airborne.tab,45.0,42.53293866087056,198.4261857307704,100.0,downstream wake,7.919722530357708,1.1153577059794713,197.309932474,10.608818171617886,-0.09371504433922961
20160906_flight01,5,14.8,8.872008115415586,54.94196143,7.72106295,92.30799999999999,2016-09-06 14:02:05,2016-09-06 14:02:07,3,3.0156666666666667,8.278666666666666,8.833323553453706,8.595581044595953,0.045666115826908445,7.919722530357708,True,1.032159207083903,8.816658594907521,7.474376295049641,Flight 01,20160906_flight01_airborne.tab,45.0,42.53293866087056,198.4261857307704,100.0,downstream wake,7.919722530357708,1.1202422914953898,197.309932474,10.608818171617886,-0.09371504433922961
20160906_flight01,5,15.0,8.62514492631863,54.94230778,7.71808938,92.694,2016-09-06 14:02:08,2016-09-06 14:02:10,3,2.7946666666666666,8.157,8.62514492631863,8.604714267761334,0.045666115826908445,7.919722530357708,True,1.0023743564192296,8.816658594907521,7.474376295049641,Flight 01,20160906_flight01_airborne.tab,45.0,42.53293866087056,198.4261857307704,100.0,downstream wake,7.919722530357708,1.08907160487718,197.309932474,10.608818171617886,-0.09371504433922961
20160906_flight01,5,15.200000000000001,8.49182130052205,54.942654430000005,7.71511715,92.5,2016-09-06 14:02:11,2016-09-06 14:02:13,3,2.933666666666667,7.911333333333334,8.49182130052205,8.613847490926716,0.045666115826908445,7.919722530357708,True,0.9858337182619961,8.816658594907521,7.474376295049641,Flight 01,20160906_flight01_airborne.tab,45.0,42.53293866087056,198.4261857307704,100.0,downstream wake,7.919722530357708,1.0722372239647773,197.309932474,10.608818171617886,-0.09371504433922961
20160906_flight01,5,15.4,8.482577202713808,54.94299999,7.71214503,92.04799999999999,2016-09-06 14:02:14,2016-09-06 14:02:16,3,2.7463333333333337,8.011333333333333,8.482577202713808,8.6229807140921,0.045666115826908445,7.919722530357708,True,0.9837175199581697,8.816658594907521,7.474376295049641,Flight 01,20160906_flight01_airborne.tab,45.0,42.53293866087056,198.4261857307704,100.0,downstream wake,7.919722530357708,1.0710699990054673,197.309932474,10.608818171617886,-0.09371504433922961
20160906_flight01,5,15.600000000000001,8.383849712393467,54.94334799,7.70917223,91.87899999999999,2016-09-06 14:02:17,2016-09-06 14:02:19,3,2.754,7.947333333333333,8.419855165025108,8.63211393725748,0.045666115826908445,7.919722530357708,True,0.971239463859198,8.816658594907521,7.474376295049641,Flight 01,20160906_flight01_airborne.tab,45.0,42.53293866087056,198.4261857307704,100.0,downstream wake,7.919722530357708,1.0586039700578747,197.309932474,10.608818171617886,-0.09371504433922961
20160906_flight01,5,15.8,8.419855165025108,54.94369833,7.70620348,92.52600000000001,2016-09-06 14:02:20,2016-09-06 14:02:22,3,2.7763333333333335,7.821000000000001,8.419855165025108,8.641247160422862,0.045666115826908445,7.919722530357708,True,0.9743796246898555,8.816658594907521,7.474376295049641,Flight 01,20160906_flight01_airborne.tab,45.0,42.53293866087056,198.4261857307704,100.0,downstream wake,7.919722530357708,1.0631502723422825,197.309932474,10.608818171617886,-0.09371504433922961
20160906_flight01,5,16.0,8.33705187701264,54.9440446,7.70323637,92.66,2016-09-06 14:02:23,2016-09-06 14:02:25,3,2.5973333333333333,7.991333333333333,8.419855165025108,8.650380383588244,0.045666115826908445,7.919722530357708,True,0.9637786440963844,8.816658594907521,7.474376295049641,Flight 01,20160906_flight01_airborne.tab,45.0,42.53293866087056,198.4261857307704,100.0,downstream wake,7.919722530357708,1.0526949454422467,197.309932474,10.608818171617886,-0.09371504433922961
20160906_flight01,5,16.2,8.544978032816761,54.944450675,7.6997731400000005,92.358,2016-09-06 14:02:26,2016-09-06 14:02:29,4,3.0205,7.96225,8.471622335774889,8.659513606753626,0.045666115826908445,7.919722530357708,True,0.9867734402718027,8.816658594907521,7.474376295049641,Flight 01,20160906_flight01_airborne.tab,45.0,42.53293866087056,198.4261857307704,100.0,downstream wake,7.919722530357708,1.0789491677343919,197.309932474,10.608818171617886,-0.09371504433922961
20160906_flight01,5,16.400000000000002,8.471622335774889,54.94486619,7.6963129200000004,92.56199999999998,2016-09-06 14:02:30,2016-09-06 14:02:32,3,3.0093333333333336,7.931,8.471622335774889,8.668646829919007,0.045666115826908445,7.919722530357708,True,0.9772715975157614,8.816658594907521,7.474376295049641,Flight 01,20160906_flight01_airborne.tab,45.0,42.53293866087056,198.4261857307704,100.0,downstream wake,7.919722530357708,1.069686760274953,197.309932474,10.608818171617886,-0.09371504433922961
20160906_flight01,5,16.6,8.668915618461169,54.94523143000001,7.69335103,92.48100000000001,2016-09-06 14:02:33,2016-09-06 14:02:35,3,3.105333333333333,8.104000000000001,8.544978032816761,8.677780053084389,0.045666115826908445,7.919722530357708,True,0.9989784905161235,8.816658594907521,7.474376295049641,Flight 01,20160906_flight01_airborne.tab,45.0,42.53293866087056,198.4261857307704,100.0,downstream wake,7.919722530357708,1.0945984010464596,197.309932474,10.608818171617886,-0.09371504433922961
20160906_flight01,5,16.8,8.360611102066642,54.94559577,7.6903911,92.387,2016-09-06 14:02:36,2016-09-06 14:02:38,3,2.8786666666666663,7.907666666666667,8.568170924999103,8.68691327624977,0.045666115826908445,7.919722530357708,True,0.9624375006626064,8.816658594907521,7.474376295049641,Flight 01,20160906_flight01_airborne.tab,45.0,42.53293866087056,198.4261857307704,100.0,downstream wake,7.919722530357708,1.0556696992879395,197.309932474,10.608818171617886,-0.09371504433922961
20160906_flight01,5,17.0,8.568170924999103,54.945969160000004,7.6874315,92.2,2016-09-06 14:02:39,2016-09-06 14:02:41,3,3.154,7.9866666666666655,8.668915618461169,8.696046499415152,0.045666115826908445,7.919722530357708,True,0.9852949757772513,8.816658594907521,7.474376295049641,Flight 01,20160906_flight01_airborne.tab,45.0,42.53293866087056,198.4261857307704,100.0,downstream wake,7.919722530357708,1.0818776658090958,197.309932474,10.608818171617886,-0.09371504433922961
20160906_flight01,5,17.2,9.082747712008741,54.94635034,7.68447767,92.6,2016-09-06 14:02:42,2016-09-06 14:02:44,3,3.6489999999999996,8.372333333333335,9.082747712008741,8.705179722580533,0.045666115826908445,7.919722530357708,True,1.0433727965947477,8.816658594907521,7.474376295049641,Flight 01,20160906_flight01_airborne.tab,45.0,42.53293866087056,198.4261857307704,100.0,downstream wake,7.919722530357708,1.1468517586560578,197.309932474,10.608818171617886,-0.09371504433922961
20160906_flight01,5,17.400000000000002,9.301805523660448,54.946734729999996,7.681532160000001,93.406,2016-09-06 14:02:45,2016-09-06 14:02:47,3,3.4789999999999996,8.607,9.082747712008741,8.714312945745915,0.045666115826908445,7.919722530357708,True,1.0674169703994083,8.816658594907521,7.474376295049641,Flight 01,20160906_flight01_airborne.tab,45.0,42.53293866087056,198.4261857307704,100.0,downstream wake,7.919722530357708,1.1745115422926713,197.309932474,10.608818171617886,-0.09371504433922961
20160906_flight01,5,17.6,9.284309775099064,54.94710424,7.6785917900000005,93.978,2016-09-06 14:02:48,2016-09-06 14:02:50,3,3.1999999999999997,8.677333333333335,9.082747712008741,8.723446168911297,0.045666115826908445,7.919722530357708,True,1.0642938117949967,8.816658594907521,7.474376295049641,Flight 01,20160906_flight01_airborne.tab,45.0,42.53293866087056,198.4261857307704,100.0,downstream wake,7.919722530357708,1.172302405735889,197.309932474,10.608818171617886,-0.09371504433922961
20160906_flight01,5,17.8,8.799322928498533,54.94743762,7.67564896,93.81700000000001,2016-09-06 14:02:51,2016-09-06 14:02:53,3,2.9583333333333335,8.330666666666668,8.799322928498533,8.732579392076678,0.045666115826908445,7.919722530357708,True,1.0076430494846018,8.816658594907521,7.474376295049641,Flight 01,20160906_flight01_airborne.tab,45.0,42.53293866087056,198.4261857307704,100.0,downstream wake,7.919722530357708,1.1110645473713454,197.309932474,10.608818171617886,-0.09371504433922961
20160906_flight01,5,18.0,8.77924922758205,54.947739979999994,7.67269987,93.67399999999999,2016-09-06 14:02:54,2016-09-06 14:02:56,3,3.095333333333334,8.214333333333334,8.799322928498533,8.74171261524206,0.045666115826908445,7.919722530357708,True,1.0042939654953356,8.816658594907521,7.474376295049641,Flight 01,20160906_flight01_airborne.tab,45.0,42.53293866087056,198.4261857307704,100.0,downstream wake,7.919722530357708,1.1085299003758808,197.309932474,10.608818171617886,-0.09371504433922961
20160906_flight01,5,18.2,8.530355795627754,54.94803416,7.66974708,93.53299999999999,2016-09-06 14:02:57,2016-09-06 14:02:59,3,3.2929999999999997,8.004,8.799322928498533,8.750845838407441,0.045666115826908445,7.919722530357708,True,0.9748035736371955,8.816658594907521,7.474376295049641,Flight 01,20160906_flight01_airborne.tab,45.0,42.53293866087056,198.4261857307704,100.0,downstream wake,7.919722530357708,1.0771028609814775,197.309932474,10.608818171617886,-0.09371504433922961
20160906_flight01,5,18.400000000000002,8.939485962048368,54.94838326,7.66630346,93.307,2016-09-06 14:03:00,2016-09-06 14:03:03,4,3.31025,8.379999999999999,8.939485962048368,8.759979061572825,0.045666115826908445,7.919722530357708,True,1.0204917042853425,8.816658594907521,7.474376295049641,Flight 01,20160906_flight01_airborne.tab,45.0,42.53293866087056,198.4261857307704,100.0,downstream wake,7.919722530357708,1.1287625201238711,197.309932474,10.608818171617886,-0.09371504433922961
20160906_flight01,5,18.6,9.415148007333714,54.9487345,7.66286113,92.845,2016-09-06 14:03:04,2016-09-06 14:03:06,3,3.342,8.835666666666667,9.023002826110607,8.769112284738206,0.045666115826908445,7.919722530357708,True,1.0736717357034955,8.816658594907521,7.474376295049641,Flight 01,20160906_flight01_airborne.tab,45.0,42.53293866087056,198.4261857307704,100.0,downstream wake,7.919722530357708,1.1888229633353662,197.309932474,10.608818171617886,-0.09371504433922961
20160906_flight01,5,18.8,9.023002826110607,54.949024550000004,7.6599078899999995,92.04299999999999,2016-09-06 14:03:07,2016-09-06 14:03:09,3,3.130333333333333,8.589333333333334,9.023002826110607,8.778245507903588,0.045666115826908445,7.919722530357708,True,1.0278822593861894,8.816658594907521,7.474376295049641,Flight 01,20160906_flight01_airborne.tab,45.0,42.53293866087056,198.4261857307704,100.0,downstream wake,7.919722530357708,1.1393079481665966,197.309932474,10.608818171617886,-0.09371504433922961
20160906_flight01,5,19.0,9.273236328272887,54.949305679999995,7.656953499999999,90.848,2016-09-06 14:03:10,2016-09-06 14:03:12,3,3.249,8.619333333333334,9.023002826110607,8.78737873106897,0.045666115826908445,7.919722530357708,True,1.0552903900097195,8.816658594907521,7.474376295049641,Flight 01,20160906_flight01_airborne.tab,45.0,42.53293866087056,198.4261857307704,100.0,downstream wake,7.919722530357708,1.170904194272832,197.309932474,10.608818171617886,-0.09371504433922961
20160906_flight01,5,19.200000000000003,8.856052845370787,54.949589720000006,7.65399902,90.32700000000001,2016-09-06 14:03:13,2016-09-06 14:03:15,3,3.0436666666666667,8.368,8.856052845370787,8.79651195423435,0.045666115826908445,7.919722530357708,True,1.006768693255487,8.816658594907521,7.474376295049641,Flight 01,20160906_flight01_airborne.tab,45.0,42.53293866087056,198.4261857307704,100.0,downstream wake,7.919722530357708,1.118227666616344,197.309932474,10.608818171617886,-0.09371504433922961
20160906_flight01,5,19.400000000000002,8.30623241909351,54.94988105,7.65104745,90.57,2016-09-06 14:03:16,2016-09-06 14:03:18,3,2.7099999999999995,7.822333333333333,8.856052845370787,8.805645177399732,0.045666115826908445,7.919722530357708,True,0.9432849327624513,8.816658594907521,7.474376295049641,Flight 01,20160906_flight01_airborne.tab,45.0,42.53293866087056,198.4261857307704,100.0,downstream wake,7.919722530357708,1.0488034634110275,197.309932474,10.608818171617886,-0.09371504433922961
20160906_flight01,5,19.6,8.771545188847856,54.95017989,7.64809667,90.37800000000001,2016-09-06 14:03:19,2016-09-06 14:03:21,3,3.1663333333333337,8.141,8.856052845370787,8.814778400565114,0.045666115826908445,7.919722530357708,True,0.9950953716868837,8.816658594907521,7.474376295049641,Flight 01,20160906_flight01_airborne.tab,45.0,42.53293866087056,198.4261857307704,100.0,downstream wake,7.919722530357708,1.1075571341325356,197.309932474,10.608818171617886,-0.09371504433922961
20160906_flight01,5,19.8,9.145773504739772,54.95049245,7.6451461400000005,90.165,2016-09-06 14:03:22,2016-09-06 14:03:24,3,3.5196666666666663,8.456333333333333,8.771545188847856,8.823911623730496,0.045666115826908445,7.919722530357708,True,1.036476099799513,8.816658594907521,7.474376295049641,Flight 01,20160906_flight01_airborne.tab,45.0,42.53293866087056,198.4261857307704,100.0,downstream wake,7.919722530357708,1.1548098395723325,197.309932474,10.608818171617886,-0.09371504433922961
20160906_flight01,5,20.0,8.941948882003437,54.950864275,7.64171662,91.7025,2016-09-06 14:03:25,2016-09-06 14:03:28,4,3.21875,8.42525,8.771545188847856,8.833044846895877,0.045666115826908445,7.919722530357708,True,1.012329161347554,8.816658594907521,7.474376295049641,Flight 01,20160906_flight01_airborne.tab,45.0,42.53293866087056,198.4261857307704,100.0,downstream wake,7.919722530357708,1.129073505760758,197.309932474,10.608818171617886,-0.09371504433922961
20160906_flight01,5,20.200000000000003,8.669761530745815,54.9512255,7.6382910100000005,92.1,2016-09-06 14:03:29,2016-09-06 14:03:31,3,3.345,8.133666666666667,8.730157959624785,8.842178070061259,0.045666115826908445,7.919722530357708,True,0.9805006709942622,8.816658594907521,7.474376295049641,Flight 01,20160906_flight01_airborne.tab,45.0,42.53293866087056,198.4261857307704,100.0,downstream wake,7.919722530357708,1.094705211895123,197.309932474,10.608818171617886,-0.09371504433922961
20160906_flight01,5,20.400000000000002,8.543430517069826,54.9515145,7.6353535699999995,92.145,2016-09-06 14:03:32,2016-09-06 14:03:34,3,3.039,8.091333333333333,8.730157959624785,8.85131129322664,0.045666115826908445,7.919722530357708,True,0.965216365580497,8.816658594907521,7.474376295049641,Flight 01,20160906_flight01_airborne.tab,45.0,42.53293866087056,198.4261857307704,100.0,downstream wake,7.919722530357708,1.0787537674863399,197.309932474,10.608818171617886,-0.09371504433922961
20160906_flight01,5,20.6,8.730157959624785,54.951785689999994,7.6324139,92.4,2016-09-06 14:03:35,2016-09-06 14:03:37,3,3.224,8.186,8.730157959624785,8.860444516392022,0.045666115826908445,7.919722530357708,True,0.9852957087507062,8.816658594907521,7.474376295049641,Flight 01,20160906_flight01_airborne.tab,45.0,42.53293866087056,198.4261857307704,100.0,downstream wake,7.919722530357708,1.1023312907946627,197.309932474,10.608818171617886,-0.09371504433922961
20160906_flight01,5,20.8,8.977484335825933,54.95205005,7.62947326,92.666,2016-09-06 14:03:38,2016-09-06 14:03:40,3,3.4309999999999996,8.273333333333333,8.977484335825933,8.869577739557403,0.045666115826908445,7.919722530357708,True,1.0121659225993676,8.816658594907521,7.474376295049641,Flight 01,20160906_flight01_airborne.tab,45.0,42.53293866087056,198.4261857307704,100.0,downstream wake,7.919722530357708,1.1335604626820743,197.309932474,10.608818171617886,-0.09371504433922961
20160906_flight01,5,21.0,9.316928356491747,54.952308300000006,7.62653244,93.105,2016-09-06 14:03:41,2016-09-06 14:03:43,3,3.9313333333333333,8.274666666666667,8.977484335825933,8.878710962722785,0.045666115826908445,7.919722530357708,True,1.0493559702088304,8.816658594907521,7.474376295049641,Flight 01,20160906_flight01_airborne.tab,45.0,42.53293866087056,198.4261857307704,100.0,downstream wake,7.919722530357708,1.1764210577805345,197.309932474,10.608818171617886,-0.09371504433922961
20160906_flight01,5,21.200000000000003,9.392417207513729,54.95256553,7.62359499,92.62,2016-09-06 14:03:44,2016-09-06 14:03:46,3,3.9020000000000006,8.716333333333333,8.977484335825933,8.887844185888168,0.045666115826908445,7.919722530357708,True,1.0567711371928308,8.816658594907521,7.474376295049641,Flight 01,20160906_flight01_airborne.tab,45.0,42.53293866087056,198.4261857307704,100.0,downstream wake,7.919722530357708,1.185952812300042,197.309932474,10.608818171617886,-0.09371504433922961
20160906_flight01,5,21.400000000000002,8.765057407715428,54.952874769999994,7.620162155,91.28,2016-09-06 14:03:47,2016-09-06 14:03:50,4,3.05875,8.27275,9.316900772252541,8.89697740905355,0.045666115826908445,7.919722530357708,True,0.985172492266432,8.816658594907521,7.474376295049641,Flight 01,20160906_flight01_airborne.tab,45.0,42.53293866087056,198.4261857307704,100.0,downstream wake,7.919722530357708,1.1067379411484937,197.309932474,10.608818171617886,-0.09371504433922961
20160906_flight01,5,21.6,8.85202089920714,54.95320678,7.61672196,90.949,2016-09-06 14:03:51,2016-09-06 14:03:53,3,3.233333333333333,8.217666666666666,8.85202089920714,8.906110632218931,0.045666115826908445,7.919722530357708,True,0.9939266717823924,8.816658594907521,7.474376295049641,Flight 01,20160906_flight01_airborne.tab,45.0,42.53293866087056,198.4261857307704,100.0,downstream wake,7.919722530357708,1.1177185646688714,197.309932474,10.608818171617886,-0.09371504433922961
20160906_flight01,5,21.8,9.316900772252541,54.9535045,7.613777270000001,91.87899999999999,2016-09-06 14:03:54,2016-09-06 14:03:56,3,3.687,8.532,8.85202089920714,8.915243855384313,0.045666115826908445,7.919722530357708,True,1.0450528245086252,8.816658594907521,7.474376295049641,Flight 01,20160906_flight01_airborne.tab,45.0,42.53293866087056,198.4261857307704,100.0,downstream wake,7.919722530357708,1.176417574800026,197.309932474,10.608818171617886,-0.09371504433922961
20160906_flight01,5,22.0,8.614826869995705,54.9538065,7.61083615,92.0,2016-09-06 14:03:57,2016-09-06 14:03:59,3,3.0216666666666665,8.296333333333333,8.916775257905742,8.924377078549695,0.045666115826908445,7.919722530357708,True,0.965314082335448,8.816658594907521,7.474376295049641,Flight 01,20160906_flight01_airborne.tab,45.0,42.53293866087056,198.4261857307704,100.0,downstream wake,7.919722530357708,1.0877687743444973,197.309932474,10.608818171617886,-0.09371504433922961
20160906_flight01,5,22.200000000000003,9.340285059889768,54.95410342,7.6078895,91.491,2016-09-06 14:04:00,2016-09-06 14:04:02,3,3.4586666666666663,8.615333333333334,8.916775257905742,8.933510301715076,0.045666115826908445,7.919722530357708,True,1.0455335858398906,8.816658594907521,7.474376295049641,Flight 01,20160906_flight01_airborne.tab,45.0,42.53293866087056,198.4261857307704,100.0,downstream wake,7.919722530357708,1.179370239814184,197.309932474,10.608818171617886,-0.09371504433922961
20160906_flight01,5,22.400000000000002,8.916775257905742,54.954392129999995,7.6049399300000005,91.57,2016-09-06 14:04:03,2016-09-06 14:04:05,3,3.3089999999999997,8.241,8.854855673583844,8.942643524880458,0.045666115826908445,7.919722530357708,True,0.9971073131895793,8.816658594907521,7.474376295049641,Flight 01,20160906_flight01_airborne.tab,45.0,42.53293866087056,198.4261857307704,100.0,downstream wake,7.919722530357708,1.125894906510443,197.309932474,10.608818171617886,-0.09371504433922961
20160906_flight01,5,22.6,8.7975001562944,54.95467384,7.60199025,91.434,2016-09-06 14:04:06,2016-09-06 14:04:08,3,3.199333333333333,8.101999999999999,8.916775257905742,8.95177674804584,0.045666115826908445,7.919722530357708,True,0.9827658133023573,8.816658594907521,7.474376295049641,Flight 01,20160906_flight01_airborne.tab,45.0,42.53293866087056,198.4261857307704,100.0,downstream wake,7.919722530357708,1.110834391302475,197.309932474,10.608818171617886,-0.09371504433922961
20160906_flight01,5,22.8,8.854855673583844,54.954955739999996,7.5990402800000005,91.1,2016-09-06 14:04:09,2016-09-06 14:04:11,3,3.2373333333333334,8.290999999999999,8.916775257905742,8.96090997121122,0.045666115826908445,7.919722530357708,True,0.9881647848301011,8.816658594907521,7.474376295049641,Flight 01,20160906_flight01_airborne.tab,45.0,42.53293866087056,198.4261857307704,100.0,downstream wake,7.919722530357708,1.1180765032665732,197.309932474,10.608818171617886,-0.09371504433922961
20160906_flight01,5,23.0,9.107301359447948,54.955291169999995,7.59559737,90.92599999999999,2016-09-06 14:04:12,2016-09-06 14:04:15,4,3.02075,8.60075,9.063578377219452,8.970043194376602,0.045666115826908445,7.919722530357708,True,1.0153018399239586,8.816658594907521,7.474376295049641,Flight 01,20160906_flight01_airborne.tab,45.0,42.53293866087056,198.4261857307704,100.0,downstream wake,7.919722530357708,1.1499520752826933,197.309932474,10.608818171617886,-0.09371504433922961
20160906_flight01,5,23.200000000000003,9.063578377219452,54.955637290000006,7.59215208,90.76100000000001,2016-09-06 14:04:16,2016-09-06 14:04:18,3,3.1839999999999997,8.443333333333333,9.101827948275005,8.979176417541984,0.045666115826908445,7.919722530357708,True,1.0093997440024207,8.816658594907521,7.474376295049641,Flight 01,20160906_flight01_airborne.tab,45.0,42.53293866087056,198.4261857307704,100.0,downstream wake,7.919722530357708,1.144431303303511,197.309932474,10.608818171617886,-0.09371504433922961
20160906_flight01,5,23.400000000000002,9.103443414444888,54.95593788,7.58920075,90.949,2016-09-06 14:04:19,2016-09-06 14:04:21,3,3.232666666666667,8.525,9.103443414444888,8.988309640707365,0.045666115826908445,7.919722530357708,True,1.0128092798690524,8.816658594907521,7.474376295049641,Flight 01,20160906_flight01_airborne.tab,45.0,42.53293866087056,198.4261857307704,100.0,downstream wake,7.919722530357708,1.1494649439484486,197.309932474,10.608818171617886,-0.09371504433922961
20160906_flight01,5,23.6,9.101827948275005,54.9562385,7.5862536799999996,91.5,2016-09-06 14:04:22,2016-09-06 14:04:24,3,3.1536666666666666,8.539333333333333,9.101827948275005,8.997442863872747,0.045666115826908445,7.919722530357708,True,1.0116016390413984,8.816658594907521,7.474376295049641,Flight 01,20160906_flight01_airborne.tab,45.0,42.53293866087056,198.4261857307704,100.0,downstream wake,7.919722530357708,1.149260963800951,197.309932474,10.608818171617886,-0.09371504433922961
20160906_flight01,5,23.8,9.203803235619501,54.95654012,7.58330843,91.304,2016-09-06 14:04:25,2016-09-06 14:04:27,3,3.594,8.474,9.103443414444888,9.006576087038129,0.045666115826908445,7.919722530357708,True,1.0218981271767873,8.816658594907521,7.474376295049641,Flight 01,20160906_flight01_airborne.tab,45.0,42.53293866087056,198.4261857307704,100.0,downstream wake,7.919722530357708,1.1621370824974844,197.309932474,10.608818171617886,-0.09371504433922961
20160906_flight01,5,24.0,9.078715823286904,54.95683930999999,7.58036261,91.21700000000001,2016-09-06 14:04:28,2016-09-06 14:04:30,3,3.391,8.485333333333335,9.203803235619501,9.015709310203512,0.045666115826908445,7.919722530357708,True,1.0069885253523074,8.816658594907521,7.474376295049641,Flight 01,20160906_flight01_airborne.tab,45.0,42.53293866087056,198.4261857307704,100.0,downstream wake,7.919722530357708,1.1463426639615932,197.309932474,10.608818171617886,-0.09371504433922961
20160906_flight01,5,24.200000000000003,9.31401057547177,54.95713517,7.5774178800000005,91.0,2016-09-06 14:04:31,2016-09-06 14:04:33,3,3.4883333333333333,8.810333333333332,9.203803235619501,9.024842533368894,0.045666115826908445,7.919722530357708,True,1.032041339340126,8.816658594907521,7.474376295049641,Flight 01,20160906_flight01_airborne.tab,45.0,42.53293866087056,198.4261857307704,100.0,downstream wake,7.919722530357708,1.1760526381788639,197.309932474,10.608818171617886,-0.09371504433922961
20160906_flight01,5,24.400000000000002,9.214782525919968,54.957437829999996,7.57447427,90.9,2016-09-06 14:04:34,2016-09-06 14:04:36,3,3.1663333333333337,8.658333333333333,9.190865757733597,9.033975756534275,0.045666115826908445,7.919722530357708,True,1.0200140861851346,8.816658594907521,7.474376295049641,Flight 01,20160906_flight01_airborne.tab,45.0,42.53293866087056,198.4261857307704,100.0,downstream wake,7.919722530357708,1.1635234050938104,197.309932474,10.608818171617886,-0.09371504433922961
20160906_flight01,5,24.6,9.190865757733597,54.95780241,7.571038185,90.4075,2016-09-06 14:04:37,2016-09-06 14:04:40,4,3.02425,8.67075,9.190865757733597,9.043108979699657,0.045666115826908445,7.919722530357708,True,1.0163391570714928,8.816658594907521,7.474376295049641,Flight 01,20160906_flight01_airborne.tab,45.0,42.53293866087056,198.4261857307704,100.0,downstream wake,7.919722530357708,1.1605035053315782,197.309932474,10.608818171617886,-0.09371504433922961
20160906_flight01,5,24.8,8.943502893162163,54.95816783,7.567599169999999,90.366,2016-09-06 14:04:41,2016-09-06 14:04:43,3,2.9163333333333337,8.484,9.187165068724955,9.052242202865038,0.045666115826908445,7.919722530357708,True,0.9879875828257823,8.816658594907521,7.474376295049641,Flight 01,20160906_flight01_airborne.tab,45.0,42.53293866087056,198.4261857307704,100.0,downstream wake,7.919722530357708,1.1292697261652946,197.309932474,10.608818171617886,-0.09371504433922961
20160906_flight01,5,25.0,8.891803247935707,54.95848017,7.56465243,90.772,2016-09-06 14:04:44,2016-09-06 14:04:46,3,2.8520000000000003,8.224333333333332,8.943502893162163,9.06137542603042,0.045666115826908445,7.919722530357708,True,0.981286265040119,8.816658594907521,7.474376295049641,Flight 01,20160906_flight01_airborne.tab,45.0,42.53293866087056,198.4261857307704,100.0,downstream wake,7.919722530357708,1.1227417644812479,197.309932474,10.608818171617886,-0.09371504433922961
20160906_flight01,5,25.200000000000003,9.187165068724955,54.95878825,7.56170464,90.611,2016-09-06 14:04:47,2016-09-06 14:04:49,3,2.748666666666667,8.615333333333334,8.891803247935707,9.070508649195801,0.045666115826908445,7.919722530357708,True,1.0128610670074711,8.816658594907521,7.474376295049641,Flight 01,20160906_flight01_airborne.tab,45.0,42.53293866087056,198.4261857307704,100.0,downstream wake,7.919722530357708,1.1600362302478293,197.309932474,10.608818171617886,-0.09371504433922961
20160906_flight01,5,25.400000000000002,8.799993636361336,54.95909531,7.55875498,90.4,2016-09-06 14:04:50,2016-09-06 14:04:52,3,2.679,8.418333333333335,8.799993636361336,9.079641872361183,0.045666115826908445,7.919722530357708,True,0.9692005213497342,8.816658594907521,7.474376295049641,Flight 01,20160906_flight01_airborne.tab,45.0,42.53293866087056,198.4261857307704,100.0,downstream wake,7.919722530357708,1.1111492356745318,197.309932474,10.608818171617886,-0.09371504433922961
20160906_flight01,5,25.6,8.696640788258419,54.95940146,7.55580418,90.5,2016-09-06 14:04:53,2016-09-06 14:04:55,3,2.787333333333333,8.218,8.799993636361336,9.088775095526564,0.045666115826908445,7.919722530357708,True,0.9568550983882139,8.816658594907521,7.474376295049641,Flight 01,20160906_flight01_airborne.tab,45.0,42.53293866087056,198.4261857307704,100.0,downstream wake,7.919722530357708,1.0980991764449632,197.309932474,10.608818171617886,-0.09371504433922961
20160906_flight01,5,25.8,8.41604194381183,54.95971110000001,7.55285341,90.6,2016-09-06 14:04:56,2016-09-06 14:04:58,3,2.541,8.002666666666666,8.799993636361336,9.097908318691946,0.045666115826908445,7.919722530357708,True,0.9250524020472707,8.816658594907521,7.474376295049641,Flight 01,20160906_flight01_airborne.tab,45.0,42.53293866087056,198.4261857307704,100.0,downstream wake,7.919722530357708,1.0626687881490344,197.309932474,10.608818171617886,-0.09371504433922961
20160906_flight01,5,26.0,9.279612976843376,54.960023570000004,7.54990135,90.6,2016-09-06 14:04:59,2016-09-06 14:05:01,3,2.6646666666666667,8.785333333333334,8.696640788258419,9.107041541857328,0.045666115826908445,7.919722530357708,True,1.0189492311188968,8.816658594907521,7.474376295049641,Flight 01,20160906_flight01_airborne.tab,45.0,42.53293866087056,198.4261857307704,100.0,downstream wake,7.919722530357708,1.1717093548761293,197.309932474,10.608818171617886,-0.09371504433922961
20160906_flight01,5,26.200000000000003,9.264587783339024,54.96039120499999,7.546453175,90.445,2016-09-06 14:05:02,2016-09-06 14:05:05,4,2.9335,8.808250000000001,8.693198490774266,9.11617476502271,0.045666115826908445,7.919722530357708,True,1.0162801857294084,8.816658594907521,7.474376295049641,Flight 01,20160906_flight01_airborne.tab,45.0,42.53293866087056,198.4261857307704,100.0,downstream wake,7.919722530357708,1.1698121680180344,197.309932474,10.608818171617886,-0.09371504433922961
20160906_flight01,5,26.400000000000002,8.652803129622214,54.96075957,7.543004069999999,90.464,2016-09-06 14:05:06,2016-09-06 14:05:08,3,2.671333333333333,8.297333333333333,8.85818988281466,9.12530798818809,0.045666115826908445,7.919722530357708,True,0.948220393308643,8.816658594907521,7.474376295049641,Flight 01,20160906_flight01_airborne.tab,45.0,42.53293866087056,198.4261857307704,100.0,downstream wake,7.919722530357708,1.0925639246140855,197.309932474,10.608818171617886,-0.09371504433922961
20160906_flight01,5,26.6,8.693198490774266,54.961072109999996,7.54004572,90.7,2016-09-06 14:05:09,2016-09-06 14:05:11,3,2.639666666666667,8.267000000000001,8.85818988281466,9.134441211353472,0.045666115826908445,7.919722530357708,True,0.9516946126895237,8.816658594907521,7.474376295049641,Flight 01,20160906_flight01_airborne.tab,45.0,42.53293866087056,198.4261857307704,100.0,downstream wake,7.919722530357708,1.0976645276967327,197.309932474,10.608818171617886,-0.09371504433922961
20160906_flight01,5,26.8,8.85818988281466,54.96138844,7.5370862,90.6,2016-09-06 14:05:12,2016-09-06 14:05:14,3,2.884,8.38,8.85818988281466,9.143574434518854,0.045666115826908445,7.919722530357708,True,0.9687885133163231,8.816658594907521,7.474376295049641,Flight 01,20160906_flight01_airborne.tab,45.0,42.53293866087056,198.4261857307704,100.0,downstream wake,7.919722530357708,1.1184975040299252,197.309932474,10.608818171617886,-0.09371504433922961
20160906_flight01,5,27.0,8.908590517023441,54.96170003,7.53412604,90.541,2016-09-06 14:05:15,2016-09-06 14:05:17,3,2.86,8.505333333333333,8.90855773961195,9.152707657684237,0.045666115826908445,7.919722530357708,True,0.9733284236981125,8.816658594907521,7.474376295049641,Flight 01,20160906_flight01_airborne.tab,45.0,42.53293866087056,198.4261857307704,100.0,downstream wake,7.919722530357708,1.1248614434249717,197.309932474,10.608818171617886,-0.09371504433922961
20160906_flight01,5,27.200000000000003,8.90855773961195,54.9620083,7.53116684,90.331,2016-09-06 14:05:18,2016-09-06 14:05:20,3,2.8570000000000007,8.454666666666666,8.908590517023441,9.161840880849619,0.045666115826908445,7.919722530357708,True,0.9723545579396506,8.816658594907521,7.474376295049641,Flight 01,20160906_flight01_airborne.tab,45.0,42.53293866087056,198.4261857307704,100.0,downstream wake,7.919722530357708,1.1248573047179191,197.309932474,10.608818171617886,-0.09371504433922961
20160906_flight01,5,27.400000000000002,9.180741582247046,54.962308469999996,7.528208469999999,90.367,2016-09-06 14:05:21,2016-09-06 14:05:23,3,2.987,8.867333333333333,9.180741582247046,9.170974104015,0.045666115826908445,7.919722530357708,True,1.0010650426139323,8.816658594907521,7.474376295049641,Flight 01,20160906_flight01_airborne.tab,45.0,42.53293866087056,198.4261857307704,100.0,downstream wake,7.919722530357708,1.1592251555601383,197.309932474,10.608818171617886,-0.09371504433922961
20160906_flight01,5,27.6,9.355210366421485,54.962605059999994,7.5252533,90.85,2016-09-06 14:05:24,2016-09-06 14:05:26,3,3.2699999999999996,8.843333333333334,9.180741582247046,9.180107327180382,0.045666115826908445,7.919722530357708,True,1.0190741821419298,8.816658594907521,7.474376295049641,Flight 01,20160906_flight01_airborne.tab,45.0,42.53293866087056,198.4261857307704,100.0,downstream wake,7.919722530357708,1.18125481423892,197.309932474,10.608818171617886,-0.09371504433922961
20160906_flight01,5,27.8,9.293805948049487,54.96290221,7.52230395,91.06299999999999,2016-09-06 14:05:27,2016-09-06 14:05:29,3,3.0073333333333334,8.661333333333333,9.180741582247046,9.189240550345763,0.045666115826908445,7.919722530357708,True,1.0113791120311666,8.816658594907521,7.474376295049641,Flight 01,20160906_flight01_airborne.tab,45.0,42.53293866087056,198.4261857307704,100.0,downstream wake,7.919722530357708,1.1735014594797573,197.309932474,10.608818171617886,-0.09371504433922961
20160906_flight01,5,28.0,9.031006288913018,54.96326115,7.518861685,90.379,2016-09-06 14:05:30,2016-09-06 14:05:33,4,2.9415,8.56025,9.108334480024325,9.198373773511145,0.045666115826908445,7.919722530357708,True,0.9818046658334214,8.816658594907521,7.474376295049641,Flight 01,20160906_flight01_airborne.tab,45.0,42.53293866087056,198.4261857307704,100.0,downstream wake,7.919722530357708,1.1403185218037073,197.309932474,10.608818171617886,-0.09371504433922961
20160906_flight01,5,28.200000000000003,9.097046223912463,54.963628660000005,7.51541693,90.348,2016-09-06 14:05:34,2016-09-06 14:05:36,3,3.050333333333333,8.604000000000001,9.108334480024325,9.207506996676527,0.045666115826908445,7.919722530357708,True,0.9880031834019855,8.816658594907521,7.474376295049641,Flight 01,20160906_flight01_airborne.tab,45.0,42.53293866087056,198.4261857307704,100.0,downstream wake,7.919722530357708,1.1486571895722184,197.309932474,10.608818171617886,-0.09371504433922961
20160906_flight01,5,28.400000000000002,9.108334480024325,54.963944739999995,7.51246616,90.27,2016-09-06 14:05:37,2016-09-06 14:05:39,3,2.9463333333333335,8.642333333333333,9.108334480024325,9.216640219841908,0.045666115826908445,7.919722530357708,True,0.9882488914361203,8.816658594907521,7.474376295049641,Flight 01,20160906_flight01_airborne.tab,45.0,42.53293866087056,198.4261857307704,100.0,downstream wake,7.919722530357708,1.1500825243700719,197.309932474,10.608818171617886,-0.09371504433922961
20160906_flight01,5,28.6,9.38647820004926,54.9642554,7.5095155899999995,90.00299999999999,2016-09-06 14:05:40,2016-09-06 14:05:42,3,3.115,8.723,9.38647820004926,9.22577344300729,0.045666115826908445,7.919722530357708,True,1.0174191094150242,8.816658594907521,7.474376295049641,Flight 01,20160906_flight01_airborne.tab,45.0,42.53293866087056,198.4261857307704,100.0,downstream wake,7.919722530357708,1.1852029113481204,197.309932474,10.608818171617886,-0.09371504433922961
20160906_flight01,5,28.8,9.42935125021865,54.96456529,7.50656646,90.29199999999999,2016-09-06 14:05:43,2016-09-06 14:05:45,3,2.901666666666667,8.972333333333333,9.407914725133955,9.234906666172671,0.045666115826908445,7.919722530357708,True,1.02105539244465,8.816658594907521,7.474376295049641,Flight 01,20160906_flight01_airborne.tab,45.0,42.53293866087056,198.4261857307704,100.0,downstream wake,7.919722530357708,1.190616364913577,197.309932474,10.608818171617886,-0.09371504433922961
20160906_flight01,5,29.0,9.834732665291396,54.964828174999994,7.5041098250000005,90.34100000000001,2016-09-06 14:05:46,2016-09-06 14:05:47,2,3.576,9.161,9.42935125021865,9.244039889338053,0.045666115826908445,7.919722530357708,True,1.0638998514745313,8.816658594907521,7.474376295049641,Flight 01,20160906_flight01_airborne.tab,45.0,42.53293866087056,198.4261857307704,100.0,downstream wake,7.919722530357708,1.2418026802824358,197.309932474,10.608818171617886,-0.09371504433922961
