time,latitude,longitude,altitude_m,roll_deg,pitch_deg,pressure_raw,temperature_c,density_air_kgm3,v_north_mps,u_east_mps,w_down_mps,raw_sample_count,max_abs_roll_deg,max_abs_pitch_deg,pressure_hpa,pressure_density_relative_error,potential_temperature_k,wind_speed_mps,wind_from_deg_observed,level_flight_qc,downstream_distance_km,crosswind_km,segment,leg_id,case_id
2016-09-06 12:51:15,54.618263660000004,7.4089535799999995,104.34899999999999,3.4619999999999997,3.7,1012.398,18.405,1.187055,8.112,2.7,0.1,100,3.9,3.7,1012.398,0.019066187430226922,290.52936043901656,8.549534724182363,198.40951794154137,True,1.328259114474573,23.365709124608802,1,1,20160906_flight01
2016-09-06 12:51:16,54.61818141,7.409955579999999,104.44300000000001,2.694,3.7,1012.404,18.42,1.186959,8.109,2.8739999999999997,0.153,100,3.0,3.7,1012.404,0.019102217398351273,290.54381520510486,8.603241075315745,199.51539626186147,True,1.3388121891530123,23.301075249566576,1,1,20160906_flight01
2016-09-06 12:51:17,54.618095620000005,7.410956,104.5,1.808,3.657,1012.395,18.442999999999998,1.186952,8.228,2.8169999999999997,0.04100000000000001,100,2.3,3.7,1012.395,0.019018784361204855,290.5674730157517,8.696865699779433,198.89953843068747,True,1.3489586144949772,23.23642174383736,1,1,20160906_flight01
2016-09-06 12:51:18,54.61800762,7.4119553,104.5,1.047,3.6,1012.3889999999999,18.453999999999997,1.186944,8.263,2.793,0.042,100,1.4,3.6,1012.3889999999999,0.018981173392862427,290.5789268585521,8.722271378488518,198.67591290234242,True,1.358848598282039,23.17176423837896,1,1,20160906_flight01
2016-09-06 12:51:19,54.6179184,7.41295448,104.5,0.18600000000000003,3.565,1012.3889999999999,18.512,1.187008,8.327,2.676,0.047,100,0.7,3.6,1012.3889999999999,0.018723608906522582,290.6367229716294,8.746422411477734,197.81554792287403,True,1.3686066119130729,23.107073738162825,1,1,20160906_flight01
2016-09-06 12:51:20,54.61782907,7.413954,104.5,-0.379,3.6,1012.39,18.512999999999998,1.1869480000000001,8.122,2.74,0.018000000000000002,100,0.5,3.6,1012.39,0.018772618512307382,290.6376373512031,8.571725847225865,198.64209712688702,True,1.378359481960496,23.042358587264257,1,1,20160906_flight01
2016-09-06 12:51:21,54.61774024,7.414954,104.5,-0.6809999999999999,3.503,1012.3919999999999,18.525,1.186938,8.065,2.6710000000000003,-0.005,100,0.8,3.6,1012.3919999999999,0.018741299883536344,290.6494309476116,8.495791075585604,198.3240511524778,True,1.3881747339792145,22.97763034018241,1,1,20160906_flight01
2016-09-06 12:51:22,54.61765243,7.41595468,104.5,-0.92,3.5,1012.3919999999999,18.552,1.186908,8.151,2.658,0.064,100,1.1,3.5,1012.3919999999999,0.018672752044937013,290.6763360119318,8.573433676188321,198.0608863062778,True,1.3981114838378534,22.91289386325777,1,1,20160906_flight01
2016-09-06 12:51:23,54.617566530000005,7.41695707,104.5,-1.1989999999999998,3.5740000000000003,1012.395,18.483,1.186939,8.158,2.825,0.031,100,1.3,3.6,1012.395,0.01889017639637003,290.6073323365195,8.633283790076636,199.10024593286104,True,1.4082841527903849,22.848114995662154,1,1,20160906_flight01
2016-09-06 12:51:24,54.6174831,7.4179609300000005,104.5,-1.5620000000000003,3.597,1012.4,18.406,1.186992,8.196,2.677,-0.04800000000000001,100,1.7,3.6,1012.4,0.019118792531261475,290.53019277314564,8.622107920920499,198.0882153473114,True,1.4187476352174606,22.783327114464893,1,1,20160906_flight01
2016-09-06 12:51:25,54.61740229,7.41896624,104.564,-1.4880000000000002,3.5,1012.3809999999999,18.39,1.1869720000000001,8.186,2.819,0.012999999999999998,100,1.6,3.5,1012.3809999999999,0.01917276798419132,290.5158084050514,8.657791693035817,199.00209091762065,True,1.4295174877361898,22.718536423715882,1,1,20160906_flight01
2016-09-06 12:51:26,54.617323999999996,7.41997307,104.6,-0.941,3.514,1012.409,18.458,1.186932,8.277999999999999,2.94,-0.022000000000000002,100,1.4,3.6,1012.409,0.018997627999099764,290.5812710241654,8.784582175607444,199.55291423461424,True,1.4405844304388769,22.65373528617497,1,1,20160906_flight01
2016-09-06 12:51:27,54.61724779,7.42098133,104.6,0.602,3.5,1012.39,18.480999999999998,1.1869900000000002,8.245,3.185,0.004000000000000001,100,1.2,3.5,1012.39,0.01884835427649212,290.60574984954803,8.838792338323149,201.12128352938817,True,1.4518999678695952,22.58891468881702,1,1,20160906_flight01
2016-09-06 12:51:28,54.61717167,7.4219903799999996,104.506,1.4409999999999998,3.5469999999999997,1012.396,18.499000000000002,1.187214,8.256,3.0010000000000003,0.04800000000000001,100,1.6,3.6,1012.396,0.018599288325866103,290.623193964259,8.784505506856945,199.97586235607912,True,1.4632402825388713,22.524048261514487,1,1,20160906_flight01
2016-09-06 12:51:29,54.61709426,7.42299947,104.412,1.774,3.52,1012.405,18.544,1.187386,8.228,3.03,-0.06,100,1.9,3.6,1012.405,0.018303672703577467,290.66729667303053,8.76817449643881,200.2164687953935,True,1.474444268527618,22.459136635140144,1,1,20160906_flight01
2016-09-06 12:51:30,54.61701498,7.42400834,104.4,2.107,3.514,1012.426,18.549,1.187311,8.407,3.125,-0.05600000000000001,100,2.2,3.6,1012.426,0.01837166438195359,290.6705547103589,8.969017448973995,200.3908074937604,True,1.4854452779136746,22.39417666318096,1,1,20160906_flight01
2016-09-06 12:51:31,54.61693349,7.42501674,104.37800000000001,2.35,3.528,1012.439,18.53,1.187385,8.415,3.1510000000000002,0.014000000000000002,100,2.4,3.6,1012.439,0.018387606456326644,290.6505543281378,8.985601037215039,200.52843207853317,True,1.4962023621121183,22.32917253059149,1,1,20160906_flight01
2016-09-06 12:51:32,54.61684918,7.42602426,104.3,2.126,3.467,1012.429,18.563,1.187431,8.282,2.952,-0.015,100,2.3,3.5,1012.429,0.018222897296986007,290.6842590047186,8.792373285979162,199.61787940811828,True,1.5066427964629927,22.264129365093556,1,1,20160906_flight01
2016-09-06 12:51:33,54.61676203,7.42703082,104.3,2.0820000000000003,3.497,1012.419,18.591,1.18748,8.198,2.778,-0.057999999999999996,100,2.2,3.5,1012.419,0.018073105189819527,290.7129814961992,8.655893252576536,198.71962520364053,True,1.5167629149249269,22.199051447123185,1,1,20160906_flight01
2016-09-06 12:51:34,54.61667199000001,7.42803629,104.3,2.1060000000000003,3.54,1012.442,18.64,1.187373,8.082,2.585,-0.005,100,2.2,3.6,1012.442,0.018016996001017027,290.7599196911092,8.485337294415586,197.73669708568892,True,1.5265549003157748,22.13394515275169,1,1,20160906_flight01
2016-09-06 12:51:35,54.61657935,7.42904051,104.354,2.116,3.695,1012.405,18.47,1.187086,8.28,2.5639999999999996,-0.05800000000000001,100,2.3,3.7,1012.405,0.01881948292252167,290.5935571379226,8.667900322454106,197.2057578433539,True,1.5360464923677224,22.068829973175003,1,1,20160906_flight01
2016-09-06 12:51:36,54.616484570000004,7.43004333,104.618,1.6980000000000002,3.684,1012.383,18.480999999999998,1.186862,8.163,2.594,-0.198,100,1.9,3.7,1012.383,0.018951189023976855,290.6063245246217,8.565244012869686,197.62897267189604,True,1.5452836906778646,22.003730412504172,1,1,20160906_flight01
2016-09-06 12:51:37,54.61638774,7.431044879999999,104.979,1.247,3.6860000000000004,1012.3409999999999,18.368,1.186995,8.276,2.668,-0.157,100,1.4,3.8,1012.3409999999999,0.019189661671553004,290.4971683834052,8.695424083965083,197.86817752163745,True,1.5542785635587446,21.93864141955603,1,1,20160906_flight01
2016-09-06 12:51:38,54.616289349999995,7.4320450000000005,105.352,1.3530000000000002,3.8,1012.2769999999999,18.391,1.1868740000000002,8.136000000000001,2.722,-0.091,100,1.5,3.8,1012.2769999999999,0.019148718826989874,290.52534091024233,8.579264537243272,198.49830572247234,True,1.5630801063930253,21.873589109966613,1,1,20160906_flight01
2016-09-06 12:51:39,54.6161895,7.43304422,105.684,1.381,3.7060000000000004,1012.248,18.416,1.1868230000000002,8.255,3.016,0.0,100,1.5,3.8,1012.248,0.01907592841587924,290.55263445729054,8.788701895046845,200.06999503789825,True,1.5717091526567994,21.80854404937465,1,1,20160906_flight01
2016-09-06 12:51:40,54.616088440000006,7.43404229,105.91300000000001,1.055,3.6690000000000005,1012.237,18.511,1.187119,8.154,2.812,-0.08900000000000001,100,1.3,3.7,1012.237,0.018478909703378843,290.64820759465465,8.625257097617437,199.02733842792935,True,1.5801874579211734,21.743529964829474,1,1,20160906_flight01
2016-09-06 12:51:41,54.61598626,7.435039839999999,106.113,0.731,3.542,1012.2090000000001,18.495,1.187218,8.327,2.907,-0.057,100,0.9,3.6,1012.2090000000001,0.01842167903399483,290.6345624428023,8.819840021224874,199.24436632717453,True,1.5885367184716213,21.67851091214642,1,1,20160906_flight01
2016-09-06 12:51:42,54.61588352,7.43603708,106.236,0.332,3.475,1012.2,18.54,1.1871040000000002,8.378,2.633,-0.158,100,0.6,3.6,1012.2,0.018353294982036417,290.68014572346027,8.78200278979687,197.4466549314356,True,1.596820493868913,21.613492464694772,1,1,20160906_flight01
2016-09-06 12:51:43,54.61578068,7.43703455,106.34899999999999,0.349,3.4,1012.1790000000001,18.493,1.187033,8.205,2.719,-0.083,100,0.5,3.4,1012.1790000000001,0.01855719690536195,290.63503296894515,8.643783083812318,198.33433440170012,True,1.6050980703115005,21.548456494243318,1,1,20160906_flight01
2016-09-06 12:51:44,54.615677610000006,7.438032150000001,106.38600000000001,0.199,3.4,1012.177,18.489,1.186859,8.201,2.447,-0.004000000000000001,100,0.4,3.4,1012.177,0.018718482175572593,290.6312110344951,8.558283122215578,196.6139588645271,True,1.6133537060341734,21.483404873506636,1,1,20160906_flight01
2016-09-06 12:51:45,54.61557457,7.43903006,106.3,0.551,3.4139999999999997,1012.196,18.556,1.18688,7.812,2.08,-0.023000000000000003,100,1.0,3.5,1012.196,0.01848559710087372,290.6964188790474,8.084166252619994,194.90950325556764,True,1.6216184994462157,21.418335092774722,1,1,20160906_flight01
2016-09-06 12:51:46,54.61547083000001,7.440027720000001,106.3,1.1320000000000001,3.4109999999999996,1012.186,18.477999999999998,1.1867130000000001,7.8260000000000005,2.5020000000000002,-0.013999999999999999,100,1.3,3.5,1012.186,0.018891303676748405,290.6195099933435,8.216220542317496,197.729262821019,True,1.629804084110484,21.353257573007127,1,1,20160906_flight01
2016-09-06 12:51:47,54.6153662,7.441025110000001,106.3,0.722,3.4,1012.163,18.395,1.186881,7.9110000000000005,2.415,-0.1,100,0.9,3.4,1012.163,0.01901395380978732,290.53868518857536,8.271405321951042,196.9759178990954,True,1.6378898820407688,21.288167256705854,1,1,20160906_flight01
2016-09-06 12:51:48,54.615261200000006,7.44202284,106.3,0.6729999999999999,3.3819999999999997,1012.18,18.378,1.186969,7.938,2.419,0.063,100,0.8,3.4,1012.18,0.019014938328109965,290.52034833916895,8.29839773691283,196.94790332701348,True,1.6459429040493543,21.223043677952194,1,1,20160906_flight01
2016-09-06 12:51:49,54.615155480000006,7.44302027,106.20300000000002,0.5569999999999999,3.3459999999999996,1012.18,18.387999999999998,1.18705,7.957999999999999,2.293,-0.152,100,0.7,3.4,1012.18,0.018910453743900435,290.53031377467903,8.281763882169063,196.07368684014756,True,1.6539136289457215,21.1579147870183,1,1,20160906_flight01
2016-09-06 12:51:50,54.61504935,7.44401781,106.2,0.34700000000000003,3.338,1012.1940000000001,18.347,1.187108,8.088,2.528,-0.027000000000000003,100,0.4,3.4,1012.1940000000001,0.01901807202827821,290.48830637585127,8.47387325843383,197.3572514767351,True,1.6618428979206339,21.09276551952387,1,1,20160906_flight01
2016-09-06 12:51:51,54.61494358,7.44501587,106.164,0.248,3.3,1012.178,18.358999999999998,1.1870990000000001,8.145,2.36,-0.002,100,0.3,3.3,1012.178,0.01896774208375729,290.50157817915994,8.480013266499055,196.15885614742328,True,1.6698204401525505,21.027596047298765,1,1,20160906_flight01
2016-09-06 12:51:52,54.61483783,7.4460142099999995,106.1,0.251,3.3689999999999998,1012.196,18.383,1.187065,8.084,2.4530000000000003,-0.081,100,0.3,3.4,1012.196,0.018931159867904057,290.52401762413297,8.447974017478984,196.87983782299864,True,1.6778054996137879,20.962409937436686,1,1,20160906_flight01
2016-09-06 12:51:53,54.61473204,7.4470126500000005,106.089,0.175,3.3,1012.206,18.377,1.187144,8.286999999999999,2.427,0.105,100,0.3,3.3,1012.206,0.01889438939771404,290.51721752481694,8.635085291993356,196.3236375228724,True,1.6857882335409133,20.8972163240866,1,1,20160906_flight01
2016-09-06 12:51:54,54.61462659,7.44801162,105.96300000000001,-0.017,3.295,1012.207,18.32,1.187267,8.072000000000001,1.9769999999999999,-0.07100000000000001,100,0.2,3.3,1012.207,0.01898907416565332,290.4603328898257,8.310578379390932,193.76201506899008,True,1.693817307718934,20.83200122570168,1,1,20160906_flight01
2016-09-06 12:51:55,54.61452129,7.44901076,105.9,0.506,3.279,1012.206,18.304000000000002,1.187248,7.7829999999999995,2.102,-0.015,100,0.7,3.3,1012.206,0.01906031519216511,290.4444703800265,8.061854191189518,195.113623304836,True,1.7018655971426178,20.766780592025523,1,1,20160906_flight01
2016-09-06 12:51:56,54.614415660000006,7.45000995,105.9,0.7240000000000001,3.3,1012.207,18.333,1.187178,7.9879999999999995,2.369,-0.154,100,0.9,3.3,1012.207,0.019020015605300866,290.47328785715524,8.331884840778827,196.5187690863769,True,1.709879777548002,20.701545938725094,1,1,20160906_flight01
2016-09-06 12:51:57,54.61431001,7.451009,105.9,0.778,3.2539999999999996,1012.227,18.355,1.1870880000000001,7.555,2.623,-0.175,100,1.0,3.3,1012.227,0.01904049634169991,290.49357007520024,7.997384197348531,199.14635147385272,True,1.7178891365544278,20.63631927302058,1,1,20160906_flight01
2016-09-06 12:51:58,54.6142035,7.452009,105.807,0.848,3.2290000000000005,1012.234,18.3,1.187211,7.971,2.727,0.278,100,1.0,3.3,1012.234,0.019134252077247504,290.43818647553087,8.424569425199131,198.88659538757997,True,1.7258253894329094,20.571005425526216,1,1,20160906_flight01
2016-09-06 12:51:59,54.61409641,7.453009,105.492,0.31,3.424,1012.27,18.321,1.187167,8.437999999999999,2.6689999999999996,0.17800000000000002,100,0.8,3.5,1012.27,0.01913483876740285,290.456159215733,8.850051129795803,197.55253705481118,True,1.7337000009362864,20.50567236715847,1,1,20160906_flight01
2016-09-06 12:52:00,54.61398992,7.4540093,105.352,0.414,3.4019999999999997,1012.285,18.352999999999998,1.186998,7.871,2.721,0.11,100,0.6,3.5,1012.285,0.019183148944259987,290.486816721914,8.328053914330766,199.07023711929276,True,1.7416441561630247,20.440340646307096,1,1,20160906_flight01
2016-09-06 12:52:01,54.61388264,7.4550098,105.163,0.276,3.265,1012.319,18.445999999999998,1.187122,7.446000000000001,2.6430000000000002,-0.07400000000000001,100,0.6,3.3,1012.319,0.01878588944893478,290.5767012791587,7.901162256275972,199.54260719666453,True,1.749508202775873,20.374970401720926,1,1,20160906_flight01
2016-09-06 12:52:02,54.61377449,7.45601,104.99799999999999,0.685,3.2060000000000004,1012.3409999999999,18.645,1.1872200000000002,7.3020000000000005,2.2430000000000003,-0.11900000000000001,100,1.0,3.3,1012.3409999999999,0.018029176593331364,290.7731983906164,7.638733730141404,197.07570734218763,True,1.7572740105426323,20.309589876625576,1,1,20160906_flight01
2016-09-06 12:52:03,54.61366613,7.45701046,104.919,1.0530000000000002,3.551,1012.3459999999999,18.433,1.187095,7.9270000000000005,2.753,-0.10200000000000001,100,1.1,3.6,1012.3459999999999,0.018881658441570304,290.5615303307168,8.391444333367172,199.15181044233506,True,1.7650225064274316,20.244186331508693,1,1,20160906_flight01
2016-09-06 12:52:04,54.6135582,7.458011699999999,105.04699999999998,0.9520000000000001,3.6,1012.3489999999999,18.397,1.187048,8.118,2.889,0.159,100,1.1,3.6,1012.3489999999999,0.019050835627903107,290.52541021486013,8.616742133776548,199.58941514313386,True,1.772831721590883,20.178748835853924,1,1,20160906_flight01
2016-09-06 12:52:05,54.61344973999999,7.459012,105.149,1.0510000000000002,3.525,1012.332,18.347,1.187155,8.246,2.883,0.182,100,1.1,3.6,1012.332,0.019116653521431104,290.4769804961269,8.735456771113919,199.27085486853713,True,1.7805665087000495,20.11335186427758,1,1,20160906_flight01
2016-09-06 12:52:06,54.613339509999996,7.4600114699999995,105.10099999999998,0.825,3.435,1012.323,18.331,1.187227,7.865,2.481,0.036000000000000004,100,1.0,3.5,1012.323,0.01910172644107666,290.46177502731786,8.247034982343655,197.50778559086893,True,1.788097200903417,20.0479475487981,1,1,20160906_flight01
2016-09-06 12:52:07,54.61322783,7.4610096299999995,105.14,0.797,3.4539999999999997,1012.342,18.326,1.187279,7.867000000000001,2.4330000000000003,0.026000000000000002,100,0.9,3.5,1012.342,0.019093699902236416,290.4552334006282,8.234632839416705,197.18508938929125,True,1.795448564379564,19.98257614579869,1,1,20160906_flight01
2016-09-06 12:52:08,54.61311569,7.462007539999999,105.214,0.54,3.5,1012.326,18.398,1.187123,7.8870000000000005,2.329,0.011000000000000001,100,0.7,3.5,1012.326,0.01895980827338617,290.528294509031,8.223685913262981,196.45166276833294,True,1.8027462258819167,19.91720495309,1,1,20160906_flight01
2016-09-06 12:52:09,54.61300359,7.4630051,105.352,0.64,3.485,1012.3009999999999,18.403,1.1871800000000001,7.957999999999999,2.086,-0.023000000000000003,100,0.7,3.5,1012.3009999999999,0.018868248979333258,290.53532907357106,8.226856021591724,194.68826352180116,True,1.81004139893159,19.851856710369788,1,1,20160906_flight01
2016-09-06 12:52:10,54.61289091,7.46400179,105.52,0.721,3.3509999999999995,1012.297,18.413999999999998,1.1871,7.792000000000001,2.082,0.02,100,0.8,3.4,1012.297,0.01889444357440806,290.54661902468257,8.065357276649312,194.959788672287,True,1.8172581779327093,19.786543010598585,1,1,20160906_flight01
2016-09-06 12:52:11,54.61277736,7.46499776,105.6,0.491,3.3,1012.3,18.392,1.1871099999999999,7.78,2.161,0.008,100,0.6,3.3,1012.3,0.01896576631433411,290.52444954961794,8.074547727272408,195.5233513324696,True,1.8243686305906195,19.721244980439483,1,1,20160906_flight01
2016-09-06 12:52:12,54.61266373,7.465993630000001,105.6,0.272,3.324,1012.2860000000001,18.351,1.187204,7.845,2.218,0.067,100,0.4,3.4,1012.2860000000001,0.019014301497025654,290.4847416235679,8.152517954595378,195.78707533471672,True,1.8314686553945467,19.65595047910475,1,1,20160906_flight01
2016-09-06 12:52:13,54.61255032,7.46698966,105.54699999999998,-0.005,3.3,1012.31,18.351,1.187292,7.916,2.197,0.066,100,0.2,3.3,1012.31,0.01896293167352403,290.482771965911,8.21522154296523,195.51141784244322,True,1.8385951423607239,19.590653378892537,1,1,20160906_flight01
2016-09-06 12:52:14,54.612437369999995,7.467986,105.5,0.1,3.239,1012.31,18.331,1.187343,7.636,2.069,-0.086,100,0.4,3.3,1012.31,0.01898907735801525,290.462841826943,7.911337244739349,195.16047591531373,True,1.8457764866575292,19.525352361229473,1,1,20160906_flight01
2016-09-06 12:52:15,54.61232419,7.4689824499999995,105.5,0.27899999999999997,3.185,1012.299,18.299,1.187491,7.732,2.092,-0.163,100,0.4,3.2,1012.299,0.01896287297589594,290.4318561958598,8.01001173532224,195.13968412476572,True,1.8529355051162089,19.46003692900152,1,1,20160906_flight01
2016-09-06 12:52:16,54.612211280000004,7.46997938,105.421,0.149,3.303,1012.302,18.257,1.187479,7.968,2.182,-0.043,100,0.2,3.4,1012.302,0.01912305314686824,290.3897566469255,8.26136477829178,195.31472955264812,True,1.8601324615516095,19.39470078248487,1,1,20160906_flight01
2016-09-06 12:52:17,54.6120994,7.4709771,105.411,0.075,3.3,1012.305,18.285,1.187407,8.001,2.246,-0.111,100,0.3,3.3,1012.305,0.019089949612158374,290.41741275480257,8.310265759889992,195.68022286137906,True,1.867454096763531,19.329349940887177,1,1,20160906_flight01
2016-09-06 12:52:18,54.611987740000004,7.471975,105.5,0.385,3.205,1012.309,18.293,1.187347,7.817,2.1180000000000003,-0.18,100,0.4,3.3,1012.309,0.019117498963822532,290.42505661444477,8.098852573050086,195.16018529056015,True,1.8748025792581746,19.26399526469238,1,1,20160906_flight01
2016-09-06 12:52:19,54.61187542,7.47297276,105.494,0.135,3.2140000000000004,1012.29,18.311,1.187287,7.776,1.8840000000000001,0.005000000000000001,100,0.4,3.3,1012.29,0.019086931210577918,290.4445528399542,8.000976940349222,193.61940266300405,True,1.8820782222858643,19.198627377888602,1,1,20160906_flight01
2016-09-06 12:52:20,54.61176317,7.47397053,105.4,0.315,3.2439999999999998,1012.315,18.418999999999997,1.1870669999999999,7.374,1.9080000000000001,-2.7755575615628914e-19,100,0.7,3.3,1012.315,0.01892341284879051,290.5501240048941,7.616845803874462,194.50694715382983,True,1.8893614973506168,19.133261191778953,1,1,20160906_flight01
2016-09-06 12:52:21,54.61165082,7.47496835,105.353,0.5760000000000001,3.26,1012.314,18.334,1.187162,7.8660000000000005,2.004,0.085,100,0.8,3.3,1012.314,0.019137974732193364,290.46550309649484,8.11726382471335,194.29303531033088,True,1.8966351073886774,19.06788860414934,1,1,20160906_flight01
2016-09-06 12:52:22,54.61153852,7.47596617,105.23899999999999,0.8740000000000001,3.187,1012.3380000000001,18.386,1.1870580000000002,7.74,2.048,0.011000000000000001,100,1.2,3.3,1012.3380000000001,0.019069627482503515,290.5153515751704,8.006366466756315,194.82078278499145,True,1.9039140313387701,19.00251767262963,1,1,20160906_flight01
2016-09-06 12:52:23,54.611425200000006,7.47696367,105.097,0.6729999999999999,3.1890000000000005,1012.375,18.363,1.1871909999999999,7.527,1.93,-0.18,100,1.1,3.2,1012.375,0.019073101050221197,290.48939564176675,7.7704973457301945,194.3813945910906,True,1.9110783895892336,18.937132727991603,1,1,20160906_flight01
2016-09-06 12:52:24,54.611310919999994,7.477960749999999,105.0,0.355,3.115,1012.372,18.342,1.187204,7.655,1.895,-0.17600000000000002,100,0.5,3.2,1012.372,0.019132338492637846,290.46871555612375,7.886066827005716,193.90408366960554,True,1.9181326332375068,18.871741936166647,1,1,20160906_flight01
2016-09-06 12:52:25,54.61119659,7.47895814,105.0,0.49699999999999994,3.262,1012.3589999999999,18.269000000000002,1.187305,7.885,1.973,-0.016,100,0.7,3.3,1012.3589999999999,0.019287824721271996,290.39703832939097,8.128096579150618,194.04821107604153,True,1.925187532319713,18.806330334571676,1,1,20160906_flight01
2016-09-06 12:52:26,54.61108249,7.479955660000001,105.0,0.588,3.2460000000000004,1012.378,18.375999999999998,1.1871720000000001,7.5329999999999995,1.6119999999999999,-0.081,100,0.8,3.3,1012.378,0.019046986299121826,290.5021037904387,7.703546780542063,192.0786537105128,True,1.93226937866819,18.740918318901162,1,1,20160906_flight01
2016-09-06 12:52:27,54.61096747,7.480952429999999,105.045,0.609,3.156,1012.373,18.25,1.187205,7.9,2.097,-0.115,100,0.7,3.2,1012.373,0.019454244422395073,290.3769564898153,8.173579937824062,194.86594302445002,True,1.939239007082195,18.675522170312842,1,1,20160906_flight01
2016-09-06 12:52:28,54.61085238,7.481949419999999,105.041,0.546,3.292,1012.3659999999999,18.421999999999997,1.187075,7.8660000000000005,2.285,-0.095,100,0.8,3.3,1012.3659999999999,0.018957394432800534,290.5489272055645,8.191164813382771,196.19809063377832,True,1.946205432328549,18.610110110250268,1,1,20160906_flight01
2016-09-06 12:52:29,54.61073733999999,7.48294659,105.0,-0.014999999999999996,3.208,1012.372,18.42,1.187462,7.882999999999999,2.8280000000000003,0.16899999999999998,100,0.4,3.3,1012.372,0.018638335267775474,290.54644173664803,8.37491928319312,199.7352793450487,True,1.9531806375567218,18.54468858481687,1,1,20160906_flight01
2016-09-06 12:52:30,54.61062256,7.483944330000001,104.82799999999999,0.212,3.1830000000000003,1012.424,18.573,1.187543,7.622000000000001,2.474,0.11,100,0.5,3.2,1012.424,0.018086937844608464,290.6946343300276,8.013461174798316,197.98274211551654,True,1.9601944510167204,18.479240453133308,1,1,20160906_flight01
2016-09-06 12:52:31,54.61050766,7.48494234,104.536,0.535,3.1890000000000005,1012.414,18.689,1.187808,7.501,1.681,0.124,100,0.8,3.3,1012.414,0.01744517458741468,290.8110469293012,7.687051580417553,192.63148096350506,True,1.9672007101935893,18.413771664565413,1,1,20160906_flight01
2016-09-06 12:52:32,54.61039181,7.48594005,104.319,1.262,3.28,1012.4689999999999,18.52,1.187311,7.511,2.085,0.032,100,1.4,3.5,1012.4689999999999,0.018516175290708592,290.6381266104551,7.795020590094679,195.51427467643566,True,1.9741002282659004,18.348289945712676,1,1,20160906_flight01
2016-09-06 12:52:33,54.610274870000005,7.486937289999999,104.241,1.3430000000000002,3.6540000000000004,1012.471,18.427,1.186997,7.523,2.226,0.03900000000000001,100,1.5,3.7,1012.471,0.019112566620489213,290.545291481831,7.845419364189526,196.48309548318883,True,1.9808748527703735,18.28280116308837,1,1,20160906_flight01
2016-09-06 12:52:34,54.61015689,7.48793324,104.523,1.452,3.6340000000000003,1012.435,18.4,1.1870260000000001,7.686,1.916,-0.17,100,1.5,3.7,1012.435,0.019145806410772348,290.521341419295,7.921215310796696,193.99764864371832,True,1.9875141077407523,18.217357637323808,1,1,20160906_flight01
2016-09-06 12:52:35,54.61003736,7.48892735,104.98,1.388,3.63,1012.372,18.362000000000002,1.187032,7.859,1.976,-0.175,100,1.5,3.7,1012.372,0.01921007939461128,290.4886453460018,8.103607653385003,194.11341060904743,True,1.993953200509205,18.15197645840142,1,1,20160906_flight01
2016-09-06 12:52:36,54.60991617,7.4899195,105.485,1.5490000000000002,3.452,1012.3159999999999,18.369,1.186998,7.466,1.795,0.037000000000000005,100,1.7,3.6,1012.3159999999999,0.01915842068256879,290.50021665554556,7.678748661077533,193.51866087850593,True,2.000178129755602,18.08666139719963,1,1,20160906_flight01
2016-09-06 12:52:37,54.609792989999995,7.49090961,105.743,1.199,3.3459999999999996,1012.303,18.343999999999998,1.187032,7.906000000000001,2.0,-0.019,100,1.4,3.4,1012.303,0.019203546124451076,290.4763708807568,8.155049723944055,194.19642040235945,True,2.006152283187733,18.021406466274254,1,1,20160906_flight01
2016-09-06 12:52:38,54.60966869,7.49189881,105.79799999999999,1.041,3.073,1012.297,18.339000000000002,1.187059,8.099,1.945,0.069,100,1.2,3.3,1012.297,0.01919180549156696,290.47188072905334,8.329275238578685,193.5040275167224,True,2.0119898820887467,17.956170663752626,1,1,20160906_flight01
2016-09-06 12:52:39,54.6095433,7.49288764,105.537,0.6659999999999999,2.6860000000000004,1012.3159999999999,18.398,1.187034,7.854,2.133,0.106,100,0.8,2.9,1012.3159999999999,0.019026140324821972,290.5291153080622,8.138489110393895,195.19399038497744,True,2.0177045130159073,17.890921618858933,1,1,20160906_flight01
2016-09-06 12:52:40,54.609416499999995,7.493876800000001,104.84100000000001,0.403,2.465,1012.408,18.482,1.1871010000000002,7.607,1.7469999999999999,0.078,100,0.5,2.6,1012.408,0.018767706546075846,290.6052686164676,7.805027738579793,192.93409232871448,True,2.023275646098389,17.82560548228894,1,1,20160906_flight01
2016-09-06 12:52:41,54.60928852,7.49486694,103.94200000000001,0.385,2.366,1012.5239999999999,18.403,1.1872230000000001,7.952999999999999,2.039,-0.07,100,0.5,2.4,1012.5239999999999,0.0190557851872577,290.51702706855457,8.210221068887243,194.3798346119781,True,2.0287402416965357,17.760189711246486,1,1,20160906_flight01
2016-09-06 12:52:42,54.60916035,7.49585925,102.95299999999999,0.312,2.5639999999999996,1012.6469999999999,18.394999999999996,1.187242,7.693,2.414,-0.021,100,0.4,2.6,1012.6469999999999,0.019191234100738308,290.4989631618954,8.06285588361841,197.4214274147877,True,2.0342264298362505,17.69463357136144,1,1,20160906_flight01
2016-09-06 12:52:43,54.60903182,7.49685342,102.041,0.261,2.5269999999999997,1012.752,18.441,1.187358,7.604,2.176,-0.064,100,0.3,2.6,1012.752,0.0190365478504948,290.536182599936,7.90922195920686,195.96927743320282,True,2.0397101738736687,17.628950585521203,1,1,20160906_flight01
2016-09-06 12:52:44,54.60890236,7.49784886,101.27,0.055,2.727,1012.8580000000001,18.404,1.18751,7.662000000000001,2.207,-0.20900000000000002,100,0.2,2.8,1012.8580000000001,0.019142075393724367,290.4906211436436,7.973524503003675,196.0687758859168,True,2.0451195342094355,17.563158327816467,1,1,20160906_flight01
2016-09-06 12:52:45,54.60877272,7.4988457,100.79700000000001,0.047,2.92,1012.891,18.42,1.187446,7.595,2.11,-0.266,100,0.3,3.0,1012.891,0.019174280222784112,290.5038558494791,7.882647080771789,195.5260563919563,True,2.050536722788925,17.497273607712895,1,1,20160906_flight01
2016-09-06 12:52:46,54.608643060000006,7.49984322,100.615,0.31,3.1919999999999997,1012.9069999999999,18.43,1.187441,7.874,2.449,-0.079,100,0.4,3.4,1012.9069999999999,0.019159716813248462,290.51250682501876,8.246058270470806,197.27692787250334,True,2.0559648798493004,17.43134621068418,1,1,20160906_flight01
2016-09-06 12:52:47,54.608513679999994,7.50084107,100.619,0.12200000000000001,3.324,1012.903,18.375999999999998,1.187466,7.822,2.431,-0.133,100,0.2,3.4,1012.903,0.019323012065826095,290.4590325739413,8.19105884486249,197.2647262983185,True,2.06142914927519,17.36540769848864,1,1,20160906_flight01
2016-09-06 12:52:48,54.6083844,7.501838729999999,100.7,-0.005,3.405,1012.8939999999999,18.392,1.187472,8.222000000000001,2.803,0.179,100,0.2,3.5,1012.8939999999999,0.01925286440325147,290.4757121772607,8.686661786900652,198.82499379206365,True,2.0669003878958936,17.29948423785365,1,1,20160906_flight01
2016-09-06 12:52:49,54.6082555,7.50283603,100.7,-0.802,3.4410000000000003,1012.9069999999999,18.57,1.187856,8.112,2.682,0.132,100,1.5,3.5,1012.9069999999999,0.018314717707638373,290.65199427599447,8.543867274249992,198.29498606009707,True,2.0724050801032643,17.233595606613537,1,1,20160906_flight01
2016-09-06 12:52:50,54.60812748,7.50383328,100.696,-2.252,3.276,1012.896,18.613000000000003,1.188082,7.8260000000000005,2.735,-0.057,100,2.9,3.3,1012.896,0.017959905714308944,290.69573972910774,8.290144811762941,199.26330068889627,True,2.0780023343575404,17.167739212205486,1,1,20160906_flight01
2016-09-06 12:52:51,54.60800286,7.50483247,100.6,-2.967,3.4410000000000003,1012.9069999999999,18.573,1.1880169999999999,8.151,3.051,-0.027000000000000003,100,3.1,3.5,1012.9069999999999,0.018166245099356493,290.6549832928011,8.703298340284562,200.521372343165,True,2.0839982911379007,17.101875568416492,1,1,20160906_flight01
2016-09-06 12:52:52,54.6078839,7.5058352500000005,100.771,-2.588,3.475,1012.8919999999999,18.632,1.1879039999999998,8.261000000000001,3.22,-0.306,100,2.8,3.6,1012.8919999999999,0.01804212377647496,290.71499857178145,8.86637022687413,201.29500694456476,True,2.0906649115618983,17.03597758450383,1,1,20160906_flight01
2016-09-06 12:52:53,54.60776958,7.50684055,101.04,-1.6669999999999998,3.4,1012.8609999999999,18.676,1.187951,8.027999999999999,3.287,-0.171,100,2.2,3.4,1012.8609999999999,0.017817205345370457,290.76138277768575,8.674857520443778,202.2662513752069,True,2.0978731879701034,16.97007758685132,1,1,20160906_flight01
2016-09-06 12:52:54,54.607658,7.507847460000001,101.2,-0.866,3.3930000000000002,1012.8359999999999,18.715,1.1880169999999999,8.119,3.15,-0.14300000000000002,100,1.2,3.4,1012.8359999999999,0.017599546512749198,290.80229335385525,8.70865437366761,201.2051981376573,True,2.1054036688082274,16.904168868549515,1,1,20160906_flight01
2016-09-06 12:52:55,54.607548210000004,7.508855489999999,101.322,-0.156,3.367,1012.845,18.73,1.1881039999999998,8.448,2.9189999999999996,-0.14300000000000002,100,0.5,3.4,1012.845,0.01748178144759982,290.8164996649496,8.938079491702903,199.06133988233756,True,2.1131459543431266,16.83825023865483,1,1,20160906_flight01
2016-09-06 12:52:56,54.60743966,7.5098641299999995,101.459,0.312,3.4,1012.7959999999999,18.726,1.188075,8.391,2.64,-0.09,100,0.6,3.4,1012.7959999999999,0.01747133556927638,290.81653812597017,8.796503907803372,197.46476463210973,True,2.1210317710123476,16.772334990820305,1,1,20160906_flight01
2016-09-06 12:52:57,54.60733104,7.51087225,101.60199999999999,0.8810000000000001,3.35,1012.81,18.651,1.188029,8.304,2.392,0.006999999999999999,100,1.1,3.4,1012.81,0.017786325598915242,290.7406609516487,8.641647990979498,196.0692548447762,True,2.1289001351136125,16.70644955315365,1,1,20160906_flight01
2016-09-06 12:52:58,54.60722135,7.51187929,101.791,1.024,3.347,1012.7610000000001,18.531000000000002,1.187741,8.091999999999999,2.34,-0.075,100,1.1,3.4,1012.7610000000001,0.01840266985076644,290.62511838151244,8.423542247772014,196.12852052660958,True,2.1366339850839697,16.640595403620882,1,1,20160906_flight01
2016-09-06 12:52:59,54.60711072,7.51288537,101.93800000000002,1.0170000000000001,3.389,1012.77,18.482,1.187498,8.009,2.48,0.067,100,1.2,3.4,1012.77,0.018791268057593458,290.57555724598484,8.38418040120798,197.20522488312054,True,2.144249447806134,16.57476943378673,1,1,20160906_flight01
2016-09-06 12:53:00,54.606999159999994,7.51389037,102.0,1.095,3.3,1012.763,18.465999999999998,1.1876689999999999,8.003,2.127,0.061000000000000006,100,1.2,3.3,1012.763,0.018693431640965263,290.5601895745572,8.280829547817055,194.8837275326828,True,2.151745275348846,16.50897938919343,1,1,20160906_flight01
2016-09-06 12:53:01,54.60688628,7.51489427,102.045,1.411,3.3,1012.7260000000001,18.5,1.187672,8.255,2.095,-0.295,100,1.7,3.3,1012.7260000000001,0.01853488920952029,290.59710286110885,8.516692433098664,194.24020024388898,True,2.159079634084554,16.4432135879055,1,1,20160906_flight01
2016-09-06 12:53:02,54.60677194,7.5158970499999995,102.197,1.864,3.2260000000000004,1012.732,18.426,1.187571,8.136000000000001,2.783,0.059000000000000004,100,1.9,3.3,1012.732,0.018886068755354257,290.52287773986416,8.598812999478476,198.88376465976035,True,2.1662372599406012,16.377468628535258,1,1,20160906_flight01
2016-09-06 12:53:03,54.60665555,7.51689871,102.133,1.2830000000000001,3.275,1012.743,18.445,1.187577,8.335,2.8339999999999996,0.22399999999999998,100,1.8,3.3,1012.743,0.018825597972865316,290.54090656821836,8.803623174579885,198.77864940150457,True,2.1731554487595446,16.311724968987175,1,1,20160906_flight01
2016-09-06 12:53:04,54.60653783,7.51789971,101.91300000000001,0.616,3.184,1012.7719999999999,18.498,1.187898,8.259,2.53,-0.057,100,0.8,3.3,1012.7719999999999,0.018394349608259253,290.5913351633798,8.637822700194766,197.03152807446105,True,2.1799195786051353,16.24597803568121,1,1,20160906_flight01
2016-09-06 12:53:05,54.60641911,7.5188999999999995,101.756,0.551,3.1260000000000003,1012.7919999999999,18.512999999999998,1.187968,8.363000000000001,2.8110000000000004,-0.075,100,0.6,3.2,1012.7919999999999,0.01830207826166519,290.6046395328027,8.82278244093098,198.57870137311227,True,2.1865637584956907,16.18024184824158,1,1,20160906_flight01
2016-09-06 12:53:06,54.606299879999995,7.51990084,101.574,0.415,3.278,1012.8330000000001,18.512,1.188003,8.324,2.5610000000000004,-0.011000000000000001,100,0.5,3.3,1012.8330000000001,0.018316791116413933,290.6002786704603,8.7090583302674,197.10127790419705,True,2.193164327259085,16.114454786180946,1,1,20160906_flight01
2016-09-06 12:53:07,54.60618043,7.520901,101.51,0.62,3.3409999999999997,1012.8009999999999,18.516,1.187907,8.141,2.359,-0.106,100,0.9,3.4,1012.8009999999999,0.018352943719570414,290.6068900747229,8.47589299130186,196.15988845806436,True,2.1997284207683307,16.04870245171939,1,1,20160906_flight01
2016-09-06 12:53:08,54.6060602,7.52190096,101.62299999999999,0.9670000000000001,3.373,1012.7959999999999,18.441999999999997,1.187624,8.36,2.6889999999999996,-0.011000000000000001,100,1.0,3.4,1012.7959999999999,0.018849076515765617,290.5335689992596,8.781817636457728,197.830424337161,True,2.2062057660663807,15.982936639145795,1,1,20160906_flight01
2016-09-06 12:53:09,54.60593927,7.52289981,101.704,0.66,3.4,1012.78,18.480999999999998,1.1875360000000001,8.142999999999999,2.6919999999999997,-0.028000000000000004,100,0.8,3.4,1012.78,0.018772220205423018,290.5737403090808,8.576439412716677,198.29340502224858,True,2.2125873425004094,15.917216223498187,1,1,20160906_flight01
2016-09-06 12:53:10,54.60581785,7.52389842,101.844,0.592,3.34,1012.7739999999999,18.485,1.187639,8.222000000000001,2.9539999999999997,-0.14,100,0.7,3.4,1012.7739999999999,0.018663858530403088,290.578218148903,8.736555385276283,199.7623470173304,True,2.218912221173648,15.851494406615576,1,1,20160906_flight01
2016-09-06 12:53:11,54.60569573,7.52489615,101.962,0.47100000000000003,3.255,1012.763,18.496,1.187708,7.806,2.476,-0.081,100,0.6,3.3,1012.763,0.01855519758319235,290.5900809580452,8.189274204714359,197.5986057928778,True,2.225145759850756,15.785803775878414,1,1,20160906_flight01
2016-09-06 12:53:12,54.605572730000006,7.5258932000000005,102.0,0.353,3.3169999999999997,1012.745,18.499000000000002,1.187624,8.253,2.655,0.01,100,0.7,3.4,1012.745,0.018598657455433765,290.5945472339092,8.669546354913848,197.8330455079515,True,2.2312726796401456,15.720126012091232,1,1,20160906_flight01
2016-09-06 12:53:13,54.60545013,7.526890550000001,102.0,-0.846,3.3309999999999995,1012.7669999999999,18.394999999999996,1.187511,8.39,2.895,0.044000000000000004,100,1.0,3.4,1012.7669999999999,0.019081110745755137,290.48911850249044,8.87542252515338,199.03718051722177,True,2.237447887505496,15.654442961381108,1,1,20160906_flight01
2016-09-06 12:53:14,54.60532914,7.52788885,102.0,-0.574,3.265,1012.7660000000001,18.457,1.187609,7.961,2.323,-0.042,100,1.0,3.3,1012.7660000000001,0.018779357544591813,290.5509760086603,8.293000060291812,196.26711364105466,True,2.2438124964747708,15.588754540703281,1,1,20160906_flight01
2016-09-06 12:53:15,54.605208430000005,7.52888738,102.0,0.02,3.303,1012.76,18.459,1.187768,8.228,2.6830000000000003,-0.099,100,0.1,3.4,1012.76,0.01862995799133005,290.55346107188643,8.654390388698674,198.06019827360507,True,2.2502112922170756,15.5230611834596,1,1,20160906_flight01
2016-09-06 12:53:16,54.60508855,7.52988621,102.10799999999999,-0.10700000000000001,3.4,1012.76,18.453999999999997,1.187808,8.362,2.6830000000000003,-0.066,100,0.2,3.4,1012.76,0.018613120534819227,290.5484791704178,8.781886642402075,197.78916325017047,True,2.2567040756750973,15.457376781836892,1,1,20160906_flight01
2016-09-06 12:53:17,54.60496976,7.5308858999999995,102.23700000000001,0.253,3.3709999999999996,1012.742,18.488,1.187843,8.085,2.271,-0.10200000000000001,100,0.8,3.4,1012.742,0.01844625617854212,290.5838331878338,8.397896522344153,195.68955011449611,True,2.2633292625219017,15.391675347445354,1,1,20160906_flight01
2016-09-06 12:53:18,54.60485029,7.53188453,102.381,0.985,3.262,1012.74,18.46,1.187767,8.094,2.673,0.09300000000000001,100,1.2,3.3,1012.74,0.0186072065970051,290.55609850494744,8.523952428304607,198.2755285901573,True,2.269861768866125,15.326016883123366,1,1,20160906_flight01
2016-09-06 12:53:19,54.604729500000005,7.53288246,102.3,0.68,3.245,1012.735,18.486,1.187802,8.196,2.7089999999999996,-0.091,100,0.7,3.3,1012.735,0.018481355323554993,290.5824148451843,8.632096906314247,198.29011970740365,True,2.276240508781518,15.260357947705561,1,1,20160906_flight01
2016-09-06 12:53:20,54.60460838,7.53388043,102.235,0.586,3.247,1012.7439999999999,18.5,1.187822,7.955,2.763,0.079,100,0.8,3.3,1012.7439999999999,0.018424368007787573,290.5956256828902,8.421175333645536,199.15358284895098,True,2.2825849471176465,15.194685610522974,1,1,20160906_flight01
2016-09-06 12:53:21,54.604486290000004,7.53487804,102.059,0.884,3.161,1012.77,18.569000000000003,1.188034,7.856,2.088,-0.044000000000000004,100,0.9,3.2,1012.77,0.018027925262298794,290.66224208674447,8.128744060431476,194.88419738829128,True,2.2888193634282867,15.129003387772059,1,1,20160906_flight01
2016-09-06 12:53:22,54.60436262,7.53587482,102.01299999999999,0.823,3.2119999999999997,1012.7639999999999,18.56,1.1879289999999998,8.019,2.443,-0.299,100,1.0,3.3,1012.7639999999999,0.018143287529583496,290.65376716345054,8.382875998128567,196.94343345419833,True,2.2948698776958967,15.063320114334534,1,1,20160906_flight01
2016-09-06 12:53:23,54.6042385,7.5368716,102.116,0.847,3.38,1012.77,18.472,1.187709,8.245,2.574,0.036000000000000004,100,1.0,3.5,1012.77,0.01864520591996599,290.56559347118485,8.637447597525554,197.3378002637408,True,2.300872566758942,14.99762193590913,1,1,20160906_flight01
2016-09-06 12:53:24,54.60411419,7.53786799,102.221,0.774,3.45,1012.7560000000001,18.5,1.187679,8.23,2.33,0.08,100,0.9,3.5,1012.7560000000001,0.018559058018267516,290.5946409161684,8.553467133274085,195.80737839162924,True,2.3068475531383026,14.931941560807502,1,1,20160906_flight01
2016-09-06 12:53:25,54.60398884999999,7.538862890000001,102.37700000000001,0.221,3.3110000000000004,1012.7360000000001,18.475,1.187758,8.246,2.229,-0.261,100,0.7,3.4,1012.7360000000001,0.018558508498175863,290.5713725262043,8.541952762688402,195.12628239485292,True,2.3126843815772418,14.866319130988362,1,1,20160906_flight01
2016-09-06 12:53:26,54.603863149999995,7.5398572999999995,102.5,-0.379,3.292,1012.71,18.453999999999997,1.18771,8.505,2.456,0.12,100,0.9,3.4,1012.71,0.018646874941516067,290.5525817960669,8.85251156452224,196.10720023860242,True,2.318473514439054,14.800715052320474,1,1,20160906_flight01
2016-09-06 12:53:27,54.60373873,7.54085208,102.53299999999999,-1.153,3.285,1012.727,18.459,1.1878149999999998,8.195,2.1630000000000003,-0.158,100,1.3,3.4,1012.727,0.01855646242672182,290.55616882201633,8.475647113937672,194.78554027972027,True,2.3244058081389536,14.735130509241753,1,1,20160906_flight01
2016-09-06 12:53:28,54.60361569,7.5418473200000005,102.581,-0.818,3.245,1012.716,18.480999999999998,1.187847,7.974,2.129,0.0030000000000000005,100,1.1,3.3,1012.716,0.018441125257866675,290.57899206944796,8.253321573766527,194.94885731778135,True,2.330493623533245,14.66956325323088,1,1,20160906_flight01
2016-09-06 12:53:29,54.6034937,7.542842970000001,102.6,-0.284,3.3089999999999997,1012.714,18.479,1.187886,8.156,2.3,0.06,100,0.6,3.4,1012.714,0.018412661390711182,290.5771634073621,8.474097946094322,195.74850396285092,True,2.3367009260103835,14.60400544326436,1,1,20160906_flight01
2016-09-06 12:53:30,54.60337318,7.54383703,102.6,0.15,3.4360000000000004,1012.7260000000001,18.567999999999998,1.18786,7.946000000000001,1.798,0.14800000000000002,100,0.9,3.5,1012.7260000000001,0.01813630315234893,290.6648573716336,8.146884066930129,192.75002583581636,True,2.343033840531456,14.538594562668685,1,1,20160906_flight01
2016-09-06 12:53:31,54.60325217,7.54483104,102.65700000000001,1.7919999999999998,3.318,1012.711,18.481,1.187895,7.797000000000001,2.094,-0.065,100,2.1,3.4,1012.711,0.018394944421239456,290.57940238120153,8.073292079443181,195.03290563469756,True,2.349313715921765,14.473170541497446,1,1,20160906_flight01
2016-09-06 12:53:32,54.603128909999995,7.54582413,102.648,1.52,3.4,1012.717,18.525,1.1876179999999998,8.033999999999999,2.734,0.145,100,1.9,3.4,1012.717,0.01848484541705009,290.62275127270857,8.486454618979588,198.79362989369656,True,2.3553367498185196,14.407728838509104,1,1,20160906_flight01
2016-09-06 12:53:33,54.60300444000001,7.5468167500000005,102.6,0.772,3.253,1012.7339999999999,18.584,1.187926,7.692,2.195,-0.21100000000000002,100,0.9,3.4,1012.7339999999999,0.018031942296103498,290.68014289249226,7.999055506745781,195.92670201466876,True,2.3612221367608566,14.342276097086025,1,1,20160906_flight01
2016-09-06 12:53:34,54.60287859,7.5478087700000005,102.56299999999999,0.413,3.128,1012.727,18.524,1.187921,7.814,1.9680000000000002,0.018000000000000002,100,0.6,3.2,1012.727,0.018238608460774852,290.62093414466904,8.05801588481929,194.13626609722843,True,2.366949306173149,14.276814718634512,1,1,20160906_flight01
2016-09-06 12:53:35,54.60275221,7.54880064,102.44800000000001,0.282,3.367,1012.7510000000001,18.496,1.18757,7.752000000000001,2.238,-0.054000000000000006,100,0.3,3.4,1012.7510000000001,0.01866148740892326,290.59106570250776,8.068590211430992,196.1034124611571,True,2.372617259730271,14.211345053319885,1,1,20160906_flight01
2016-09-06 12:53:36,54.602625870000004,7.5497925,102.431,0.21,3.31,1012.735,18.413,1.18744,7.716,2.12,-0.055,100,0.3,3.4,1012.735,0.01904692671983832,290.5096785702262,8.00194076458955,195.36313376730158,True,2.3782892718583213,14.145877330753382,1,1,20160906_flight01
2016-09-06 12:53:37,54.6024993,7.5507841099999995,102.53200000000001,0.379,3.2460000000000004,1012.7310000000001,18.406999999999996,1.1874259999999999,7.53,2.052,-0.141,100,0.6,3.3,1012.7310000000001,0.019075887818433612,290.50402840424215,7.804588650274914,195.24352896964837,True,2.3839320260049206,14.080417436582206,1,1,20160906_flight01
2016-09-06 12:53:38,54.602372089999996,7.55177523,102.6,0.17600000000000002,3.2969999999999997,1012.7280000000001,18.418,1.187401,7.367999999999999,1.985,-0.065,100,0.4,3.3,1012.7280000000001,0.019055877556711343,290.51523480610166,7.630704358052407,195.07796946019192,True,2.3894973266693036,14.014966619347373,1,1,20160906_flight01
2016-09-06 12:53:39,54.60224508,7.55276633,102.67299999999999,-0.10799999999999998,3.3289999999999997,1012.715,18.373,1.187543,7.862,1.939,-0.182,100,0.3,3.4,1012.715,0.01907822709415985,290.4714636923496,8.097577724233341,193.854336371685,True,2.39508349786213,13.94952366227195,1,1,20160906_flight01
2016-09-06 12:53:40,54.602119110000004,7.5537578299999995,102.86399999999999,-0.257,3.3,1012.6940000000001,18.428,1.1875360000000001,7.729,1.765,-0.20800000000000002,100,0.3,3.3,1012.6940000000001,0.018870877414194354,290.5279883207944,7.9279673309115,192.86352770928278,True,2.400787900794411,13.88409043787846,1,1,20160906_flight01
2016-09-06 12:53:41,54.60199375,7.55474923,103.0,-0.237,3.355,1012.683,18.410999999999998,1.187697,7.939,1.932,0.146,100,0.4,3.4,1012.683,0.018781095732850472,290.51195203792355,8.17070039837467,193.67738418885955,True,2.4065552078527634,13.818683596624084,1,1,20160906_flight01
2016-09-06 12:53:42,54.60186856,7.5557402300000005,103.074,0.29,3.195,1012.66,18.459,1.187667,7.087000000000001,1.859,0.04800000000000001,100,0.6,3.4,1012.66,0.018615994814196624,290.56166672437695,7.326762586572599,194.69818730156265,True,2.4123328798323502,13.753307100544085,1,1,20160906_flight01
2016-09-06 12:53:43,54.60174266,7.5567306599999995,102.96300000000001,-0.624,3.2,1012.686,18.489,1.18773,7.455,2.0980000000000003,0.003999999999999999,100,1.2,3.2,1012.686,0.0184833375500546,290.5894251879791,7.74458707743673,195.7177627073968,True,2.418024118377037,13.687942305726903,1,1,20160906_flight01
2016-09-06 12:53:44,54.60161822,7.55772219,102.77799999999999,-1.181,3.1460000000000004,1012.7080000000001,18.519000000000002,1.187854,7.849,2.367,0.155,100,1.6,3.3,1012.7080000000001,0.018294392988192465,290.6175115766798,8.198139423064235,196.78158205022183,True,2.423891704682452,13.622557904712018,1,1,20160906_flight01
2016-09-06 12:53:45,54.6014965,7.55871558,102.536,-2.4,3.293,1012.714,18.497,1.1879549999999999,7.437,2.147,-0.083,100,2.6,3.4,1012.714,0.018290657722380033,290.59509848563397,7.740709140640798,196.10298863651894,True,2.430084183841293,13.557148674103829,1,1,20160906_flight01
2016-09-06 12:53:46,54.601377830000004,7.55971091,102.375,-2.492,3.1340000000000003,1012.743,18.627,1.187884,7.417999999999999,2.003,0.135,100,2.6,3.2,1012.743,0.017926947362219003,290.7222486522576,7.683666637745288,195.11058298772878,True,2.436638168144979,13.491720601346383,1,1,20160906_flight01
2016-09-06 12:53:47,54.60126267,7.5607083,102.131,-2.043,3.2,1012.785,18.6,1.1878900000000001,7.41,2.38,-0.037,100,2.4,3.2,1012.785,0.018058228081159644,290.69189845115324,7.782833674183203,197.80637345392824,True,2.443604856293433,13.426281508328945,1,1,20160906_flight01
2016-09-06 12:53:48,54.60115182,7.561708630000001,102.01799999999999,-1.19,3.4139999999999997,1012.7919999999999,18.496,1.187773,7.727,2.74,-0.005000000000000001,100,1.6,3.5,1012.7919999999999,0.018528622163244357,290.587701220874,8.198422348232615,199.5245446751708,True,2.45108621610761,13.360803521126098,1,1,20160906_flight01
2016-09-06 12:53:49,54.601044169999994,7.5627109599999995,102.01799999999999,-0.518,3.409,1012.809,18.564,1.1878179999999998,7.697,2.39,-0.198,100,0.9,3.5,1012.809,0.01826971213247952,290.65405916573536,8.059522876696859,197.25012202495319,True,2.458946178158053,13.295307952943158,1,1,20160906_flight01
2016-09-06 12:53:50,54.60093757,7.563713770000001,102.177,0.304,3.4,1012.789,18.504,1.187905,7.781000000000001,2.476,-0.267,100,0.6,3.4,1012.789,0.01838449179743007,290.5959183735899,8.165447752573034,197.65164388901303,True,2.4669269752077145,13.229817505784212,1,1,20160906_flight01
2016-09-06 12:53:51,54.60083104,7.564716600000001,102.444,1.4569999999999999,3.48,1012.77,18.505,1.18773,8.031,3.022,-0.30400000000000005,100,2.1,3.5,1012.77,0.01851194047057292,290.59847392802476,8.580760164460955,200.62091069777148,True,2.4749155968523997,13.164328141458903,1,1,20160906_flight01
2016-09-06 12:53:52,54.600723509999995,7.56571909,102.67,2.047,3.4,1012.7339999999999,18.515,1.1878279999999999,8.035,2.9930000000000003,-0.065,100,2.1,3.5,1012.7339999999999,0.018356792039575742,290.6113921474314,8.574338108565582,200.43012750775824,True,2.4827913932418095,13.098826662178809,1,1,20160906_flight01
2016-09-06 12:53:53,54.60061324,7.56672,102.773,2.2359999999999998,3.197,1012.7180000000001,18.553,1.187957,7.252999999999999,2.15,-0.095,100,2.4,3.3,1012.7180000000001,0.018097477488957736,290.6505681775229,7.564952676653039,196.51135421500436,True,2.4903455628805222,13.033332049968017,1,1,20160906_flight01
2016-09-06 12:53:54,54.60049896,7.56771896,102.715,2.129,3.235,1012.7289999999999,18.576,1.1879549999999999,7.0889999999999995,1.86,0.042,100,2.4,3.3,1012.7289999999999,0.018029981036012055,290.67258222764843,7.328950879900887,194.70178206001577,True,2.4974360077113484,12.967825100458867,1,1,20160906_flight01
2016-09-06 12:53:55,54.600381719999994,7.5687163,102.647,1.942,3.332,1012.738,18.498,1.187856,7.556,2.178,-0.022000000000000002,100,2.3,3.4,1012.738,0.018396167855511125,290.5941252989101,7.863639106673195,196.07950749317547,True,2.504180674339878,12.902320202575307,1,1,20160906_flight01
2016-09-06 12:53:56,54.6002629,7.56971278,102.662,1.48,3.3689999999999998,1012.7339999999999,18.488,1.187645,7.49,2.1790000000000003,-0.086,100,1.6,3.5,1012.7339999999999,0.01860800155754072,290.5844896819728,7.800521841518041,196.2208348547821,True,2.5107408612484363,12.836816107585776,1,1,20160906_flight01
2016-09-06 12:53:57,54.600142569999996,7.570708150000001,102.77,1.359,3.228,1012.727,18.404,1.18754,7.567,2.4459999999999997,0.133,100,1.4,3.3,1012.727,0.01898452008031537,290.50136739515636,7.952509352399405,197.913201861589,True,2.517119193924808,12.7713305805439,1,1,20160906_flight01
2016-09-06 12:53:58,54.600020279999995,7.571702330000001,102.65799999999999,1.097,3.187,1012.7310000000001,18.457,1.1875660000000001,7.582999999999999,2.233,0.10800000000000001,100,1.4,3.3,1012.7310000000001,0.018781036941728724,290.5538478269287,7.904946426130919,196.4083558753328,True,2.523266306689383,12.705853659342317,1,1,20160906_flight01
2016-09-06 12:53:59,54.5998964,7.57269577,102.45200000000001,1.165,3.279,1012.747,18.4,1.187761,7.6739999999999995,1.736,-0.133,100,1.3,3.3,1012.747,0.018829021114519007,290.495741094641,7.86790772696274,192.74681149797198,True,2.5292301876645027,12.640369795492244,1,1,20160906_flight01
2016-09-06 12:54:00,54.5997713,7.5736883299999995,102.49799999999999,1.3219999999999998,3.295,1012.7489999999999,18.4,1.187492,7.79,2.176,-0.052000000000000005,100,1.4,3.4,1012.7489999999999,0.01906182672062373,290.49557702271295,8.088205981551162,195.6067746054068,True,2.5350474639628526,12.574899894246059,1,1,20160906_flight01
2016-09-06 12:54:01,54.599645069999994,7.574680130000001,102.553,0.958,3.3609999999999998,1012.75,18.4,1.187586,7.832999999999999,2.176,-0.28800000000000003,100,1.2,3.4,1012.75,0.01898217192707663,290.49549498690516,8.129628835315915,195.52524277269035,True,2.540730011338299,12.509439522280704,1,1,20160906_flight01
2016-09-06 12:54:02,54.59951813,7.5756713300000005,102.738,0.266,3.3539999999999996,1012.738,18.4,1.1877369999999998,8.243,2.427,0.061000000000000006,100,0.7,3.4,1012.738,0.01884055384436234,290.49647942347366,8.592867856542425,196.40609697982836,True,2.5463255476019437,12.4439927051587,1,1,20160906_flight01
2016-09-06 12:54:03,54.599391450000006,7.5766625,102.8,0.204,3.282,1012.715,18.4,1.187782,7.569,2.436,0.017,100,0.4,3.4,1012.715,0.01877881659934877,290.4983663021597,7.95134309409423,197.84020430770352,True,2.5519481385274894,12.378556353387534,1,1,20160906_flight01
2016-09-06 12:54:04,54.59926404,7.57765325,102.652,0.309,3.2119999999999997,1012.727,18.401,1.187914,7.685,2.3070000000000004,0.08800000000000001,100,0.4,3.3,1012.727,0.018674187273997056,290.49837822641854,8.023806702557085,196.70950359204727,True,2.5574850588447084,12.313121772534512,1,1,20160906_flight01
2016-09-06 12:54:05,54.59913621,7.5786438799999996,102.465,0.02,3.313,1012.765,18.413,1.188024,7.7589999999999995,2.193,0.059000000000000004,100,0.1,3.4,1012.765,0.018576163350035424,290.50721738781806,8.062960374453045,195.7823885351622,True,2.56297503159092,12.247680694679804,1,1,20160906_flight01
2016-09-06 12:54:06,54.59900904,7.57963498,102.4,-0.407,3.4389999999999996,1012.7719999999999,18.457,1.188004,7.9910000000000005,2.488,0.069,100,0.6,3.5,1012.7719999999999,0.018446656742876044,290.5504837097724,8.369362281560047,197.29399101800982,True,2.5685441982659825,12.182232438052935,1,1,20160906_flight01
2016-09-06 12:54:07,54.59888301,7.580626710000001,102.4,-0.503,3.513,1012.7610000000001,18.463,1.1879929999999999,7.9,2.529,0.051000000000000004,100,0.6,3.6,1012.7610000000001,0.01842407039886229,290.55736454067284,8.294928631398825,197.75125032952633,True,2.574246653372496,12.11678301554715,1,1,20160906_flight01
2016-09-06 12:54:08,54.59875791,7.581618539999999,102.509,-0.623,3.7510000000000003,1012.762,18.5,1.187926,8.05,2.888,0.032,100,0.8,3.9,1012.762,0.018353306834132388,290.5941485384345,8.552370665493866,199.73584250031053,True,2.5800498728292514,12.051358218082829,1,1,20160906_flight01
2016-09-06 12:54:09,54.59863432,7.582610550000001,102.81,-0.8,3.824,1012.7260000000001,18.508,1.187919,7.91,2.94,0.035,100,0.8,3.9,1012.7260000000001,0.01829517669955094,290.6050739799941,8.43870250690235,200.3891647802817,True,2.5860170384864833,11.985972313652624,1,1,20160906_flight01
2016-09-06 12:54:10,54.598512199999995,7.5836023,103.16,-0.838,3.7039999999999997,1012.6790000000001,18.571,1.187898,7.444,2.563,-0.042,100,0.9,3.8,1012.6790000000001,0.018046014641385666,290.6717047158767,7.872871458368922,198.9987975002549,True,2.592135426597604,11.920651163210092,1,1,20160906_flight01
2016-09-06 12:54:11,54.59839129,7.584593770000001,103.449,-0.722,3.5010000000000003,1012.637,18.574,1.187905,7.641,2.48,-0.007000000000000001,100,0.8,3.6,1012.637,0.017987324453891507,290.6781418859793,8.033385400937764,197.9816082192623,True,2.5983770197056995,11.855387390704923,1,1,20160906_flight01
2016-09-06 12:54:12,54.59827201,7.58558637,103.6,-0.5489999999999999,3.327,1012.615,18.554000000000002,1.187875,7.667000000000001,2.467,0.05600000000000001,100,0.7,3.4,1012.615,0.018060713270394713,290.6600196121686,8.054128009908958,197.83654599586828,True,2.6048136055515396,11.790107789195108,1,1,20160906_flight01
2016-09-06 12:54:13,54.59815396,7.586580420000001,103.53,-0.162,3.13,1012.638,18.49,1.18794,7.822,2.275,0.113,100,0.4,3.3,1012.638,0.01825153579179095,290.5943609611151,8.146122329059391,196.21687832292514,True,2.611408834745836,11.724779338281625,1,1,20160906_flight01
2016-09-06 12:54:14,54.598036300000004,7.587574829999999,103.291,0.256,3.138,1012.6669999999999,18.499000000000002,1.187883,7.662999999999999,2.186,-0.027000000000000003,100,0.4,3.2,1012.6669999999999,0.018298133622788315,290.6009485533079,7.968699078268672,195.9216926166613,True,2.618052444592754,11.659441562063904,1,1,20160906_flight01
2016-09-06 12:54:15,54.59791817,7.5885694699999995,103.068,0.551,3.1010000000000004,1012.688,18.483,1.187927,7.562,2.0140000000000002,0.036000000000000004,100,1.0,3.2,1012.688,0.01833739901602538,290.58328264993054,7.8256015743200225,194.91349544599979,True,2.6246505325374763,11.59407400763341,1,1,20160906_flight01
2016-09-06 12:54:16,54.59779922,7.58956423,102.86200000000001,1.2990000000000002,3.2,1012.705,18.430999999999997,1.187888,7.7829999999999995,2.438,-0.127,100,1.4,3.2,1012.705,0.01856954519663967,290.53007497025186,8.155913989247312,197.39299907029968,True,2.631163783046052,11.528671878682587,1,1,20160906_flight01
2016-09-06 12:54:17,54.59767932,7.59055882,102.72399999999999,1.5090000000000001,3.2510000000000003,1012.737,18.474,1.187943,7.933,2.1959999999999997,-0.077,100,1.6,3.3,1012.737,0.0184043847421127,290.57029408117313,8.23133676871503,195.4730651781082,True,2.6375727957232034,11.46324878726665,1,1,20160906_flight01
2016-09-06 12:54:18,54.597557939999994,7.59155279,102.7,1.103,3.322,1012.7310000000001,18.456,1.1879629999999999,7.721,2.006,-0.022,100,1.5,3.4,1012.7310000000001,0.018444067622045424,290.55285143847493,7.977335206696532,194.56406742906233,True,2.643812577929566,11.397814982323226,1,1,20160906_flight01
2016-09-06 12:54:19,54.59743473,7.5925452700000005,102.745,1.23,3.4,1012.72,18.451,1.187832,7.507000000000001,2.16,-0.134,100,1.4,3.4,1012.72,0.018562788116666784,290.5487720754514,7.811571480822537,196.05219126561997,True,2.649829179611242,11.332412624906464,1,1,20160906_flight01
2016-09-06 12:54:20,54.59730998,7.59353652,102.87100000000001,0.948,3.4,1012.7180000000001,18.398999999999997,1.187654,7.564,2.457,0.048,100,1.2,3.4,1012.7180000000001,0.018895129033484226,290.49712379231147,7.953046271712494,197.995254665394,True,2.65565842799902,11.267035256091656,1,1,20160906_flight01
2016-09-06 12:54:21,54.59718445000001,7.59452743,102.9,0.8590000000000001,3.27,1012.7080000000001,18.398,1.187816,7.755,2.086,0.004000000000000001,100,1.1,3.4,1012.7080000000001,0.01874960190799979,290.4969477906731,8.03065507913271,195.055504451493,True,2.6613982323452685,11.201653059205753,1,1,20160906_flight01
2016-09-06 12:54:22,54.597058,7.59551771,102.859,1.116,3.3,1012.714,18.406999999999996,1.187898,7.681,2.175,0.166,100,1.2,3.3,1012.714,0.01865386797295021,290.5054230942748,7.983006075407935,195.8103320254028,True,2.667028129469257,11.136279315081154,1,1,20160906_flight01
2016-09-06 12:54:23,54.596930119999996,7.59650701,102.73,1.29,3.3,1012.7280000000001,18.409,1.187959,7.725,2.0869999999999997,-0.03,100,1.4,3.3,1012.7280000000001,0.018608655568699284,290.50626730242067,8.001949387493026,195.11821598742546,True,2.6724871778941974,11.070918756500067,1,1,20160906_flight01
2016-09-06 12:54:24,54.59680059,7.597495380000001,102.7,1.0,3.3,1012.738,18.4,1.187894,7.792000000000001,2.194,-0.023000000000000003,100,1.4,3.3,1012.738,0.018705897076204847,290.49647942347366,8.094992279181,195.72567176645674,True,2.6777529592060443,11.00556100727919,1,1,20160906_flight01
2016-09-06 12:54:25,54.596670089999996,7.59848328,102.67,0.359,3.362,1012.748,18.4,1.187834,8.062999999999999,2.298,0.004,100,0.6,3.4,1012.748,0.018767413495542673,290.4956590586249,8.384078542093937,195.9078476784933,True,2.6829066003366577,10.94020016894985,1,1,20160906_flight01
2016-09-06 12:54:26,54.59653958,7.59947103,102.68700000000001,-0.585,3.397,1012.74,18.408,1.187819,7.8839999999999995,2.101,0.019000000000000003,100,1.1,3.4,1012.74,0.018744277148057265,290.50428643704083,8.159145604779951,194.92191794111085,True,2.6880562902935363,10.874848267299082,1,1,20160906_flight01
2016-09-06 12:54:27,54.59640983,7.60045889,102.71600000000001,-1.159,3.362,1012.742,18.386999999999997,1.1877719999999998,7.817,2.031,-0.021,100,1.2,3.4,1012.742,0.01885998593804561,290.4831982666234,8.076537005425036,194.56446671677398,True,2.6932888698607567,10.809514742056457,1,1,20160906_flight01
2016-09-06 12:54:28,54.596281790000006,7.60144757,102.84100000000001,-1.3940000000000001,3.4,1012.7239999999999,18.396,1.187528,7.735,2.0869999999999997,-0.053,100,1.6,3.4,1012.7239999999999,0.019019759434324657,290.4936423900693,8.011603709620191,195.09956379745503,True,2.6987189750821035,10.74418719124586,1,1,20160906_flight01
2016-09-06 12:54:29,54.596156279999995,7.6024374,102.98299999999999,-1.885,3.395,1012.7040000000001,18.389,1.1876309999999999,8.039,2.417,0.09300000000000001,100,2.2,3.4,1012.7040000000001,0.018935724618597494,290.4883083853183,8.39448688128107,196.73389326748264,True,2.7044401085677467,10.67887238568592,1,1,20160906_flight01
2016-09-06 12:54:30,54.59603411,7.60342895,103.064,-2.266,3.356,1012.701,18.389999999999997,1.1878149999999998,7.933,2.065,-0.12300000000000001,100,2.3,3.4,1012.701,0.01877137262542594,290.4895508950397,8.197360184839996,194.5905866135866,True,2.7105493315788767,10.613561936334431,1,1,20160906_flight01
2016-09-06 12:54:31,54.59591555,7.60442233,103.2,-2.177,3.336,1012.6940000000001,18.4,1.1879009999999999,8.119,2.156,0.10400000000000001,100,2.3,3.4,1012.6940000000001,0.018655635076238575,290.5000891525685,8.400386717288676,194.87166498934013,True,2.717077457390957,10.548257989723286,1,1,20160906_flight01
2016-09-06 12:54:32,54.59580086,7.6054177,103.228,-2.251,3.34,1012.681,18.4,1.187885,7.706,2.1180000000000003,-0.157,100,2.5,3.4,1012.681,0.018656278966304063,290.50115570203627,7.991768264908587,195.36830161457402,True,2.7240551992950994,10.482959271862747,1,1,20160906_flight01
2016-09-06 12:54:33,54.595689410000006,7.60641485,103.3,-1.869,3.2,1012.6940000000001,18.4,1.18792,7.689,1.9880000000000002,-0.1,100,1.9,3.2,1012.6940000000001,0.018639342348557575,290.5000891525685,7.941842670312728,194.496433609009,True,2.731411558258266,10.417657890830913,1,1,20160906_flight01
2016-09-06 12:54:34,54.5955809,7.607414,103.3,-1.725,3.227,1012.683,18.4,1.187844,7.532,2.2640000000000002,-0.017,100,1.8,3.3,1012.683,0.01869345109965037,290.50099161635677,7.864904322367819,196.7299463732337,True,2.7391188871166694,10.352330317047809,1,1,20160906_flight01
2016-09-06 12:54:35,54.59547552,7.60841456,103.205,-1.6219999999999999,3.2689999999999997,1012.7,18.418,1.187937,7.64,2.074,0.011000000000000001,100,1.7,3.3,1012.7,0.018567914879700442,290.5175320540894,7.91650655276682,195.18783291461492,True,2.74718601772709,10.287019297472572,1,1,20160906_flight01
2016-09-06 12:54:36,54.59537303,7.60941717,103.126,-1.29,3.263,1012.7,18.409999999999997,1.1879339999999998,7.731,1.936,-0.08200000000000002,100,1.5,3.3,1012.7,0.018598435318206485,290.5095608766747,7.969721262378001,194.05891069540093,True,2.7555997671196,10.22167733973647,1,1,20160906_flight01
2016-09-06 12:54:37,54.59527274,7.61042088,103.134,-0.618,3.3,1012.6990000000001,18.404999999999998,1.187928,7.7139999999999995,1.8319999999999999,-0.031,100,1.0,3.3,1012.6990000000001,0.018620042683341165,290.5046609332141,7.9285572458045595,193.35969112475817,True,2.7642685101648876,10.15634028622743,1,1,20160906_flight01
2016-09-06 12:54:38,54.59517404,7.61142514,103.2,-0.508,3.342,1012.702,18.405,1.1878659999999999,7.843,1.891,0.013999999999999999,100,0.6,3.4,1012.702,0.018676226683353114,290.504414806256,8.067746277616816,193.5556750399153,True,2.7731168263703516,10.091021914707678,1,1,20160906_flight01
2016-09-06 12:54:39,54.59507654,7.61242984,103.275,0.009,3.33,1012.693,18.4,1.187897,7.559,1.6840000000000002,0.03900000000000001,100,0.3,3.4,1012.693,0.018658059300289853,290.50017119421017,7.744309975717656,192.55930168548065,True,2.7821011490702023,10.025716103980873,1,1,20160906_flight01
2016-09-06 12:54:40,54.594979620000004,7.6134343,103.375,0.42700000000000005,3.3,1012.675,18.4,1.187632,7.667999999999999,1.859,0.008,100,0.5,3.3,1012.675,0.01886724555713748,290.50164796157543,7.890127058546015,193.62763643164737,True,2.7911424917177623,9.960444332768123,1,1,20160906_flight01
2016-09-06 12:54:41,54.59488266,7.614438679999999,103.4,0.672,3.285,1012.673,18.392,1.187465,7.149,1.786,-0.11,100,1.0,3.3,1012.673,0.019036484077154414,290.4938408107248,7.368717459639771,194.02681423696805,True,2.8001780427598977,9.895176179547668,1,1,20160906_flight01
2016-09-06 12:54:42,54.59478484,7.6154424700000005,103.508,0.8109999999999999,3.205,1012.663,18.317999999999998,1.1875069999999999,7.269,1.454,-0.22699999999999998,100,1.0,3.3,1012.663,0.019249088729562658,290.42092706963075,7.412993794682416,191.3114482754832,True,2.809110833513662,9.829915994980627,1,1,20160906_flight01
2016-09-06 12:54:43,54.594686110000005,7.6164457400000005,103.67299999999999,0.9060000000000001,3.2889999999999997,1012.6490000000001,18.309,1.187445,7.399,1.395,-0.07100000000000001,100,1.2,3.4,1012.6490000000001,0.019319689669852425,290.4131076804955,7.52935760872068,190.67715251048384,True,2.8179368979840334,9.764657797937346,1,1,20160906_flight01
2016-09-06 12:54:44,54.59458711,7.61744838,103.831,1.187,3.48,1012.628,18.347,1.187393,7.551,1.671,0.009000000000000001,100,1.3,3.5,1012.628,0.019210306748796535,290.4526940001735,7.733682305344589,192.4781824280199,True,2.826722136084074,9.699429583082665,1,1,20160906_flight01
2016-09-06 12:54:45,54.59448749999999,7.61845018,104.024,1.288,3.3689999999999998,1012.6210000000001,18.362000000000002,1.1874580000000001,7.42,1.5530000000000002,-0.099,100,1.3,3.5,1012.6210000000001,0.01909503019876202,290.4682145287049,7.580778917763002,191.8213163003249,True,2.835426369466793,9.634233063930882,1,1,20160906_flight01
2016-09-06 12:54:46,54.59438618,7.6194509,104.211,1.241,3.3,1012.587,18.340999999999998,1.187424,7.457000000000001,1.536,-0.067,100,1.3,3.3,1012.587,0.019163410711247497,290.4500788894611,7.613550091777161,191.6390537820709,True,2.8439280706513657,9.569046634708322,1,1,20160906_flight01
2016-09-06 12:54:47,54.594283489999995,7.62045,104.3,1.204,3.2030000000000003,1012.587,18.355,1.18738,7.497999999999999,1.959,0.017,100,1.4,3.3,1012.587,0.01915222842590758,290.46402889513695,7.749689348612626,194.64233564394254,True,2.852252976021994,9.50391492140183,1,1,20160906_flight01
2016-09-06 12:54:48,54.59417972,7.62144899,104.24600000000001,0.5880000000000001,3.099,1012.5790000000001,18.351,1.187604,7.5760000000000005,1.578,0.001999999999999999,100,0.9,3.2,1012.5790000000001,0.01896593275673686,290.4606994941485,7.738595479801229,191.7658728412955,True,2.860460982749027,9.438754232585008,1,1,20160906_flight01
2016-09-06 12:54:49,54.59407571,7.622448,104.042,0.531,3.0840000000000005,1012.613,18.398,1.187616,7.782,2.176,0.12,100,0.9,3.1,1012.613,0.018825581185607065,290.5047420197967,8.08050122207775,195.62203553583268,True,2.8686438678187436,9.37358435872109,1,1,20160906_flight01
2016-09-06 12:54:50,54.593971700000004,7.623448,103.65299999999999,1.025,3.063,1012.6540000000001,18.418999999999997,1.18779,7.499,1.791,0.11599999999999999,100,1.2,3.1,1012.6540000000001,0.01864420614006712,290.5223026918067,7.7099080409561305,193.43243135714536,True,2.876845816277088,9.308353316715,1,1,20160906_flight01
2016-09-06 12:54:51,54.59386608,7.62444703,103.234,1.5930000000000002,3.06,1012.687,18.398999999999997,1.187703,7.468999999999999,2.182,0.16399999999999998,100,1.9,3.1,1012.687,0.018821905589317955,290.49966704541293,7.781200742815982,196.28524013189013,True,2.8848579785117945,9.243128880396469,1,1,20160906_flight01
2016-09-06 12:54:52,54.593758120000004,7.62544587,102.82700000000001,1.199,3.187,1012.76,18.361,1.187758,7.596,1.6909999999999998,-0.128,100,1.5,3.2,1012.76,0.018980979379956242,290.45581580310164,7.781946864377834,192.55036969133621,True,2.8926177910551356,9.177838677481859,1,1,20160906_flight01
2016-09-06 12:54:53,54.59364917,7.62644461,102.7,1.0390000000000001,3.344,1012.7739999999999,18.387999999999998,1.1878199999999999,8.017000000000001,2.155,0.021,100,1.2,3.4,1012.7739999999999,0.018847510906077947,290.481569642515,8.301585029378426,195.0456751476091,True,2.90027046255298,9.112521862193827,1,1,20160906_flight01
2016-09-06 12:54:54,54.59353986,7.62744323,102.7,0.8240000000000001,3.377,1012.758,18.461,1.1877879999999998,7.711,2.38,0.065,100,0.9,3.4,1012.758,0.0186038086268836,290.5556179364379,8.069939343018632,197.15284051329547,True,2.907882563174258,9.047200537235998,1,1,20160906_flight01
2016-09-06 12:54:55,54.59342899,7.62844078,102.7,0.91,3.3109999999999995,1012.7869999999999,18.476,1.187907,7.382000000000001,2.326,-0.077,100,1.0,3.4,1012.7869999999999,0.01847854435154206,290.56818406019966,7.739780358640677,197.48915802423164,True,2.915308265889946,8.981893652676128,1,1,20160906_flight01
2016-09-06 12:54:56,54.59331673,7.629437739999999,102.60799999999999,0.272,3.3859999999999997,1012.779,18.412,1.187883,7.801,2.3920000000000003,-0.017,100,0.7,3.4,1012.779,0.018714642852504237,290.50507249316496,8.159489260977061,197.04697219776642,True,2.9225748808541674,8.916577182006293,1,1,20160906_flight01
2016-09-06 12:54:57,54.59320528999999,7.630435169999999,102.649,-0.353,3.458,1012.781,18.398999999999997,1.187731,7.659,2.298,0.13,100,0.6,3.5,1012.781,0.018892454740393028,290.49195555414656,7.996316964703188,196.70130315951786,True,2.929937694263492,8.85125883211527,1,1,20160906_flight01
2016-09-06 12:54:58,54.59309487,7.63143291,102.691,-0.592,3.4189999999999996,1012.765,18.4,1.187837,7.632999999999999,2.269,0.084,100,0.8,3.5,1012.765,0.018781941496286425,290.4942644622889,7.963105549972322,196.55520737083827,True,2.9374148808144884,8.785955113203059,1,1,20160906_flight01
2016-09-06 12:54:59,54.59298582,7.63243125,102.67200000000001,-0.796,3.4189999999999996,1012.785,18.401,1.187898,7.761,2.2359999999999998,0.028000000000000004,100,0.9,3.5,1012.785,0.018746249357529887,290.49362017251815,8.076683539671466,196.07207219134088,True,2.9450492221108266,8.7206597000967,1,1,20160906_flight01
2016-09-06 12:55:00,54.59287881,7.633430100000001,102.7,-0.955,3.4,1012.776,18.438,1.187888,7.667999999999999,2.166,0.036000000000000004,100,1.0,3.4,1012.776,0.01861650237703416,290.5312243725537,7.968047439617814,195.77353278315826,True,2.952910191533274,8.655400345407305,1,1,20160906_flight01
2016-09-06 12:55:01,54.59277383,7.6344305,102.7,-0.868,3.4,1012.786,18.401999999999997,1.187911,8.064,2.364,0.044000000000000004,100,0.9,3.4,1012.786,0.01873261231741319,290.4945345131571,8.403367896266353,196.33875030989427,True,2.9610167524846087,8.590112460470543,1,1,20160906_flight01
2016-09-06 12:55:02,54.592671120000006,7.63543176,102.788,-0.856,3.49,1012.784,18.398999999999997,1.187851,8.054,2.456,0.221,100,1.0,3.5,1012.784,0.018792541198975554,290.49170945787984,8.420145604441768,196.95864684170476,True,2.9693811251382503,8.52484662695515,1,1,20160906_flight01
2016-09-06 12:55:03,54.5925705,7.63643374,102.742,-0.634,3.451,1012.7719999999999,18.410999999999998,1.187842,7.8629999999999995,2.249,-0.025,100,0.7,3.5,1012.7719999999999,0.018746258019135764,290.5046503715787,8.178310950312417,195.96175540016287,True,2.977981483577434,8.459605532905758,1,1,20160906_flight01
2016-09-06 12:55:04,54.592470819999996,7.63743596,102.8,-0.436,3.3309999999999995,1012.77,18.447,1.1879289999999998,7.507999999999999,2.055,-0.049,100,0.5,3.4,1012.77,0.018543873776980524,290.540684034185,7.784156280548328,195.30740940705698,True,2.9866863649819546,8.394380745079303,1,1,20160906_flight01
2016-09-06 12:55:05,54.592372219999994,7.63843866,102.881,-0.12100000000000001,3.3930000000000002,1012.747,18.427,1.187776,7.439,1.939,-0.214,100,0.2,3.4,1012.747,0.01872181241533344,290.5226434613348,7.687551105521186,194.60927254271928,True,2.9955152697321097,8.329162071942708,1,1,20160906_flight01
2016-09-06 12:55:06,54.59227474,7.639441809999999,103.08,0.30400000000000005,3.45,1012.7489999999999,18.38,1.1876550000000001,7.98,2.214,-0.135,100,0.4,3.6,1012.7489999999999,0.018991867020489384,290.47564935493574,8.281436831854725,195.50633452898626,True,3.0044718712790957,8.263952691964015,1,1,20160906_flight01
2016-09-06 12:55:07,54.59217837,7.64044542,103.31700000000001,0.282,3.513,1012.701,18.398,1.187526,7.781000000000001,2.352,-0.046,100,0.3,3.6,1012.701,0.018991342357252083,290.4975220702032,8.128706231621365,196.8187424814571,True,3.013555299398522,8.198751656060583,1,1,20160906_flight01
2016-09-06 12:55:08,54.59208235,7.6414487499999995,103.48299999999999,0.222,3.359,1012.688,18.368,1.187715,7.7860000000000005,2.2840000000000003,0.027999999999999997,100,0.3,3.5,1012.688,0.01892095848692299,290.46869658626576,8.11408972097302,196.3488942967703,True,3.022670533233896,8.133579513006268,1,1,20160906_flight01
2016-09-06 12:55:09,54.59198624,7.64245192,103.5,0.603,3.307,1012.69,18.398999999999997,1.1877719999999998,7.622000000000001,2.101,-0.026000000000000002,100,1.0,3.4,1012.69,0.018765738229754803,290.4994209197694,7.906268715392869,195.41083928009994,True,3.031773121076803,8.068414274714705,1,1,20160906_flight01
2016-09-06 12:55:10,54.59188972,7.643455,103.445,1.077,3.3,1012.695,18.4,1.1878929999999999,7.669,2.197,0.11,100,1.2,3.3,1012.695,0.018663501221710233,290.500007111031,7.977491460352684,195.9858443843119,True,3.0408304018095222,8.003241017063374,1,1,20160906_flight01
2016-09-06 12:55:11,54.591792489999996,7.64445795,103.306,0.978,3.3,1012.707,18.393,1.187854,7.64,2.168,0.06,100,1.1,3.3,1012.707,0.018733476813168837,290.49204785425815,7.941651213696053,195.84233178990831,True,3.049809721724202,7.938052274833716,1,1,20160906_flight01
2016-09-06 12:55:12,54.591694589999996,7.6454607999999995,103.196,0.872,3.3,1012.7260000000001,18.4,1.187854,7.585,2.132,0.081,100,1.0,3.3,1012.7260000000001,0.018728130033399237,290.49746387504297,7.87893704759722,195.69966854613455,True,3.058715909628921,7.87284751933348,1,1,20160906_flight01
2016-09-06 12:55:13,54.591596040000006,7.6464634,103.046,0.769,3.3,1012.745,18.398,1.18791,7.52,2.055,-0.027000000000000003,100,0.9,3.3,1012.745,0.018706205456258562,290.493912397957,7.795731203678074,195.28412595802547,True,3.067548202697145,7.8076366809072315,1,1,20160906_flight01
2016-09-06 12:55:14,54.59149712000001,7.64746596,102.95,0.8220000000000001,3.359,1012.7689999999999,18.398,1.18792,7.771,2.069,0.11800000000000001,100,1.0,3.5,1012.7689999999999,0.018721770975962615,290.49194357082695,8.041716359086536,194.9089286282864,True,3.0763404025806604,7.742416058708562,1,1,20160906_flight01
2016-09-06 12:55:15,54.59139806,7.648468390000001,102.9,0.9129999999999999,3.47,1012.7909999999999,18.428,1.187988,7.569,1.829,-0.1,100,1.2,3.5,1012.7909999999999,0.018580776804775878,290.52003001247033,7.78684801444076,193.58473958499752,True,3.0851152202380927,7.677198831582679,1,1,20160906_flight01
2016-09-06 12:55:16,54.59129815,7.64947029,103.03699999999999,1.5019999999999998,3.4,1012.7389999999999,18.404,1.187867,7.435,2.0580000000000003,0.006999999999999999,100,1.7,3.4,1012.7389999999999,0.018716081436898513,290.50038293133065,7.714569916722513,195.47203116710472,True,3.0937894957463445,7.611986197172221,1,1,20160906_flight01
2016-09-06 12:55:17,54.59119657,7.650471,103.152,1.38,3.4960000000000004,1012.738,18.410999999999998,1.187834,7.53,1.531,-0.11200000000000002,100,1.5,3.5,1012.738,0.018718918428499265,290.50743967479815,7.684065395349001,191.49272383056376,True,3.102263372030352,7.546791774038721,1,1,20160906_flight01
2016-09-06 12:55:18,54.59109362,7.6514704700000005,103.429,1.276,3.452,1012.7040000000001,18.381,1.187663,7.434,1.588,-0.21600000000000003,100,1.5,3.5,1012.7040000000001,0.018936230954405886,290.48033721690825,7.601716911329966,192.05790753628327,True,3.110567769761964,7.481628588140691,1,1,20160906_flight01
2016-09-06 12:55:19,54.590989529999995,7.652468679999999,103.74,1.544,3.4339999999999997,1012.6890000000001,18.386999999999997,1.187319,7.652,2.311,0.10400000000000001,100,1.8,3.5,1012.6890000000001,0.019195372943887845,290.4875461582799,7.993361307985522,196.80497488513106,True,3.1187267478145078,7.416505493302997,1,1,20160906_flight01
2016-09-06 12:55:20,54.590884589999995,7.65346633,103.785,1.46,3.4530000000000003,1012.686,18.394999999999996,1.187544,7.806,2.491,0.195,100,1.7,3.5,1012.686,0.018971289336534358,290.4957634830368,8.193821879928803,197.69858523910364,True,3.1267846060402658,7.351388844760862,1,1,20160906_flight01
2016-09-06 12:55:21,54.590778369999995,7.65446322,103.625,0.892,3.248,1012.69,18.439,1.18767,7.256,2.016,0.067,100,1.1,3.3,1012.69,0.018713466658385247,290.5392769194017,7.530855993842931,195.52736903038618,True,3.134691793609244,7.2862767571706675,1,1,20160906_flight01
2016-09-06 12:55:22,54.59067038999999,7.65545929,103.449,0.649,3.141,1012.7180000000001,18.401,1.1876989999999998,7.2989999999999995,1.744,-0.005999999999999997,100,0.8,3.2,1012.7180000000001,0.018849535523502103,290.499116576535,7.504461139882063,193.43812244276126,True,3.142396141612812,7.221157039038775,1,1,20160906_flight01
2016-09-06 12:55:23,54.59056212,7.656455660000001,103.223,0.252,3.3280000000000003,1012.722,18.378,1.1874550000000001,7.352,1.9369999999999998,0.06,100,0.5,3.4,1012.722,0.01914331388338919,290.4758714272031,7.602885833681841,194.76005656995005,True,3.15007544571459,7.156009179669786,1,1,20160906_flight01
2016-09-06 12:55:24,54.59045484,7.65745293,103.064,0.379,3.384,1012.768,18.363999999999997,1.18732,7.216,2.2840000000000003,0.032,100,0.4,3.4,1012.768,0.019354441170853942,290.4581487506396,7.568838219964805,197.56356090138422,True,3.1578772956174443,7.090838503871664,1,1,20160906_flight01
2016-09-06 12:55:25,54.59034768000001,7.65845041,103.0,0.376,3.3,1012.775,18.410999999999998,1.187504,7.19,1.724,-0.018000000000000002,100,0.4,3.3,1012.775,0.019039242954054014,290.5044042623702,7.393799834996888,193.48367697630067,True,3.1656959426581572,7.025658827676698,1,1,20160906_flight01
2016-09-06 12:55:26,54.59024011,7.659447800000001,102.944,0.35600000000000004,3.307,1012.779,18.38,1.187445,7.256,1.899,0.016,100,0.5,3.5,1012.779,0.019202266300594628,290.47318849483946,7.500382456915114,194.66618817193086,True,3.173469282587172,6.960471132121495,1,1,20160906_flight01
2016-09-06 12:55:27,54.590132919999995,7.660445220000001,102.93800000000002,0.4,3.5,1012.7689999999999,18.302,1.1874689999999999,7.377000000000001,1.962,0.046000000000000006,100,0.4,3.5,1012.7689999999999,0.019444360284582407,290.39629130573576,7.6334509234028625,194.8937044606821,True,3.1812835859223014,6.8952941694203,1,1,20160906_flight01
2016-09-06 12:55:28,54.59002622,7.6614428299999995,103.0,0.183,3.5,1012.7689999999999,18.374,1.1873740000000002,7.574,2.275,0.17300000000000001,100,0.4,3.5,1012.7689999999999,0.019274124064629916,290.4680305045542,7.908293178682743,196.7186747646648,True,3.1891536242223353,6.830121697254792,1,1,20160906_flight01
2016-09-06 12:55:29,54.58991994,7.66244023,103.0,0.035,3.5,1012.776,18.348,1.1875499999999999,7.569,1.96,0.067,100,0.1,3.5,1012.776,0.019221007924507427,290.44155055129386,7.818654679674759,194.5179034281467,True,3.1970642556307727,6.764976111471715,1,1,20160906_flight01
2016-09-06 12:55:30,54.589814,7.66343747,103.0,0.129,3.458,1012.7589999999999,18.344,1.1875149999999999,7.553,1.9809999999999999,0.174,100,0.2,3.6,1012.7589999999999,0.019247925401328247,290.43895935711754,7.808467839467612,194.6965048058384,True,3.2050079406856984,6.699851672995178,1,1,20160906_flight01
2016-09-06 12:55:31,54.58970828,7.66443444,103.054,0.534,3.417,1012.753,18.38,1.187693,7.037000000000001,1.402,-0.031,100,0.8,3.5,1012.753,0.01896328910784595,290.47532123483984,7.175302990118258,191.26765008502886,True,3.21296980784704,6.634751203622646,1,1,20160906_flight01
2016-09-06 12:55:32,54.58960215,7.66543084,103.1,0.527,3.556,1012.76,18.358,1.187475,7.819,2.34,0.29,100,0.8,3.7,1012.76,0.019234312900171524,290.4528266622205,8.161639602432833,196.66091705472928,True,3.220877125041957,6.569672372171051,1,1,20160906_flight01
2016-09-06 12:55:33,54.58949727,7.666427700000001,103.133,0.048,3.579,1012.752,18.393,1.18748,7.845,2.6260000000000003,-0.133,100,0.4,3.7,1012.752,0.01909961169052754,290.4883562377891,8.272841168546632,198.50722280790293,True,3.228926147763749,6.504606521902731,1,1,20160906_flight01
2016-09-06 12:55:34,54.58939305,7.66742478,103.2,-0.5469999999999999,3.304,1012.738,18.398999999999997,1.187843,7.478,1.992,0.127,100,0.7,3.4,1012.738,0.018753129445851835,290.49548303698964,7.738769152778754,194.91615585448426,True,3.2370495504260077,6.439548939362521,1,1,20160906_flight01
2016-09-06 12:55:35,54.589289019999995,7.668421990000001,103.10699999999999,-0.182,3.34,1012.755,18.401999999999997,1.18773,7.483,2.54,-0.031000000000000007,100,0.4,3.4,1012.755,0.01885667177621042,290.4970775728301,7.902334401934658,198.74906475996468,True,3.2451956492256677,6.374489617859083,1,1,20160906_flight01
2016-09-06 12:55:36,54.589185879999995,7.669420290000001,102.988,0.002,3.395,1012.784,18.404999999999998,1.187885,6.961,2.115,0.09700000000000002,100,0.2,3.4,1012.784,0.0187424155690461,290.4976876991248,7.275214498556039,196.90065177949532,True,3.253457324634626,6.30939242836685,1,1,20160906_flight01
2016-09-06 12:55:37,54.58908329,7.67041887,102.866,0.10300000000000001,3.471,1012.78,18.42,1.187868,6.941,2.366,0.289,100,0.2,3.5,1012.78,0.018700561182194653,290.51296145443627,7.333173733111742,198.8228611925804,True,3.2617828447366914,6.244296156001475,1,1,20160906_flight01
2016-09-06 12:55:38,54.58898112,7.671418,102.699,0.36,3.48,1012.807,18.455,1.187872,6.957999999999999,2.504,0.156,100,0.5,3.5,1012.807,0.018602015824321194,290.54561930687146,7.394848206690925,199.7924611028326,True,3.2701635924671475,6.179179812656659,1,1,20160906_flight01
2016-09-06 12:55:39,54.58887933,7.672417329999999,102.6,0.373,3.466,1012.824,18.486,1.187908,6.256,2.15,-0.258,100,0.6,3.5,1012.824,0.018479970694303516,290.575111782824,6.61513688444918,198.96631236406301,True,3.2785885771147516,6.114063698545492,1,1,20160906_flight01
2016-09-06 12:55:40,54.58877682,7.67341678,102.68299999999999,1.063,3.42,1012.813,18.413,1.188057,6.38,1.65,0.254,100,1.3,3.6,1012.813,0.01859614500436879,290.50327969097043,6.589908952330069,194.50016676655258,True,3.286939352149556,6.048916322133455,1,1,20160906_flight01
2016-09-06 12:55:41,54.5886736,7.67441552,102.596,1.379,3.852,1012.819,18.462,1.1879089999999999,7.61,2.1870000000000003,0.654,100,1.5,4.1,1012.819,0.01855790698286275,290.5516093167082,7.918021785774525,196.03385819231013,True,3.295200997916851,5.98378929702453,1,1,20160906_flight01
2016-09-06 12:55:42,54.588570739999994,7.67541342,102.609,0.9590000000000001,3.865,1012.81,18.498,1.1879359999999999,7.311,1.964,0.203,100,1.2,4.1,1012.81,0.018399982682515637,290.5882169191553,7.570205875668112,195.03672494814515,True,3.30348472885124,5.918726096147807,1,1,20160906_flight01
2016-09-06 12:55:43,54.588466600000004,7.67640948,102.8,1.5319999999999998,3.6,1012.804,18.480999999999998,1.1877879999999998,6.897,2.519,0.324,100,1.8,3.6,1012.804,0.0185802153130441,290.57177100897286,7.342613295006077,200.06377376344773,True,3.311596992707221,5.853734185106147,1,1,20160906_flight01
2016-09-06 12:55:44,54.58835991,7.677403839999999,102.68299999999999,1.565,3.6010000000000004,1012.809,18.447,1.187908,6.801,2.197,0.273,100,1.8,3.7,1012.809,0.0186011027699573,290.5374842844393,7.147056037278566,197.90256973337574,True,3.3194055119599923,5.788762848670416,1,1,20160906_flight01
2016-09-06 12:55:45,54.5882515,7.678397210000001,102.6,0.8590000000000001,3.6460000000000004,1012.817,18.519000000000002,1.187885,6.65,2.2319999999999998,-0.114,100,1.2,3.7,1012.817,0.018377417176314914,290.60856617153115,7.01457938867328,198.55376597554627,True,3.327012169266,5.723795710201102,1,1,20160906_flight01
2016-09-06 12:55:46,54.58814297,7.67939069,102.777,0.415,3.627,1012.8009999999999,18.502,1.188034,6.857,2.009,0.003999999999999999,100,0.5,3.7,1012.8009999999999,0.01829296067911912,290.5929409121155,7.145245272207246,196.32980728590684,True,3.334608191338795,5.658817800608375,1,1,20160906_flight01
2016-09-06 12:55:47,54.58803479,7.680383920000001,103.06,0.293,3.562,1012.771,18.526,1.1879389999999999,6.515,1.849,-0.257,100,0.4,3.7,1012.771,0.01826043642192876,290.6193157860317,6.772298428155687,195.84429195909752,True,3.342236596806009,5.5938669302845385,1,1,20160906_flight01
2016-09-06 12:55:48,54.587926429999996,7.68137685,103.355,0.7979999999999999,3.532,1012.748,18.498,1.187746,7.197,2.502,0.122,100,1.0,3.7,1012.748,0.01850054076351193,290.59330465830845,7.619502149090845,199.16974420925527,True,3.3498400954064245,5.528928633766088,1,1,20160906_flight01
2016-09-06 12:55:49,54.58781875,7.6823701600000005,103.4,0.174,3.6710000000000003,1012.7330000000001,18.494,1.18777,7.433,2.679,0.179,100,0.6,3.7,1012.7330000000001,0.018478844717430665,290.5905500715549,7.901046133266151,199.82016413078236,True,3.3575231804652432,5.46398938165968,1,1,20160906_flight01
2016-09-06 12:55:50,54.58771179,7.683363829999999,103.476,-0.17400000000000002,3.321,1012.7310000000001,18.498,1.187863,7.157,2.477,-0.036000000000000004,100,0.2,3.5,1012.7310000000001,0.01838312744509296,290.5946997535316,7.573518204903187,199.0904673882526,True,3.3652897179923595,5.39905173457315,1,1,20160906_flight01
2016-09-06 12:55:51,54.58760475,7.68435791,103.34200000000001,-0.09200000000000001,3.296,1012.721,18.518,1.1878309999999999,6.85,2.5869999999999997,0.133,100,0.2,3.4,1012.721,0.01833067360324936,290.61544823720067,7.322231149041936,200.68975741444348,True,3.3730556481986724,5.334086105449642,1,1,20160906_flight01
2016-09-06 12:55:52,54.58749785,7.68535287,103.081,-0.043,3.367,1012.797,18.522000000000002,1.18796,6.728,2.525,-0.117,100,0.1,3.4,1012.797,0.018282541297020227,290.61319654717937,7.186209640693764,200.5709759587072,True,3.3808534025915886,5.2690707417514995,1,1,20160906_flight01
2016-09-06 12:55:53,54.58739166,7.6863491,102.978,-0.187,3.4539999999999997,1012.786,18.597,1.187873,6.662999999999999,2.565,0.109,100,0.3,3.5,1012.786,0.018084271765914428,290.688827243888,7.1396634374457735,201.05479586244817,True,3.3887510695825256,5.204000426588906,1,1,20160906_flight01
2016-09-06 12:55:54,54.58728661,7.68734636,102.831,-0.34,3.636,1012.8009999999999,18.599,1.187911,7.393,2.7239999999999998,0.264,100,0.6,3.7,1012.8009999999999,0.01805980327010448,290.6895886816095,7.878872063944178,200.226655143065,True,3.396789727383082,5.138904231146208,1,1,20160906_flight01
2016-09-06 12:55:55,54.587183450000005,7.688344580000001,102.682,-0.679,3.5890000000000004,1012.818,18.590000000000003,1.1879289999999998,7.537999999999999,2.582,0.379,100,0.8,3.7,1012.818,0.01809287178198793,290.6792259515223,7.967946284959506,198.90793070198623,True,3.405047736752202,5.073811322090421,1,1,20160906_flight01
2016-09-06 12:55:56,54.58708163,7.68934339,102.61,-0.35700000000000004,3.495,1012.832,18.597,1.187932,7.026,2.1590000000000003,-0.27399999999999997,100,0.5,3.6,1012.832,0.01807994579442651,290.68505133216735,7.350235166305906,197.08152401831325,True,3.4134595199599644,5.00872634303457,1,1,20160906_flight01
2016-09-06 12:55:57,54.58697989,7.69034224,102.7,0.687,3.5260000000000002,1012.815,18.593000000000004,1.1879330000000001,6.78,2.21,0.266,100,1.2,3.7,1012.815,0.01807595904610726,290.68246129283693,7.131093885232476,198.05382952490086,True,3.421880575664874,4.943641542314478,1,1,20160906_flight01
2016-09-06 12:55:58,54.58687776,7.6913408400000005,102.76100000000001,0.929,3.7689999999999997,1012.815,18.594,1.187892,6.807,2.419,0.0010000000000000009,100,1.2,3.8,1012.815,0.01810760811731882,290.6834576576556,7.224043881372815,199.5636600925739,True,3.430255368872116,4.878559270438625,1,1,20160906_flight01
2016-09-06 12:55:59,54.5867758,7.6923392,102.969,0.348,3.7,1012.8059999999999,18.542,1.187971,6.707000000000001,2.198,0.07300000000000001,100,0.5,3.7,1012.8059999999999,0.01821234218888601,290.6323853117429,7.057977968228578,198.14486558598563,True,3.438643607951379,4.813497457976633,1,1,20160906_flight01
2016-09-06 12:56:00,54.586674,7.69333713,103.163,0.094,3.61,1012.785,18.515,1.187869,7.025,2.536,0.017,100,0.4,3.7,1012.785,0.018372924240142696,290.60720672409803,7.468729543905042,199.8494019747887,True,3.4470405714910353,4.7484675130471565,1,1,20160906_flight01
2016-09-06 12:56:01,54.58657301,7.69433546,103.314,-0.063,3.5239999999999996,1012.7639999999999,18.526,1.187887,6.962000000000001,2.469,-0.059000000000000004,100,0.2,3.6,1012.7639999999999,0.018297972734306445,290.6198902717308,7.386839987437119,199.52651538609206,True,3.455531322777066,4.683439682694715,1,1,20160906_flight01
2016-09-06 12:56:02,54.5864725,7.695334249999999,103.43700000000001,0.53,3.381,1012.735,18.523,1.1879309999999998,6.517,2.379,-0.317,100,1.2,3.4,1012.735,0.018241571428100345,290.61928117632755,6.937645854322632,200.054370770101,True,3.464081945349891,4.618399329434778,1,1,20160906_flight01
2016-09-06 12:56:03,54.5863717,7.69633327,103.57199999999999,1.328,3.2880000000000003,1012.737,18.5,1.187928,6.251,2.451,-0.139,100,1.4,3.3,1012.737,0.018326454351795363,290.5962001370743,6.7143430058346,201.4100098292567,True,3.4726061761038487,4.553335159957712,1,1,20160906_flight01
2016-09-06 12:56:04,54.58626902,7.69733223,103.6,1.094,3.383,1012.7230000000001,18.522000000000002,1.188029,7.0360000000000005,2.025,-0.207,100,1.4,3.5,1012.7230000000001,0.01814900358799787,290.61926965626725,7.321606449407125,196.05611328384066,True,3.480929448425009,4.488212427913786,1,1,20160906_flight01
2016-09-06 12:56:05,54.58616626,7.698331319999999,103.67200000000001,1.275,3.585,1012.712,18.512999999999998,1.1879330000000001,7.3870000000000005,2.396,0.354,100,1.4,3.7,1012.712,0.018251642827264103,290.61120492024577,7.76586022279567,197.97065715240777,True,3.48924672176007,4.423079013913692,1,1,20160906_flight01
2016-09-06 12:56:06,54.58606278,7.69932994,103.652,1.339,3.486,1012.707,18.567,1.187907,6.746,2.0780000000000003,-0.14,100,1.5,3.7,1012.707,0.018080409394557462,290.665420620288,7.058795931318599,197.12063203466482,True,3.497478424473373,4.357950791354239,1,1,20160906_flight01
2016-09-06 12:56:07,54.5859566,7.70032679,103.667,1.676,3.469,1012.705,18.585,1.187886,6.757000000000001,1.854,0.485,100,1.9,3.7,1012.705,0.018033580470063537,290.6835199188096,7.006737115091447,195.3433332921947,True,3.5053890929340756,4.292842500092103,1,1,20160906_flight01
2016-09-06 12:56:08,54.58584864,7.70132241,103.5,0.708,3.6630000000000003,1012.74,18.6,1.18787,7.391,2.01,0.139,100,1.2,3.7,1012.74,0.01803013392291164,290.6955925339269,7.6594373814269145,195.2137859176418,True,3.513086901326165,4.2277512481052275,1,1,20160906_flight01
2016-09-06 12:56:09,54.585741289999994,7.70231806,103.5,0.5,3.536,1012.74,18.609,1.18773,6.691,2.289,0.18900000000000003,100,1.0,3.7,1012.74,0.01811872381469115,290.7045600072184,7.071704320741924,198.8858856346618,True,3.5208501171174458,4.162678347077249,1,1,20160906_flight01
2016-09-06 12:56:10,54.58563321,7.70331322,103.5,1.3579999999999999,3.447,1012.758,18.671,1.1877199999999999,6.772,2.3779999999999997,0.055,100,1.4,3.5,1012.758,0.017929077450122177,290.7648579162969,7.177385875094079,199.3488165101382,True,3.5285263143863776,4.097611541988212,1,1,20160906_flight01
2016-09-06 12:56:11,54.58552327,7.70430751,103.47,1.275,3.452,1012.757,18.628,1.1879929999999999,6.815,1.732,0.016,100,1.4,3.5,1012.757,0.017844133096932557,290.7220956385966,7.031646251056718,194.25955991038947,True,3.5359880814699736,4.032536883438253,1,1,20160906_flight01
2016-09-06 12:56:12,54.58541221,7.70530118,103.5,1.807,3.5740000000000003,1012.7560000000001,18.695999999999998,1.1877,6.687,2.228,0.06,100,2.3,3.7,1012.7560000000001,0.01785700964018977,290.78993167433595,7.048400740593571,198.42723706656233,True,3.5433188782456906,3.967463435350805,1,1,20160906_flight01
2016-09-06 12:56:13,54.58529912,7.706293759999999,103.583,2.638,3.4389999999999996,1012.738,18.692,1.187786,5.945,2.0469999999999997,-0.127,100,2.8,3.5,1012.738,0.017779173298890116,290.787424276815,6.287545944166134,198.99976166956054,True,3.550412941228231,3.9023900959498135,1,1,20160906_flight01
2016-09-06 12:56:14,54.58518176,7.70728427,103.6,2.048,3.435,1012.7280000000001,18.590000000000003,1.1877849999999999,5.8260000000000005,2.122,-0.013999999999999999,100,2.6,3.5,1012.7280000000001,0.01812581961787485,290.6866137653381,6.200416115068408,200.01310678952373,True,3.5570133363489145,3.8373032217998846,1,1,20160906_flight01
2016-09-06 12:56:15,54.58506189,7.70827389,103.6,1.3459999999999999,3.523,1012.75,18.507,1.187834,6.478,2.392,0.044,100,1.7,3.6,1012.75,0.01839567015488841,290.60210797940596,6.9055157664000735,200.26665543816034,True,3.5633298353149137,3.772188200482191,1,1,20160906_flight01
2016-09-06 12:56:16,54.584941799999996,7.70926372,103.6,0.537,3.636,1012.732,18.525,1.187762,6.3870000000000005,2.658,0.127,100,1.0,3.7,1012.732,0.01837645157379919,290.6215201689264,6.918000650476986,202.59501855778825,True,3.5696269968184016,3.7070529172209086,1,1,20160906_flight01
2016-09-06 12:56:17,54.584821389999995,7.71025342,103.68700000000001,0.446,3.362,1012.717,18.544,1.1879469999999999,6.359,2.144,-0.29100000000000004,100,0.5,3.5,1012.717,0.018136455263905393,290.64168272817847,6.710709127953617,198.63204487901302,True,3.575887646014724,3.6419150670375298,1,1,20160906_flight01
2016-09-06 12:56:18,54.58469978,7.7112428,103.8,0.261,3.3569999999999998,1012.706,18.578000000000003,1.187956,6.308,2.093,-0.016,100,0.5,3.4,1012.706,0.01799902456104152,290.676463057941,6.646165285335597,198.3558901298943,True,3.582014599430364,3.576757241740843,1,1,20160906_flight01
2016-09-06 12:56:19,54.58457819,7.71223243,103.801,0.134,3.3989999999999996,1012.707,18.568,1.187986,6.132999999999999,1.732,-0.061000000000000006,100,0.3,3.4,1012.707,0.01800921824835,290.666417015495,6.372873213865154,195.7700327090764,True,3.588148492396911,3.511584632387247,1,1,20160906_flight01
2016-09-06 12:56:20,54.58445719,7.71322245,103.839,-0.023,3.381,1012.692,18.509,1.1878520000000001,6.278,2.126,0.184,100,0.3,3.5,1012.692,0.018314932589875044,290.60886077360897,6.628209411296537,198.70830447554516,True,3.594352599339649,3.4464074685879034,1,1,20160906_flight01
2016-09-06 12:56:21,54.58433708,7.714213089999999,103.73,-0.48200000000000004,3.3289999999999997,1012.715,18.562,1.18788,6.145,1.9280000000000002,0.094,100,0.6,3.4,1012.715,0.018129043183058524,290.6597819610208,6.440357831673641,197.41930231161217,True,3.600663232595677,3.381221476220686,1,1,20160906_flight01
2016-09-06 12:56:22,54.58421793,7.71520447,103.60199999999999,-0.597,3.31,1012.7289999999999,18.587,1.1878989999999998,6.534,2.084,0.14400000000000002,100,0.7,3.4,1012.7289999999999,0.01803958623453017,290.68354250682995,6.858295123425354,197.68992903205424,True,3.6070901423563004,3.316021559519327,1,1,20160906_flight01
2016-09-06 12:56:23,54.58410052999999,7.716196999999999,103.45700000000001,-0.594,3.512,1012.7610000000001,18.599,1.1878929999999999,6.6370000000000005,2.0980000000000003,-0.08200000000000002,100,0.8,3.6,1012.7610000000001,0.018035021505357074,290.69287222235204,6.960702047925913,197.54209310219824,True,3.613725183361005,3.2508085527565203,1,1,20160906_flight01
2016-09-06 12:56:24,54.58398497,7.717190540000001,103.54299999999999,-0.064,3.448,1012.735,18.599,1.187898,6.756,1.929,-0.084,100,0.2,3.5,1012.735,0.018004601191515146,290.6950066132702,7.025992954736007,195.9353145321976,True,3.620575224821147,3.185594086970979,1,1,20160906_flight01
2016-09-06 12:56:25,54.583870020000006,7.71818423,103.76700000000001,0.149,3.372,1012.715,18.594,1.187898,6.205,1.6669999999999998,-0.248,100,0.3,3.4,1012.715,0.01800194366176422,290.6916665356107,6.425022490233011,195.03768736306318,True,3.627492984394152,3.1203905578240843,1,1,20160906_flight01
2016-09-06 12:56:26,54.58375455,7.71917753,103.9,0.2,3.432,1012.6940000000001,18.593000000000004,1.187786,6.055,1.99,0.129,100,0.3,3.5,1012.6940000000001,0.018080312213681227,290.69239413355444,6.373627303192429,198.19331585909777,True,3.634347969466285,3.055193901676381,1,1,20160906_flight01
2016-09-06 12:56:27,54.58363926,7.72017083,103.873,-0.249,3.398,1012.7,18.599,1.187832,6.148,1.9180000000000001,0.172,100,0.5,3.5,1012.7,0.01802598092999208,290.69787994309564,6.440235088876802,197.3264270491972,True,3.6412220846202548,2.9900032075237957,1,1,20160906_flight01
2016-09-06 12:56:28,54.58352516,7.72116485,103.83,-0.11599999999999999,3.34,1012.72,18.594,1.1878989999999998,5.682,1.7209999999999999,-0.254,100,0.5,3.5,1012.72,0.018006112783503614,290.6912560669561,5.936915444909082,196.85084202553014,True,3.6482365351529555,2.9248074428620043,1,1,20160906_flight01
2016-09-06 12:56:29,54.58341162,7.72215948,103.92300000000002,0.192,3.32,1012.7090000000001,18.593000000000004,1.1879089999999999,6.428999999999999,1.858,-0.159,100,0.4,3.4,1012.7090000000001,0.01798997505440303,290.691162706792,6.69210019351175,196.1194501566166,True,3.655322247623058,2.8595925371679556,1,1,20160906_flight01
2016-09-06 12:56:30,54.583299260000004,7.723155,104.03,-0.051000000000000004,3.4,1012.693,18.599,1.187811,6.2860000000000005,1.8780000000000001,0.022000000000000002,100,0.1,3.4,1012.693,0.018036942263374822,290.6984546243856,6.560539611952664,196.63399663755973,True,3.6625505062005317,2.794361726122307,1,1,20160906_flight01
2016-09-06 12:56:31,54.58318758,7.72415072,104.127,0.395,3.347,1012.686,18.6,1.187817,5.841,1.841,-0.14300000000000002,100,0.6,3.4,1012.686,0.01802127359368111,290.70002571190037,6.124260118577591,197.49410910847718,True,3.6698548851643604,2.729141080968717,1,1,20160906_flight01
2016-09-06 12:56:32,54.58307521,7.725146120000001,104.2,0.765,3.2090000000000005,1012.6690000000001,18.6,1.187851,6.0120000000000005,1.66,-0.19699999999999998,100,0.8,3.3,1012.6690000000001,0.017975045575781667,290.7014214049201,6.2369659290395365,195.43559755561355,True,3.6770797702450064,2.6639173530211058,1,1,20160906_flight01
2016-09-06 12:56:33,54.582962509999994,7.726141770000001,104.3,0.603,3.3139999999999996,1012.681,18.592,1.187797,5.867999999999999,1.834,-0.076,100,0.7,3.4,1012.681,0.018061304492380748,290.69246498653223,6.147924853151671,197.3562484628244,True,3.6842743974960612,2.598667248248511,1,1,20160906_flight01
2016-09-06 12:56:34,54.58285,7.727137760000001,104.3,0.502,3.228,1012.665,18.6,1.187762,6.025,1.827,-0.22899999999999998,100,0.8,3.3,1012.665,0.01804730203734084,290.7017498076566,6.295915660172078,196.86921950028443,True,3.6914957646341957,2.5334024294524795,1,1,20160906_flight01
2016-09-06 12:56:35,54.582737349999995,7.72813412,104.39200000000001,0.767,3.108,1012.6460000000001,18.593000000000004,1.1877469999999999,5.971,1.784,-0.05399999999999999,100,0.9,3.3,1012.6460000000001,0.018065484274583765,290.6963348568271,6.231813299514035,196.63495801240032,True,3.698709377519142,2.468110112727838,1,1,20160906_flight01
2016-09-06 12:56:36,54.58262432000001,7.729130629999999,104.189,0.19400000000000003,3.373,1012.686,18.595000000000002,1.187752,6.229,1.923,0.5539999999999999,100,0.5,3.5,1012.686,0.018094433103102103,290.69504370631836,6.519077388710768,197.1563615611716,True,3.7058854930700083,2.402795941669229,1,1,20160906_flight01
2016-09-06 12:56:37,54.5825119,7.73012743,103.81,0.165,3.35,1012.7180000000001,18.6,1.187837,5.63,1.7309999999999999,0.05,100,0.7,3.5,1012.7180000000001,0.0180363008849862,290.6973986067758,5.890098556051503,197.09057094127814,True,3.71313202256491,2.337484057208283,1,1,20160906_flight01
2016-09-06 12:56:38,54.582399439999996,7.73112432,103.7,0.8440000000000001,3.285,1012.7389999999999,18.6,1.187986,5.757999999999999,1.369,-0.245,100,0.9,3.3,1012.7389999999999,0.017929724010273373,290.6956746270527,5.918506990787456,193.37411115607102,True,3.7203760339662093,2.272165287119407,1,1,20160906_flight01
2016-09-06 12:56:39,54.58228679,7.73212138,103.815,0.677,3.395,1012.721,18.585,1.1879289999999998,5.621,1.508,-0.275,100,0.7,3.4,1012.721,0.018012813856410848,290.68220645212955,5.819768466184888,195.01766486902034,True,3.7276031260150653,2.206829720193258,1,1,20160906_flight01
2016-09-06 12:56:40,54.582174439999996,7.733118429999999,104.104,0.5880000000000001,3.438,1012.693,18.6,1.1878739999999999,5.513999999999999,1.371,-0.075,100,1.0,3.5,1012.693,0.01797946049901622,290.6994510235322,5.681886746495392,193.9628720398385,True,3.734861908973647,2.1415047077855927,1,1,20160906_flight01
2016-09-06 12:56:41,54.582061780000004,7.73411476,104.34299999999999,1.005,3.355,1012.681,18.586000000000002,1.187837,6.02,1.669,-0.098,100,1.1,3.4,1012.681,0.018047958923252283,290.68648657139175,6.247076196109664,195.4956361675853,True,3.742073881399298,2.0762139134194504,1,1,20160906_flight01
2016-09-06 12:56:42,54.58194925,7.73511114,104.478,1.083,3.432,1012.6619999999999,18.595000000000002,1.187735,6.607,2.084,0.083,100,1.2,3.5,1012.6619999999999,0.018084876523264848,290.69701407145305,6.927878823998007,197.50647490052336,True,3.7493006327913374,2.01092433563824,1,1,20160906_flight01
2016-09-06 12:56:43,54.58183656,7.73610723,104.553,1.381,3.262,1012.6490000000001,18.611,1.187842,5.88,1.537,-0.07600000000000001,100,1.6,3.5,1012.6490000000001,0.017924274266733153,290.7140239620977,6.077562751629966,194.64903364319747,True,3.7565047954416393,1.9456473762465363,1,1,20160906_flight01
2016-09-06 12:56:44,54.581721120000005,7.73710192,104.6,1.611,3.1,1012.6440000000001,18.590000000000003,1.187816,5.362,1.492,-0.276,100,1.7,3.1,1012.6440000000001,0.018014802731861623,290.69350982003635,5.565708220882586,195.54945920870364,True,3.7633897346285874,1.8803658312215412,1,1,20160906_flight01
2016-09-06 12:56:45,54.581603400000006,7.7380960100000005,104.6,1.486,3.2539999999999996,1012.648,18.595000000000002,1.187709,6.164,1.8840000000000001,-0.122,100,1.6,3.4,1012.648,0.018093088022144377,290.6981634788479,6.445490826926992,196.9955462241608,True,3.7700208058779445,1.815045839192611,1,1,20160906_flight01
2016-09-06 12:56:46,54.581485560000004,7.7390905,104.66699999999999,1.247,3.324,1012.627,18.514,1.187873,5.803,1.157,-0.341,100,1.4,3.5,1012.627,0.018214114836487605,290.6191777929631,5.917217082379182,191.27575098426536,True,3.776646826118089,1.7496971580992602,1,1,20160906_flight01
2016-09-06 12:56:47,54.581366280000005,7.74008402,104.87100000000001,1.5630000000000002,3.1630000000000003,1012.6080000000001,18.548000000000002,1.187774,6.336,1.4069999999999998,0.103,100,1.8,3.3,1012.6080000000001,0.018161186144523,290.6546157284451,6.490342440888616,192.52019007467626,True,3.783101127435529,1.6843607134670768,1,1,20160906_flight01
2016-09-06 12:56:48,54.581245689999996,7.7410767499999995,104.809,0.6829999999999999,3.398,1012.613,18.626,1.187687,5.939,1.564,-0.18,100,1.1,3.5,1012.613,0.017968591248492816,290.73192615819073,6.141483289890155,194.75353466960343,True,3.7894009920697638,1.6190296897008296,1,1,20160906_flight01
2016-09-06 12:56:49,54.58112422,7.74206891,104.905,1.248,3.113,1012.6,18.606,1.187781,5.511,1.2690000000000001,-0.195,100,1.4,3.2,1012.6,0.017944738108952807,290.7130651378501,5.6552172372067195,192.96727884750374,True,3.7955963559712735,1.5537047364244585,1,1,20160906_flight01
2016-09-06 12:56:50,54.581000839999994,7.74306016,104.945,1.4369999999999998,3.225,1012.595,18.594,1.187769,5.555,1.22,-0.095,100,1.5,3.3,1012.595,0.017991866206468643,290.70151856524274,5.687391757211736,192.3867568638087,True,3.8015712055367494,1.4883727450171684,1,1,20160906_flight01
2016-09-06 12:56:51,54.580876440000004,7.74405104,104.99700000000001,1.311,3.1540000000000004,1012.589,18.589000000000002,1.187782,5.407,1.158,-0.149,100,1.4,3.2,1012.589,0.01799213927586396,290.69702906406724,5.529612373394721,192.08824389036283,True,3.8074305266067725,1.4230298297920263,1,1,20160906_flight01
2016-09-06 12:56:52,54.58075092,7.7450414599999995,104.959,0.9660000000000001,3.162,1012.592,18.582,1.1877419999999999,5.7860000000000005,1.501,0.11800000000000001,100,1.1,3.3,1012.592,0.01805386589511948,290.6898077543847,5.9775243203185715,194.54304623431113,True,3.813161958319684,1.3576782392689357,1,1,20160906_flight01
2016-09-06 12:56:53,54.58062505,7.74603179,104.762,0.7509999999999999,3.197,1012.623,18.551000000000002,1.1877769999999999,5.624,1.547,0.039,100,0.9,3.3,1012.623,0.018163225359153934,290.65637361368556,5.832888221113104,195.38003975959737,True,3.8188544596168867,1.2923206167178503,1,1,20160906_flight01
2016-09-06 12:56:54,54.58049863,7.7470221200000005,104.521,1.03,2.945,1012.6590000000001,18.569000000000003,1.187816,6.239,1.7469999999999999,0.025,100,1.4,3.0,1012.6590000000001,0.018103167290096422,290.6713537447439,6.478975999338167,195.64292772257113,True,3.824488507886228,1.2269447769592667,1,1,20160906_flight01
2016-09-06 12:56:55,54.580371379999995,7.74801271,104.2,1.264,3.068,1012.692,18.596,1.187953,5.722,1.064,-0.12300000000000001,100,1.3,3.1,1012.692,0.01792471486998992,290.69554752384573,5.820084191830905,190.53378182138414,True,3.8300393517688764,1.1615253814178477,1,1,20160906_flight01
2016-09-06 12:56:56,54.580241910000005,7.74900234,104.1,1.656,3.155,1012.701,18.594,1.187965,5.57,1.244,-0.115,100,1.8,3.2,1012.701,0.017930457108545905,290.69281586170837,5.707226646980125,192.5897861279684,True,3.8353357722688095,1.0960917691658207,1,1,20160906_flight01
2016-09-06 12:56:57,54.58011021,7.74999089,103.994,1.565,3.299,1012.7040000000001,18.568,1.187913,5.615,1.3319999999999999,0.337,100,1.8,3.4,1012.7040000000001,0.018068761375800158,290.66666327849197,5.770827410345937,193.3451249747419,True,3.8403743958869505,1.0306510233004609,1,1,20160906_flight01
2016-09-06 12:56:58,54.57997735,7.75097848,103.876,0.37200000000000005,3.3080000000000003,1012.7180000000001,18.586000000000002,1.187967,5.968999999999999,1.1840000000000002,-0.005,100,1.2,3.4,1012.7180000000001,0.017973745294683097,290.6834491172111,6.085295144855341,191.21945289483958,True,3.845271251046947,0.9652311702511529,1,1,20160906_flight01
2016-09-06 12:56:59,54.5798447,7.7519658300000005,103.9,-0.313,3.2,1012.714,18.596,1.1879929999999999,5.886,1.115,-0.08,100,0.5,3.2,1012.714,0.01791255404098413,290.69374141612894,5.990677841446659,190.72658424288937,True,3.850185803208646,0.8998331015034613,1,1,20160906_flight01
2016-09-06 12:57:00,54.57971297,7.75295324,103.9,-0.431,3.34,1012.71,18.598000000000003,1.1879629999999999,5.7379999999999995,1.078,0.083,100,0.5,3.4,1012.71,0.017927260894784913,290.69606258432293,5.838384022998144,190.6401520714703,True,3.8551992867003086,0.8344617980152851,1,1,20160906_flight01
2016-09-06 12:57:01,54.579582,7.75394051,103.934,-0.35,3.2510000000000003,1012.703,18.591,1.188026,5.7,1.08,-0.034,100,0.7,3.4,1012.703,0.017890667961321327,290.68966248201696,5.8014136208341505,190.72885929801004,True,3.860290845815488,0.7691243174358324,1,1,20160906_flight01
2016-09-06 12:57:02,54.57945217,7.7549280099999995,104.012,-0.8240000000000001,3.353,1012.707,18.587,1.188008,5.531000000000001,0.973,0.013000000000000001,100,0.9,3.4,1012.707,0.017924067539215827,290.68534852442934,5.615931801580215,189.97724743240133,True,3.865507990983163,0.7038103853784663,1,1,20160906_flight01
2016-09-06 12:57:03,54.57932433,7.75591604,104.13699999999999,-0.595,3.2889999999999997,1012.6890000000001,18.577,1.187964,5.72,1.236,-0.191,100,0.8,3.4,1012.6890000000001,0.01797856988208868,290.6768622099991,5.85201640462499,192.19322683553042,True,3.870946835483842,0.6385296199081734,1,1,20160906_flight01
2016-09-06 12:57:04,54.579198399999996,7.756904980000001,104.266,-0.583,3.2539999999999996,1012.685,18.576,1.1878549999999999,6.031000000000001,1.81,0.10099999999999999,100,0.7,3.3,1012.685,0.018071450220693563,290.6761941771083,6.2967500347401435,196.70534509275655,True,3.876606194319784,0.5732558925686195,1,1,20160906_flight01
2016-09-06 12:57:05,54.57907446,7.757895029999999,104.2,-0.6589999999999999,3.19,1012.68,18.587,1.187968,6.209,1.3519999999999999,0.07,100,0.7,3.3,1012.68,0.017931201992898327,290.68756506953355,6.354493292151624,192.28431068886584,True,3.8824984209396547,0.5079794959353365,1,1,20160906_flight01
2016-09-06 12:57:06,54.57895217,7.75888588,104.01799999999999,-0.71,3.2060000000000004,1012.6970000000001,18.6,1.187902,6.597,1.936,0.37200000000000005,100,0.9,3.3,1012.6970000000001,0.0179594865237791,290.6991226324726,6.875209451354919,196.3552086773366,True,3.8885814113995334,0.44270832212195455,1,1,20160906_flight01
2016-09-06 12:57:07,54.5788321,7.75987806,103.60799999999999,-1.0010000000000001,3.3,1012.7489999999999,18.6,1.188013,6.02,1.4580000000000002,0.273,100,1.2,3.3,1012.7489999999999,0.017916640522850358,290.6948537004854,6.194042621745511,193.61446368981308,True,3.8949259499441293,0.37742850419881924,1,1,20160906_flight01
2016-09-06 12:57:08,54.57871289,7.760870730000001,103.329,0.0020000000000000052,3.1890000000000005,1012.7869999999999,18.698,1.187938,5.3420000000000005,1.516,-0.49700000000000005,100,0.6,3.3,1012.7869999999999,0.017677260710162068,290.7893787988765,5.552946965350921,195.8433503915221,True,3.9013713231824063,0.31214689622237657,1,1,20160906_flight01
2016-09-06 12:57:09,54.578593440000006,7.76186397,103.412,-0.191,3.197,1012.7660000000001,18.632,1.187919,5.495,1.829,-0.228,100,0.5,3.4,1012.7660000000001,0.01790262977563395,290.7253422646196,5.791395859376218,198.40992063645535,True,3.9078021655359105,0.24682212089798838,1,1,20160906_flight01
2016-09-06 12:57:10,54.57847608,7.76285898,103.46700000000001,-0.5369999999999999,3.554,1012.7739999999999,18.56,1.187779,5.886,2.324,0.39,100,0.6,3.6,1012.7739999999999,0.018281919278317238,290.6529463754916,6.328188682395619,201.5458516269578,True,3.9144892124196993,0.181457209736962,1,1,20160906_flight01
2016-09-06 12:57:11,54.57836102,7.76385487,103.4,-0.048,3.3960000000000004,1012.7739999999999,18.6,1.1878659999999999,5.478,1.87,-0.115,100,0.6,3.6,1012.7739999999999,0.01806773973746556,290.6928014296722,5.788383539469375,198.84813237794958,True,3.9214376444711885,0.11611410794302301,1,1,20160906_flight01
2016-09-06 12:57:12,54.578246070000006,7.764850740000001,103.4,0.41600000000000004,3.2560000000000002,1012.785,18.6,1.188051,5.946000000000001,1.736,0.011000000000000001,100,0.5,3.3,1012.785,0.017920264833183985,290.69189845115324,6.194240227824556,196.27574445285234,True,3.9283973820094573,0.050775885310671676,1,1,20160906_flight01
2016-09-06 12:57:13,54.578131549999995,7.76584699,103.375,0.47100000000000003,3.316,1012.7869999999999,18.6,1.18814,5.381,1.2670000000000001,0.147,100,0.8,3.4,1012.7869999999999,0.017846025472763927,290.6917342745958,5.528150685355818,193.24942184367424,True,3.935410136445915,-0.014571573459032372,1,1,20160906_flight01
2016-09-06 12:57:14,54.578016479999995,7.7668427399999995,103.3,1.163,3.2119999999999997,1012.7909999999999,18.6,1.188048,5.016,1.507,-0.042,100,1.3,3.3,1012.7909999999999,0.017928865672911742,290.6914059227316,5.2374903341199595,196.7222962462332,True,3.9423548098823478,-0.07990635643454702,1,1,20160906_flight01
2016-09-06 12:57:15,54.5779,7.76783802,103.304,0.7140000000000001,3.287,1012.803,18.611,1.188107,5.167000000000001,1.4240000000000002,-0.36700000000000005,100,1.3,3.4,1012.803,0.017852000199837015,290.70138092728956,5.3596329165344905,195.40794709023055,True,3.949140580716973,-0.14525880228416987,1,1,20160906_flight01
2016-09-06 12:57:16,54.57778364,7.76883364,103.525,0.36200000000000004,3.4,1012.752,18.586000000000002,1.1881849999999998,5.519,1.034,-0.256,100,0.4,3.4,1012.752,0.017821144664114552,290.6806580689217,5.61502600172074,190.61150652083657,True,3.9559456519610734,-0.21062828071132333,1,1,20160906_flight01
2016-09-06 12:57:17,54.57766772,7.76982888,103.90299999999999,0.912,3.4219999999999997,1012.7090000000001,18.549,1.1880149999999998,5.178999999999999,0.955,-0.155,100,1.3,3.5,1012.7090000000001,0.018052685781647648,290.64732134244355,5.266314270910918,190.44789343098873,True,3.9627901683673077,-0.27595970669156333,1,1,20160906_flight01
2016-09-06 12:57:18,54.57755068,7.770822809999999,104.256,1.2429999999999999,3.304,1012.67,18.565,1.188027,5.202000000000001,0.732,-0.059000000000000004,100,1.3,3.4,1012.67,0.01794736176843803,290.66646510783625,5.253249280207442,188.0097915741631,True,3.9694904278626986,-0.3412472898672254,1,1,20160906_flight01
2016-09-06 12:57:19,54.57743243,7.7718153800000005,104.514,1.008,3.42,1012.63,18.507,1.187919,5.487,0.746,0.0,100,1.3,3.5,1012.63,0.018202139859430977,290.61195663334695,5.537480022537327,187.7423319608459,True,3.9760359026090306,-0.4064909219359505,1,1,20160906_flight01
2016-09-06 12:57:20,54.577313919999995,7.772806930000001,104.78399999999999,0.99,3.485,1012.6060000000001,18.412,1.1879309999999998,5.525,0.632,0.08,100,1.0,3.5,1012.6060000000001,0.01849947339596758,290.5192662994284,5.561029491020525,186.52565115460783,True,3.9825341039479607,-0.4716801440531082,1,1,20160906_flight01
2016-09-06 12:57:21,54.57719474,7.773796979999999,105.07600000000001,1.004,3.387,1012.5740000000001,18.495,1.18787,5.473,0.568,0.001,100,1.1,3.4,1012.5740000000001,0.018229724806373193,290.6045959938778,5.502395205726321,185.92507053201194,True,3.988932214952097,-0.536798879036775,1,1,20160906_flight01
2016-09-06 12:57:22,54.5770745,7.774785560000001,105.275,0.9,3.3,1012.559,18.5,1.187897,5.277,0.649,0.059000000000000004,100,0.9,3.3,1012.559,0.01817404206675244,290.61080940234297,5.316759351334231,187.01140069801596,True,3.9951893647868157,-0.6018618981242811,1,1,20160906_flight01
2016-09-06 12:57:23,54.57695344,7.775773060000001,105.375,0.941,3.2319999999999998,1012.549,18.491,1.1879330000000001,5.379,0.7120000000000001,0.028000000000000004,100,1.0,3.3,1012.549,0.018164550862883377,290.6026622885207,5.425917894697633,187.54021487162157,True,4.0013385700477695,-0.6668853485292789,1,1,20160906_flight01
2016-09-06 12:57:24,54.57683213999999,7.77676016,105.4,0.755,3.158,1012.54,18.484,1.187914,5.89,0.9159999999999999,-0.159,100,1.0,3.2,1012.54,0.018196224619917878,290.5964259381042,5.960801623942873,188.83970392299432,True,4.007454566154269,-0.73189203386009,1,1,20160906_flight01
2016-09-06 12:57:25,54.57671104,7.77774742,105.325,0.449,3.1,1012.557,18.487000000000002,1.187846,6.104,1.2,0.182,100,0.7,3.1,1012.557,0.018261133995093992,290.59801988369236,6.220837242686872,191.1220781323534,True,4.013594898859733,-0.7969019805119251,1,1,20160906_flight01
2016-09-06 12:57:26,54.576589750000004,7.7787348,105.052,0.44300000000000006,3.0039999999999996,1012.5930000000001,18.5,1.187932,5.666,1.081,-0.111,100,0.6,3.1,1012.5930000000001,0.018178231175893567,290.60801861336313,5.768198765645997,190.8014898534385,True,4.019717349414655,-0.8619256347012199,1,1,20160906_flight01
2016-09-06 12:57:27,54.576467220000005,7.77972202,104.713,0.6890000000000001,2.8,1012.6260000000001,18.502,1.187997,5.65,1.205,0.19,100,0.8,2.8,1012.6260000000001,0.01814872084503749,290.6073028576545,5.777068893478769,192.0393419657044,True,4.025704934010109,-0.9269804746524244,1,1,20160906_flight01
2016-09-06 12:57:28,54.57634388,7.780709809999999,104.066,0.525,2.8569999999999998,1012.716,18.5,1.188064,5.481,1.258,0.242,100,0.6,2.9,1012.716,0.01818877105411798,290.59792353026427,5.6235153596304865,192.92665030005617,True,4.0316174091273425,-0.9920973616032107,1,1,20160906_flight01
2016-09-06 12:57:29,54.57622018,7.78169851,103.344,0.087,2.9,1012.793,18.495,1.188234,5.2170000000000005,1.025,0.042,100,0.3,2.9,1012.793,0.01813795916087657,290.586622791526,5.31673903816992,191.11549531134142,True,4.037509146993068,-1.0572823978066914,1,1,20160906_flight01
2016-09-06 12:57:30,54.57609627,7.7826881000000006,102.801,0.019000000000000003,2.991,1012.8609999999999,18.453,1.1883329999999999,5.003,0.7859999999999999,-0.07200000000000001,100,0.2,3.1,1012.8609999999999,0.01826813278230599,290.5391963091756,5.0643661992395455,188.92851449033208,True,4.0433957042236575,-1.1225293792132494,1,1,20160906_flight01
2016-09-06 12:57:31,54.5759724,7.78367825,102.515,0.20199999999999999,3.204,1012.895,18.480999999999998,1.188308,5.332999999999999,0.81,-0.011,100,0.4,3.4,1012.895,0.01822596662217779,290.56430462452295,5.39416249291769,188.63633384397414,True,4.049297295913627,-1.187809635893462,1,1,20160906_flight01
2016-09-06 12:57:32,54.57584916,7.78466862,102.429,-0.26899999999999996,3.4589999999999996,1012.8989999999999,18.447,1.188229,5.511,1.175,0.0009999999999999998,100,0.3,3.5,1012.8989999999999,0.018416417981168998,290.5301008512641,5.6348687651089095,192.03581301446934,True,4.055270079198371,-1.2530826185110877,1,1,20160906_flight01
2016-09-06 12:57:33,54.57572718,7.7856591,102.6,-0.318,3.498,1012.877,18.416999999999998,1.1882849999999998,5.524,0.9079999999999999,-0.005,100,0.6,3.5,1012.877,0.018451084535088258,290.50201519131195,5.598128258623591,189.3344450785558,True,4.061378891210074,-1.318320663622849,1,1,20160906_flight01
2016-09-06 12:57:34,54.5756063,7.78664933,102.852,-0.8390000000000001,3.455,1012.835,18.447,1.1882519999999999,5.524,0.703,-0.009000000000000003,100,1.1,3.5,1012.835,0.018332357974078173,290.53535120596894,5.568553223234919,187.25263787637175,True,4.0675997952891425,-1.383506827819451,1,1,20160906_flight01
2016-09-06 12:57:35,54.57548716,7.78763946,103.115,-1.0710000000000002,3.41,1012.8,18.492,1.188184,5.4479999999999995,0.965,0.025,100,1.3,3.5,1012.8,0.018198314362495527,290.5830592809193,5.532804804075416,190.0445728857467,True,4.074003697897966,-1.4486291807957112,1,1,20160906_flight01
2016-09-06 12:57:36,54.57537019,7.788630090000001,103.323,-1.347,3.34,1012.795,18.458,1.188175,5.8629999999999995,1.157,0.105,100,1.4,3.4,1012.795,0.01831971718571257,290.54959296922635,5.976070448045269,191.163271242683,True,4.080647852243192,-1.5137105516096616,1,1,20160906_flight01
2016-09-06 12:57:37,54.57525619,7.7896217100000005,103.4,-1.212,3.4,1012.788,18.483,1.1882,5.55,0.877,0.18900000000000003,100,1.3,3.4,1012.788,0.018203961285934156,290.5750766138741,5.618863675157104,188.97951816040467,True,4.087626716324781,-1.5787547176461496,1,1,20160906_flight01
2016-09-06 12:57:38,54.57514408,7.7906136,103.345,-1.0430000000000001,3.3939999999999997,1012.7959999999999,18.487000000000002,1.1881659999999998,5.89,1.291,0.20900000000000002,100,1.1,3.4,1012.7959999999999,0.018227174872391894,290.57840565666095,6.029824292630756,192.36287385695059,True,4.0948116453712515,-1.643752964954004,1,1,20160906_flight01
2016-09-06 12:57:39,54.57503397000001,7.7916061899999995,103.26299999999999,-0.736,3.267,1012.8159999999999,18.505,1.1881339999999998,5.4910000000000005,1.4080000000000001,-0.11,100,0.9,3.4,1012.8159999999999,0.01821186195643243,290.59469913031876,5.668645781842432,194.3818966813553,True,4.102222610044917,-1.7087282180729266,1,1,20160906_flight01
2016-09-06 12:57:40,54.57492499,7.79259947,103.2,-0.506,3.156,1012.829,18.507,1.1882799999999998,5.307,0.86,0.11199999999999999,100,0.7,3.3,1012.829,0.01809284382675802,290.5956251013808,5.376229998800275,189.20477151203883,True,4.109766955722963,-1.7737086754534,1,1,20160906_flight01
2016-09-06 12:57:41,54.57481689,7.79359318,103.068,-0.396,3.312,1012.8380000000001,18.500999999999998,1.188299,5.617999999999999,0.764,0.159,100,0.5,3.4,1012.8380000000001,0.018106556524481565,290.58890843683196,5.66971075099956,187.74422990266925,True,4.117413106303408,-1.8386865532828036,1,1,20160906_flight01
2016-09-06 12:57:42,54.57471092,7.79458752,102.99700000000001,-0.449,3.48,1012.8480000000001,18.522000000000002,1.1882139999999999,5.6979999999999995,0.875,0.409,100,0.5,3.6,1012.8480000000001,0.018116132167008914,290.609011358202,5.7647921905303745,188.7302937863602,True,4.12529776076452,-1.9036328060178578,1,1,20160906_flight01
2016-09-06 12:57:43,54.57460648,7.79558195,102.91300000000001,0.8859999999999999,3.423,1012.8530000000001,18.564,1.188189,5.166,0.8760000000000001,-0.028000000000000004,100,1.5,3.6,1012.8530000000001,0.017995991131844358,290.650447933497,5.239745413662767,189.6241133240603,True,4.133346753955589,-1.9685339425343713,1,1,20160906_flight01
2016-09-06 12:57:44,54.574500369999996,7.796575209999999,102.954,1.612,3.3680000000000003,1012.857,18.489,1.1882069999999998,5.351,1.21,0.254,100,1.7,3.5,1012.857,0.018246382186085208,290.57539317450477,5.486100709976076,192.7417727132608,True,4.141195733040602,-2.0334181034942054,1,1,20160906_flight01
2016-09-06 12:57:45,54.5743928,7.79756774,102.89800000000001,1.119,3.542,1012.8689999999999,18.441999999999997,1.1881639999999998,5.89,1.444,-0.13699999999999998,100,1.5,3.6,1012.8689999999999,0.018459430138068278,290.52758015378083,6.064423797855819,193.7750183196746,True,4.1488754890662065,-2.0983055190771545,1,1,20160906_flight01
2016-09-06 12:57:46,54.574285229999994,7.79856043,103.04299999999999,0.434,3.4360000000000004,1012.845,18.5,1.1879719999999998,6.031000000000001,2.273,-0.055999999999999994,100,0.9,3.5,1012.845,0.01839732971501329,290.5873376979668,6.445113652993251,200.65072826368493,True,4.156558326042635,-2.16320282042073,1,1,20160906_flight01
2016-09-06 12:57:47,54.57417742,7.79955321,103.01,0.14800000000000002,3.2119999999999997,1012.8489999999999,18.519000000000002,1.1881719999999998,5.626,1.808,-0.08199999999999999,100,0.3,3.3,1012.8489999999999,0.018163598546397264,290.6059402326236,5.90937729375947,197.81559226438182,True,4.164217389279566,-2.2281136318310772,1,1,20160906_flight01
2016-09-06 12:57:48,54.574068399999994,7.80054587,102.852,-0.046000000000000006,3.2439999999999998,1012.8839999999999,18.512999999999998,1.18841,5.909,1.241,-0.083,100,0.2,3.3,1012.8839999999999,0.018015811859065423,290.5970901616687,6.037910400130164,191.86080066619084,True,4.171745545141363,-2.2930571067776593,1,1,20160906_flight01
2016-09-06 12:57:49,54.573959789999996,7.80153912,102.8,-0.29,3.3,1012.8939999999999,18.528,1.188286,5.572,1.228,-0.075,100,0.5,3.3,1012.8939999999999,0.018079736496831256,290.6112147698755,5.7057136275841955,192.4286022810311,True,4.179328636087787,-2.3580234553655095,1,1,20160906_flight01
2016-09-06 12:57:50,54.57385234,7.80253293,102.887,-0.5379999999999999,3.3789999999999996,1012.8739999999999,18.534000000000002,1.188297,5.768,1.003,-0.099,100,0.6,3.4,1012.8739999999999,0.01802926847765951,290.6188340153776,5.854556601485718,189.86454931673802,True,4.187045793114134,-2.4229859823680586,1,1,20160906_flight01
2016-09-06 12:57:51,54.57374656,7.803527249999999,103.09100000000001,-0.8320000000000001,3.468,1012.84,18.49,1.188265,5.829,0.8340000000000001,-0.138,100,0.9,3.5,1012.84,0.018176100064234868,290.577784391395,5.888361147212355,188.1424870602488,True,4.194950255319757,-2.4879247061660994,1,1,20160906_flight01
2016-09-06 12:57:52,54.57364258,7.804524659999999,103.39,-0.795,3.425,1012.803,18.461,1.1880909999999998,6.071000000000001,1.207,-0.015,100,0.9,3.5,1012.803,0.018389281314568517,290.55192569804683,6.1898214836940175,191.2445802413362,True,4.203105519220918,-2.5529947287601127,1,1,20160906_flight01
2016-09-06 12:57:53,54.57354075,7.8055201499999995,103.632,-0.413,3.3339999999999996,1012.784,18.447,1.188137,6.0889999999999995,0.8740000000000001,-0.111,100,0.7,3.4,1012.784,0.018379640775905592,290.53953538784003,6.151406099421497,188.16830216930842,True,4.211452309901809,-2.6178749095095264,1,1,20160906_flight01
2016-09-06 12:57:54,54.573439660000005,7.80651518,103.848,-0.166,3.2539999999999996,1012.7639999999999,18.378999999999998,1.1880879999999998,6.14,0.922,-0.113,100,0.2,3.3,1012.7639999999999,0.01863907537300613,290.4734225340015,6.208839182971323,188.53989161205516,True,4.219868888739002,-2.682702158273163,1,1,20160906_flight01
2016-09-06 12:57:55,54.57333982,7.8075104,103.961,-0.154,3.213,1012.735,18.378999999999998,1.188103,6.152,0.529,-0.013999999999999999,100,0.3,3.3,1012.735,0.018597047021882362,290.4758014010676,6.1747020171017155,184.91467724776814,True,4.2284219739949975,-2.7474997436334947,1,1,20160906_flight01
2016-09-06 12:57:56,54.573240580000004,7.80850564,104.04799999999999,0.51,3.235,1012.7389999999999,18.365,1.1880279999999999,6.114,0.8710000000000001,0.013000000000000001,100,0.8,3.3,1012.7389999999999,0.01871429565982652,290.4615238694268,6.175729673487983,188.10779755664475,True,4.237039211309835,-2.8122786913964726,1,1,20160906_flight01
2016-09-06 12:57:57,54.5731415,7.80950069,104.104,0.8560000000000001,3.261,1012.722,18.302,1.188065,6.371,0.84,-0.19399999999999998,100,0.9,3.3,1012.722,0.018885663796322394,290.40014571225134,6.426137331243397,187.51097845103118,True,4.245669794510928,-2.8770406002680193,1,1,20160906_flight01
2016-09-06 12:57:58,54.5730415,7.8104954,104.212,0.6839999999999999,3.111,1012.717,18.347,1.188061,6.115,0.585,-0.20600000000000002,100,0.8,3.2,1012.717,0.01872677300970138,290.4453934267275,6.142918687399337,185.46465018267423,True,4.254196054717516,-2.9418119743180378,1,1,20160906_flight01
2016-09-06 12:57:59,54.572940790000004,7.8114894900000005,104.344,0.762,3.0669999999999997,1012.6940000000001,18.291,1.188108,6.287000000000001,0.9329999999999999,-0.268,100,0.8,3.1,1012.6940000000001,0.018859072739612515,290.39148167626036,6.355852263858877,188.4411706831532,True,4.262634918691891,-3.0065685578053,1,1,20160906_flight01
2016-09-06 12:58:00,54.572839130000006,7.81248354,104.4,0.628,3.184,1012.696,18.38,1.188016,6.021,0.853,-0.096,100,0.7,3.2,1012.696,0.018628917536711587,290.4799971035494,6.081122429288856,188.06347938474872,True,4.270972048107973,-3.0713541359378946,1,1,20160906_flight01
2016-09-06 12:58:01,54.57273714,7.8134774600000005,104.459,0.32,3.103,1012.6940000000001,18.329,1.1879979999999999,5.9110000000000005,0.848,-0.145,100,0.5,3.2,1012.6940000000001,0.018820571154993138,290.42934483313843,5.971517813755562,188.16402525102882,True,4.279271602433761,-3.136142612214911,1,1,20160906_flight01
2016-09-06 12:58:02,54.57263476,7.8144713999999995,104.415,-0.14100000000000001,3.1,1012.696,18.332,1.187767,5.882999999999999,0.795,0.016,100,0.2,3.1,1012.696,0.019010238510717148,290.4321699850334,5.93647319542504,187.6960517220166,True,4.287530093368359,-3.2009452418679096,1,1,20160906_flight01
2016-09-06 12:58:03,54.57253296,7.81546567,104.29899999999999,-0.23600000000000002,3.1,1012.692,18.223,1.187794,6.164,0.9890000000000001,0.006000000000000001,100,0.3,3.1,1012.692,0.01936424265078096,290.32389053719845,6.242837255607421,189.11528962856676,True,4.29585658013994,-3.2657490500286186,1,1,20160906_flight01
2016-09-06 12:58:04,54.572432500000005,7.81646081,104.13199999999999,-0.131,3.1,1012.719,18.293,1.187941,6.236000000000001,0.7859999999999999,-0.126,100,0.3,3.1,1012.719,0.019020466059684882,290.39142421953613,6.285339449862673,187.1838113816385,True,4.304342232417692,-3.3305622282693808,1,1,20160906_flight01
2016-09-06 12:58:05,54.5723325,7.8174563599999995,104.007,-0.375,3.005,1012.7330000000001,18.298000000000002,1.188158,6.256,0.743,-0.262,100,0.6,3.1,1012.7330000000001,0.01883096206404744,290.39525804492644,6.299967063405967,186.7730630823029,True,4.312884667619308,-3.395385502561729,1,1,20160906_flight01
2016-09-06 12:58:06,54.57223349,7.81845264,103.93800000000002,-0.6729999999999999,3.0610000000000004,1012.7439999999999,18.262,1.187968,6.159,0.9790000000000001,-0.111,100,0.7,3.1,1012.7439999999999,0.01913086304688627,290.35848610149975,6.236322794724468,189.03185296186047,True,4.321546375112515,-3.460221089662491,1,1,20160906_flight01
2016-09-06 12:58:07,54.57213588,7.81944988,103.807,-0.445,3.1,1012.765,18.293,1.187954,6.084,1.1340000000000001,0.03900000000000001,100,0.6,3.1,1012.765,0.019055600450943455,290.38765192139556,6.188781140095357,190.55823406025536,True,4.330375357839321,-3.525069620252322,1,1,20160906_flight01
2016-09-06 12:58:08,54.57203944,7.82044793,103.616,-0.249,3.0860000000000003,1012.798,18.276,1.188019,6.124,1.056,-0.083,100,0.3,3.1,1012.798,0.01909249220910847,290.36800756001463,6.214379454136993,189.783660247746,True,4.339344283415331,-3.5899294445356156,1,1,20160906_flight01
2016-09-06 12:58:09,54.57194399,7.821447000000001,103.43800000000002,0.017,3.0589999999999997,1012.812,18.227,1.188137,6.265,1.276,-0.045,100,0.2,3.1,1012.812,0.019176729589026165,290.3180377106049,6.393621899987518,191.51204244962287,True,4.348438065507649,-3.6548194995679903,1,1,20160906_flight01
2016-09-06 12:58:10,54.571849220000004,7.8224469999999995,103.23299999999999,0.292,3.1,1012.827,18.258,1.188355,6.291,1.02,-0.055,100,0.3,3.1,1012.827,0.018896454510792582,290.3476952176852,6.373153144245006,189.20958747265053,True,4.357622024828613,-3.719744492489768,1,1,20160906_flight01
2016-09-06 12:58:11,54.571754520000006,7.823447,103.07199999999999,0.46299999999999997,3.1690000000000005,1012.8659999999999,18.262,1.188486,6.252999999999999,1.39,-0.091,100,0.7,3.2,1012.8659999999999,0.018809392135327396,290.34848317517407,6.405631038391143,192.5326884196126,True,4.366813423625709,-3.784667166858029,1,1,20160906_flight01
2016-09-06 12:58:12,54.57165937,7.824447,103.0,0.732,3.273,1012.8809999999999,18.298,1.18857,5.976,1.264,-0.023000000000000003,100,0.9,3.3,1012.8809999999999,0.018626639101362308,290.3831218791488,6.108213486773362,191.94276533640598,True,4.375956997217504,-3.849604746214457,1,1,20160906_flight01
2016-09-06 12:58:13,54.57156351,7.8254470000000005,102.916,0.441,3.3,1012.8839999999999,18.299,1.188574,6.037000000000001,1.361,-0.037000000000000005,100,0.5,3.3,1012.8839999999999,0.0186227330048363,290.3838722447762,6.188512745401758,192.70454568078708,True,4.385025113265186,-3.914565842329357,1,1,20160906_flight01
2016-09-06 12:58:14,54.5714678,7.826447000000001,102.9,0.434,3.3,1012.8809999999999,18.293,1.188585,6.1160000000000005,1.18,-0.029000000000000005,100,0.5,3.3,1012.8809999999999,0.01863125933575116,290.37814014789865,6.228792499353307,190.92026945229804,True,4.394109171048223,-3.9795219701147913,1,1,20160906_flight01
2016-09-06 12:58:15,54.57137237,7.827446999999999,102.9,0.675,3.3,1012.888,18.327,1.188572,6.194,1.262,0.055,100,0.8,3.3,1012.888,0.01853061773753506,290.41144191193047,6.321256204268263,191.5161338183084,True,4.403222986735605,-4.044468823685613,1,1,20160906_flight01
2016-09-06 12:58:16,54.571276559999994,7.828447,102.9,0.9390000000000001,3.304,1012.8939999999999,18.358,1.1885510000000001,6.061,1.285,0.004000000000000001,100,1.2,3.4,1012.8939999999999,0.018446330519017895,290.441836529107,6.195719974304843,191.97010154038804,True,4.412296416694568,-4.109428263690849,1,1,20160906_flight01
2016-09-06 12:58:17,54.57117961,7.82944618,102.9,1.173,3.35,1012.89,18.304000000000002,1.1885970000000001,6.148,1.378,0.02,100,1.4,3.4,1012.89,0.018591581366210752,290.3883620049322,6.300538707126558,192.633361935275,True,4.421232899593603,-4.174374798476243,1,1,20160906_flight01
2016-09-06 12:58:18,54.57108161,7.8304449599999995,102.91,0.7340000000000001,3.3,1012.8789999999999,18.412,1.1884439999999998,6.218,1.266,-0.14400000000000002,100,0.9,3.3,1012.8789999999999,0.018334301476463866,290.4968694028355,6.345571684253516,191.5082605020773,True,4.430050087969249,-4.239331397165961,1,1,20160906_flight01
2016-09-06 12:58:19,54.570983180000006,7.83144356,103.0,0.8420000000000001,3.3,1012.863,18.292,1.188458,6.044,1.3419999999999999,0.002,100,1.0,3.3,1012.863,0.018725502784180392,290.3786196696114,6.1911953611560335,192.51876990625613,True,4.438818110635415,-4.304291116919036,1,1,20160906_flight01
2016-09-06 12:58:20,54.5708842,7.83244177,103.0,1.0590000000000002,3.264,1012.862,18.328,1.1883759999999999,6.205,1.265,-0.022000000000000002,100,1.2,3.3,1012.862,0.01866896096941706,290.4145703206989,6.332633733289808,191.52286099335308,True,4.447520170453469,-4.369244957338805,1,1,20160906_flight01
2016-09-06 12:58:21,54.57078386999999,7.833439449999999,103.0,0.796,3.2140000000000004,1012.863,18.299,1.18848,6.143,1.054,-0.07600000000000001,100,0.9,3.3,1012.863,0.018682177897332952,290.3855941288097,6.23276543758868,189.73586244068696,True,4.456068549005783,-4.434210766141034,1,1,20160906_flight01
2016-09-06 12:58:22,54.57068306,7.834436859999999,103.0,0.774,3.3,1012.8659999999999,18.3,1.1883989999999998,6.007000000000001,1.1660000000000001,-0.021,100,0.9,3.3,1012.8659999999999,0.018751132152780015,290.38634449303555,6.119117991998521,190.98490301383862,True,4.46456071490282,-4.499175791375806,1,1,20160906_flight01
2016-09-06 12:58:23,54.57058155,7.8354338199999995,103.0,0.8310000000000001,3.3,1012.87,18.21,1.188415,6.21,1.341,0.011000000000000001,100,0.9,3.3,1012.87,0.019056124947974595,290.29634507068613,6.353139460140946,192.1854597292737,True,4.472969820860335,-4.564136198446433,1,1,20160906_flight01
2016-09-06 12:58:24,54.570479569999996,7.83643058,103.0,0.613,3.3,1012.8789999999999,18.301,1.188402,6.1739999999999995,1.262,0.034,100,0.7,3.3,1012.8789999999999,0.018758140439326,290.3862749066264,6.301660098735887,191.55243774861432,True,4.4813251248590245,-4.629099815748478,1,1,20160906_flight01
2016-09-06 12:58:25,54.570376960000004,7.8374269100000005,103.0,0.758,3.3,1012.8789999999999,18.338,1.18854,5.994,1.114,0.052000000000000005,100,0.8,3.3,1012.8789999999999,0.01851055266649726,290.42313973869614,6.096641042410156,190.52844025978067,True,4.489605193515494,-4.694057732052085,1,1,20160906_flight01
2016-09-06 12:58:26,54.570273209999996,7.83842252,102.959,0.7090000000000001,3.3,1012.872,18.288,1.188329,6.026,1.145,0.05800000000000001,100,0.8,3.3,1012.872,0.018859128113352108,290.3738963362857,6.133816185703644,190.75851769610045,True,4.497750240703743,-4.759008921737002,1,1,20160906_flight01
2016-09-06 12:58:27,54.570168759999994,7.8394178,102.9,0.523,3.3,1012.883,18.235,1.1882149999999998,6.037000000000001,1.317,0.069,100,0.6,3.3,1012.883,0.019153285833885425,290.32018811422137,6.178985191760861,192.30653334417016,True,4.505814538667661,-4.82396290757761,1,1,20160906_flight01
2016-09-06 12:58:28,54.57006428,7.84041297,102.9,0.439,3.285,1012.896,18.272000000000002,1.1883569999999999,6.021,1.2770000000000001,0.045,100,0.5,3.3,1012.896,0.018915201741391607,290.3559870968424,6.1549305438810595,191.9744767520317,True,4.513873530130917,-4.888911090623693,1,1,20160906_flight01
2016-09-06 12:58:29,54.56995949,7.841408,102.806,0.463,3.266,1012.8939999999999,18.268,1.1884649999999999,6.0089999999999995,1.274,0.08700000000000001,100,0.5,3.3,1012.8939999999999,0.018834581945760043,290.35216569575897,6.142569250728883,191.97032585990368,True,4.521896879509939,-4.953860891509868,1,1,20160906_flight01
2016-09-06 12:58:30,54.56985449,7.842402949999999,102.706,0.309,3.3,1012.901,18.242,1.1885,6.15,1.32,0.083,100,0.5,3.3,1012.901,0.018902524636063678,290.32568695674075,6.290063592683305,192.11384294556433,True,4.529896369983357,-5.018812705177116,1,1,20160906_flight01
2016-09-06 12:58:31,54.56974967,7.84339791,102.64,0.188,3.392,1012.909,18.265,1.18854,6.178,1.445,0.098,100,0.3,3.4,1012.909,0.018795865811228607,290.3479469380117,6.344738686502384,193.164508917161,True,4.537915183098852,-5.083759174709086,1,1,20160906_flight01
2016-09-06 12:58:32,54.56964508,7.84439285,102.6,0.3,3.4,1012.905,18.275,1.188609,6.2,1.5090000000000001,0.05600000000000001,100,0.4,3.4,1012.905,0.018697743685461843,290.3582382586954,6.380993731386986,193.67908864890828,True,4.545958055088484,-5.148696790416122,1,1,20160906_flight01
2016-09-06 12:58:33,54.5695405,7.84538769,102.6,0.153,3.4,1012.9169999999999,18.282,1.1886750000000001,6.233,1.456,0.016,100,0.2,3.4,1012.9169999999999,0.018628782097432905,290.36422880568387,6.400798778277599,193.1482603866387,True,4.554000064265782,-5.213627896300915,1,1,20160906_flight01
2016-09-06 12:58:34,54.56943631,7.84638269,102.60099999999998,-0.245,3.4,1012.914,18.301000000000002,1.1886510000000001,6.275,1.632,0.01,100,0.3,3.4,1012.914,0.01857992557311028,290.38340516401297,6.483752694235029,194.57849243647837,True,4.562086602904776,-5.278555970290101,1,1,20160906_flight01
2016-09-06 12:58:35,54.56933305,7.8473780699999995,102.7,-0.35,3.345,1012.9119999999999,18.301000000000002,1.1887320000000001,6.287000000000001,1.57,-0.069,100,0.4,3.4,1012.9119999999999,0.018508508656716494,290.3835691458699,6.480067052122224,194.02123222279528,True,4.570279297559296,-5.343476719318573,1,1,20160906_flight01
2016-09-06 12:58:36,54.569230770000004,7.84837398,102.76,-0.4,3.3609999999999998,1012.9159999999999,18.3,1.188698,6.352,1.6980000000000002,0.005,100,0.4,3.4,1012.9159999999999,0.018545157728434125,290.38224484616876,6.575036729935431,194.9662194539128,True,4.578586350534287,-5.40839775517673,1,1,20160906_flight01
2016-09-06 12:58:37,54.5691295,7.84937047,102.8,-0.28200000000000003,3.4,1012.901,18.309,1.188681,6.347,1.66,0.057,100,0.4,3.4,1012.901,0.018513189171876387,290.39244177851384,6.56048847266726,194.65688110448372,True,4.587011912972054,-5.473321173499388,1,1,20160906_flight01
2016-09-06 12:58:38,54.5690295,7.8503672600000005,102.8,0.08200000000000002,3.345,1012.9069999999999,18.342,1.188746,6.305,1.569,-0.004,100,0.1,3.4,1012.9069999999999,0.01834822940342984,290.4248289986911,6.497290666116147,193.97421886988909,True,4.595578225548403,-5.538221062434833,1,1,20160906_flight01
2016-09-06 12:58:39,54.5689295,7.851364220000001,102.8,0.07600000000000001,3.323,1012.9069999999999,18.357,1.1887530000000002,6.337999999999999,1.544,0.005,100,0.1,3.4,1012.9069999999999,0.01828983226409897,290.4397740827242,6.523356498000089,193.69114367474077,True,4.60414781163656,-5.603131454990458,1,1,20160906_flight01
2016-09-06 12:58:40,54.568829699999995,7.85236157,102.8,-0.059000000000000004,3.3259999999999996,1012.9209999999999,18.383,1.1887860000000001,6.348,1.421,-0.064,100,0.1,3.4,1012.9209999999999,0.018184825527678194,290.4645307005524,6.505101459623823,192.6176545965323,True,4.6127461631892945,-5.6680593196483455,1,1,20160906_flight01
2016-09-06 12:58:41,54.56873092,7.85335913,102.834,0.07400000000000001,3.4,1012.906,18.403,1.188657,6.252999999999999,1.393,0.004,100,0.2,3.4,1012.906,0.018210393151635973,290.4856876940591,6.406282697477531,192.558880157246,True,4.621456962288962,-5.732966374727163,1,1,20160906_flight01
2016-09-06 12:58:42,54.56863249,7.85435687,102.9,0.161,3.3959999999999995,1012.8969999999999,18.239,1.188523,6.229,1.564,-0.029000000000000005,100,0.2,3.4,1012.8969999999999,0.01888927334905466,290.3230258346451,6.422346689489753,194.09466437090003,True,4.630208424839623,-5.797872958518282,1,1,20160906_flight01
2016-09-06 12:58:43,54.56853444,7.85535475,102.98100000000001,0.369,3.4,1012.9019999999999,18.29,1.188546,6.183,1.538,0.016,100,0.5,3.4,1012.9019999999999,0.01869628986209748,290.37342931763675,6.371415305879848,193.96863142603638,True,4.639002968951367,-5.862775605915446,1,1,20160906_flight01
2016-09-06 12:58:44,54.568436410000004,7.8563526,103.0,0.5,3.4,1012.898,18.3,1.18879,6.178999999999999,1.305,0.026000000000000002,100,0.5,3.4,1012.898,0.01844823427911302,290.38372068905994,6.315304109858843,191.92557150433038,True,4.647799060949508,-5.9276757372885855,1,1,20160906_flight01
2016-09-06 12:58:45,54.56833823,7.85735011,103.066,0.5,3.437,1012.8839999999999,18.3,1.1888210000000001,6.224,1.392,-0.029000000000000005,100,0.5,3.5,1012.8839999999999,0.018407600616105135,290.3848685901823,6.37776136273536,192.6067611025666,True,4.656572664190183,-5.992559829750317,1,1,20160906_flight01
2016-09-06 12:58:46,54.56824004,7.85834742,103.197,0.496,3.4,1012.885,18.302,1.188868,6.21,1.4769999999999999,0.135,100,0.6,3.4,1012.885,0.018361356669114537,290.3867792868177,6.383230295077876,193.37877620588807,True,4.665341353459004,-6.057431896233607,1,1,20160906_flight01
2016-09-06 12:58:47,54.56814181,7.85934437,103.2,0.596,3.3089999999999997,1012.8689999999999,18.335,1.188823,6.273,1.449,0.08,100,0.7,3.4,1012.8689999999999,0.018268522475838322,290.4209707437954,6.4381775371606516,193.0066234513202,True,4.674098859457871,-6.122283044643603,1,1,20160906_flight01
2016-09-06 12:58:48,54.56804306,7.860341170000001,103.116,0.586,3.3,1012.8889999999999,18.372,1.188773,6.391,1.251,0.046000000000000006,100,0.7,3.3,1012.8889999999999,0.01820221176611847,290.4561953911098,6.5122870022750075,191.07527059229773,True,4.682798212384032,-6.1871421486949,1,1,20160906_flight01
2016-09-06 12:58:49,54.56794412,7.86133774,103.1,0.425,3.3,1012.8919999999999,18.306,1.1886670000000001,6.3,1.26,-0.063,100,0.6,3.3,1012.8919999999999,0.018526618882710677,290.3901907031178,6.424764587126909,191.30993247402023,True,4.691472943578033,-6.251993335182646,1,1,20160906_flight01
2016-09-06 12:58:50,54.567844859999994,7.86233428,103.127,0.7389999999999999,3.3,1012.8889999999999,18.372,1.1884299999999999,6.202000000000001,1.166,-0.08200000000000002,100,0.9,3.3,1012.8889999999999,0.018496081290310995,290.4561953911098,6.310654482698289,190.64754185991296,True,4.700113088058872,-6.316853267193042,1,1,20160906_flight01
2016-09-06 12:58:51,54.5677449,7.86333034,103.2,0.838,3.358,1012.882,18.254,1.188234,6.314,1.3230000000000002,0.0020000000000000005,100,1.0,3.4,1012.882,0.01906953400766187,290.33920066316233,6.451118120140105,191.83422482409884,True,4.708669594924032,-6.381706727458526,1,1,20160906_flight01
2016-09-06 12:58:52,54.5676445,7.86432605,103.265,0.447,3.344,1012.877,18.262999999999998,1.1880169999999999,6.423000000000001,1.305,-0.03,100,0.6,3.4,1012.877,0.019219164513391673,290.34857769550666,6.554231762762132,191.48480235325712,True,4.717172599784714,-6.446553136389293,1,1,20160906_flight01
2016-09-06 12:58:53,54.56754406,7.865321699999999,103.3,0.255,3.313,1012.86,18.177,1.188122,6.626,1.3969999999999998,0.026000000000000002,100,0.3,3.4,1012.86,0.019412829128582887,290.264285152707,6.771667815243155,191.90565303008657,True,4.7256701981596745,-6.511397163047566,1,1,20160906_flight01
2016-09-06 12:58:54,54.567443499999996,7.86631735,103.3,0.15100000000000002,3.3089999999999997,1012.867,18.188,1.1883059999999999,6.546,1.4429999999999998,0.053000000000000005,100,0.2,3.4,1012.867,0.01922354102193924,290.27467127641296,6.703160821582607,192.4314606046202,True,4.73415504314578,-6.576245164369712,1,1,20160906_flight01
2016-09-06 12:58:55,54.5673435,7.86731306,103.286,0.14100000000000001,3.283,1012.878,18.205,1.188579,6.547,1.4609999999999999,0.084,100,0.2,3.3,1012.878,0.018941049391331344,290.2907075801197,6.70803473455527,192.57976198261662,True,4.742700559299726,-6.6410783244222165,1,1,20160906_flight01
2016-09-06 12:58:56,54.56724408,7.86830892,103.167,0.053000000000000005,3.261,1012.882,18.238,1.1887860000000001,6.621,1.341,0.06,100,0.1,3.3,1012.882,0.018652270746992272,290.3232591276631,6.755436477386195,191.44965365902982,True,4.7513106052201035,-6.705901541501888,1,1,20160906_flight01
2016-09-06 12:58:57,54.56714473,7.86930512,103.1,-0.135,3.397,1012.8939999999999,18.215,1.188811,6.551,1.3230000000000002,0.025,100,0.2,3.4,1012.8939999999999,0.018723327631763098,290.29935953834286,6.683257439303083,191.41753637030803,True,4.7599346376386915,-6.770743447268809,1,1,20160906_flight01
2016-09-06 12:58:58,54.56704597,7.87030137,103.165,0.335,3.356,1012.888,18.302,1.188604,6.477,1.068,-0.113,100,0.5,3.4,1012.888,0.01859056108512558,290.38653330491246,6.564461364041988,189.36331382206612,True,4.768622337011376,-6.8355689002406566,1,1,20160906_flight01
2016-09-06 12:58:59,54.56694712,7.87129729,103.37100000000001,0.43,3.4,1012.8639999999999,18.299,1.1882249999999999,6.865,0.9710000000000001,-0.244,100,0.5,3.4,1012.8639999999999,0.018901798982152718,290.3855121332909,6.933330080127442,188.0506320627103,True,4.777294116880528,-6.9003769448292855,1,1,20160906_flight01
2016-09-06 12:59:00,54.56684883,7.87229299,103.684,0.22,3.395,1012.803,18.27,1.187886,6.226,0.938,-0.309,100,0.3,3.4,1012.803,0.019232609503321507,290.36161937281105,6.296262383350935,188.56766269376402,True,4.786021176250765,-6.9651528480681,1,1,20160906_flight01
2016-09-06 12:59:01,54.566750330000005,7.87328813,104.03,0.12300000000000001,3.2939999999999996,1012.785,18.223,1.187776,6.577000000000001,1.349,-0.004,100,0.2,3.4,1012.785,0.019473304636561606,290.31626573233206,6.713920613173797,191.5911036397846,True,4.794715133862949,-7.029901106806162,1,1,20160906_flight01
2016-09-06 12:59:02,54.566652500000004,7.874283309999999,104.177,0.251,3.3459999999999996,1012.779,18.176,1.187949,6.305,1.054,-0.07400000000000001,100,0.5,3.4,1012.779,0.019483248883929383,290.2699280055143,6.392490985523562,189.49031880621789,True,4.803481068127503,-7.094629645113758,1,1,20160906_flight01
2016-09-06 12:59:03,54.566554690000004,7.87527828,104.3,0.613,3.16,1012.758,18.149,1.188032,6.261,1.276,-0.045,100,0.7,3.2,1012.758,0.01948537231969505,290.2447471092189,6.389702418735947,191.51920068074804,True,4.81224508420795,-7.159344545916949,1,1,20160906_flight01
2016-09-06 12:59:04,54.56645666,7.87627342,104.211,0.245,3.2,1012.7769999999999,18.126,1.188078,6.433,1.59,0.083,100,0.4,3.2,1012.7769999999999,0.019545525280884712,290.2202731696191,6.626581999794464,193.88315870283958,True,4.820988992588001,-7.224077237223644,1,1,20160906_flight01
2016-09-06 12:59:05,54.56635935,7.87726931,103.994,0.068,3.136,1012.794,18.209,1.188112,6.407,1.354,0.015,100,0.3,3.2,1012.794,0.01924302577991055,290.3015787055935,6.548508608836062,191.93281871159877,True,4.829823863255825,-7.288832420051448,1,1,20160906_flight01
2016-09-06 12:59:06,54.566262079999994,7.878265689999999,103.74600000000001,0.397,3.117,1012.83,18.146,1.1882419999999998,6.648,1.365,0.034,100,0.5,3.2,1012.83,0.019388160790476672,290.2358568677837,6.78668763094339,191.60299025573602,True,4.838672420466722,-7.353616553132759,1,1,20160906_flight01
2016-09-06 12:59:07,54.56616483,7.879262710000001,103.53699999999999,0.556,3.102,1012.855,18.2,1.18817,6.693,1.4680000000000002,-0.038000000000000006,100,0.6,3.2,1012.855,0.019286142771690606,290.2876110937967,6.852099897111833,192.37099597906712,True,4.847535427049543,-7.418439566811602,1,1,20160906_flight01
2016-09-06 12:59:08,54.5660674,7.88026008,103.40899999999999,0.6689999999999999,3.2,1012.857,18.191,1.188149,6.43,1.465,-0.07200000000000001,100,0.8,3.2,1012.857,0.019337658965906668,290.278479979884,6.594780132802002,192.83507335042515,True,4.85638604313208,-7.4832901675863495,1,1,20160906_flight01
2016-09-06 12:59:09,54.56596914,7.88125756,103.3,1.055,3.284,1012.875,18.127,1.1882419999999998,6.611000000000001,1.636,-0.08,100,1.1,3.3,1012.875,0.019499949817921358,290.21323834411436,6.810419737431755,193.89953371214415,True,4.865150566435837,-7.5481750562436245,1,1,20160906_flight01
2016-09-06 12:59:10,54.56587016,7.88225502,103.3,0.8760000000000001,3.3309999999999995,1012.896,18.108,1.188345,6.678,1.8130000000000002,-0.075,100,1.0,3.4,1012.896,0.019499221952827606,290.19258700390543,6.919729257709437,195.1890336348853,True,4.873838184294131,-7.6130825571613086,1,1,20160906_flight01
2016-09-06 12:59:11,54.5657705,7.88325255,103.3,0.612,3.278,1012.8919999999999,18.158,1.188628,6.666,1.766,-0.007000000000000001,100,0.8,3.4,1012.8919999999999,0.019077520517645885,290.2427319161172,6.895963456979743,194.8382916820671,True,4.8824548808703465,-7.678016906192197,1,1,20160906_flight01
2016-09-06 12:59:12,54.56567033,7.88424987,103.25399999999999,0.593,3.264,1012.893,18.276,1.1887530000000002,6.587999999999999,1.452,0.028999999999999998,100,0.7,3.3,1012.893,0.01855878112409637,290.3602184224262,6.746113547814029,192.42931677777273,True,4.891013331800131,-7.742955172481878,1,1,20160906_flight01
2016-09-06 12:59:13,54.565569169999996,7.88524683,103.2,0.41,3.39,1012.9069999999999,18.182000000000002,1.188615,6.4910000000000005,1.415,0.10600000000000001,100,0.5,3.4,1012.9069999999999,0.01901980402447978,290.2654147690046,6.643440825355488,192.29775118866928,True,4.899459635138122,-7.807903986784376,1,1,20160906_flight01
2016-09-06 12:59:14,54.56546795,7.8862435500000005,103.2,0.675,3.4,1012.9069999999999,18.222,1.188227,6.142,1.54,0.098,100,1.0,3.4,1012.9069999999999,0.019212613326675454,290.30526832642624,6.3321216033806556,194.07574568440526,True,4.907894940355822,-7.872839959777726,1,1,20160906_flight01
2016-09-06 12:59:15,54.56536594999999,7.8872399,103.2,0.804,3.4,1012.9019999999999,18.151,1.1883219999999999,6.394,1.8119999999999998,0.07200000000000001,100,0.9,3.4,1012.9019999999999,0.019374497823748893,290.2349380100772,6.645794158714216,195.82223538892072,True,4.9162402238512595,-7.93777890726265,1,1,20160906_flight01
2016-09-06 12:59:16,54.56526374,7.88823619,103.2,0.48200000000000004,3.4,1012.9019999999999,18.172,1.188427,6.534,1.68,0.07600000000000001,100,0.7,3.4,1012.9019999999999,0.019210958658254063,290.2558611572625,6.746521770512565,194.41936311694124,True,4.924562033562333,-8.002721103248088,1,1,20160906_flight01
2016-09-06 12:59:17,54.56516148,7.8892323,103.2,0.242,3.3859999999999997,1012.8989999999999,18.259,1.188609,6.5889999999999995,1.614,-0.007000000000000001,100,0.4,3.4,1012.8989999999999,0.018747641300309148,290.3427887082721,6.783798124944462,193.76379866128673,True,4.932875063290847,-8.067653833862995,1,1,20160906_flight01
2016-09-06 12:59:18,54.56505921,7.89022834,103.2,0.09700000000000002,3.3309999999999995,1012.9069999999999,18.2,1.18848,6.599,1.3940000000000001,0.023000000000000003,100,0.2,3.4,1012.9069999999999,0.0190725913781451,290.2833488698443,6.744630234490249,191.92803447116148,True,4.941185682320651,-8.132582570679734,1,1,20160906_flight01
2016-09-06 12:59:19,54.5649571,7.89122431,103.28200000000001,0.024000000000000004,3.4,1012.893,18.188,1.188272,6.64,1.497,0.033,100,0.1,3.4,1012.893,0.01927886796134337,290.2725402495069,6.80665916584634,192.7050203901146,True,4.949511957951133,-8.197501682925061,1,1,20160906_flight01
2016-09-06 12:59:20,54.56485577,7.89222036,103.336,0.135,3.4,1012.886,18.174,1.188251,6.521,1.449,0.07800000000000001,100,0.2,3.4,1012.886,0.019338820915349553,290.25916515279255,6.680048053719374,192.52787738652648,True,4.9579226710783555,-8.26239990273822,1,1,20160906_flight01
2016-09-06 12:59:21,54.564754709999995,7.89321639,103.4,0.174,3.384,1012.8919999999999,18.180999999999997,1.1882409999999999,6.6739999999999995,1.4169999999999998,0.037000000000000005,100,0.3,3.4,1012.8919999999999,0.019328945073305626,290.2656478086916,6.82276813324328,191.9868367706983,True,4.966361694208622,-8.327287943838872,1,1,20160906_flight01
2016-09-06 12:59:22,54.564654499999996,7.89421256,103.4,-0.218,3.4,1012.89,18.084,1.1883739999999998,6.771,1.629,-0.01,100,0.4,3.4,1012.89,0.019552316355875066,290.16916638695795,6.964200025846472,193.5274133325903,True,4.974893749669313,-8.392156481113616,1,1,20160906_flight01
2016-09-06 12:59:23,54.564555090000006,7.89520918,103.461,-0.337,3.3009999999999997,1012.8809999999999,18.092,1.1884919999999999,6.766,1.61,-0.091,100,0.5,3.4,1012.8809999999999,0.019414028704927144,290.1778745516423,6.95491595923344,193.3848652366767,True,4.983519492892862,-8.457026324332997,1,1,20160906_flight01
2016-09-06 12:59:24,54.5644567,7.89620616,103.5,-0.17400000000000002,3.3,1012.86,18.135,1.1887,6.85,1.65,0.016,100,0.2,3.3,1012.86,0.01906406056921517,290.22243836206815,7.045920805686081,193.54317664244473,True,4.992260572052405,-8.521884625874563,1,1,20160906_flight01
2016-09-06 12:59:25,54.564359059999994,7.89720364,103.5,-0.371,3.29,1012.857,18.165,1.188876,6.6739999999999995,1.558,0.099,100,0.7,3.3,1012.857,0.018805252723735233,290.2525748018299,6.853440012139888,193.13999270864298,True,5.001090987859364,-8.586748978770945,1,1,20160906_flight01
2016-09-06 12:59:26,54.56426225999999,7.89820144,103.37700000000001,-0.522,3.3569999999999998,1012.8809999999999,18.12,1.188889,6.776,1.787,0.21400000000000002,100,0.7,3.4,1012.8809999999999,0.018975656369993654,290.2057722466432,7.007677575345486,194.77394213551054,True,5.0100168392848925,-8.65160528054395,1,1,20160906_flight01
2016-09-06 12:59:27,54.56416684,7.89919989,103.214,-0.41600000000000004,3.4,1012.9,18.304,1.188862,6.4510000000000005,1.237,0.08,100,0.5,3.4,1012.9,0.0183745890721847,290.38754206847005,6.568528754599465,190.8548877794732,True,5.019101871037055,-8.71645603458881,1,1,20160906_flight01
2016-09-06 12:59:28,54.564072370000005,7.90019854,103.2,0.206,3.4,1012.8989999999999,18.232,1.1888340000000002,6.696000000000001,1.472,0.045,100,0.3,3.4,1012.8989999999999,0.018649213219202432,290.31588749624666,6.855887980415083,192.3982771121391,True,5.028291718299057,-8.781287679748612,1,1,20160906_flight01
2016-09-06 12:59:29,54.563978649999996,7.90119746,103.2,0.341,3.4,1012.908,18.227999999999998,1.1885599999999998,6.641,1.5390000000000001,0.045,100,0.4,3.4,1012.908,0.018907083918781042,290.311164389075,6.8169936188909555,193.04753426427092,True,5.037566473339075,-8.846111165483169,1,1,20160906_flight01
2016-09-06 12:59:30,54.56388546,7.90219644,103.27799999999999,0.37,3.43,1012.888,18.179,1.1885940000000002,6.925,1.44,-0.012000000000000002,100,0.6,3.5,1012.888,0.019029186481376748,290.2639829583836,7.0731340295515395,191.74681127634642,True,5.046898711200502,-8.910920803613902,1,1,20160906_flight01
2016-09-06 12:59:31,54.5637923,7.90319515,103.41300000000001,0.65,3.429,1012.872,18.24,1.188528,6.579,1.445,-0.029000000000000005,100,0.7,3.5,1012.872,0.018856342655537706,290.32607159474844,6.735819623475676,192.38764675315025,True,5.056228938302606,-8.975712765858248,1,1,20160906_flight01
2016-09-06 12:59:32,54.56369818,7.90419305,103.54,0.621,3.4,1012.8430000000001,18.199,1.188552,6.598,1.33,0.012999999999999998,100,0.7,3.4,1012.8430000000001,0.01894996975784413,290.28759836696184,6.730713483725184,191.3967441947305,True,5.065441540984562,-9.040486478748075,1,1,20160906_flight01
2016-09-06 12:59:33,54.56360368,7.9051906,103.65799999999999,0.6359999999999999,3.4,1012.8380000000001,18.147000000000002,1.188448,6.577000000000001,1.136,-0.021,100,0.7,3.4,1012.8380000000001,0.019216016333263974,290.23619758178046,6.6743857395268975,189.79961796433005,True,5.074607018356497,-9.105251152971363,1,1,20160906_flight01
2016-09-06 12:59:34,54.56350916,7.9061878000000005,103.77,0.9760000000000001,3.449,1012.835,18.144000000000002,1.188511,6.638,1.3090000000000002,0.069,100,1.2,3.5,1012.835,0.019169467695189457,290.2334543709007,6.765835129531313,191.1554788786285,True,5.083763630582807,-9.169994864537529,1,1,20160906_flight01
2016-09-06 12:59:35,54.563415000000006,7.9071815800000005,104.068,1.113,3.3859999999999997,1012.81,18.287,1.188467,6.557,1.335,0.040999999999999995,100,1.4,3.4,1012.81,0.0186819584175415,290.37798364558597,6.691522547223465,191.50808238692633,True,5.09289264763277,-9.23451534398485,1,1,20160906_flight01
2016-09-06 12:59:36,54.56331993,7.9081733299999994,104.38,0.607,3.262,1012.823,18.235,1.188364,6.274,0.878,-0.08200000000000002,100,0.7,3.3,1012.823,0.018965138026771244,290.32510683059184,6.335136936167994,187.96638595496572,True,5.101885861917323,-9.298940539045162,1,1,20160906_flight01
2016-09-06 12:59:37,54.563223539999996,7.909165349999999,104.67399999999999,0.684,3.25,1012.8059999999999,18.2,1.188085,6.147,0.81,0.012,100,0.8,3.4,1012.8059999999999,0.01930975162207016,290.29162767774324,6.20013782104882,187.50670746907923,True,5.110743988042021,-9.363426137623822,1,1,20160906_flight01
2016-09-06 12:59:38,54.56312645,7.91015794,104.88,0.602,3.478,1012.815,18.089000000000002,1.1882599999999999,6.655,0.951,0.1,100,0.8,3.5,1012.815,0.019557126131168223,290.18029342422795,6.722605596046819,188.1325129810274,True,5.119538695295029,-9.42797013976045,1,1,20160906_flight01
2016-09-06 12:59:39,54.56302977,7.911151159999999,105.12700000000001,0.589,3.4610000000000003,1012.812,18.105000000000004,1.1882959999999998,6.946000000000001,0.998,0.001,100,0.7,3.5,1012.812,0.0194672110967411,290.19648109975134,7.017329976565161,188.17628999389967,True,5.1283891078697526,-9.492539486978497,1,1,20160906_flight01
2016-09-06 12:59:40,54.56293284,7.9121446,105.39300000000001,0.41300000000000003,3.3369999999999997,1012.815,18.106,1.188402,6.881,1.1740000000000002,0.031,100,0.5,3.4,1012.815,0.019375798805050914,290.1972316261453,6.980432436461226,189.68227430842757,True,5.137217187195025,-9.557130707666026,1,1,20160906_flight01
2016-09-06 12:59:41,54.56283521,7.91313803,105.54,0.392,3.237,1012.808,18.168,1.1883689999999998,6.7829999999999995,1.181,-0.09,100,0.5,3.3,1012.808,0.019180106424442567,290.25957999342836,6.885045388376172,189.87685737543416,True,5.145970679198333,-9.621744496030153,1,1,20160906_flight01
2016-09-06 12:59:42,54.562737059999996,7.91413193,105.6,0.433,3.264,1012.8209999999999,18.139,1.188408,6.697,0.9790000000000001,0.057,100,0.5,3.3,1012.8209999999999,0.019261206318620605,290.22961993372525,6.768179223395315,188.3168654856598,True,5.154677956815519,-9.686404547357277,1,1,20160906_flight01
2016-09-06 12:59:43,54.56263884,7.9151264900000005,105.6,0.254,3.279,1012.8380000000001,18.107,1.188459,6.454,1.005,-0.06,100,0.3,3.3,1012.8380000000001,0.01934655629827442,290.19634324787626,6.531779313479597,188.85086739536456,True,5.163390503882628,-9.751107695999455,1,1,20160906_flight01
2016-09-06 12:59:44,54.56254055,7.916121540000001,105.6,0.05,3.1919999999999997,1012.8589999999999,18.103,1.188532,6.591,0.9710000000000001,-0.04,100,0.2,3.3,1012.8589999999999,0.019319080264785127,290.19063703380294,6.6621409471730635,188.38065120672104,True,5.172105046887845,-9.815843438336447,1,1,20160906_flight01
2016-09-06 12:59:45,54.5624431,7.91711733,105.6,0.151,3.299,1012.888,18.198,1.188541,5.997000000000001,1.023,-0.08900000000000001,100,0.4,3.3,1012.888,0.01900816948486872,290.2829134997174,6.083628686894032,189.6806350256228,True,5.1809231130087365,-9.880597079671237,1,1,20160906_flight01
2016-09-06 12:59:46,54.562345640000004,7.91811323,105.645,0.393,3.2,1012.878,18.211000000000002,1.188413,5.936,0.879,-0.07,100,0.5,3.2,1012.878,0.019062391202506968,290.2966856626839,6.000728039163247,188.42312103766199,True,5.189742234501454,-9.94535784868835,1,1,20160906_flight01
2016-09-06 12:59:47,54.56224822,7.9191092,105.6,0.371,3.3280000000000003,1012.89,18.072,1.1884629999999998,6.254,0.912,0.025,100,0.5,3.4,1012.89,0.019517973707823266,290.15721026234115,6.320147150185666,188.29677119120117,True,5.1985669550393485,-10.010121617837921,1,1,20160906_flight01
2016-09-06 12:59:48,54.56215141,7.9201052800000005,105.68,0.467,3.3689999999999998,1012.891,18.125,1.188472,6.318,1.075,-0.064,100,0.6,3.4,1012.891,0.01932575081799337,290.2099345356416,6.408802462238947,189.65633021128207,True,5.207458623453009,-10.074871978908636,1,1,20160906_flight01
2016-09-06 12:59:49,54.56205465,7.9211011099999995,105.78399999999999,0.223,3.356,1012.882,18.242,1.188537,5.6770000000000005,1.296,-0.21600000000000003,100,0.3,3.4,1012.882,0.018851693495997468,290.3272445115379,5.823052893457177,192.8596542070154,True,5.216350791791841,-10.139605237368762,1,1,20160906_flight01
2016-09-06 12:59:50,54.5619577,7.92209679,105.84200000000001,-0.11100000000000002,3.221,1012.898,18.282,1.188291,5.962999999999999,1.3219999999999998,-0.07600000000000001,100,0.2,3.3,1012.898,0.018938841899926784,290.36578654264576,6.107786260176431,192.50031804116213,True,5.225219878874379,-10.204335521145776,1,1,20160906_flight01
2016-09-06 12:59:51,54.56186197,7.923093209999999,105.837,-0.196,3.373,1012.915,18.1,1.1883279999999998,6.269,1.329,-0.139,100,0.3,3.4,1012.915,0.01956093519510338,290.18305949956033,6.408322869518982,191.96924147251235,True,5.2342328748010285,-10.269071117486224,1,1,20160906_flight01
2016-09-06 12:59:52,54.561767769999996,7.924090179999999,105.906,0.217,3.3,1012.8889999999999,18.118000000000002,1.1883219999999999,6.229,1.111,-0.07400000000000001,100,0.5,3.3,1012.8889999999999,0.019476906076121514,290.2031240152639,6.327302900920739,190.112892030177,True,5.243419067192686,-10.333790019169609,1,1,20160906_flight01
2016-09-06 12:59:53,54.56167356,7.92508676,105.929,0.759,3.2680000000000002,1012.891,18.098000000000003,1.188435,6.337999999999999,1.145,-0.004,100,0.9,3.3,1012.891,0.019451984900551222,290.18303326284973,6.44059539173204,190.24039590517458,True,5.252596686983994,-10.398485155533574,1,1,20160906_flight01
2016-09-06 12:59:54,54.56157881,7.92608294,105.9,0.706,3.378,1012.909,18.102,1.18858,6.447,1.183,-0.08,100,0.8,3.4,1012.909,0.01933173243916797,290.1855437832294,6.554639425628232,190.3978856697974,True,5.261709214150125,-10.463173463482235,1,1,20160906_flight01
2016-09-06 12:59:55,54.56148388,7.92707878,105.9,0.921,3.3539999999999996,1012.8969999999999,18.117,1.188711,6.2170000000000005,0.9590000000000001,0.16,100,1.1,3.4,1012.8969999999999,0.019154835550889482,290.20147214129423,6.2905301843326376,188.7690143712787,True,5.270796064212355,-10.527846726185295,1,1,20160906_flight01
2016-09-06 12:59:56,54.561387880000005,7.92807358,105.86,1.1360000000000001,3.338,1012.9019999999999,18.163,1.1887240000000001,5.66,1.222,-0.02,100,1.2,3.4,1012.9019999999999,0.018987791360349116,290.24689409418306,5.790413111341885,192.1832169466294,True,5.279749170382326,-10.592491172194315,1,1,20160906_flight01
2016-09-06 12:59:57,54.56129034,7.92906752,105.8,0.919,3.2910000000000004,1012.914,18.195999999999998,1.188792,6.1129999999999995,0.988,-0.018000000000000002,100,1.1,3.4,1012.914,0.018826162877274566,290.27878978255194,6.1923269455027965,189.18091101553813,True,5.288522047958951,-10.657133490422382,1,1,20160906_flight01
2016-09-06 12:59:58,54.56119283,7.9300614,105.8,0.7,3.466,1012.9069999999999,18.179,1.188512,6.334,1.11,0.031,100,0.7,3.5,1012.9069999999999,0.01911860972892665,290.26242575219794,6.430525328462675,189.93984922228398,True,5.297296958526699,-10.721771107824093,1,1,20160906_flight01
2016-09-06 12:59:59,54.56109541,7.931054810000001,105.852,0.777,3.384,1012.9019999999999,18.175,1.1883249999999999,5.937,0.9990000000000001,0.02,100,0.9,3.5,1012.9019999999999,0.019287946228458308,290.2588501782889,6.020462606810211,189.5515020992059,True,5.30607238383938,-10.78637670480741,1,1,20160906_flight01
2016-09-06 13:00:00,54.5609965,7.93204709,105.88,0.98,3.258,1012.9019999999999,18.155,1.188292,5.6610000000000005,0.922,-0.013000000000000001,100,1.1,3.3,1012.9019999999999,0.01938623557523922,290.23892337144576,5.7355910767766565,189.25046936825623,True,5.314667695366433,-10.850961835678614,1,1,20160906_flight01
2016-09-06 13:00:01,54.5608965,7.93303874,105.8,0.767,3.38,1012.9,18.175,1.188262,5.888999999999999,0.9740000000000001,-0.067,100,1.0,3.4,1012.9,0.019339974743023847,290.25901409175054,5.9690030155797364,189.39131006860987,True,5.323135032373342,-10.915544144561288,1,1,20160906_flight01
2016-09-06 13:00:02,54.56079646999999,7.93403013,105.8,0.34600000000000003,3.3109999999999995,1012.9019999999999,18.219,1.1881709999999999,5.736000000000001,0.9520000000000001,-0.015,100,0.5,3.4,1012.9019999999999,0.019266113223506354,290.3026891533437,5.814464721709128,189.42344247218386,True,5.33159417448673,-10.980111382749307,1,1,20160906_flight01
2016-09-06 13:00:03,54.560695530000004,7.93502152,105.8,0.5710000000000001,3.313,1012.904,18.133000000000003,1.1882469999999998,6.006,1.089,0.011000000000000001,100,0.7,3.4,1012.904,0.019503848736169394,290.21683999450414,6.103929635898501,190.27714058141243,True,5.339956603410885,-11.044708762134455,1,1,20160906_flight01
2016-09-06 13:00:04,54.5605955,7.93601301,105.8,0.34299999999999997,3.4,1012.9,18.004,1.1884199999999998,6.407,1.238,-0.014000000000000002,100,0.5,3.4,1012.9,0.0198030510439684,290.0886397970292,6.525510937850001,190.93626590108033,True,5.348417671118995,-11.10928217892268,1,1,20160906_flight01
2016-09-06 13:00:05,54.560495499999995,7.9370046,105.78,0.42200000000000004,3.381,1012.903,18.153000000000002,1.188612,6.025,1.2930000000000001,0.244,100,0.5,3.4,1012.903,0.019119797859749488,290.2368487403759,6.162180945087543,192.11229083573727,True,5.356883852769068,-11.173860780645231,1,1,20160906_flight01
2016-09-06 13:00:06,54.560395369999995,7.9379956300000005,105.64399999999999,0.304,3.221,1012.903,18.212,1.1888720000000002,5.606,0.9159999999999999,-0.332,100,0.4,3.3,1012.903,0.01869059795434147,290.2956328039649,5.680342595301801,189.27991556141313,True,5.36532543491885,-11.23840908809171,1,1,20160906_flight01
2016-09-06 13:00:07,54.56029404,7.93898657,105.69800000000001,0.052000000000000005,3.185,1012.9019999999999,18.194,1.188542,5.774,1.044,-0.055999999999999994,100,0.2,3.3,1012.9019999999999,0.019035387333550702,290.27778064478986,5.867624050669913,190.24894986918832,True,5.373637750155821,-11.302991581431982,1,1,20160906_flight01
2016-09-06 13:00:08,54.56019392,7.93997839,105.7,-0.07400000000000001,3.427,1012.909,18.031000000000002,1.188496,6.359,0.993,-0.013000000000000001,100,0.1,3.5,1012.909,0.019652342223836383,290.1148037587536,6.4360647914700175,188.8754367751755,True,5.382095607286418,-11.367588368598415,1,1,20160906_flight01
2016-09-06 13:00:09,54.56009571,7.94097078,105.755,0.251,3.4539999999999997,1012.8989999999999,18.082,1.188613,6.257999999999999,0.983,0.0,100,0.5,3.5,1012.8989999999999,0.01936336786268167,290.1664363183275,6.334733853919989,188.92701607875966,True,5.3907674317293885,-11.432157110393415,1,1,20160906_flight01
2016-09-06 13:00:10,54.55999728,7.941962620000001,105.915,0.696,3.283,1012.886,18.304000000000002,1.188604,5.973,0.911,-0.4,100,0.9,3.4,1012.886,0.018581560121430973,290.3886899824319,6.042073319647818,188.67190294802,True,5.399405284190651,-11.496699156770003,1,1,20160906_flight01
2016-09-06 13:00:11,54.559897410000005,7.94295386,106.12899999999999,0.9390000000000001,3.115,1012.8459999999999,18.168,1.1884919999999999,5.949,1.084,-0.16,100,1.0,3.2,1012.8459999999999,0.019112864054880774,290.25646541987226,6.046954357360406,190.32688102426914,True,5.40787854243043,-11.56125182750591,1,1,20160906_flight01
2016-09-06 13:00:12,54.55979625,7.943945149999999,106.115,0.953,3.2510000000000003,1012.845,18.218,1.188047,5.684,1.304,-0.063,100,1.0,3.3,1012.845,0.019318631316835422,290.30636519931835,5.831661169855464,192.92097565783183,True,5.41621566454687,-11.625850315174304,1,1,20160906_flight01
2016-09-06 13:00:13,54.55969455,7.94493661,105.99799999999999,0.703,3.119,1012.8739999999999,18.118000000000002,1.1882069999999998,6.037999999999999,1.205,0.052000000000000005,100,0.9,3.2,1012.8739999999999,0.019560476598906362,290.20435315612445,6.157066590512075,191.28620751491528,True,5.424498669930449,-11.690477192448267,1,1,20160906_flight01
2016-09-06 13:00:14,54.55959263,7.94592845,105.76,-0.162,3.2,1012.898,18.169,1.1882,5.895,1.199,-0.012,100,0.2,3.2,1012.898,0.019412146203905856,290.2531999568236,6.015698296956057,191.49672120888025,True,5.432765611361811,-11.755134835286466,1,1,20160906_flight01
2016-09-06 13:00:15,54.55949103,7.94692097,105.54899999999999,-0.14100000000000001,3.115,1012.906,18.14,1.1882879999999998,5.888,1.234,0.026000000000000002,100,0.2,3.2,1012.906,0.019446186393647036,290.2236504800241,6.015920544688069,191.836663733063,True,5.441079655872128,-11.819823893503653,1,1,20160906_flight01
2016-09-06 13:00:16,54.55938988,7.94791424,105.32799999999999,-0.311,3.2510000000000003,1012.923,18.119,1.1883869999999999,6.1370000000000005,1.239,0.084,100,0.4,3.3,1012.923,0.019451863999630614,290.20133438374216,6.260821831037839,191.41402818744555,True,5.449455967547523,-11.884544386234811,1,1,20160906_flight01
2016-09-06 13:00:17,54.5592901,7.9489084000000005,105.2,-0.33,3.3,1012.951,18.164,1.188441,6.091,1.197,-0.04100000000000001,100,0.4,3.3,1012.951,0.019276247200054053,290.2438748363549,6.207502718485108,191.1180542380859,True,5.457995018193765,-11.949274491100656,1,1,20160906_flight01
2016-09-06 13:00:18,54.55919108,7.9499031,105.2,-0.258,3.343,1012.953,18.119,1.1885160000000001,6.155,1.2790000000000001,-0.066,100,0.3,3.4,1012.953,0.019371404093678768,290.198876269915,6.2864828004218705,191.73891887599052,True,5.466625238507715,-12.014012787539425,1,1,20160906_flight01
2016-09-06 13:00:19,54.55909314,7.9508982800000005,105.2,-0.23800000000000002,3.4,1012.9259999999999,18.097,1.1886070000000002,6.22,1.359,0.07600000000000001,100,0.3,3.4,1012.9259999999999,0.019343184379615908,290.1791692291556,6.366732364407977,192.32480131517565,True,5.475379482167318,-12.078744969288383,1,1,20160906_flight01
2016-09-06 13:00:20,54.55899598,7.95189387,105.243,-0.17900000000000002,3.4,1012.9209999999999,18.133,1.1887590000000001,6.135,1.256,-0.04800000000000001,100,0.3,3.4,1012.9209999999999,0.01908185054165079,290.2154469512851,6.262248877200586,191.5701132051056,True,5.484224517785533,-12.143476647986212,1,1,20160906_flight01
2016-09-06 13:00:21,54.55889947,7.9528896499999995,105.3,-0.14300000000000002,3.315,1012.923,18.121000000000002,1.1889830000000001,6.077999999999999,1.256,0.013000000000000001,100,0.2,3.4,1012.923,0.018933848142890897,290.203327052611,6.206417646275506,191.67565295300795,True,5.493142292884917,-12.208198536597433,1,1,20160906_flight01
2016-09-06 13:00:22,54.55880362,7.95388565,105.36200000000001,-0.03900000000000001,3.3309999999999995,1012.914,18.169,1.188926,6.154,1.0810000000000002,0.08900000000000001,100,0.2,3.4,1012.914,0.0188057503866903,290.2518886844619,6.248221907070843,189.96282779793262,True,5.502134447925576,-12.272912157480473,1,1,20160906_flight01
2016-09-06 13:00:23,54.55870855999999,7.954881810000001,105.4,0.28,3.4189999999999996,1012.91,18.308999999999997,1.188706,5.617999999999999,1.038,0.08800000000000001,100,0.6,3.5,1012.91,0.01850081821933247,290.3917038328758,5.713087431503214,190.46810231074946,True,5.511213643720422,-12.33760949758982,1,1,20160906_flight01
2016-09-06 13:00:24,54.558612970000006,7.9558775200000005,105.444,0.77,3.319,1012.91,18.338,1.18817,5.124,0.855,-0.191,100,1.0,3.4,1012.91,0.01885890222864406,290.4205976375316,5.19484369350994,189.47320149765335,True,5.520227846878155,-12.40229658876084,1,1,20160906_flight01
2016-09-06 13:00:25,54.558516229999995,7.95687279,105.54299999999999,1.105,3.3409999999999997,1012.8939999999999,18.234,1.1879849999999998,5.492999999999999,1.006,0.049,100,1.2,3.5,1012.8939999999999,0.01936516772994268,290.3182900476052,5.584360751240915,190.37826137791222,True,5.529111357449787,-12.466994584616135,1,1,20160906_flight01
2016-09-06 13:00:26,54.55841961,7.9578681,105.597,0.9,3.443,1012.903,18.185,1.188029,5.695,1.013,0.026000000000000002,100,0.9,3.5,1012.903,0.019507915032672907,290.2687316223225,5.784392275771069,190.08601594616823,True,5.538008391648946,-12.531691077247512,1,1,20160906_flight01
2016-09-06 13:00:27,54.55832289,7.958863099999999,105.68700000000001,0.9279999999999999,3.3,1012.8989999999999,18.118000000000002,1.1882,5.705,0.848,0.168,100,1.0,3.3,1012.8989999999999,0.019591648284416285,290.2023046010281,5.767679689441847,188.45462932692197,True,5.546888828680357,-12.596371728437934,1,1,20160906_flight01
2016-09-06 13:00:28,54.558225130000004,7.9598572899999995,105.601,0.92,3.3,1012.901,18.057000000000002,1.188274,5.7139999999999995,1.29,0.226,100,1.0,3.3,1012.901,0.019743730129718973,290.1413639413972,5.857806415374273,192.72189352176116,True,5.555643139033888,-12.661036780049255,1,1,20160906_flight01
2016-09-06 13:00:29,54.55812659,7.96085115,105.439,0.63,3.3939999999999997,1012.922,18.027,1.188488,5.98,1.3969999999999998,0.20600000000000002,100,0.7,3.4,1012.922,0.019686299978428412,290.1097535286329,6.1410104217465715,193.1491655776312,True,5.564308197903079,-12.725707277592349,1,1,20160906_flight01
2016-09-06 13:00:30,54.55802783,7.961845009999999,105.3,0.52,3.338,1012.941,18.109,1.188628,5.91,1.121,0.034,100,0.6,3.4,1012.941,0.019298272698395236,290.1898962105031,6.015375383132794,190.74018786980878,True,5.572949875561568,-12.790385062018245,1,1,20160906_flight01
2016-09-06 13:00:31,54.557928659999995,7.9628387599999995,105.23200000000001,0.33399999999999996,3.319,1012.962,18.096,1.1886720000000002,6.032,1.161,0.079,100,0.5,3.4,1012.962,0.0193271697271018,290.1752234143653,6.142714790709398,190.89468665705334,True,5.581545860990181,-12.855069630084152,1,1,20160906_flight01
2016-09-06 13:00:32,54.55782962999999,7.9638325199999995,105.22399999999999,0.268,3.39,1012.9580000000001,18.244,1.188424,5.693,1.038,-0.254,100,0.5,3.4,1012.9580000000001,0.019018030954952803,290.3230071669527,5.78685519086144,190.33318484795137,True,5.590156917931212,-12.919750178902596,1,1,20160906_flight01
2016-09-06 13:00:33,54.55773064,7.964826319999999,105.42399999999999,0.638,3.388,1012.934,18.19,1.188338,5.7860000000000005,1.261,-0.037000000000000005,100,0.7,3.5,1012.934,0.019256516588093797,290.27117258960675,5.9218170353363675,192.29478163073583,True,5.598772996240518,-12.984431874272964,1,1,20160906_flight01
2016-09-06 13:00:34,54.5576315,7.96582004,105.574,0.76,3.4,1012.909,18.208,1.1880359999999999,5.528,1.357,0.002999999999999999,100,0.9,3.4,1012.909,0.019427466446909625,290.29115565075654,5.692120255230031,193.79211106871787,True,5.607371592337936,-13.049113595092866,1,1,20160906_flight01
2016-09-06 13:00:35,54.557531499999996,7.966813429999999,105.6,0.7390000000000001,3.316,1012.904,18.097,1.188224,5.733,1.36,0.037000000000000005,100,0.9,3.4,1012.904,0.019649602548044154,290.18097176244186,5.892103953597561,193.34519911717308,True,5.615872434693253,-13.113803411619859,1,1,20160906_flight01
2016-09-06 13:00:36,54.557431429999994,7.96780679,105.588,0.696,3.307,1012.915,18.088,1.188362,6.042000000000001,1.264,0.126,100,0.8,3.4,1012.915,0.01957377292016793,290.1711034593406,6.172800012960083,191.8159950178101,True,5.624365259894072,-13.178493693120465,1,1,20160906_flight01
2016-09-06 13:00:37,54.5573305,7.96880018,105.5,0.409,3.4,1012.9159999999999,18.03,1.188619,6.374,1.072,0.08700000000000001,100,0.5,3.4,1012.9159999999999,0.019557374464408417,290.113234017181,6.463517618139521,189.54684639159063,True,5.632767263494584,-13.243214313288785,1,1,20160906_flight01
2016-09-06 13:00:38,54.55723077,7.96979357,105.52799999999999,0.099,3.34,1012.919,18.024,1.188871,6.529,1.173,0.032,100,0.2,3.4,1012.919,0.019365287041826162,290.1070102611544,6.633533749066179,190.1851022107661,True,5.641296800972645,-13.307895186823071,1,1,20160906_flight01
2016-09-06 13:00:39,54.5571315,7.97078689,105.575,-0.084,3.3,1012.918,18.1,1.189088,6.367999999999999,1.328,0.066,100,0.1,3.3,1012.918,0.01891230537444666,290.182813697503,6.504998693312705,191.7797860281868,True,5.649873878521335,-13.372556499127242,1,1,20160906_flight01
2016-09-06 13:00:40,54.55703215,7.97178022,105.54,0.083,3.3139999999999996,1012.923,18.188,1.189124,5.815,1.187,-0.17800000000000002,100,0.3,3.4,1012.923,0.01857872845636277,290.2700814597182,5.9349131417401555,191.53713019739632,True,5.658442646370991,-13.43722107906704,1,1,20160906_flight01
2016-09-06 13:00:41,54.5569325,7.97277358,105.6,0.28300000000000003,3.273,1012.914,18.127,1.189146,5.66,1.159,0.046000000000000006,100,0.4,3.4,1012.914,0.01876414159131201,290.21004253187743,5.777445888972046,191.572496583084,True,5.666980108429874,-13.50189744924537,1,1,20160906_flight01
2016-09-06 13:00:42,54.55683287,7.97376706,105.6,0.024000000000000004,3.4,1012.925,18.265,1.188866,5.508000000000001,1.2329999999999999,-0.008,100,0.1,3.4,1012.925,0.01853258947010117,290.34663525185766,5.644320419678529,192.61799165919626,True,5.675522006766501,-13.566580571300271,1,1,20160906_flight01
2016-09-06 13:00:43,54.55673409,7.9747609299999995,105.62100000000001,0.018000000000000002,3.4,1012.923,18.246,1.188785,5.785,1.057,-0.128,100,0.1,3.4,1012.923,0.0186663939544085,290.3278688569155,5.880771548019869,190.35451807767367,True,5.684161751419646,-13.631259636030148,1,1,20160906_flight01
2016-09-06 13:00:44,54.55663639,7.97575525,105.766,-0.162,3.4,1012.905,18.2,1.188515,5.813,1.0110000000000001,-0.008,100,0.2,3.4,1012.905,0.01904056909040297,290.2835127963315,5.900261858595769,189.86622290454528,True,5.6929249417400225,-13.695930732490154,1,1,20160906_flight01
2016-09-06 13:00:45,54.55653955,7.97674965,105.9,-0.021,3.4,1012.898,18.148,1.18837,5.971,1.236,0.054000000000000006,100,0.2,3.4,1012.898,0.019339796200440906,290.23227678600716,6.097584521759416,191.69508050883428,True,5.701781071814905,-13.760578286742678,1,1,20160906_flight01
2016-09-06 13:00:46,54.556443550000004,7.97774433,105.9,-0.045,3.4,1012.9,18.158,1.188496,6.053,1.126,0.106,100,0.1,3.4,1012.9,0.01919875384643932,290.24207629636885,6.156840504674456,190.5379071178857,True,5.710731867271191,-13.825215318431393,1,1,20160906_flight01
2016-09-06 13:00:47,54.55634851,7.97873929,105.949,0.045,3.316,1012.898,18.119,1.1887150000000002,6.29,1.096,-0.048,100,0.2,3.4,1012.898,0.01914541427692984,290.203382883451,6.384772196406071,189.88425795628467,True,5.719790081494006,-13.889837852893766,1,1,20160906_flight01
2016-09-06 13:00:48,54.55625414,7.979734560000001,106.0,0.223,3.3,1012.8939999999999,18.156000000000002,1.1887200000000002,5.898,1.192,-0.125,100,0.6,3.3,1012.8939999999999,0.01900765799897952,290.2405753253703,6.0172475435202095,191.42571154626722,True,5.72892547147651,-13.954457349145933,1,1,20160906_flight01
2016-09-06 13:00:49,54.556159550000004,7.98072991,106.053,0.6609999999999999,3.207,1012.901,18.215,1.188704,5.502000000000001,1.544,-0.10400000000000001,100,0.7,3.3,1012.901,0.018822067911357987,290.2987857599068,5.714537601591227,195.67545960706383,True,5.738039020724086,-14.019089075161073,1,1,20160906_flight01
2016-09-06 13:00:50,54.55606394,7.981725340000001,106.009,0.406,3.235,1012.895,18.304,1.1886160000000001,5.136,0.8910000000000001,-0.35700000000000004,100,0.6,3.3,1012.895,0.018580327267456287,290.3879520353999,5.2127130172300875,189.84179480930325,True,5.747045706650253,-14.083759528695875,1,1,20160906_flight01
2016-09-06 13:00:51,54.55596827,7.982721209999999,106.09199999999998,0.65,3.319,1012.891,18.137999999999998,1.188426,6.026,1.175,0.30400000000000005,100,0.7,3.6,1012.891,0.019319711885129376,290.2228870003192,6.139487030689128,191.03356781629304,True,5.756054488499535,-14.148459155403309,1,1,20160906_flight01
2016-09-06 13:00:52,54.55587352,7.983717410000001,106.0,0.535,3.568,1012.893,18.106,1.188469,6.347,0.9570000000000001,0.264,100,0.6,3.6,1012.893,0.019396832284390486,290.1908401338321,6.418742711777751,188.57446206920096,True,5.765167400784646,-14.213148699072114,1,1,20160906_flight01
2016-09-06 13:00:53,54.55577897999999,7.98471292,106.045,0.615,3.298,1012.898,18.2,1.188709,5.599,0.9229999999999999,-0.16699999999999998,100,0.9,3.5,1012.898,0.018867218109998918,290.28408654231464,5.6745687060780226,189.36106662637644,True,5.774289344894319,-14.277788654738217,1,1,20160906_flight01
2016-09-06 13:00:54,54.55568282,7.98570756,106.1,0.9520000000000001,3.1460000000000004,1012.895,18.147000000000002,1.188859,5.653,1.052,0.043,100,1.0,3.3,1012.895,0.01892100265500063,290.23152629250546,5.750053304100754,190.54191757762578,True,5.783222365595714,-14.34242851453806,1,1,20160906_flight01
2016-09-06 13:00:55,54.55558577,7.98670215,106.0,0.613,3.3,1012.9,18.169,1.188938,5.905,1.032,0.064,100,0.7,3.3,1012.9,0.018781386247707088,290.25303604632165,5.994501563933402,189.91329991451784,True,5.792059835872303,-14.40709476379191,1,1,20160906_flight01
2016-09-06 13:00:56,54.55548937,7.987697020000001,106.0,0.47,3.385,1012.896,18.182000000000002,1.189032,6.135,1.137,0.066,100,0.6,3.4,1012.896,0.018651365724815072,290.2663163141331,6.2394706506241375,190.4995030363748,True,5.8009717786645805,-14.47175678369964,1,1,20160906_flight01
2016-09-06 13:00:57,54.555393190000004,7.98869185,105.992,0.89,3.304,1012.905,18.192999999999998,1.189081,6.204,1.273,0.09300000000000001,100,1.1,3.4,1012.905,0.01857998045966669,290.2765384198442,6.333257060944234,191.59558397970363,True,5.809906332431153,-14.536409045283893,1,1,20160906_flight01
2016-09-06 13:00:58,54.555295990000005,7.98968624,105.9,1.0110000000000001,3.273,1012.906,18.267,1.1890100000000001,6.103,1.246,-0.04100000000000001,100,1.1,3.3,1012.906,0.01838314374547334,290.3501855605657,6.2288943641709,191.53903499651852,True,5.818724009783663,-14.601067905666454,1,1,20160906_flight01
2016-09-06 13:00:59,54.555197580000005,7.99068027,105.80799999999999,0.6759999999999999,3.2,1012.9069999999999,18.292,1.188926,5.832000000000001,1.0710000000000002,-0.055999999999999994,100,0.8,3.2,1012.9069999999999,0.018368736497922145,290.37501205191415,5.929524854488765,190.4059657139922,True,5.827406158334439,-14.665744600944446,1,1,20160906_flight01
2016-09-06 13:01:00,54.55509850000001,7.991674349999999,105.762,0.804,3.247,1012.92,18.128,1.188883,6.12,1.456,0.045,100,0.9,3.3,1012.92,0.018992046197065182,290.21054721777966,6.290813619874618,193.38237184289693,True,5.836018063267327,-14.73044657739328,1,1,20160906_flight01
2016-09-06 13:01:01,54.5549989,7.99266863,105.681,0.7239999999999999,3.3,1012.943,18.197,1.1889580000000002,6.26,1.6869999999999998,-0.11800000000000001,100,0.8,3.3,1012.943,0.01870958498443276,290.2774092778265,6.483330085688989,195.08227309664096,True,5.844578554708319,-14.795178134584493,1,1,20160906_flight01
2016-09-06 13:01:02,54.55489928,7.99366325,105.581,0.6509999999999999,3.3,1012.941,18.227999999999998,1.189196,6.162000000000001,1.713,0.036000000000000004,100,0.7,3.3,1012.941,0.018395334699176313,290.3084594056286,6.39567142683237,195.53561992863314,True,5.853143467607344,-14.859931361460255,1,1,20160906_flight01
2016-09-06 13:01:03,54.55479829,7.99465775,105.456,0.24600000000000002,3.3,1012.9639999999999,18.284000000000002,1.189282,5.98,1.381,0.247,100,0.6,3.3,1012.9639999999999,0.018149135822844054,290.3623682635963,6.137390406353502,193.00371324817007,True,5.861560468614995,-14.924722551423226,1,1,20160906_flight01
2016-09-06 13:01:04,54.55469701,7.99565202,105.30799999999999,0.39899999999999997,3.214,1012.993,18.394,1.189121,5.081,0.667,-0.09,100,1.5,3.3,1012.993,0.017931927380473223,290.4695854848151,5.124592666739475,187.47864670720708,True,5.8699422200672,-14.989509136042326,1,1,20160906_flight01
2016-09-06 13:01:05,54.554594429999995,7.99664583,105.18799999999999,2.634,3.0,1012.995,18.32,1.188845,5.062,1.068,-0.099,100,3.8,3.0,1012.995,0.018428757385362315,290.39569421813604,5.173438701676091,191.91375524358358,True,5.878176952082034,-15.054310357954236,1,1,20160906_flight01
2016-09-06 13:14:47,54.71253136,7.464193669999999,92.63600000000001,3.702,3.645,1013.7919999999999,18.429,1.18791,8.057,1.8459999999999999,0.07600000000000001,100,5.0,3.8,1013.7919999999999,0.019650949852672905,290.4389568501613,8.265770683971338,192.9047342057071,True,12.410563862842432,23.074997954763987,3,2,20160906_flight01
2016-09-06 13:14:48,54.71247446,7.4651986,92.921,1.7169999999999999,3.444,1013.7360000000001,18.4,1.187995,8.19,1.8130000000000002,-0.068,100,2.6,3.5,1013.7360000000001,0.019623085261850637,290.4146583310069,8.388269726230792,192.48213302581058,True,12.423867510626723,23.01102269438499,3,2,20160906_flight01
2016-09-06 13:14:49,54.71241453,7.46620256,93.08,0.231,3.3,1013.715,18.406999999999996,1.188006,8.357999999999999,1.964,-0.018,100,0.9,3.3,1013.715,0.01956804317216987,290.42335173246016,8.585654314028721,193.2237066525509,True,12.436830457098383,22.947007006176424,3,2,20160906_flight01
2016-09-06 13:14:50,54.71235425,7.4672069,93.1,-0.588,3.24,1013.727,18.421,1.1880909999999998,8.073,1.6480000000000001,-0.103,100,1.0,3.3,1013.727,0.01945821588991481,290.43631400944537,8.239492278047235,191.53767971379438,True,12.44976352344956,22.882956246518827,3,2,20160906_flight01
2016-09-06 13:14:51,54.71229454,7.46821192,93.03399999999999,-1.3880000000000001,3.133,1013.737,18.386,1.188183,8.354,1.483,0.139,100,2.3,3.2,1013.737,0.019511717411225815,290.40063092004226,8.484609890855323,190.06626643394208,True,12.462770262437614,22.81888235203098,3,2,20160906_flight01
2016-09-06 13:14:52,54.71223681000001,7.46921839,92.837,-2.8089999999999997,3.053,1013.778,18.421,1.188067,8.132,1.521,-0.004000000000000001,100,3.1,3.2,1013.778,0.019530099214062124,290.43213520485455,8.273020306997923,190.5941290348829,True,12.476015353448593,22.754784449786197,3,2,20160906_flight01
2016-09-06 13:14:53,54.712182860000006,7.47022735,92.59299999999999,-3.573,3.0,1013.8,18.378,1.188188,8.372,1.7369999999999999,-0.052000000000000005,100,3.8,3.0,1013.8,0.019598764498579335,290.38750088886104,8.550295491969854,191.72127432956552,True,12.489710123484409,22.69065790229317,3,2,20160906_flight01
2016-09-06 13:14:54,54.71213432,7.47123929,92.31299999999999,-3.458,3.0,1013.8259999999999,18.418999999999997,1.18823,8.418,1.416,-0.12,100,3.7,3.0,1013.8259999999999,0.019445499772367203,290.42621029814813,8.536262648255383,189.54839160638483,True,12.504037241477283,22.626526423588995,3,2,20160906_flight01
2016-09-06 13:14:55,54.712090829999994,7.47225406,92.081,-2.387,3.013,1013.882,18.396,1.188272,8.318000000000001,1.42,-0.063,100,2.9,3.1,1013.882,0.019546200861289442,290.3987129382659,8.438336565935257,189.6878070839408,True,12.518955558873005,22.56238735758411,3,2,20160906_flight01
2016-09-06 13:14:56,54.712050989999994,7.4732709999999996,91.87,-1.41,3.116,1013.8969999999999,18.37,1.188299,8.201,1.4909999999999999,-0.07,100,1.9,3.2,1013.8969999999999,0.019629048909916236,290.37158662137904,8.335435321565395,190.30423166100675,True,12.534303577221367,22.498235111966782,3,2,20160906_flight01
2016-09-06 13:14:57,54.71201397,7.4742894799999995,91.74,-1.046,3.1940000000000004,1013.903,18.442999999999998,1.188313,8.132,1.183,-0.05,100,1.1,3.2,1013.903,0.01936780853395592,290.44380747612286,8.217597763336924,188.27702187222184,True,12.549980954343317,22.43408112049649,3,2,20160906_flight01
2016-09-06 13:14:58,54.711979060000004,7.47530896,91.7,-0.621,3.125,1013.904,18.416,1.188259,8.041,1.272,-0.12,100,0.8,3.2,1013.904,0.019509540068112896,290.4168319651449,8.140986733805677,188.98909144459796,True,12.565901834481659,22.369935230855646,3,2,20160906_flight01
2016-09-06 13:14:59,54.71194558,7.47632925,91.7,0.424,3.1,1013.904,18.405,1.1882019999999998,8.163,1.469,-0.038,100,1.6,3.1,1013.904,0.019596914259780274,290.4058753201602,8.294126234872483,190.20166215247042,True,12.581990289807996,22.305786659291698,3,2,20160906_flight01
2016-09-06 13:15:00,54.7119123,7.477349950000001,91.618,2.423,3.133,1013.92,18.396,1.188231,8.504,1.599,0.029000000000000005,100,3.1,3.2,1013.92,0.019619593990716666,290.39560017252467,8.653023575606388,190.6489415638123,True,12.598107895720142,22.241619379906094,3,2,20160906_flight01
2016-09-06 13:15:01,54.711876849999996,7.47837045,91.45299999999999,3.906,3.123,1013.9580000000001,18.317999999999998,1.188421,8.68,1.76,0.258,100,4.6,3.2,1013.9580000000001,0.019767616656265474,290.3147961666672,8.85663593019381,191.46217953689555,True,12.613991026678564,22.17739258255703,3,2,20160906_flight01
2016-09-06 13:15:10,54.711231829999996,7.48744096,90.318,4.37,3.1839999999999997,1014.094,18.448999999999998,1.188346,7.648,1.3319999999999999,-0.073,100,4.6,3.3,1014.094,0.019510547052251637,290.4341371767117,7.76312617442226,189.87971736866618,True,12.720100704611374,21.595597550844644,3,2,20160906_flight01
2016-09-06 13:15:11,54.71112257,7.4884308299999995,90.34,3.9730000000000003,3.099,1014.102,18.378999999999998,1.188456,8.031,1.597,0.016,100,4.3,3.2,1014.102,0.01966900348253664,290.3637616914699,8.188245843891108,191.2468072395116,True,12.72754962960529,21.53081850951838,3,2,20160906_flight01
2016-09-06 13:15:12,54.71100816,7.48941828,90.21300000000001,3.185,3.185,1014.105,18.381,1.18848,8.266,1.579,-0.055,100,3.5,3.2,1014.105,0.019644433686944796,290.36550802857147,8.415461781744362,190.81455377660086,True,12.734404622311482,21.46601841101218,3,2,20160906_flight01
2016-09-06 13:15:13,54.71089022,7.490404,90.2,2.548,3.142,1014.1010000000001,18.365,1.18859,8.478,1.5119999999999998,-0.165,100,2.9,3.2,1014.1010000000001,0.019602006034161512,290.3498995346741,8.611772639822767,190.11204031091262,True,12.740851140070733,21.40120828094115,3,2,20160906_flight01
2016-09-06 13:15:14,54.71076918,7.49138808,90.2,1.9270000000000003,3.1,1014.1010000000001,18.355,1.1886860000000001,8.652000000000001,1.713,0.131,100,2.2,3.1,1014.1010000000001,0.019554635847584212,290.33993950175864,8.819947448823038,191.19909426888412,True,12.74693661555654,21.33639680110856,3,2,20160906_flight01
2016-09-06 13:15:15,54.71064549,7.49237047,90.057,1.641,3.1,1014.113,18.418,1.1888260000000002,8.722000000000001,1.6369999999999998,0.20199999999999999,100,1.8,3.1,1014.113,0.019226357915937964,290.4017049130918,8.874291690044902,190.6299671916716,True,12.752707911176815,21.271601965802724,3,2,20160906_flight01
2016-09-06 13:15:16,54.71051961,7.49335154,89.80799999999999,0.664,3.096,1014.163,18.477,1.1889370000000001,8.487,1.764,0.062,100,1.3,3.1,1014.163,0.018975255750026232,290.45637325731315,8.668383067216169,191.7415968462571,True,12.75822103961905,21.206816150412617,3,2,20160906_flight01
2016-09-06 13:15:17,54.71039309,7.4943326,89.544,0.193,3.1690000000000005,1014.187,18.476,1.188968,8.684,1.784,0.23,100,0.3,3.3,1014.187,0.018976295336912363,290.4534114578807,8.865354589637121,191.60905823976427,True,12.763665957433043,21.142009754677446,3,2,20160906_flight01
2016-09-06 13:15:18,54.71026691,7.495314060000001,89.273,0.29100000000000004,3.3,1014.211,18.51,1.188994,8.72,1.7690000000000001,0.15,100,0.5,3.3,1014.211,0.018859339509375905,290.48530876558266,8.897626706037965,191.46779256167764,True,12.769154712225577,21.077189906087842,3,2,20160906_flight01
2016-09-06 13:15:19,54.71014083,7.49629556,89.111,0.084,3.28,1014.252,18.602,1.188916,8.476999999999999,1.681,0.040999999999999995,100,0.5,3.3,1014.252,0.018646055974468778,290.5735787508238,8.642065146711172,191.21631625167447,True,12.77465486507853,21.012370898277588,3,2,20160906_flight01
2016-09-06 13:15:20,54.710014650000005,7.49727707,89.095,0.9329999999999999,3.2,1014.265,18.506,1.188797,8.469,2.1420000000000003,-0.011000000000000001,100,1.1,3.2,1014.265,0.01909641148523944,290.47690169384316,8.735681141158942,194.19372772266772,True,12.780144582668411,20.94754796038793,3,2,20160906_flight01
2016-09-06 13:15:21,54.709887619999996,7.49825844,89.0,0.747,3.278,1014.265,18.48,1.1887880000000002,8.312999999999999,1.9480000000000002,-0.033,100,0.9,3.3,1014.265,0.01919498407068243,290.45100680587916,8.53818909371302,193.1882627420828,True,12.785541267927089,20.882705518672186,3,2,20160906_flight01
2016-09-06 13:15:22,54.709760020000004,7.499239579999999,89.03,0.371,3.3,1014.2689999999999,18.551000000000002,1.188866,8.471,1.85,-0.035,100,0.5,3.3,1014.2689999999999,0.01888407847114637,290.5213920875393,8.670659778817296,192.31951946176025,True,12.790872945727463,20.817858408086284,3,2,20160906_flight01
2016-09-06 13:15:23,54.70963248,7.5002207499999995,89.1,0.229,3.338,1014.247,18.532,1.1889550000000002,8.721,1.8869999999999998,0.005000000000000002,100,0.4,3.4,1014.247,0.01885207391479593,290.50427107364374,8.922814018010238,192.20911975849623,True,12.796211577899205,20.75301143125168,3,2,20160906_flight01
2016-09-06 13:15:24,54.70950543,7.501201999999999,89.212,-0.231,3.318,1014.2460000000001,18.578000000000003,1.188851,8.203,1.835,0.05,100,0.4,3.4,1014.2460000000001,0.01877953023911383,290.5501672688504,8.405738159138672,192.60939451701114,True,12.801603826880138,20.68817574141252,3,2,20160906_flight01
2016-09-06 13:15:25,54.70937876,7.50218346,89.271,-0.221,3.3,1014.235,18.488999999999997,1.1887940000000001,8.347000000000001,2.215,0.038000000000000006,100,0.3,3.3,1014.235,0.01912824305234251,290.46242756374613,8.635892194787983,194.86175539125225,True,12.8070405053385,20.623339662947057,3,2,20160906_flight01
2016-09-06 13:15:26,54.70925261,7.50316549,89.262,-0.066,3.1890000000000005,1014.255,18.576,1.188777,8.249,1.959,-0.03,100,0.2,3.3,1014.255,0.018858973876392904,290.5474379814464,8.478424499870245,193.3593143900975,True,12.812543424367464,20.558485590001847,3,2,20160906_flight01
2016-09-06 13:15:27,54.709126839999996,7.504148239999999,89.2,-0.518,3.2510000000000003,1014.2510000000001,18.522000000000002,1.1888130000000001,8.479,2.086,-0.033,100,0.7,3.3,1014.2510000000001,0.01901272699708434,290.4939837942715,8.731828960761884,193.82139723768609,True,12.818100593406223,20.49359961756892,3,2,20160906_flight01
2016-09-06 13:15:28,54.709002309999995,7.50513209,89.166,-0.42200000000000004,3.115,1014.2669999999999,18.473,1.1888050000000001,8.497,1.966,0.10700000000000001,100,0.6,3.2,1014.2669999999999,0.01920688323976849,290.4438713080632,8.721477225791512,193.02760793830933,True,12.823810728995012,20.428686752055437,3,2,20160906_flight01
2016-09-06 13:15:29,54.708878510000005,7.50611672,89.01100000000001,-0.503,3.1710000000000003,1014.2760000000001,18.47,1.1888260000000002,8.286,1.8969999999999998,0.03,100,0.6,3.2,1014.2760000000001,0.019208408004284694,290.4401463633367,8.500376756356156,192.8950897948418,True,12.829613467333159,20.363749872662996,3,2,20160906_flight01
2016-09-06 13:15:30,54.70875546,7.50710213,88.866,-0.7160000000000001,3.133,1014.3009999999999,18.491,1.188939,8.615,2.01,0.075,100,1.1,3.2,1014.3009999999999,0.019063274551641918,290.4590138671881,8.846373550783394,193.13297108484363,True,12.835510933982489,20.298789641834514,3,2,20160906_flight01
2016-09-06 13:15:31,54.708633920000004,7.50808881,88.8,-1.224,3.299,1014.308,18.476,1.1890230000000002,8.613999999999999,1.662,-0.034,100,1.5,3.3,1014.308,0.019050726871087775,290.4435013922468,8.77286954194578,190.9205546499869,True,12.841593335816357,20.23380095729811,3,2,20160906_flight01
2016-09-06 13:15:32,54.708514290000004,7.5090765,88.85,-1.767,3.245,1014.307,18.5,1.1889450000000001,8.263,1.639,-0.127,100,1.9,3.3,1014.307,0.019032712793212614,290.4674859778137,8.423983024674255,191.21922823804405,True,12.847898177579447,20.168813132292062,3,2,20160906_flight01
2016-09-06 13:15:33,54.70839704,7.51006549,89.01,-2.295,3.23,1014.295,18.45,1.188903,8.585,1.8559999999999999,-0.136,100,2.4,3.3,1014.295,0.019231390870946274,290.41867136823026,8.783334275774777,192.19909015328744,True,12.854480994265854,20.10382381630747,3,2,20160906_flight01
2016-09-06 13:15:34,54.7082837,7.51105674,89.17399999999999,-1.351,3.237,1014.268,18.496,1.188854,8.4,2.126,-0.068,100,2.3,3.3,1014.268,0.019085506067428648,290.46669640651197,8.664864453642654,194.20303359941522,True,12.861522877280512,20.038824371740912,3,2,20160906_flight01
2016-09-06 13:15:35,54.70817309,7.5120498,89.196,0.023000000000000003,3.2,1014.2689999999999,18.488,1.188979,8.419,2.173,0.161,100,0.2,3.2,1014.2689999999999,0.01900732388721793,290.4586468528589,8.694911730431771,194.47255816150258,True,12.868889753132871,19.973803518102955,3,2,20160906_flight01
2016-09-06 13:15:36,54.708063169999996,7.51304351,89.07,0.42,3.16,1014.2869999999999,18.56,1.1890660000000002,8.266,1.923,-0.006000000000000001,100,0.7,3.2,1014.2869999999999,0.018699351351145532,290.5288811002463,8.486735827159933,193.09632786422983,True,12.87634247733032,19.908765357877865,3,2,20160906_flight01
2016-09-06 13:15:37,54.70795311,7.51403756,88.947,0.7859999999999999,3.2239999999999998,1014.2959999999999,18.579,1.189159,8.517999999999999,1.844,0.151,100,0.9,3.3,1014.2959999999999,0.018562378646826305,290.5470668386906,8.715311813125219,192.2150567322035,True,12.88378686959843,19.84370155330494,3,2,20160906_flight01
2016-09-06 13:15:38,54.70784273,7.51503155,88.80699999999999,0.555,3.237,1014.303,18.538,1.189076,8.934,2.0,-0.012,100,0.6,3.3,1014.303,0.01878368765113092,290.50565955556164,9.155127306597107,192.61841077919533,True,12.89119609747568,19.778630856789764,3,2,20160906_flight01
2016-09-06 13:15:39,54.70773277,7.5160259,88.875,0.838,3.2030000000000003,1014.3009999999999,18.571,1.1888990000000002,8.555,2.108,0.028000000000000004,100,1.1,3.3,1014.3009999999999,0.01881808866036616,290.5386896367451,8.810884688838005,193.8422511217897,True,12.898656894350557,19.71355182863543,3,2,20160906_flight01
2016-09-06 13:15:40,54.707621849999995,7.51701965,88.9,0.823,3.184,1014.302,18.544,1.1890310000000002,8.801,1.9480000000000002,-0.16699999999999998,100,1.1,3.2,1014.302,0.018800283381026572,290.5117171496621,9.014006046148404,192.4805470314858,True,12.90600411055424,19.648478074775067,3,2,20160906_flight01
2016-09-06 13:15:41,54.70751035,7.51801327,88.92,0.8390000000000001,3.2609999999999997,1014.297,18.583000000000002,1.1889480000000001,8.321,1.839,-0.156,100,1.2,3.3,1014.297,0.01873017689637524,290.550968706456,8.521793355861195,192.46244506829544,True,12.913287182111196,19.583393142222068,3,2,20160906_flight01
2016-09-06 13:15:42,54.707398229999995,7.519006490000001,89.075,1.381,3.228,1014.3009999999999,18.588,1.1890360000000002,8.19,1.868,-0.11900000000000001,100,1.7,3.3,1014.3009999999999,0.018641339883948005,290.555620737776,8.400328803088602,192.8484048482864,True,12.920496658784506,19.51831238830865,3,2,20160906_flight01
2016-09-06 13:15:43,54.70728494,7.51999905,89.176,1.1909999999999998,3.2909999999999995,1014.297,18.529,1.189025,8.39,2.198,0.134,100,1.3,3.3,1014.297,0.018852795435506442,290.4971875013467,8.673136918093707,194.68034920866606,True,12.92756908100223,19.453233660188804,3,2,20160906_flight01
2016-09-06 13:15:44,54.70717107,7.520991309999999,89.109,1.673,3.236,1014.299,18.546000000000003,1.1890230000000002,8.242,2.233,0.153,100,1.9,3.3,1014.299,0.018797139378593286,290.5139547899084,8.539136548855511,195.15919524977494,True,12.934574085060659,19.388154256996263,3,2,20160906_flight01
2016-09-06 13:15:45,54.707055389999994,7.5219827299999995,88.958,1.874,3.2,1014.309,18.597,1.189035,7.957000000000001,2.266,0.188,100,1.9,3.2,1014.309,0.018618806839065805,290.56392882683014,8.273367210513506,195.8959300146775,True,12.941370550522732,19.323066802872052,3,2,20160906_flight01
2016-09-06 13:15:46,54.70693727,7.52297319,88.654,1.766,3.17,1014.3480000000001,18.597,1.189126,8.217,2.405,0.137,100,1.9,3.2,1014.3480000000001,0.01858001792192643,290.5607336763013,8.561723775035025,196.31400907611146,True,12.947889211390658,19.257957845154092,3,2,20160906_flight01
2016-09-06 13:15:47,54.70681713,7.523963179999999,88.37700000000001,1.8459999999999999,3.116,1014.3969999999999,18.547,1.189166,8.35,2.6630000000000003,0.011000000000000001,100,1.9,3.2,1014.3969999999999,0.018769556826917944,290.50692347224174,8.764363582143314,197.6886345803631,True,12.954184139934428,19.192811020022805,3,2,20160906_flight01
2016-09-06 13:15:48,54.706694909999996,7.524952809999999,88.17299999999999,2.029,3.123,1014.3989999999999,18.686,1.189122,8.177999999999999,2.235,0.017,100,2.2,3.2,1014.3989999999999,0.018324008464617236,290.64519248533173,8.477907112017682,195.28534830987763,True,12.960251077614606,19.127617543686107,3,2,20160906_flight01
2016-09-06 13:15:49,54.706570170000006,7.52594146,88.066,1.784,3.287,1014.406,18.514,1.189221,8.636000000000001,2.3890000000000002,-0.005,100,2.1,3.3,1014.406,0.018846741615703655,290.4733210424549,8.96034692408726,195.46318464434228,True,12.966031323323199,19.062401149700086,3,2,20160906_flight01
2016-09-06 13:15:50,54.706443820000004,7.5269292199999995,88.1,1.252,3.3289999999999997,1014.408,18.516,1.189102,8.771,2.2640000000000002,0.022000000000000002,100,1.6,3.4,1014.408,0.01894372508214137,290.47514908564494,9.05848425510582,194.47345510481836,True,12.971623323283898,18.99718641852157,3,2,20160906_flight01
2016-09-06 13:15:51,54.70631632,7.52791605,88.171,0.8310000000000001,3.4,1014.405,18.563000000000002,1.18916,8.55,2.1180000000000003,0.10200000000000001,100,0.9,3.4,1014.405,0.01872685299997756,290.5222029159537,8.808429144858918,193.91318977745067,True,12.977075195246575,18.93199105780062,3,2,20160906_flight01
2016-09-06 13:15:52,54.706187760000006,7.52890176,88.26799999999999,1.034,3.35,1014.4,18.614,1.189271,8.362,2.06,0.129,100,1.1,3.4,1014.4,0.018448695073194132,290.57340434977124,8.612005805850343,193.8393847996059,True,12.982392845623616,18.866829787875854,3,2,20160906_flight01
2016-09-06 13:15:53,54.70605793,7.5298862,88.34,1.133,3.421,1014.398,18.641000000000002,1.18919,8.16,1.807,0.07100000000000001,100,1.3,3.5,1014.398,0.01842181183974989,290.6004580353375,8.357682035109974,192.48642368189095,True,12.987551067591612,18.801704920985838,3,2,20160906_flight01
2016-09-06 13:15:54,54.70592724,7.530869780000001,88.494,1.0410000000000001,3.4730000000000003,1014.393,18.609,1.189067,8.241,2.2359999999999998,-0.009,100,1.3,3.5,1014.393,0.018633850595667356,290.5689982158781,8.538956435068632,195.18037923499708,True,12.99260133016619,18.736604704970187,3,2,20160906_flight01
2016-09-06 13:15:55,54.705795779999995,7.53185245,88.685,0.92,3.305,1014.362,18.627,1.189057,8.127,2.028,-0.09300000000000001,100,1.0,3.4,1014.362,0.01854844837287506,290.5894646374175,8.376211136307395,194.0113582282156,True,12.997552235589334,18.671535210126304,3,2,20160906_flight01
2016-09-06 13:15:56,54.7056632,7.532834289999999,88.844,0.795,3.3,1014.3159999999999,18.59,1.1890720000000001,8.447000000000001,2.057,-0.054000000000000006,100,0.9,3.3,1014.3159999999999,0.01861858041915032,290.5563837262902,8.693851735565774,193.68619131029257,True,13.002368126957146,18.606479900805947,3,2,20160906_flight01
2016-09-06 13:15:57,54.70553021,7.53381584,88.934,0.726,3.3,1014.325,18.592,1.189003,8.55,2.326,-0.094,100,0.8,3.3,1014.325,0.01867974792681637,290.55763827483304,8.860743535392501,195.21882253369566,True,13.007134860025333,18.541428929326248,3,2,20160906_flight01
2016-09-06 13:15:58,54.70539696,7.53479738,89.0,0.56,3.2,1014.309,18.586,1.189011,8.567,2.553,-0.08900000000000001,100,0.7,3.2,1014.309,0.01867777562543549,290.55297343322854,8.939311942202263,196.59426542426593,True,13.011873768193707,18.476369963935845,3,2,20160906_flight01
2016-09-06 13:15:59,54.70526311,7.53577908,88.954,0.41200000000000003,3.136,1014.305,18.568,1.1891500000000002,8.524,2.985,-0.015,100,0.5,3.2,1014.305,0.018617533715076906,290.5353741096208,9.031544773736107,199.2996267021532,True,13.016551990373776,18.4112812394676,3,2,20160906_flight01
2016-09-06 13:16:00,54.70512881,7.53676123,88.755,0.265,3.062,1014.3530000000001,18.765,1.189214,8.308,2.344,-0.083,100,0.3,3.1,1014.3530000000001,0.017923502570822647,290.7276407159087,8.632334562561857,195.7557599989827,True,13.021191052526346,18.346149806310603,3,2,20160906_flight01
2016-09-06 13:16:01,54.70499404,7.537743880000001,88.54299999999999,0.336,3.0860000000000003,1014.3759999999999,18.713,1.189389,8.43,2.294,0.011000000000000001,100,0.4,3.2,1014.3759999999999,0.0179781451677401,290.67396724229997,8.736551722504709,195.2229080927426,True,13.025789791884021,18.280971912720624,3,2,20160906_flight01
2016-09-06 13:16:02,54.70485929,7.53872715,88.35700000000001,0.252,3.177,1014.395,18.694000000000003,1.1892310000000001,8.38,2.2030000000000003,-0.14400000000000002,100,0.3,3.2,1014.395,0.018198746451793868,290.6534876303697,8.664733636990812,194.72909038094357,True,13.030402595493081,18.21575637425296,3,2,20160906_flight01
2016-09-06 13:16:03,54.70472487,7.539711069999999,88.3,0.41,3.3080000000000003,1014.3989999999999,18.653,1.1890690000000002,8.476,2.531,-0.024,100,0.6,3.4,1014.3989999999999,0.018484565292380406,290.6123271385205,8.845820312441353,196.62603710154082,True,13.03506298728435,18.150511605208063,3,2,20160906_flight01
2016-09-06 13:16:04,54.704590710000005,7.54069545,88.382,0.726,3.3109999999999995,1014.3969999999999,18.631,1.189089,8.515,2.6189999999999998,-0.078,100,0.8,3.4,1014.3969999999999,0.018542218059172777,290.5905807658432,8.908669148643922,197.09658191133383,True,13.039759869152507,18.085247026372937,3,2,20160906_flight01
2016-09-06 13:16:05,54.704456369999996,7.541679769999999,88.4,0.63,3.3759999999999994,1014.398,18.58,1.1890720000000001,8.982999999999999,3.055,0.084,100,0.8,3.4,1014.398,0.018735847557672214,290.53970692258844,9.488272445498179,198.78249261635375,True,13.044436465580452,18.019980192702455,3,2,20160906_flight01
2016-09-06 13:16:06,54.70432198,7.5426641299999995,88.4,0.972,3.2889999999999997,1014.4,18.6,1.189233,8.38,2.887,0.017,100,1.1,3.4,1014.4,0.018530111075073075,290.55946147929757,8.863361044208908,199.0093797147743,True,13.049108518336547,17.95470923148259,3,2,20160906_flight01
2016-09-06 13:16:07,54.7041857,7.54364745,88.324,1.177,3.2310000000000003,1014.3989999999999,18.686,1.189403,8.199,2.227,0.16899999999999998,100,1.3,3.3,1014.3989999999999,0.018083426385726797,290.64519248533173,8.496065560010704,195.19597164085033,True,13.05355967904755,17.889439926755745,3,2,20160906_flight01
2016-09-06 13:16:08,54.70404791,7.54462984,88.206,0.39299999999999996,3.385,1014.401,18.765,1.189432,8.448,2.031,0.069,100,0.9,3.5,1014.401,0.0177850969090545,290.7237062003924,8.688709052557808,193.51804771664052,True,13.05783245159837,17.824178068496707,3,2,20160906_flight01
2016-09-06 13:16:09,54.70391071,7.54561245,88.23200000000001,0.22,3.4159999999999995,1014.4069999999999,18.744,1.18928,8.222000000000001,2.404,0.08800000000000001,100,0.5,3.5,1014.4069999999999,0.017994432448119158,290.70230013835254,8.566241883113038,196.29819570318722,True,13.062172164614344,17.758922159412275,3,2,20160906_flight01
2016-09-06 13:16:10,54.70377407,7.54659522,88.3,0.528,3.3539999999999996,1014.4,18.678,1.1891770000000002,8.568,2.501,0.054000000000000006,100,0.6,3.4,1014.4,0.01830582878715492,290.6371431862226,8.925560206508049,196.2725297495383,True,13.066574474391414,17.693674912996695,3,2,20160906_flight01
2016-09-06 13:16:11,54.70363756,7.54757792,88.354,0.6629999999999999,3.3,1014.3969999999999,18.642,1.189257,8.683,2.4530000000000003,0.004,100,0.7,3.3,1014.3969999999999,0.01835994235855276,290.6015358876243,9.022843121766,195.7753067784993,True,13.07098925242194,17.628436297486594,3,2,20160906_flight01
2016-09-06 13:16:12,54.703500940000005,7.54856043,88.4,0.696,3.3,1014.398,18.639,1.1892369999999999,8.597999999999999,2.699,-0.017,100,0.7,3.3,1014.398,0.018388542910570127,290.5984661955752,9.011670488871637,197.4276056926077,True,13.075388681218259,17.56320577787587,3,2,20160906_flight01
2016-09-06 13:16:13,54.70336361,7.549545910000001,88.4,0.579,3.28,1014.393,18.605000000000004,1.189289,8.955,2.708,0.023000000000000003,100,0.6,3.3,1014.393,0.018457669134722465,290.56501453073776,9.355495123188296,196.82536349500157,True,13.07976984263187,17.49776823707857,3,2,20160906_flight01
2016-09-06 13:16:14,54.70322658,7.55052851,88.473,0.754,3.253,1014.396,18.655,1.189287,8.68,2.563,-0.014000000000000002,100,0.9,3.3,1014.396,0.0182878830952673,290.6145647858892,9.050489986735524,196.45063199161117,True,13.084127430387772,17.432518576627405,3,2,20160906_flight01
2016-09-06 13:16:15,54.70308872,7.5515104,88.5,0.806,3.2460000000000004,1014.378,18.653,1.189292,8.622,2.299,0.068,100,0.9,3.3,1014.378,0.01827251217393,290.6140478035359,8.923244084972684,194.93017634725732,True,13.088383135488046,17.367285292815776,3,2,20160906_flight01
2016-09-06 13:16:16,54.70295017,7.5524917600000006,88.469,0.46799999999999997,3.323,1014.3839999999999,18.615,1.189203,8.615,2.1959999999999997,0.08800000000000001,100,0.8,3.4,1014.3839999999999,0.01848737557508784,290.57571107542094,8.89048035822587,194.30039989882795,True,13.092555302956955,17.30206190127085,3,2,20160906_flight01
2016-09-06 13:16:17,54.70281171,7.55347301,88.49600000000001,0.307,3.2230000000000003,1014.3809999999999,18.59,1.18914,8.65,2.322,0.042,100,0.4,3.3,1014.3809999999999,0.018625603535076696,290.5510587382024,8.956237156306214,195.02619714669044,True,13.096734917311784,17.236848287183623,3,2,20160906_flight01
2016-09-06 13:16:18,54.70267337,7.55445428,88.46,0.266,3.276,1014.387,18.575,1.189219,8.668,2.186,0.14800000000000002,100,0.4,3.3,1014.387,0.01861633360165138,290.53562837841486,8.939397071391335,194.15438533866504,True,13.100927670173691,17.171637412039875,3,2,20160906_flight01
2016-09-06 13:16:19,54.702535250000004,7.55543548,88.4,0.42200000000000004,3.3,1014.39,18.636000000000003,1.189225,8.653,2.202,0.02,100,1.0,3.3,1014.39,0.018401258107763496,290.5961338846081,8.928785639716075,194.27747760026497,True,13.10514245633073,17.106438148799374,3,2,20160906_flight01
2016-09-06 13:16:20,54.70239719999999,7.55641659,88.40800000000002,0.919,3.3,1014.391,18.665,1.1891559999999999,8.692,2.374,-0.004,100,1.0,3.3,1014.391,0.018360141504408567,290.6249336867135,9.010368471932766,195.27631168222928,True,13.109362948927112,17.041246764852207,3,2,20160906_flight01
2016-09-06 13:16:21,54.702258549999996,7.55739725,88.53699999999999,0.8,3.267,1014.37,18.639,1.189128,8.311,2.019,-0.07200000000000001,100,0.9,3.4,1014.37,0.01845377955589922,290.6007603186126,8.552723659747228,193.65441807406495,True,13.11351100940953,16.97606331128952,3,2,20160906_flight01
2016-09-06 13:16:22,54.702119190000005,7.55837719,88.67,0.6309999999999999,3.224,1014.345,18.582,1.1890010000000002,8.623,2.157,0.034,100,0.8,3.3,1014.345,0.018736466419147613,290.54604043004963,8.888688204679022,194.04406029501013,True,13.117569748065735,16.91090082689014,3,2,20160906_flight01
2016-09-06 13:16:23,54.70197992000001,7.55935703,88.79700000000001,1.26,3.2239999999999998,1014.318,18.614,1.1888690000000002,8.457,1.828,-0.419,100,1.4,3.3,1014.318,0.018710714630112646,290.58012249025126,8.652307957995948,192.19697010101692,True,13.121636126167372,16.845747502088326,3,2,20160906_flight01
2016-09-06 13:16:24,54.701839490000005,7.56033608,89.0,1.489,3.1690000000000005,1014.3,18.534000000000002,1.188802,8.531,2.14,0.036000000000000004,100,1.7,3.2,1014.3,0.019029461419619143,290.5019215054781,8.79531471864424,194.0820623861838,True,13.12556400932118,16.78060456648186,3,2,20160906_flight01
2016-09-06 13:16:25,54.70169758,7.56131405,89.0,1.4769999999999999,3.1140000000000003,1014.3009999999999,18.495,1.1889,8.577,2.261,0.013000000000000001,100,1.7,3.2,1014.3009999999999,0.019082726102543024,290.46299765566596,8.87000845546384,194.7678925322791,True,13.129313804268419,16.715479338908978,3,2,20160906_flight01
2016-09-06 13:16:26,54.70155423999999,7.56229122,88.95200000000001,1.207,3.0,1014.3009999999999,18.553,1.189071,8.628,2.033,-0.05,100,1.3,3.0,1014.3009999999999,0.0187335745751791,290.5207625885948,8.864280737882797,193.2586552383125,True,13.132896216585623,16.65035617539871,3,2,20160906_flight01
2016-09-06 13:16:27,54.701409649999995,7.56326783,88.84299999999999,1.5719999999999998,3.056,1014.31,18.601000000000003,1.189123,8.386000000000001,2.252,-0.07600000000000001,100,1.9,3.1,1014.31,0.01853046445479989,290.56783067628817,8.683115800218262,195.03172868238457,True,13.136334997783516,16.585226209306025,3,2,20160906_flight01
2016-09-06 13:16:28,54.70126311,7.56424368,88.736,1.881,3.0,1014.3330000000001,18.609,1.189219,8.366,2.049,0.043,100,2.0,3.0,1014.3330000000001,0.018443410793013593,290.5739138192534,8.613266337458747,193.76197184575534,True,13.139551901909373,16.52007861229455,3,2,20160906_flight01
2016-09-06 13:16:29,54.70111385999999,7.56521797,88.515,1.599,3.052,1014.37,18.625,1.189144,8.021,1.767,0.066,100,1.8,3.1,1014.37,0.01848894317556926,290.58681733020495,8.213326366339036,192.42363352948172,True,13.142450752747683,16.454937640297327,3,2,20160906_flight01
2016-09-06 13:16:30,54.700962499999996,7.56619109,88.339,1.056,3.1460000000000004,1014.3919999999999,18.519000000000002,1.189081,8.318,1.956,0.15,100,1.3,3.2,1014.3919999999999,0.018935168014528214,290.4794471986079,8.544885019706234,193.23284105984044,True,13.145102827059313,16.38979907009131,3,2,20160906_flight01
2016-09-06 13:16:31,54.7008108,7.56716409,88.199,0.587,3.2,1014.4,18.535,1.189032,8.365,2.0370000000000004,0.012,100,0.8,3.2,1014.4,0.018929299383192877,290.4947267235267,8.609447949781682,193.68598769202652,True,13.147716456058431,16.324656652659215,3,2,20160906_flight01
2016-09-06 13:16:32,54.70065867,7.5681367,88.19800000000001,0.643,3.127,1014.401,18.54,1.1891850000000002,8.464,1.9420000000000002,0.077,100,0.7,3.2,1014.401,0.018781745007596662,290.4996244166709,8.683931137451518,192.92241479135623,True,13.150276875598342,16.259524089224133,3,2,20160906_flight01
2016-09-06 13:16:33,54.700505830000004,7.56910883,88.10699999999999,0.413,3.2,1014.4,18.545,1.189174,8.566,2.0380000000000003,-0.019000000000000003,100,0.5,3.2,1014.4,0.018772701253446433,290.5046859167222,8.805100794425924,193.38285179672812,True,13.152752594738663,16.194397666311513,3,2,20160906_flight01
2016-09-06 13:16:34,54.700353080000006,7.570080870000001,88.1,0.248,3.2,1014.4,18.586000000000002,1.189189,8.193,1.8840000000000001,0.006999999999999999,100,0.3,3.2,1014.4,0.01861667633003239,290.54551860882384,8.40682490599156,192.95017414413405,True,13.155236145884635,16.129279785136667,3,2,20160906_flight01
2016-09-06 13:16:35,54.700200009999996,7.571052570000001,88.185,0.262,3.2140000000000004,1014.4,18.535,1.189234,8.566,1.916,0.057999999999999996,100,0.3,3.3,1014.4,0.018756226868889225,290.4947267235267,8.77766552108247,192.60810389589426,True,13.157679140972979,16.064172312099807,3,2,20160906_flight01
2016-09-06 13:16:36,54.700047430000005,7.572024290000001,88.228,-0.17300000000000001,3.2430000000000003,1014.398,18.641000000000002,1.189093,8.471,1.835,-0.10200000000000001,100,0.3,3.3,1014.398,0.018504889375105416,290.6004580353375,8.667471719019336,192.2226461379047,True,13.160174597515956,15.999079833219227,3,2,20160906_flight01
2016-09-06 13:16:37,54.6998959,7.57299654,88.37100000000001,-0.409,3.123,1014.3919999999999,18.538,1.189154,8.65,1.9969999999999999,-0.034,100,0.5,3.2,1014.3919999999999,0.018806250019792525,290.4983697083596,8.877528315922175,192.99993803686402,True,13.162791851853195,15.933989386061992,3,2,20160906_flight01
2016-09-06 13:16:38,54.6997455,7.57396947,88.469,0.002,3.1180000000000003,1014.3839999999999,18.596,1.189045,8.506,1.939,-0.14,100,0.2,3.2,1014.3839999999999,0.01868904987081188,290.55678852298854,8.724205236008608,192.84152649573488,True,13.165542294636838,15.868894352503752,3,2,20160906_flight01
2016-09-06 13:16:39,54.69959514999999,7.57494231,88.5,-0.004,3.1,1014.378,18.627,1.188997,8.02,1.555,-0.053,100,0.1,3.1,1014.378,0.01861591392411066,290.58815374061373,8.169358909975738,190.97294281816994,True,13.168296318296507,15.80380653579537,3,2,20160906_flight01
2016-09-06 13:16:40,54.699445,7.575915139999999,88.5,-0.03,3.1180000000000003,1014.3639999999999,18.568,1.188924,8.14,1.525,-0.03,100,0.2,3.2,1014.3639999999999,0.018870422639989615,290.53054093759863,8.281619708728481,190.61115536455884,True,13.171071405044072,15.738725961386432,3,2,20160906_flight01
2016-09-06 13:16:41,54.69929551999999,7.57688829,88.584,-0.052000000000000005,3.1040000000000005,1014.3659999999999,18.538,1.188871,8.171,1.3630000000000002,-0.253,100,0.2,3.2,1014.3659999999999,0.01902264828445288,290.500499241596,8.283900651263268,189.47028169231805,True,13.173923860109307,15.673647807327153,3,2,20160906_flight01
2016-09-06 13:16:42,54.69914705,7.57786197,88.7,0.34299999999999997,3.1,1014.332,18.507,1.188755,8.246,1.785,-0.012000000000000002,100,0.6,3.1,1014.332,0.019196244279194863,290.4724100309097,8.436986488077364,192.21428220133055,True,13.176893861842187,15.608570360104295,3,2,20160906_flight01
2016-09-06 13:16:43,54.69899883,7.57883571,88.7,0.677,3.051,1014.355,18.536,1.188824,8.347999999999999,1.8330000000000002,-0.137,100,0.7,3.1,1014.355,0.01905887159704278,290.4994083551856,8.546870362887224,192.38411068786507,True,13.179891588489072,15.543497486269821,3,2,20160906_flight01
2016-09-06 13:16:44,54.698850039999996,7.57980917,88.65899999999999,0.563,3.0,1014.3539999999999,18.502,1.188885,8.376,2.011,-0.009000000000000001,100,0.7,3.0,1014.3539999999999,0.019124373458452748,290.46562856626014,8.614029080517431,193.5006487974353,True,13.182823344878022,15.478423032864583,3,2,20160906_flight01
2016-09-06 13:16:45,54.69870086,7.58078279,88.454,0.5760000000000001,2.9159999999999995,1014.39,18.53,1.1890340000000001,8.218,1.73,0.006000000000000001,100,0.7,3.0,1014.39,0.018935007231953627,290.4905661390967,8.398120265869023,191.88795529123152,True,13.185716733709198,15.413325776043145,3,2,20160906_flight01
2016-09-06 13:16:46,54.698550999999995,7.581756380000001,88.184,0.726,2.747,1014.405,18.581000000000003,1.18908,7.808,1.5419999999999998,0.001,100,0.9,2.9,1014.405,0.018732531462140045,290.5401294384347,7.958808202237317,191.17157124299175,True,13.188537275662819,15.348207849708473,3,2,20160906_flight01
2016-09-06 13:16:47,54.698400629999995,7.58273025,87.84700000000001,0.47100000000000003,2.889,1014.466,18.477,1.1890610000000001,8.61,1.659,-0.059000000000000004,100,0.6,3.0,1014.466,0.01917339896909387,290.43155916523835,8.768373908541994,190.90625822680263,True,13.191309007384193,15.283055730973874,3,2,20160906_flight01
2016-09-06 13:16:48,54.698251,7.58370508,87.7,0.5730000000000001,2.985,1014.4889999999999,18.502,1.188906,8.096,1.55,-0.12,100,0.8,3.0,1014.4889999999999,0.01924200485326444,290.4545733347682,8.243040458471619,190.83827194815547,True,13.194177870707128,15.217868808101521,3,2,20160906_flight01
2016-09-06 13:16:49,54.69810066,7.5846795799999995,87.566,0.42700000000000005,3.0,1014.497,18.488,1.189038,8.311,1.922,0.12200000000000001,100,0.8,3.0,1014.497,0.019185814573164706,290.4399757801324,8.530346124278898,193.02129900593008,True,13.196964922022568,15.152678757851263,3,2,20160906_flight01
2016-09-06 13:16:50,54.69795002,7.58565401,87.36,0.086,3.072,1014.508,18.5,1.189195,8.317,1.8780000000000001,0.132,100,0.2,3.1,1014.508,0.01902037938982204,290.45102578717643,8.526392730809436,192.7241442408153,True,13.199718741951754,15.087483095962455,3,2,20160906_flight01
2016-09-06 13:16:51,54.6977995,7.58662859,87.18,-0.1,3.0069999999999997,1014.518,18.55,1.189271,8.22,1.77,0.022000000000000002,100,0.2,3.1,1014.518,0.018790643235225613,290.50000129118007,8.40840650777542,192.15186722955437,True,13.202488203661177,15.0222821408368,3,2,20160906_flight01
2016-09-06 13:16:52,54.6976491,7.5876046399999995,87.039,-0.391,3.0740000000000003,1014.54,18.598000000000003,1.189263,8.201,1.7890000000000001,-0.026000000000000002,100,0.5,3.1,1014.54,0.018651967441278616,290.5460018875293,8.393862162318369,192.30595448231554,True,13.205298725000572,14.956994334950856,3,2,20160906_flight01
2016-09-06 13:16:53,54.69749919,7.5885824600000005,87.0,-0.281,3.016,1014.544,18.609,1.189224,7.849,1.58,-0.16399999999999998,100,0.5,3.1,1014.544,0.01865098297738621,290.55662893512823,8.006447464387685,191.38150830341672,True,13.208195405701003,14.89161339771628,3,2,20160906_flight01
2016-09-06 13:16:54,54.697350109999995,7.58956027,87.00399999999999,-0.38299999999999995,3.136,1014.549,18.5,1.1892230000000001,8.214,1.31,-0.10800000000000001,100,0.7,3.3,1014.549,0.01903756816617097,290.44766875083246,8.317805960708629,189.06143722228262,True,13.21118010477341,14.826260569763601,3,2,20160906_flight01
2016-09-06 13:16:55,54.69720262,7.5905384300000005,87.1,-0.5329999999999999,3.282,1014.547,18.564,1.189055,8.033999999999999,2.065,0.23399999999999999,100,0.7,3.4,1014.547,0.0189559366743286,290.5115686996845,8.295142012045362,194.41484811989335,True,13.214340525817322,14.76093878100081,3,2,20160906_flight01
2016-09-06 13:16:56,54.69705657,7.59151661,87.024,-0.617,3.3,1014.553,18.606,1.189278,8.274,1.781,0.14400000000000002,100,0.8,3.3,1014.553,0.018624240401325043,290.5529041389015,8.463512096050904,192.14771283236743,True,13.217654372633946,14.695663452479177,3,2,20160906_flight01
2016-09-06 13:16:57,54.69691195,7.5924947199999995,87.059,0.019,3.235,1014.549,18.653,1.189263,7.76,1.499,0.033,100,0.7,3.3,1014.549,0.01846900330443879,290.600038006169,7.903455003984017,190.93316970758246,True,13.221118849405636,14.630439813716908,3,2,20160906_flight01
2016-09-06 13:16:58,54.69676774,7.59347225,87.1,0.428,3.188,1014.562,18.588,1.189127,8.28,2.092,-0.006,100,0.5,3.3,1014.562,0.01882548339150336,290.5342412586992,8.540191098564481,194.17943380361098,True,13.224615731802787,14.565265590936036,3,2,20160906_flight01
2016-09-06 13:16:59,54.69662443,7.5944500800000005,87.139,0.307,3.282,1014.559,18.565,1.189128,8.261000000000001,1.9680000000000002,-0.087,100,0.4,3.3,1014.559,0.018901942053527687,290.511581842049,8.49218140409165,193.39968625327862,True,13.228214041393253,14.500102642330226,3,2,20160906_flight01
2016-09-06 13:17:00,54.696481459999994,7.595427620000001,87.266,0.203,3.2,1014.5210000000001,18.593000000000004,1.189169,8.158999999999999,2.068,0.054000000000000006,100,0.3,3.2,1014.5210000000001,0.01873086918959843,290.5425786793648,8.417000950457352,194.22280410082138,True,13.231842901357036,14.434968873211343,3,2,20160906_flight01
2016-09-06 13:17:01,54.69633832,7.59640461,87.3,-0.198,3.2,1014.5139999999999,18.591,1.189214,8.085,2.147,-0.043,100,0.4,3.2,1014.5139999999999,0.01869227500112869,290.54116024804614,8.36521571748153,194.87185496682298,True,13.235443103251844,14.369863455621164,3,2,20160906_flight01
2016-09-06 13:17:02,54.69619592,7.597382179999999,87.28299999999999,-0.462,3.0940000000000003,1014.5319999999999,18.596,1.1891880000000001,8.276,2.498,-0.005999999999999998,100,0.6,3.2,1014.5319999999999,0.018715162630128068,290.5446653683679,8.644777614259374,196.79573802099722,True,13.239133119486718,14.304746712573671,3,2,20160906_flight01
2016-09-06 13:17:03,54.69605493,7.59836108,87.118,-0.6829999999999999,3.03,1014.5690000000001,18.597,1.189239,7.782,2.457,-0.11200000000000002,100,0.9,3.1,1014.5690000000001,0.018705134684299907,290.54263080694346,8.160660083596179,197.52239702061652,True,13.242998598438918,14.239594496438276,3,2,20160906_flight01
2016-09-06 13:17:04,54.69591505,7.5993414800000005,86.88,-0.845,2.838,1014.5980000000001,18.58,1.189439,8.17,2.156,0.1,100,1.0,2.9,1014.5980000000001,0.01862231109583168,290.523326010264,8.449688514969058,194.78290816408824,True,13.247010930149534,14.174386366935924,3,2,20160906_flight01
2016-09-06 13:17:05,54.69577701,7.60032379,86.552,-0.772,2.937,1014.6030000000001,18.597,1.189512,8.315,1.983,0.07400000000000001,100,0.9,3.1,1014.6030000000001,0.018505466638644386,290.5398462002138,8.548187761157331,193.4136114633405,True,13.251255592665883,14.10912117100807,3,2,20160906_flight01
2016-09-06 13:17:06,54.69564109,7.60130806,86.31700000000001,-0.498,3.147,1014.658,18.688,1.18943,8.121,1.95,-0.09699999999999999,100,0.7,3.2,1014.658,0.01831327209654665,290.6259640101675,8.35183458887926,193.50213727987642,True,13.255763306691259,14.043805093569485,3,2,20160906_flight01
2016-09-06 13:17:07,54.69550623,7.60229319,86.227,-0.145,3.062,1014.682,18.611,1.18953,8.033,1.901,0.04100000000000001,100,0.2,3.1,1014.682,0.01852048172268539,290.5473183100121,8.254870683420787,193.31404478871139,True,13.2604002357567,13.978470989695598,3,2,20160906_flight01
2016-09-06 13:17:08,54.69537184,7.603278749999999,86.155,0.20800000000000002,3.123,1014.685,18.623,1.189363,8.257,1.895,-0.256,100,0.4,3.2,1014.685,0.018624609698393746,290.5590226996981,8.471663000851722,192.9256749355901,True,13.265095395648858,13.913125885272592,3,2,20160906_flight01
2016-09-06 13:17:09,54.69523833,7.60426505,86.26,0.593,3.2709999999999995,1014.67,18.598000000000003,1.1893479999999998,8.122,2.25,0.051,100,0.8,3.3,1014.67,0.018709684265253435,290.535355081689,8.427893212422664,195.48408117877864,True,13.269898329786367,13.847764206739548,3,2,20160906_flight01
2016-09-06 13:17:10,54.69510433000001,7.605250989999999,86.329,0.884,3.356,1014.6669999999999,18.676,1.1894,8.012,1.9240000000000002,0.068,100,1.0,3.4,1014.6669999999999,0.018389864330220274,290.6132766176256,8.239776696003357,193.5033062203977,True,13.274642255449367,13.782408541291922,3,2,20160906_flight01
2016-09-06 13:17:11,54.694969199999996,7.6062356399999995,86.45700000000001,0.8759999999999999,3.4960000000000004,1014.637,18.573,1.189514,8.171,2.155,0.098,100,1.2,3.6,1014.637,0.018621679815147285,290.5131612467051,8.450400345545765,194.77462231974465,True,13.279241246536602,13.71709515170621,3,2,20160906_flight01
2016-09-06 13:17:12,54.69483381,7.607219680000001,86.692,1.104,3.466,1014.6010000000001,18.74,1.189301,7.917000000000001,2.2640000000000002,0.022000000000000002,100,1.3,3.6,1014.6010000000001,0.018185092727941443,290.68241839027763,8.234353951586003,195.95877673563683,True,13.283800859157159,13.651810839811645,3,2,20160906_flight01
2016-09-06 13:17:13,54.69469759,7.608202840000001,86.88300000000001,1.225,3.35,1014.6,18.663,1.189476,8.274,2.128,0.163,100,1.4,3.4,1014.6,0.01830291655824956,290.60581886511864,8.54326986580665,194.42337122207744,True,13.288255315611012,13.586553408177128,3,2,20160906_flight01
2016-09-06 13:17:14,54.694560300000006,7.60918497,86.93,1.6219999999999999,3.325,1014.5980000000001,18.773,1.189313,7.899,1.7380000000000002,0.067,100,1.8,3.4,1014.5980000000001,0.018056711104096346,290.71552771019196,8.087944423646839,192.40894062902294,True,13.292576220732093,13.521324175376577,3,2,20160906_flight01
2016-09-06 13:17:15,54.69442094,7.6101654,87.0,1.5090000000000001,3.283,1014.595,18.607,1.18929,8.099,2.269,0.17300000000000001,100,1.7,3.3,1014.595,0.0186526390879187,290.5504600367247,8.410835986987262,195.65064305788877,True,13.296644394800987,13.456131415835536,3,2,20160906_flight01
2016-09-06 13:17:16,54.6942804,7.61114514,86.94800000000001,0.89,3.3,1014.597,18.616,1.1892150000000001,8.355,2.227,0.17900000000000002,100,1.1,3.3,1014.597,0.018687466336380965,290.5592590088889,8.646707697152715,194.9250146043359,True,13.300573873952748,13.390942204445796,3,2,20160906_flight01
2016-09-06 13:17:17,54.69413949,7.61212459,86.86200000000001,0.613,3.3,1014.599,18.637,1.1893690000000001,8.307,1.975,0.154,100,0.7,3.3,1014.599,0.018484268155199768,290.58000833275617,8.538552219199694,193.37384698689004,True,13.304458445934488,13.32575865578469,3,2,20160906_flight01
2016-09-06 13:17:18,54.69399790000001,7.61310342,86.8,0.498,3.181,1014.6,18.595,1.189396,8.338,1.966,-0.013999999999999997,100,0.6,3.3,1014.6,0.018608770932360796,290.53810016964303,8.566644617351649,193.26732764376985,True,13.308258810031978,13.260590891352567,3,2,20160906_flight01
2016-09-06 13:17:19,54.69385597,7.61408192,86.8,0.31,3.2510000000000003,1014.6,18.632,1.189361,7.987,1.459,-0.037000000000000005,100,0.4,3.3,1014.6,0.01850957558655386,290.57494710688707,8.119165597522938,190.35218530088582,True,13.312016685066512,13.195432254754397,3,2,20160906_flight01
2016-09-06 13:17:20,54.69371384,7.6150600299999995,86.90899999999999,-0.21400000000000002,3.217,1014.597,18.604,1.189219,7.7620000000000005,1.7770000000000001,-0.075,100,0.4,3.3,1014.597,0.018725938954232912,290.5473086407579,7.962811877722593,192.89484262194173,True,13.315745794635676,13.130291090258364,3,2,20160906_flight01
2016-09-06 13:17:21,54.69357272,7.61603864,87.03200000000001,-0.408,3.388,1014.596,18.541,1.189221,8.154,1.88,0.04,100,0.6,3.5,1014.596,0.01894324747983589,290.4846510914578,8.367921844759307,192.98332617429077,True,13.319591873192609,13.065152486178182,3,2,20160906_flight01
2016-09-06 13:17:22,54.693433660000004,7.61701817,87.20700000000001,-0.6259999999999999,3.428,1014.553,18.56,1.189179,7.847,1.618,-0.002000000000000001,100,0.7,3.5,1014.553,0.018869682698098522,290.5070938262074,8.012074200854608,191.6507326655726,True,13.323674600379588,13.000025270698295,3,2,20160906_flight01
2016-09-06 13:17:23,54.693295930000005,7.617997880000001,87.456,-0.37,3.2539999999999996,1014.512,18.54,1.189199,8.029,1.821,0.037000000000000005,100,0.4,3.3,1014.512,0.018881229313946202,290.4905337786893,8.232914550752971,192.7786632195103,True,13.327902143685188,12.934930986257463,3,2,20160906_flight01
2016-09-06 13:17:24,54.69315923,7.6189778200000005,87.61,-0.257,3.3,1014.4989999999999,18.531000000000002,1.189171,8.357999999999999,2.105,0.146,100,0.4,3.3,1014.4989999999999,0.01892360196371934,290.4826353581634,8.619001624318212,194.1362050495335,True,13.332243582436776,12.869856606897045,3,2,20160906_flight01
2016-09-06 13:17:25,54.693024210000004,7.61995864,87.7,-0.134,3.359,1014.503,18.509,1.1893070000000001,8.354,2.138,0.098,100,0.2,3.4,1014.503,0.01888795217061312,290.4603982073895,8.623245328761092,194.35532000127964,True,13.336780513852842,12.804783501142879,3,2,20160906_flight01
2016-09-06 13:17:26,54.69289009,7.62093982,87.7,0.12300000000000001,3.1430000000000002,1014.497,18.57,1.1893500000000001,8.163,2.0170000000000003,0.011000000000000001,100,0.2,3.3,1014.497,0.018632044158028993,290.5216389310728,8.408499152643117,193.87924195561644,True,13.341420027817547,12.739717962403187,3,2,20160906_flight01
2016-09-06 13:17:27,54.69275581,7.62192094,87.639,0.14300000000000002,3.09,1014.5189999999999,18.566000000000003,1.189438,8.28,1.829,-0.092,100,0.2,3.1,1014.5189999999999,0.01859273590936672,290.5158535716995,8.479601464691603,192.45625175812006,True,13.346041381909158,12.674650831272697,3,2,20160906_flight01
2016-09-06 13:17:28,54.69262182000001,7.62290262,87.546,-0.012000000000000002,3.0060000000000002,1014.523,18.544,1.189484,8.372,2.119,0.006000000000000001,100,0.1,3.1,1014.523,0.018634181689626494,290.49361651345504,8.63600283696109,194.20359101545574,True,13.350704340018831,12.60955870541753,3,2,20160906_flight01
2016-09-06 13:17:29,54.69248863,7.62388534,87.35700000000001,-0.15600000000000003,3.054,1014.55,18.579,1.1894280000000002,8.312000000000001,2.146,0.124,100,0.2,3.1,1014.55,0.018587032167336037,290.5262611732815,8.584559394634068,194.47654818745696,True,13.355472346898035,12.544428819875566,3,2,20160906_flight01
2016-09-06 13:17:30,54.69235589,7.624868790000001,87.14299999999999,0.077,2.98,1014.582,18.647000000000002,1.189491,8.084,1.6580000000000001,-0.044,100,0.3,3.0,1014.582,0.018327844392090453,290.59135950128774,8.252273626098447,191.590431458885,True,13.360302235824117,12.47926873553996,3,2,20160906_flight01
2016-09-06 13:17:31,54.6922231,7.625852569999999,87.0,0.27899999999999997,3.142,1014.604,18.56,1.189511,8.412,1.821,-0.064,100,0.4,3.2,1014.604,0.01863651246072151,290.50291740613466,8.606845240853353,192.2147130094973,True,13.36513316530075,12.41408660571376,3,2,20160906_flight01
2016-09-06 13:17:32,54.692091090000005,7.62683702,87.0,0.267,3.2739999999999996,1014.605,18.589000000000002,1.189386,8.11,1.723,-0.016999999999999998,100,0.6,3.3,1014.605,0.018643304207961453,290.53171550943364,8.291008925335927,191.99436443666843,True,13.370059893283875,12.348888914578339,3,2,20160906_flight01
2016-09-06 13:17:33,54.69195920999999,7.627821249999999,87.094,0.574,3.224,1014.5980000000001,18.569000000000003,1.1894230000000001,8.358,1.9520000000000002,-0.067,100,0.6,3.3,1014.5980000000001,0.01867442373969519,290.51237150923185,8.582917219687022,193.14572399037496,True,13.374996201126818,12.283709122248347,3,2,20160906_flight01
2016-09-06 13:17:34,54.69182699,7.628805089999999,87.20700000000001,0.555,3.312,1014.595,18.545,1.1893529999999999,8.283,1.9380000000000002,0.07600000000000001,100,0.6,3.4,1014.595,0.018815185026925363,290.48871643323866,8.506699301139072,193.16878597456144,True,13.379888864553754,12.218542164913607,3,2,20160906_flight01
2016-09-06 13:17:35,54.69169489,7.62978865,87.3,-0.043,3.342,1014.586,18.567,1.18937,8.179,1.901,0.124,100,0.4,3.4,1014.586,0.01871475277400969,290.51136247561266,8.397013873991158,193.084628832426,True,13.384788889702063,12.15339648232256,3,2,20160906_flight01
2016-09-06 13:17:36,54.691563210000005,7.6307719999999994,87.36399999999999,-0.636,3.304,1014.559,18.599,1.189375,8.039,1.784,-0.051000000000000004,100,1.0,3.4,1014.559,0.018571627874186092,290.5454415811184,8.234572059311885,192.51220439359145,True,13.389729507959482,12.088277686114349,3,2,20160906_flight01
2016-09-06 13:17:37,54.69143263,7.63175576,87.514,-1.29,3.193,1014.538,18.643,1.189243,8.151,1.8459999999999999,-0.11199999999999999,100,1.9,3.3,1014.538,0.018509992666349895,290.59098032407445,8.3574228683249,192.76081229709825,True,13.394794927209544,12.023169992059579,3,2,20160906_flight01
2016-09-06 13:17:38,54.69130473999999,7.6327409699999995,87.696,-2.5869999999999997,3.3,1014.507,18.523,1.1891880000000001,8.463,1.86,-0.037000000000000005,100,2.8,3.3,1014.507,0.018945017581995183,290.47401312166477,8.664985227915855,192.39540683375844,True,13.400174156026624,11.958061807006406,3,2,20160906_flight01
2016-09-06 13:17:39,54.69118122,7.63372841,87.89,-2.426,3.3,1014.5,18.533,1.189038,8.117,1.817,-0.001,100,2.8,3.3,1014.5,0.019031590967511836,290.4845452499996,8.317883023943052,192.6177170717475,True,13.406060761481244,11.892960583161472,3,2,20160906_flight01
2016-09-06 13:17:40,54.69106113,7.6347175300000005,88.06,-1.655,3.272,1014.4910000000001,18.508,1.1891800000000001,8.137,2.05,-0.078,100,2.0,3.3,1014.4910000000001,0.018988206224823,290.4603849303977,8.391261466549592,194.14057406853368,True,13.412344251262878,11.827869167962135,3,2,20160906_flight01
2016-09-06 13:17:41,54.69094405,7.63570829,88.2,-1.428,3.1860000000000004,1014.4739999999999,18.5,1.189265,8.091000000000001,1.788,-0.046,100,1.5,3.2,1014.4739999999999,0.0189262507516883,290.4538098033096,8.286206912695338,192.46130829465355,True,13.418979218275519,11.762776121526365,3,2,20160906_flight01
2016-09-06 13:17:42,54.69082968,7.63670065,88.29699999999998,-1.207,3.1740000000000004,1014.4680000000001,18.536,1.189284,8.191,1.798,-0.034,100,1.3,3.2,1014.4680000000001,0.018778192627993295,290.4901535208908,8.38601723108175,192.38059416271753,True,13.425933008812864,11.697673978635958,3,2,20160906_flight01
2016-09-06 13:17:43,54.690718020000006,7.63769449,88.345,-1.0510000000000002,3.2,1014.4580000000001,18.49,1.189279,8.272,1.855,0.08800000000000001,100,1.2,3.2,1014.4580000000001,0.018933122932538238,290.445160939725,8.477441182337982,192.6395020967025,True,13.433203312161242,11.632570153611173,3,2,20160906_flight01
2016-09-06 13:17:44,54.69060875,7.638689530000001,88.417,-1.046,3.2709999999999995,1014.435,18.554000000000002,1.1892740000000002,8.064,1.59,-0.10800000000000001,100,1.1,3.3,1014.435,0.018690754923658348,290.5107824939167,8.219257630710938,191.154081775974,True,13.440750727619855,11.567471347429862,3,2,20160906_flight01
2016-09-06 13:17:45,54.69050133,7.63968536,88.553,-1.205,3.125,1014.4159999999999,18.51,1.189203,8.425,2.028,-0.145,100,1.3,3.2,1014.4159999999999,0.018886180424113608,290.4685184325175,8.665645330845246,193.53430884478735,True,13.448509970005565,11.502385006367827,3,2,20160906_flight01
2016-09-06 13:17:46,54.69039654,7.64068277,88.579,-0.9590000000000001,3.1710000000000003,1014.403,18.506,1.18912,8.157,1.82,0.157,100,1.1,3.2,1014.403,0.018958214591577205,290.4655993818508,8.35757434905607,192.57788458510765,True,13.4565791485393,11.43728815479577,3,2,20160906_flight01
2016-09-06 13:17:47,54.69029364,7.6416812300000005,88.56,-0.675,3.0180000000000002,1014.42,18.534000000000002,1.189186,7.696000000000001,1.639,-0.217,100,1.1,3.2,1014.42,0.01882092726431739,290.4920927885571,7.8685918053994905,192.0225404591725,True,13.464869411675357,11.372189028869915,3,2,20160906_flight01
2016-09-06 13:17:48,54.6901919,7.642681,88.49700000000001,-0.10300000000000001,3.1,1014.425,18.5,1.189154,8.147,2.001,0.231,100,0.2,3.3,1014.425,0.018972141427030964,290.45782227293637,8.389136427547236,193.79936903413056,True,13.473308182851833,11.307047385027559,3,2,20160906_flight01
2016-09-06 13:17:49,54.69009157000001,7.643681,88.24600000000001,-0.036000000000000004,3.178,1014.4830000000001,18.503,1.1891470000000002,8.318,2.03,0.35600000000000004,100,0.1,3.3,1014.4830000000001,0.019025917998864328,290.456060534231,8.562127305757606,193.7148892844084,True,13.48190123520355,11.241938232699997,3,2,20160906_flight01
2016-09-06 13:17:50,54.689992499999995,7.644682169999999,87.946,0.56,3.079,1014.502,18.545,1.189206,7.685,1.9709999999999999,-0.08800000000000001,100,1.0,3.2,1014.502,0.018847724321302328,290.4963321560613,7.93372963996127,194.3848026518544,True,13.490650727584123,11.176798524715092,3,2,20160906_flight01
2016-09-06 13:17:51,54.68989225,7.6456832299999995,87.723,1.1,2.842,1014.5310000000001,18.5,1.189349,7.9110000000000005,1.6769999999999998,0.017,100,1.1,3.0,1014.5310000000001,0.018911533291558147,290.4491425501823,8.086794791510417,191.96857147305764,True,13.499272693498538,11.111626529000524,3,2,20160906_flight01
2016-09-06 13:17:52,54.689790949999995,7.64668446,87.435,0.997,3.085,1014.59,18.512999999999998,1.189311,8.071,1.5530000000000002,0.111,100,1.1,3.2,1014.59,0.018957926448895046,290.45725814663626,8.219054081827178,190.89158282814395,True,13.507786340779576,11.04640925136016,3,2,20160906_flight01
2016-09-06 13:17:53,54.68968944,7.647685770000001,87.3,1.032,3.17,1014.599,18.491,1.189361,8.161,1.436,-0.11,100,1.3,3.2,1014.599,0.019000991209971563,290.4346122691324,8.28637538372478,189.97954119812516,True,13.516279210108864,10.981180075178987,3,2,20160906_flight01
2016-09-06 13:17:54,54.68958736,7.64868677,87.3,1.5630000000000002,3.184,1014.599,18.483,1.189171,8.158999999999999,1.8030000000000002,0.121,100,1.6,3.2,1014.599,0.019191759701934208,290.4266453615366,8.355841669155776,192.46112706854234,True,13.524705531501025,10.915951173006935,3,2,20160906_flight01
2016-09-06 13:17:55,54.68948365,7.64968654,87.295,1.531,3.165,1014.599,18.497,1.189233,8.015,1.867,0.037000000000000005,100,1.6,3.2,1014.599,0.019089702754553572,290.44058744982925,8.229575566212391,193.11255212546718,True,13.53293493456068,10.850744278439844,3,2,20160906_flight01
2016-09-06 13:17:56,54.68937831,7.65068548,87.2,1.4709999999999999,3.178,1014.6,18.479,1.189343,8.071,1.8459999999999999,0.048,100,1.5,3.2,1014.6,0.019059348241765584,290.4225800420669,8.279417672759358,192.88309709682667,True,13.540975121666007,10.785534677076534,3,2,20160906_flight01
2016-09-06 13:17:57,54.689271639999994,7.65168378,87.11399999999999,1.504,3.213,1014.605,18.49,1.189438,8.107,1.646,0.064,100,1.6,3.3,1014.605,0.018944544171195954,290.4331251946817,8.272409866538286,191.4770067706321,True,13.548861634915452,10.720320566234719,3,2,20160906_flight01
2016-09-06 13:17:58,54.68916359,7.65268109,87.1,1.612,3.248,1014.6030000000001,18.521,1.189403,7.968999999999999,1.47,0.12200000000000001,100,1.9,3.3,1014.6030000000001,0.01886421894446988,290.4641606633918,8.103447476228867,190.45156543688165,True,13.55658242081841,10.655121914906335,3,2,20160906_flight01
2016-09-06 13:17:59,54.68905367,7.6536770899999995,87.115,2.049,3.2439999999999998,1014.6030000000001,18.568,1.189282,7.6370000000000005,1.798,0.132,100,2.2,3.3,1014.6030000000001,0.018803709786892497,290.5109661927422,7.845799704300385,193.2480466740439,True,13.564079241136058,10.589942264735853,3,2,20160906_flight01
2016-09-06 13:18:00,54.68894112,7.65467141,87.1,1.8219999999999998,3.201,1014.6080000000001,18.545,1.189287,7.83,1.896,0.062,100,1.9,3.3,1014.6080000000001,0.018884779416961317,290.4876519413482,8.056284255163792,193.61191470859023,True,13.571264199712482,10.524779303676013,3,2,20160906_flight01
2016-09-06 13:18:01,54.68882713,7.655665,87.1,1.3780000000000001,3.3,1014.612,18.514,1.189294,8.082,1.9140000000000001,-0.019000000000000003,100,1.7,3.3,1014.612,0.018991092932577835,290.45645275510554,8.305547543660202,193.32347134773522,True,13.578282060792786,10.4596137504366,3,2,20160906_flight01
2016-09-06 13:18:02,54.688712370000005,7.65665799,87.1,1.1360000000000001,3.284,1014.6110000000001,18.535,1.1893040000000001,8.06,1.845,0.065,100,1.3,3.3,1014.6110000000001,0.018908158605298375,290.47744769105554,8.268471745129206,192.89333713485985,True,13.585206534066879,10.394459764708547,3,2,20160906_flight01
2016-09-06 13:18:03,54.688596600000004,7.65765008,87.191,0.958,3.2110000000000003,1014.6010000000001,18.539,1.1893850000000001,8.068999999999999,1.827,-0.05600000000000001,100,1.1,3.3,1014.6010000000001,0.018814755383906645,290.4822499497814,8.273251476898306,192.7579144887298,True,13.592006335973513,10.32932793296536,3,2,20160906_flight01
2016-09-06 13:18:04,54.68847993,7.65864146,87.264,0.983,3.1890000000000005,1014.6,18.527,1.189392,8.161,1.6569999999999998,-0.03900000000000001,100,1.1,3.2,1014.6,0.018849670322109935,290.47038147416737,8.327518838165423,191.47725046336876,True,13.598696815748456,10.264210159308021,3,2,20160906_flight01
2016-09-06 13:18:05,54.68836262,7.659632289999999,87.32,1.165,3.263,1014.6,18.549,1.189355,7.845,1.4709999999999999,0.08,100,1.3,3.3,1014.6,0.01880452177371228,290.49229046388007,7.981720741794967,190.62009624018668,True,13.605308686684305,10.199105169747266,3,2,20160906_flight01
2016-09-06 13:18:06,54.68824418,7.66062205,87.427,0.915,3.238,1014.6,18.582,1.1891450000000001,7.556,1.64,-0.12200000000000001,100,1.1,3.3,1014.6,0.01886917508442232,290.52515394844914,7.731929642721796,192.24588376456387,True,13.611779859354316,10.134028863128389,3,2,20160906_flight01
2016-09-06 13:18:07,54.68812535,7.66161157,87.54799999999999,0.565,3.28,1014.596,18.541,1.189141,7.725,1.662,-0.081,100,0.6,3.3,1014.596,0.019011797348857717,290.4846510914578,7.901763663891751,192.14185531536708,True,13.618204962086855,10.06895446749407,3,2,20160906_flight01
2016-09-06 13:18:08,54.68800719,7.66260122,87.697,0.426,3.318,1014.573,18.519000000000002,1.189127,8.29,1.694,0.24100000000000002,100,0.6,3.4,1014.573,0.01907755530177635,290.4646252815569,8.461308173090021,191.5489733713603,True,13.624703774507788,10.003894231550216,3,2,20160906_flight01
2016-09-06 13:18:09,54.68788941,7.66359055,87.809,0.513,3.405,1014.558,18.502,1.189121,7.848,1.4909999999999999,0.025,100,0.7,3.5,1014.558,0.019127030704017,290.4489236136859,7.988378120745161,190.75712152839384,True,13.631236810753263,9.938866353561213,3,2,20160906_flight01
2016-09-06 13:18:10,54.68777102,7.66457878,87.96700000000001,0.731,3.3289999999999997,1014.52,18.535,1.189132,7.976,1.4509999999999998,-0.013999999999999999,100,0.9,3.4,1014.52,0.01896413823529941,290.48489921885243,8.106909213750948,190.31053571625517,True,13.63768383573584,9.873886235636053,3,2,20160906_flight01
2016-09-06 13:18:11,54.68765216,7.665566340000001,88.16799999999999,0.87,3.335,1014.5039999999999,18.573,1.1889450000000001,7.643,1.775,0.025,100,0.9,3.4,1014.5039999999999,0.01897558102178354,290.524053290972,7.846405164150013,193.07452564508577,True,13.644068008464336,9.808931946900625,3,2,20160906_flight01
2016-09-06 13:18:12,54.687533,7.66655357,88.3,0.645,3.339,1014.5010000000001,18.505,1.188854,7.992000000000001,1.944,0.151,100,0.8,3.4,1014.5010000000001,0.019288158207018347,290.4565784119679,8.225034954333022,193.67130713219584,True,13.650413943260984,9.74398811088765,3,2,20160906_flight01
2016-09-06 13:18:13,54.68741434,7.66754082,88.3,0.341,3.313,1014.498,18.474,1.188961,8.026,1.781,0.215,100,0.4,3.4,1014.498,0.019301755500492623,290.4259514160943,8.221230868914946,192.51142152929566,True,13.65681340229168,9.679059600251883,3,2,20160906_flight01
2016-09-06 13:18:14,54.68729587,7.66852789,88.3,0.237,3.2089999999999996,1014.502,18.574,1.188984,7.829,1.652,-0.131,100,0.3,3.3,1014.502,0.01893665591544824,290.52521298580655,8.001396440622099,191.91521135053753,True,13.663229588116819,9.614148504313992,3,2,20160906_flight01
2016-09-06 13:18:15,54.68717751,7.66951504,88.3,0.114,3.068,1014.5010000000001,18.504,1.1890340000000001,8.25,1.806,-0.071,100,0.2,3.2,1014.5010000000001,0.019137349233279588,290.4555825210063,8.44536180397264,192.34778596732156,True,13.669659005022721,9.549236108937187,3,2,20160906_flight01
2016-09-06 13:18:16,54.68706021,7.670503159999999,88.3,0.12200000000000001,3.1460000000000004,1014.4989999999999,18.507,1.1889960000000002,8.176,1.5759999999999998,-0.121,100,0.2,3.2,1014.4989999999999,0.019157428173637525,290.4587339616083,8.326508992368892,190.91047713306705,True,13.676219755123624,9.484298890665144,3,2,20160906_flight01
2016-09-06 13:18:17,54.68694365,7.67149176,88.3,-0.023,3.1460000000000004,1014.4989999999999,18.549,1.188914,8.354,1.742,-0.018000000000000002,100,0.5,3.2,1014.4989999999999,0.019080967453895425,290.50056140557973,8.53369087792615,191.77869608859146,True,13.682868393971399,9.419356525536415,3,2,20160906_flight01
2016-09-06 13:18:18,54.68682805,7.67248111,88.322,-0.36800000000000005,3.138,1014.5,18.516,1.1889100000000001,7.631,1.6130000000000002,-0.276,100,0.5,3.2,1014.5,0.019200703093949167,290.4676150988792,7.799610887730234,191.93519351767205,True,13.689633501881682,9.354399618213218,3,2,20160906_flight01
2016-09-06 13:18:19,54.68671294,7.67347094,88.4,1.6653345369377347e-18,2.917,1014.5,18.500999999999998,1.188859,7.825,1.736,-0.245,100,0.3,3.0,1014.5,0.019296846146196422,290.4526767302435,8.0152555168254,192.50864870126392,True,13.696459928980124,9.28942928348441,3,2,20160906_flight01
2016-09-06 13:18:20,54.68659874,7.67446209,88.29899999999999,-0.081,3.144,1014.5,18.461,1.188927,8.024,2.2969999999999997,0.037000000000000005,100,0.2,3.2,1014.5,0.019378356015799403,290.4128410805485,8.346303672884181,195.9746274767564,True,13.703408487120578,9.224407532430178,3,2,20160906_flight01
2016-09-06 13:18:21,54.686486,7.67545459,88.15899999999999,0.261,3.117,1014.507,18.554000000000002,1.18908,8.11,1.953,0.07,100,0.5,3.2,1014.507,0.018929269539718296,290.50488568925505,8.341840863982002,193.5398135247224,True,13.710538207008588,9.159350728677662,3,2,20160906_flight01
2016-09-06 13:18:22,54.686373489999994,7.67644765,87.964,0.573,3.095,1014.554,18.516,1.189148,7.837999999999999,2.032,0.005999999999999998,100,0.7,3.2,1014.554,0.01905095625818376,290.4631933854067,8.09711479478956,194.53394770148753,True,13.717703154219448,9.094266942868412,3,2,20160906_flight01
2016-09-06 13:18:23,54.686260620000006,7.67744098,87.779,0.85,2.9330000000000003,1014.589,18.567,1.1891770000000002,8.076,2.105,0.109,100,0.9,3.0,1014.589,0.01888309993960391,290.5111168007511,8.34582536361743,194.6090323180503,True,13.72483504037473,9.029154550848844,3,2,20160906_flight01
2016-09-06 13:18:24,54.686147520000006,7.6784349999999995,87.47399999999999,0.73,3.164,1014.604,18.5,1.1893070000000001,7.994,1.7109999999999999,0.081,100,1.0,3.2,1014.604,0.01902083361750284,290.4431656833813,8.175057002859369,192.0810510069409,True,13.731955769139065,8.963991908382301,3,2,20160906_flight01
2016-09-06 13:18:25,54.686034019999994,7.67942901,87.301,0.684,3.103,1014.615,18.497,1.1893040000000001,7.742999999999999,1.406,-0.08900000000000001,100,1.0,3.2,1014.615,0.019044934198718,290.4392775306871,7.86961784332632,190.2918224809212,True,13.739033794049925,8.898816634897223,3,2,20160906_flight01
2016-09-06 13:18:26,54.6859199,7.68042271,87.3,0.655,3.187,1014.617,18.523,1.1892310000000001,7.706,1.7480000000000002,-0.035,100,0.8,3.3,1014.617,0.019018651958222943,290.4650061109737,7.901768156558379,192.7804828158676,True,13.74603995711542,8.833639979312487,3,2,20160906_flight01
2016-09-06 13:18:27,54.68580618,7.68141673,87.335,0.5419999999999999,3.3,1014.6160000000001,18.500999999999998,1.189311,8.06,2.057,-0.062,100,0.6,3.3,1014.6160000000001,0.019025964548636587,290.4431790963319,8.318344126086634,194.31689815995156,True,13.753094793375796,8.76845680108482,3,2,20160906_flight01
2016-09-06 13:18:28,54.68569308,7.682411009999999,87.459,0.568,3.312,1014.6030000000001,18.498,1.189285,8.18,1.935,0.024,100,0.9,3.4,1014.6030000000001,0.01904566775339145,290.4412558298798,8.405749520417556,193.30882207230655,True,13.760220528686451,8.703278094257623,3,2,20160906_flight01
2016-09-06 13:18:29,54.68557981,7.683404739999999,87.601,0.948,3.3,1014.599,18.562,1.1893040000000001,7.933,1.736,-0.048,100,1.2,3.3,1014.599,0.01880180177155988,290.5053185740453,8.120725644916222,192.34361049329445,True,13.767317605926655,8.638127738958548,3,2,20160906_flight01
2016-09-06 13:18:30,54.68546544,7.68439754,87.759,1.0170000000000001,3.2710000000000004,1014.597,18.497,1.18929,8.318999999999999,2.164,0.065,100,1.2,3.4,1014.597,0.019038851316844463,290.4407511915899,8.595851150409713,194.58105429618226,True,13.774279869080855,8.572998410227001,3,2,20160906_flight01
2016-09-06 13:18:31,54.68535086,7.685390099999999,87.85,0.741,3.322,1014.589,18.582,1.189132,8.09,1.972,-0.06899999999999999,100,0.9,3.4,1014.589,0.01886926730673788,290.5260547946013,8.32687720577168,193.69913482554327,True,13.78121519237863,8.507876954475009,3,2,20160906_flight01
2016-09-06 13:18:32,54.68523591,7.686382149999999,87.869,0.682,3.24,1014.586,18.509,1.189332,8.02,1.489,0.31,100,0.8,3.3,1014.586,0.018949891934976648,290.4536021838793,8.157053450848535,190.5178246020089,True,13.788101372197966,8.442774754372163,3,2,20160906_flight01
2016-09-06 13:18:33,54.68512025,7.68737348,87.78299999999999,0.915,3.2680000000000002,1014.596,18.57,1.189118,7.725,2.089,0.125,100,1.0,3.3,1014.596,0.018930204820150287,290.51353115591525,8.002471243309781,195.13203990698662,True,13.7948982301896,8.377693523432104,3,2,20160906_flight01
2016-09-06 13:18:34,54.68500409999999,7.688364699999999,87.652,0.373,3.177,1014.602,18.572,1.189212,7.976,2.162,8.326672684688674e-19,100,0.7,3.2,1014.602,0.01884870460485688,290.5150315335158,8.263825990423564,195.16633713278918,True,13.801640893693586,8.312602859076769,3,2,20160906_flight01
2016-09-06 13:18:35,54.68488882,7.689356739999999,87.50399999999999,0.386,3.248,1014.609,18.535,1.189297,7.928999999999999,2.218,0.099,100,0.5,3.3,1014.609,0.018912147243163258,290.47761145166004,8.233381140212082,195.62803985114857,True,13.808491809137037,8.247490346509537,3,2,20160906_flight01
2016-09-06 13:18:36,54.68477385,7.6903492700000005,87.375,0.496,3.2020000000000004,1014.63,18.58,1.189392,8.13,1.9680000000000002,0.075,100,0.6,3.3,1014.63,0.018694691157483456,290.5207054496487,8.36480268745175,193.60762959156517,True,13.815385106246323,8.182357826681447,3,2,20160906_flight01
2016-09-06 13:18:37,54.68465866,7.691341690000001,87.3,0.7,3.2,1014.6590000000001,18.599,1.1893479999999998,7.851,2.09,0.009000000000000001,100,0.9,3.2,1014.6590000000001,0.01869514877578826,290.5372517439292,8.124426195122952,194.90688618186675,True,13.822252903989932,8.117224816430607,3,2,20160906_flight01
2016-09-06 13:18:38,54.68454258,7.692333919999999,87.20100000000001,1.0810000000000002,3.147,1014.6619999999999,18.683,1.18922,7.523,2.092,-0.069,100,1.3,3.2,1014.6619999999999,0.018514557421713818,290.6206571091026,7.808456505609799,195.5402148048227,True,13.829022455477586,8.052074066766682,3,2,20160906_flight01
2016-09-06 13:18:39,54.68442519,7.69332583,87.111,0.715,3.282,1014.686,18.590000000000003,1.1891880000000001,7.5889999999999995,2.0180000000000002,0.11599999999999999,100,0.9,3.4,1014.686,0.01889075194839629,290.52607811459654,7.852722139487682,194.89099754496868,True,13.835646620578112,7.986899698547558,3,2,20160906_flight01
2016-09-06 13:18:40,54.68430769,7.69431778,87.0,0.647,3.3759999999999994,1014.696,18.587,1.189144,7.6579999999999995,2.156,0.244,100,0.8,3.4,1014.696,0.018948972132862618,290.522271732588,7.955708642226662,195.72380346643635,True,13.842259865310806,7.921719215446803,3,2,20160906_flight01
2016-09-06 13:18:41,54.68419021,7.69530973,87.0,0.801,3.448,1014.701,18.553,1.1891500000000002,7.981,2.3280000000000003,0.043,100,0.9,3.5,1014.701,0.019067617362764855,290.4880039202055,8.313600002405696,196.2615830709828,True,13.848875235608299,7.8565393947900635,3,2,20160906_flight01
2016-09-06 13:18:42,54.68407258,7.69630145,87.04299999999999,0.713,3.313,1014.6920000000001,18.546000000000003,1.189249,8.066,2.247,0.09200000000000001,100,0.8,3.4,1014.6920000000001,0.01899819918323864,290.4817699462009,8.373133523359103,195.56660033147588,True,13.85547023530331,7.791368816584631,3,2,20160906_flight01
2016-09-06 13:18:43,54.68395457,7.69729291,87.116,0.54,3.3859999999999997,1014.6920000000001,18.594,1.189183,7.49,2.252,-0.11200000000000002,100,0.7,3.4,1014.6920000000001,0.0188870910356016,290.5295701387213,7.821227780853848,196.7343278606421,True,13.862019842723553,7.726201716305549,3,2,20160906_flight01
2016-09-06 13:18:44,54.683835980000005,7.69828391,87.25299999999999,0.318,3.372,1014.687,18.545,1.1893850000000001,8.006,1.943,0.000999999999999999,100,0.7,3.5,1014.687,0.018880154336343047,290.4811834831528,8.238403061273464,193.64153683163005,True,13.868498951034438,7.6610438267146295,3,2,20160906_flight01
2016-09-06 13:18:45,54.68371784,7.69927487,87.50399999999999,0.1,3.4,1014.625,18.519000000000002,1.189303,7.71,1.51,-0.062,100,0.1,3.4,1014.625,0.01897896939964605,290.4603676800331,7.856475036554243,191.08109383256965,True,13.875025114310473,7.595903313551254,3,2,20160906_flight01
2016-09-06 13:18:46,54.68360019,7.700265409999999,87.79700000000001,0.024000000000000004,3.486,1014.6,18.558000000000003,1.1892280000000002,7.835,1.79,0.095,100,0.1,3.6,1014.6,0.01888188561590609,290.5012532323989,8.03687283711768,192.8690445221341,True,13.881595266422769,7.530804980384833,3,2,20160906_flight01
2016-09-06 13:18:47,54.68348371,7.7012559099999995,88.045,-0.6809999999999999,3.573,1014.587,18.562,1.189148,8.086,2.256,-0.012,100,1.0,3.6,1014.587,0.01892340338484133,290.5063012497977,8.394815781183052,195.58914175895194,True,13.88828899382826,7.465747871626825,3,2,20160906_flight01
2016-09-06 13:18:48,54.68337004,7.702247509999999,88.32700000000001,-0.715,3.488,1014.551,18.56,1.189161,8.064,2.319,0.03,100,1.0,3.6,1014.551,0.01888309650576514,290.50725761288805,8.390819805001177,196.04388083894332,True,13.895302544608073,7.40071587163502,3,2,20160906_flight01
2016-09-06 13:18:49,54.68325847,7.703240009999999,88.53399999999999,-0.027000000000000003,3.339,1014.51,18.577,1.18916,8.161999999999999,2.673,0.065,100,0.2,3.4,1014.51,0.018783406514081058,290.527545434742,8.588548946125881,198.13327273924338,True,13.902556610027128,7.335697820850947,3,2,20160906_flight01
2016-09-06 13:18:50,54.68314773,7.70423315,88.54,-0.06,3.216,1014.515,18.582,1.189196,8.013,2.503,-0.053,100,0.2,3.3,1014.515,0.01874012574332129,290.53211535882974,8.394830433070105,197.34710303675746,True,13.909911210185514,7.270667718447436,3,2,20160906_flight01
2016-09-06 13:18:51,54.68303771,7.7052272,88.44800000000001,-0.38,3.068,1014.529,18.604,1.18932,7.893,2.281,0.019,100,0.5,3.1,1014.529,0.018571155294194064,290.55287815021,8.215985029197656,196.11877801579385,True,13.917359853582498,7.205605238762193,3,2,20160906_flight01
2016-09-06 13:18:52,54.68292869,7.70622244,88.21600000000001,-0.341,3.1290000000000004,1014.573,18.652,1.1893479999999998,8.027000000000001,2.1319999999999997,-0.053,100,0.4,3.2,1014.573,0.018423796754627686,290.5970760910788,8.305308723942778,194.8745360277082,True,13.924937689788488,7.140502355929206,3,2,20160906_flight01
2016-09-06 13:18:53,54.68282094,7.70721902,88.05799999999999,0.177,3.193,1014.58,18.609,1.189181,7.331,2.338,0.045,100,0.4,3.2,1014.58,0.018723963763403573,290.5536803170327,7.694790770384859,197.68850459427853,True,13.932676302319075,7.075358745041098,3,2,20160906_flight01
2016-09-06 13:18:54,54.68271364,7.70821647,87.927,0.461,3.2439999999999998,1014.597,18.556,1.1892150000000001,8.125,2.416,0.05,100,0.6,3.4,1014.597,0.01889699664422584,290.49950716823395,8.476596073896644,196.56004822549605,True,13.940479492728405,7.010176285318763,3,2,20160906_flight01
2016-09-06 13:18:55,54.6826075,7.7092149800000005,87.86800000000001,0.722,3.387,1014.6,18.585,1.189203,7.777,2.189,-0.042,100,0.9,3.5,1014.6,0.01880900580159439,290.5281415379554,8.079198598871054,195.72037155392093,True,13.948426377190613,6.944966754180167,3,2,20160906_flight01
2016-09-06 13:18:56,54.68250121,7.710213240000001,87.96600000000001,0.9,3.4139999999999997,1014.587,18.597,1.189345,8.0,1.742,0.031,100,0.9,3.6,1014.587,0.01863241467930954,290.54115658843216,8.187463831981184,192.28439658762989,True,13.956352505930612,6.87976770121274,3,2,20160906_flight01
2016-09-06 13:18:57,54.682394169999995,7.7112105799999995,88.165,1.2930000000000001,3.384,1014.5830000000001,18.62,1.189212,7.506,1.993,-0.136,100,1.6,3.6,1014.5830000000001,0.018662014213974842,290.5643891522826,7.766085564813203,194.87011135427485,True,13.964181210525284,6.814600649721289,3,2,20160906_flight01
2016-09-06 13:18:58,54.68228578,7.71220688,88.39800000000001,1.422,3.428,1014.54,18.604,1.18912,7.5520000000000005,2.029,0.07200000000000001,100,1.6,3.5,1014.54,0.01875351609488929,290.55197716760426,7.819817453112317,195.0385551957865,True,13.971846413322604,6.749453140708974,3,2,20160906_flight01
2016-09-06 13:18:59,54.682176909999995,7.71320257,88.523,1.124,3.611,1014.529,18.574,1.189073,7.684,2.222,0.145,100,1.5,3.7,1014.529,0.01888750631270608,290.5230016571902,7.99882116314648,196.12840487789887,True,13.979448856439502,6.684327422504109,3,2,20160906_flight01
2016-09-06 13:19:00,54.68206773,7.71419754,88.73700000000001,1.499,3.4189999999999996,1014.502,18.581000000000003,1.189058,7.922000000000001,2.381,0.163,100,1.7,3.7,1014.502,0.018848795705297183,290.5321842205726,8.272076220635302,196.72843513843708,True,13.987004489023454,6.619235922340821,3,2,20160906_flight01
2016-09-06 13:19:01,54.68195737,7.715191569999999,88.8,1.1130000000000002,3.365,1014.4989999999999,18.593000000000004,1.189122,7.77,2.315,0.11,100,1.2,3.4,1014.4989999999999,0.018749042322258713,290.5443806325975,8.107535075471459,196.59094115875322,True,13.994416612702652,6.554163416829291,3,2,20160906_flight01
2016-09-06 13:19:02,54.68184598,7.71618503,88.8,0.9620000000000001,3.102,1014.5,18.614,1.189179,7.59,2.14,-0.229,100,1.1,3.3,1014.5,0.01862789353225147,290.565212440632,7.885917828636056,195.7457946198594,True,14.001708293913017,6.4890920134779355,3,2,20160906_flight01
2016-09-06 13:19:03,54.68173367,7.717178619999999,88.755,0.9710000000000001,3.093,1014.507,18.579,1.189164,7.72,2.2359999999999998,0.081,100,1.1,3.2,1014.507,0.018769982591320566,290.52978292118274,8.037294072012047,196.15298839656919,True,14.008904702423356,6.423982105526775,3,2,20160906_flight01
2016-09-06 13:19:04,54.68162104,7.718172630000001,88.603,1.045,3.2,1014.5239999999999,18.595000000000002,1.18923,7.303999999999999,1.64,-0.019,100,1.3,3.2,1014.5239999999999,0.018674643644291722,290.54432473137166,7.485854393454363,192.65499503390316,True,14.016075189397613,6.358835648352033,3,2,20160906_flight01
2016-09-06 13:19:05,54.681507620000005,7.71916625,88.6,1.381,3.238,1014.534,18.585,1.189205,7.581,1.882,0.026000000000000002,100,1.6,3.3,1014.534,0.018741018687376876,290.53354685886256,7.811112916864024,193.94195440461823,True,14.023154206748993,6.29368712118407,3,2,20160906_flight01
2016-09-06 13:19:06,54.68139346,7.72015981,88.6,1.661,3.339,1014.5210000000001,18.617,1.188986,7.0329999999999995,2.31,-0.084,100,1.8,3.4,1014.5210000000001,0.01880385370097981,290.5664799276837,7.402647431831398,198.1828480409206,True,14.030153422851468,6.2285177907515274,3,2,20160906_flight01
2016-09-06 13:19:07,54.681277380000004,7.72115244,88.6,1.5390000000000001,3.25,1014.528,18.588,1.189214,7.029,1.6380000000000001,-0.028000000000000004,100,1.8,3.3,1014.528,0.01871680822037214,290.53702592424014,7.217332263378208,193.11778726567994,True,14.036930676718088,6.1633423266865455,3,2,20160906_flight01
2016-09-06 13:19:08,54.68115959,7.72214415,88.67,0.9690000000000001,3.3169999999999997,1014.5189999999999,18.55,1.189202,7.602,2.074,0.109,100,1.4,3.5,1014.5189999999999,0.018850759879831536,290.4999193971696,7.879840099900505,195.26022050434548,True,14.043508479335864,6.098167066789686,3,2,20160906_flight01
2016-09-06 13:19:09,54.68104228999999,7.723136090000001,88.67,0.475,3.5890000000000004,1014.512,18.576,1.189095,7.457000000000001,2.016,0.272,100,0.8,3.7,1014.512,0.018844597693227882,290.52638574213006,7.724707437825721,195.1282647859491,True,14.050142787154966,6.032993825987849,3,2,20160906_flight01
2016-09-06 13:19:10,54.680925280000004,7.7241275599999994,88.765,0.376,3.323,1014.508,18.653,1.189175,7.082000000000001,1.791,-0.054000000000000006,100,0.4,3.5,1014.508,0.018503209448846425,290.6033968036189,7.304957563189537,194.1922327873596,True,14.056798865367826,5.967859230044465,3,2,20160906_flight01
2016-09-06 13:19:11,54.680808049999996,7.725118569999999,88.896,0.691,3.313,1014.487,18.565,1.189113,7.62,2.015,0.163,100,1.0,3.4,1014.487,0.01884248581877168,290.5174784803779,7.881917596625836,194.81201212236522,True,14.063422704631966,5.902745768778591,3,2,20160906_flight01
2016-09-06 13:19:12,54.68069149,7.7261099,88.927,0.81,3.582,1014.4860000000001,18.582,1.1890749999999999,7.422000000000001,1.9709999999999999,0.10300000000000001,100,1.1,3.7,1014.4860000000001,0.018814668766568676,290.5344905998622,7.679252893348416,194.87230181937593,True,14.070123912216017,5.83763472786314,3,2,20160906_flight01
2016-09-06 13:19:13,54.68057463,7.727100480000001,89.088,1.2209999999999999,3.325,1014.4730000000001,18.608,1.189127,7.149,1.7819999999999998,0.159,100,1.3,3.4,1014.4730000000001,0.018666275065485793,290.56144876082266,7.367748977808622,193.99663548918824,True,14.076778794369604,5.77256008979084,3,2,20160906_flight01
2016-09-06 13:19:14,54.68045613,7.72808978,89.17,1.143,3.2490000000000006,1014.46,18.63,1.189067,7.05,1.942,-0.006999999999999999,100,1.4,3.4,1014.46,0.018627812708966074,290.58442351923696,7.312582580730285,195.40080426100556,True,14.083234732610128,5.707510217401501,3,2,20160906_flight01
2016-09-06 13:19:15,54.68033681,7.72907885,89.12799999999999,1.181,3.3059999999999996,1014.472,18.584,1.1890740000000002,7.376,2.094,0.01,100,1.4,3.4,1014.472,0.01879448137744566,290.53762909740584,7.6674775513202515,195.84891080269261,True,14.089599093832165,5.642447395592498,3,2,20160906_flight01
2016-09-06 13:19:16,54.680217160000005,7.73006791,89.1,1.513,3.239,1014.4630000000001,18.602,1.1891070000000001,7.19,2.0140000000000002,0.083,100,1.7,3.3,1014.4630000000001,0.018694316298049074,290.5562925064144,7.466746011483182,195.64815787020342,True,14.095928190679084,5.577374261319294,3,2,20160906_flight01
2016-09-06 13:19:17,54.68009629,7.73105657,89.046,1.506,3.2430000000000003,1014.485,18.583000000000002,1.1891170000000002,7.546,2.282,0.059,100,1.7,3.3,1014.485,0.01877418751119664,290.5355684017365,7.8835042969481535,196.82593991687463,True,14.102119925703205,5.512285432368572,3,2,20160906_flight01
2016-09-06 13:19:18,54.6799741,7.7320448299999995,88.88,1.702,3.0840000000000005,1014.4839999999999,18.639,1.189149,7.292000000000001,2.245,0.048,100,1.8,3.3,1014.4839999999999,0.018550250914555422,290.59142046967287,7.629763364613611,197.11211484095926,True,14.108163671082712,5.447177596521239,3,2,20160906_flight01
2016-09-06 13:19:19,54.679849409999996,7.73303231,88.664,1.088,3.0269999999999997,1014.539,18.604,1.1893479999999998,7.002999999999999,1.8880000000000001,-0.121,100,1.6,3.1,1014.539,0.018557215382029035,290.55205907459475,7.253037501626473,195.08814476479893,True,14.113926701242645,5.3820351482673665,3,2,20160906_flight01
2016-09-06 13:19:20,54.67972331,7.73401975,88.516,0.545,3.233,1014.533,18.612000000000002,1.189328,7.582000000000001,1.867,0.061000000000000006,100,0.7,3.4,1014.533,0.01854039105283989,290.5605175745396,7.808483399482899,193.8333644007987,True,14.119539108858879,5.31684846915861,3,2,20160906_flight01
2016-09-06 13:19:21,54.67959798,7.73500779,88.48899999999999,0.526,3.3659999999999997,1014.554,18.621000000000002,1.18929,7.091,1.807,-0.024,100,0.9,3.4,1014.554,0.018562599250649292,290.5677603740357,7.317617781764773,194.2964094499929,True,14.125244904281326,5.251650222538493,3,2,20160906_flight01
2016-09-06 13:19:22,54.67947217,7.73599533,88.582,0.865,3.3309999999999995,1014.538,18.651,1.1892280000000002,7.2379999999999995,1.82,0.12,100,1.0,3.4,1014.538,0.018494915596198203,290.5989473686663,7.463313205272843,194.11444512024843,True,14.130890058179064,5.186466970266009,3,2,20160906_flight01
2016-09-06 13:19:23,54.679345670000004,7.73698221,88.6,0.423,3.449,1014.5360000000001,18.616,1.189191,7.057,1.706,0.17800000000000002,100,0.6,3.5,1014.5360000000001,0.018646778105626538,290.56425536981476,7.260281330637264,193.59027410118324,True,14.136449171172265,5.121301642440618,3,2,20160906_flight01
2016-09-06 13:19:24,54.67921951,7.7379687200000005,88.744,0.11,3.448,1014.523,18.603,1.189157,6.9670000000000005,1.7180000000000002,-0.17800000000000002,100,0.2,3.5,1014.523,0.01870823970683766,290.55237371577766,7.175695994117922,193.85226860322524,True,14.142037294063014,5.056170436982263,3,2,20160906_flight01
2016-09-06 13:19:25,54.67909399999999,7.73895519,89.051,-0.008,3.3789999999999996,1014.4860000000001,18.6,1.189191,7.178999999999999,1.54,-0.134,100,0.1,3.5,1014.4860000000001,0.018652436849101894,290.5524167129756,7.34231850303431,192.10729253834208,True,14.147693727565523,4.991063232390639,3,2,20160906_flight01
2016-09-06 13:19:26,54.67896964,7.739941770000001,89.399,-0.006000000000000001,3.505,1014.444,18.602,1.1891070000000001,7.292999999999999,1.916,0.067,100,0.1,3.6,1014.444,0.018675237049215143,290.55784889822763,7.540484400885661,194.71997111775363,True,14.153474499190766,4.925987321863861,3,2,20160906_flight01
2016-09-06 13:19:27,54.67884637,7.740928350000001,89.65700000000001,-0.255,3.4939999999999998,1014.4119999999999,18.6,1.189149,7.236000000000001,1.8459999999999999,0.121,100,0.4,3.6,1014.4119999999999,0.01861410847877565,290.5584784425402,7.467758164268578,194.3116481467419,True,14.159371114088563,4.860947514529861,3,2,20160906_flight01
2016-09-06 13:19:28,54.678723950000006,7.74191466,89.869,0.05600000000000001,3.339,1014.4019999999999,18.6,1.189204,7.486000000000001,1.694,0.035,100,0.2,3.4,1014.4019999999999,0.018556957203325508,290.5592976387995,7.675274066767909,192.75066357990792,True,14.165352866377612,4.795952543282552,3,2,20160906_flight01
2016-09-06 13:19:29,54.6786024,7.74290116,90.03699999999999,-0.04100000000000001,3.385,1014.378,18.6,1.189157,7.462000000000001,1.78,-0.055,100,0.1,3.4,1014.378,0.018573115186180322,290.5612637521945,7.671365197929245,193.41671669027988,True,14.171430739357787,4.730974649004422,3,2,20160906_flight01
2016-09-06 13:19:30,54.678481979999994,7.743888000000001,90.227,0.36700000000000005,3.3,1014.347,18.619,1.189205,7.141,1.383,0.07600000000000001,100,0.7,3.3,1014.347,0.01843455068265154,290.5827261537063,7.273690260108689,190.96079836323742,True,14.177635253761528,4.666013175565823,3,2,20160906_flight01
2016-09-06 13:19:31,54.67836131,7.7448743,90.3,0.731,3.2859999999999996,1014.35,18.668,1.1890960000000002,7.018,1.67,0.121,100,0.8,3.3,1014.35,0.018359894691600598,290.6312810952094,7.213960354756601,193.38513931092797,True,14.183802800397244,4.601076786020358,3,2,20160906_flight01
2016-09-06 13:19:32,54.67824018,7.74586028,90.23100000000001,0.7,3.1510000000000002,1014.357,18.676,1.18914,6.891,1.6230000000000002,-0.006,100,0.8,3.2,1014.357,0.018301325162829007,290.6386749364197,7.079548714430885,193.2530320353294,True,14.189915297142862,4.536144931785764,3,2,20160906_flight01
2016-09-06 13:19:33,54.67811874,7.74684649,90.163,0.921,3.012,1014.3709999999999,18.721,1.189129,6.652,1.2819999999999998,-0.376,100,1.2,3.1,1014.3709999999999,0.018167796518572255,290.68234443617774,6.774409789789809,190.90852688686041,True,14.195999276504038,4.471188598889845,3,2,20160906_flight01
2016-09-06 13:19:34,54.67799658,7.747833010000001,90.13199999999999,1.3559999999999999,2.938,1014.3789999999999,18.688,1.1889910000000001,6.769,1.432,0.03900000000000001,100,1.5,3.0,1014.3789999999999,0.018409145887212652,290.64882324863527,6.91881384342721,191.94495621410996,True,14.20201270488163,4.406189264352475,3,2,20160906_flight01
2016-09-06 13:19:35,54.67787327,7.74881951,89.92300000000002,1.4669999999999999,3.083,1014.391,18.609,1.189008,6.755,1.238,-0.091,100,1.6,3.1,1014.391,0.01868238796545163,290.5691620632998,6.867508208950317,190.38543854371204,True,14.207903528173988,4.3411530750108325,3,2,20160906_flight01
2016-09-06 13:19:36,54.67774875,7.74980567,89.8,0.9159999999999999,3.0810000000000004,1014.404,18.601000000000003,1.189041,7.2829999999999995,1.337,-0.10300000000000001,100,1.6,3.2,1014.404,0.018695103149146686,290.5601297169132,7.4047051257967045,190.4024305954992,True,14.213659207783577,4.276097815053652,3,2,20160906_flight01
2016-09-06 13:19:37,54.67762411,7.75079193,89.758,0.376,3.1719999999999997,1014.406,18.583000000000002,1.1891559999999999,6.781000000000001,1.0610000000000002,0.163,100,0.6,3.2,1014.406,0.018661444010292794,290.54203935925756,6.863503624243234,188.89277313135216,True,14.21940405959977,4.211032401832681,3,2,20160906_flight01
2016-09-06 13:19:38,54.67749904,7.751777550000001,89.7,0.606,3.2689999999999997,1014.415,18.6,1.1892150000000001,7.025,1.0290000000000001,0.129,100,0.7,3.3,1014.415,0.01856058888279133,290.5582326856875,7.099962394266607,188.3332456498804,True,14.225090887970689,4.145992289109538,3,2,20160906_flight01
2016-09-06 13:19:39,54.67737398,7.75276271,89.79299999999999,0.745,3.338,1014.388,18.612000000000002,1.189111,6.704,1.1840000000000002,-0.126,100,0.9,3.4,1014.388,0.01858066443327,290.57239560327855,6.807750876758051,190.0157804521097,True,14.230769921387443,4.080980929169382,3,2,20160906_flight01
2016-09-06 13:19:40,54.67724879,7.75374743,90.009,0.81,3.275,1014.3809999999999,18.578000000000003,1.189248,6.879,0.889,-0.029000000000000005,100,0.9,3.3,1014.3809999999999,0.018574994936126243,290.539107642347,6.936206600152564,187.3637431129735,True,14.236426666017595,4.015992449184987,3,2,20160906_flight01
2016-09-06 13:19:41,54.677123439999995,7.7547314300000005,90.271,0.87,3.356,1014.3539999999999,18.599,1.1891800000000001,6.739,0.9610000000000001,-0.079,100,1.0,3.4,1014.3539999999999,0.01853280722938666,290.56223399317616,6.807175772668134,188.1158182859316,True,14.242052541847896,3.9510431555708747,3,2,20160906_flight01
2016-09-06 13:19:42,54.67699791,7.75571456,90.53,0.833,3.3,1014.315,18.641000000000002,1.189124,6.852,0.992,-0.03,100,1.0,3.3,1014.315,0.01839500348786438,290.60725875519694,6.923436141107969,188.23777466214796,True,14.247642534922923,3.8861416537840383,3,2,20160906_flight01
2016-09-06 13:19:43,54.676872180000004,7.75669712,90.772,0.807,3.1490000000000005,1014.295,18.653,1.18903,6.558,1.156,-0.133,100,0.9,3.3,1014.295,0.01841354913607396,290.6208489755271,6.659106546677264,189.99701448371513,True,14.253200296462074,3.8212687455797205,3,2,20160906_flight01
2016-09-06 13:19:44,54.67674546,7.757678889999999,90.897,0.727,3.023,1014.2710000000001,18.603,1.18899,6.434,1.036,0.079,100,0.8,3.1,1014.2710000000001,0.01859824760023132,290.57301793565654,6.516874404191015,189.14722750536237,True,14.258637630352043,3.756411857343708,3,2,20160906_flight01
2016-09-06 13:19:45,54.676618209999994,7.75866049,90.741,0.45,3.097,1014.297,18.615,1.18897,6.695,1.245,-0.063,100,0.6,3.1,1014.297,0.018599597396935508,290.58283905022444,6.809776060928876,190.53437453430075,True,14.264015363267932,3.6915479179645168,3,2,20160906_flight01
2016-09-06 13:19:46,54.67649139,7.75964265,90.62299999999999,0.8140000000000001,2.9189999999999996,1014.325,18.677,1.189007,6.165,1.054,-0.033,100,1.2,3.0,1014.325,0.018379612653364852,290.6422932071135,6.254449696016429,189.70178114770266,True,14.269449579155586,3.6266636209683685,3,2,20160906_flight01
2016-09-06 13:19:47,54.676363609999996,7.7606247800000006,90.406,1.248,2.9139999999999997,1014.34,18.597,1.189146,6.593,0.7909999999999999,-0.08199999999999999,100,1.4,3.0,1014.34,0.018554853393676574,290.56138907891466,6.640280867553721,186.8414026838064,True,14.274781190260539,3.561749380244308,3,2,20160906_flight01
2016-09-06 13:19:48,54.67623510000001,7.76160706,90.179,1.0170000000000001,2.985,1014.372,18.598000000000003,1.189049,6.815,1.245,-0.006,100,1.1,3.0,1014.372,0.018666588836904197,290.55976343552686,6.927788247341283,190.3529289010698,True,14.280038106650165,3.4968016924179683,3,2,20160906_flight01
2016-09-06 13:19:49,54.676106710000006,7.76259006,89.985,0.961,2.978,1014.3919999999999,18.615,1.1890640000000001,6.473,1.21,-0.024000000000000004,100,1.0,3.0,1014.3919999999999,0.01861446869506911,290.57505566893235,6.5851217908251325,190.58812063325195,True,14.285321640708508,3.431813493332898,3,2,20160906_flight01
2016-09-06 13:19:50,54.6759774,7.763572880000001,89.787,0.8910000000000001,2.9,1014.4159999999999,18.590000000000003,1.18927,6.771,0.9329999999999999,-0.009000000000000001,100,1.0,2.9,1014.4159999999999,0.01854939941573086,290.5481916186747,6.834978419863519,187.84558188958354,True,14.290503932722443,3.366805943308382,3,2,20160906_flight01
2016-09-06 13:19:51,54.675847329999996,7.76455552,89.573,0.8039999999999999,3.019,1014.441,18.597,1.189278,6.586,0.907,0.084,100,0.9,3.1,1014.441,0.018543210673024557,290.5531151086928,6.64816102392233,187.8412430996101,True,14.295601987209677,3.3017843418960364,3,2,20160906_flight01
2016-09-06 13:19:52,54.67571697,7.76553816,89.376,0.635,3.157,1014.449,18.678,1.189181,6.202999999999999,1.074,0.13,100,1.1,3.2,1014.449,0.018351592056378818,290.6331281404583,6.295290700198045,189.82292234763983,True,14.300669221010898,3.236753135047387,3,2,20160906_flight01
2016-09-06 13:19:53,54.675586300000006,7.76652069,89.3,1.143,3.051,1014.4830000000001,18.662,1.189276,5.933,0.731,-0.205,100,1.2,3.1,1014.4830000000001,0.018360207108407245,290.614408000655,5.977863330655862,187.0239656961566,True,14.305701390405547,3.1717184567783434,3,2,20160906_flight01
2016-09-06 13:19:54,54.67545433,7.76750258,89.274,1.3479999999999999,3.0639999999999996,1014.482,18.610000000000003,1.189234,6.069,0.633,0.013999999999999999,100,1.5,3.2,1014.482,0.018576675754547134,290.5627033224556,6.101921828407834,185.95445120309193,True,14.310583074291538,3.106680262696737,3,2,20160906_flight01
2016-09-06 13:19:55,54.67532148,7.76848399,89.25299999999999,1.204,3.247,1014.492,18.591,1.189131,6.167999999999999,1.071,-0.024,100,1.3,3.3,1014.492,0.018741286421851466,290.54296220491494,6.260292724785319,189.8505174054378,True,14.315361990479259,3.0416425783646925,3,2,20160906_flight01
2016-09-06 13:19:56,54.67518825,7.76946504,89.3,1.1030000000000002,3.158,1014.4860000000001,18.598000000000003,1.189122,6.46,1.264,0.042,100,1.2,3.2,1014.4860000000001,0.018718528684447566,290.5504249226297,6.582499221420387,191.07094538629246,True,14.320093588797496,2.9766145505592094,3,2,20160906_flight01
2016-09-06 13:19:57,54.67505421,7.77044564,89.266,1.0090000000000001,3.225,1014.4910000000001,18.583000000000002,1.189301,6.349,1.037,0.038000000000000006,100,1.1,3.3,1014.4910000000001,0.01862259461472293,290.53507696308594,6.433130653111283,189.27636891141896,True,14.324730436571988,2.911587497476795,3,2,20160906_flight01
2016-09-06 13:19:58,54.67491871,7.7714250300000005,89.3,1.206,3.141,1014.4910000000001,18.586000000000002,1.189402,5.987,0.8909999999999999,0.08800000000000001,100,1.4,3.2,1014.4910000000001,0.018525622743441605,290.53806464439344,6.0529373034915865,188.46477015735252,True,14.32918881843158,2.846586847052257,3,2,20160906_flight01
2016-09-06 13:19:59,54.674781700000004,7.772403379999999,89.20300000000002,0.6940000000000001,3.253,1014.4760000000001,18.608,1.189392,6.231,0.83,0.061,100,0.9,3.3,1014.4760000000001,0.01844232498317888,290.5612030162351,6.286036986846323,187.58741551733772,True,14.333466693975998,2.7816004395556266,3,2,20160906_flight01
2016-09-06 13:20:00,54.674644889999996,7.77338148,89.251,0.488,3.2460000000000004,1014.5010000000001,18.612000000000002,1.189371,6.095,0.75,-0.0030000000000000005,100,0.8,3.3,1014.5010000000001,0.018471441950046685,290.56313874486153,6.1409710144243475,187.01507709675866,True,14.337761011178744,2.7166361029981294,3,2,20160906_flight01
2016-09-06 13:20:01,54.67450825,7.77435942,89.34700000000001,0.725,3.3,1014.4860000000001,18.594,1.189283,6.24,1.111,0.027000000000000003,100,0.9,3.3,1014.4860000000001,0.018594584369280742,290.5464413419378,6.33813229587392,190.09543182038135,True,14.342070314730806,2.6516872829747955,3,2,20160906_flight01
2016-09-06 13:20:02,54.674371369999996,7.77533689,89.4,0.425,3.233,1014.485,18.597,1.189273,6.199,1.087,0.05,100,0.5,3.3,1014.485,0.018591670996001675,290.54951093808864,6.293581651174472,189.94574995603756,True,14.346345061210611,2.5867595530452707,3,2,20160906_flight01
2016-09-06 13:20:03,54.67423432,7.77631404,89.447,0.188,3.137,1014.4730000000001,18.595000000000002,1.189273,6.2010000000000005,1.1840000000000002,0.025,100,0.3,3.2,1014.4730000000001,0.018586605090215702,290.54850207612543,6.313022810033242,190.8097707703708,True,14.350595578488592,2.5218459638636253,3,2,20160906_flight01
2016-09-06 13:20:04,54.67409761,7.77729148,89.4,0.10100000000000002,3.113,1014.485,18.592,1.189367,6.368,0.927,-0.016,100,0.2,3.2,1014.485,0.018528623674298306,290.54453146082,6.435118724623502,188.282460945462,True,14.354887814590127,2.4569257182876454,3,2,20160906_flight01
2016-09-06 13:20:05,54.67396159,7.7782693300000005,89.4,0.272,3.141,1014.49,18.578000000000003,1.1894419999999999,6.2,0.711,-0.023,100,0.5,3.2,1014.49,0.01851829644622094,290.53017939901844,6.240634663237386,186.5419544645622,True,14.359261277610154,2.392002994765334,3,2,20160906_flight01
2016-09-06 13:20:06,54.67382583,7.779247229999999,89.4,0.282,3.1,1014.4939999999999,18.593000000000004,1.1894689999999999,6.417999999999999,0.772,-0.008,100,0.5,3.1,1014.4939999999999,0.018446826429587837,290.54479017443145,6.46426391787959,186.85896601911776,True,14.363663335767823,2.3270857937138043,3,2,20160906_flight01
2016-09-06 13:20:07,54.67369037,7.78022506,89.4,0.406,3.1,1014.488,18.588,1.189502,6.022,0.546,0.011000000000000001,100,0.5,3.1,1014.488,0.018430002983381266,290.54030215500126,6.046701580200565,185.18070290224472,True,14.368095929479173,2.2621828543410114,3,2,20160906_flight01
2016-09-06 13:20:08,54.67355454,7.78120241,89.365,0.447,3.217,1014.497,18.572,1.189417,6.224,1.028,0.19,100,0.5,3.3,1014.497,0.018567681307575246,290.5236307152421,6.308324658734679,189.37870495130653,True,14.372479957388963,2.1972973170369423,3,2,20160906_flight01
2016-09-06 13:20:09,54.67341918,7.78217991,89.3,0.025999999999999995,3.23,1014.507,18.581000000000003,1.189457,6.555,1.1340000000000001,0.004,100,0.3,3.3,1014.507,0.018512045485707507,290.53177469973696,6.65236657137894,189.81489409969174,True,14.376916824460986,2.132418079264573,3,2,20160906_flight01
2016-09-06 13:20:10,54.673285130000004,7.78315809,89.3,0.237,3.2,1014.492,18.595000000000002,1.189436,6.558,1.276,0.028000000000000004,100,0.5,3.2,1014.492,0.01846609267598054,290.54694577886863,6.6809834605393235,191.01055608877834,True,14.381506010060454,2.0675402170861936,3,2,20160906_flight01
2016-09-06 13:20:11,54.67315128,7.78413635,89.29799999999999,0.39299999999999996,3.144,1014.5010000000001,18.6,1.1894580000000001,6.566,1.357,0.08200000000000002,100,0.6,3.2,1014.5010000000001,0.018438836136397407,290.55118805332205,6.704759876386327,191.67696099598078,True,14.386117991781605,2.0026640364664896,3,2,20160906_flight01
2016-09-06 13:20:12,54.673017460000004,7.78511483,89.18,-0.483,3.1,1014.495,18.606,1.189575,6.443,1.107,0.022000000000000002,100,0.7,3.1,1014.495,0.018311703300529336,290.5576548702569,6.537407590169057,189.74905086241262,True,14.390737398159148,1.9377752565923876,3,2,20160906_flight01
2016-09-06 13:20:13,54.67288463,7.786094070000001,89.059,-0.763,3.1,1014.53,18.6,1.1896930000000001,6.348,1.209,0.065,100,0.8,3.1,1014.53,0.01826677077733474,290.54881271090164,6.462103759612654,190.78305360549902,True,14.39547665450518,1.8728723103293943,3,2,20160906_flight01
2016-09-06 13:20:14,54.67275319,7.78707435,88.92,-1.062,3.1,1014.541,18.644000000000002,1.189703,6.199,0.48700000000000004,-0.131,100,1.2,3.1,1014.541,0.018115706044363522,290.5917304499881,6.218100192180888,184.4919909485633,True,14.400383663779705,1.8079511464755997,3,2,20160906_flight01
2016-09-06 13:20:15,54.67262375,7.78805565,88.96300000000001,-1.242,3.234,1014.533,18.58,1.189543,6.443,1.096,-0.086,100,1.5,3.3,1014.533,0.018468002329784516,290.5286493512535,6.535553916845917,189.6540088368999,True,14.405522870583857,1.743033205289609,3,2,20160906_flight01
2016-09-06 13:20:16,54.67249713,7.78903852,89.07,-1.6470000000000002,3.181,1014.525,18.577,1.189487,6.425,1.207,-0.014000000000000002,100,1.8,3.3,1014.525,0.018518393413731626,290.526316909325,6.537390457973273,190.6395756279331,True,14.410992013840007,1.6781116646706495,3,2,20160906_flight01
2016-09-06 13:20:17,54.67237387,7.79002307,89.155,-1.527,3.22,1014.5060000000001,18.526,1.189565,6.4910000000000005,0.75,-0.096,100,1.7,3.3,1014.5060000000001,0.01861060993929886,290.4770826780142,6.534185565164186,186.59099051073537,True,14.416850601946317,1.6131976141434263,3,2,20160906_flight01
2016-09-06 13:20:18,54.67225364,7.791008870000001,89.335,-1.314,3.273,1014.5,18.583000000000002,1.1895010000000001,6.481,0.7759999999999999,-0.09700000000000002,100,1.4,3.3,1014.5,0.018460360856008995,290.53433981211845,6.527291704834402,186.82778300501533,True,14.423055283029766,1.5483066913648358,3,2,20160906_flight01
2016-09-06 13:20:19,54.672136200000004,7.79199568,89.56199999999998,-0.589,3.3,1014.4580000000001,18.569000000000003,1.189481,6.294,0.8859999999999999,0.09,100,1.0,3.3,1014.4580000000001,0.01848419676432833,290.5238372794392,6.356054751180169,188.01281852644178,True,14.429575928887457,1.4834457756487334,3,2,20160906_flight01
2016-09-06 13:20:20,54.67202059,7.79298302,89.7,-0.629,3.4130000000000003,1014.461,18.568,1.1893989999999999,6.388,1.3159999999999998,0.094,100,0.8,3.5,1014.461,0.018560917187168346,290.52259566083654,6.522146885803783,191.6407199241811,True,14.436301269561154,1.4186127269684912,3,2,20160906_flight01
2016-09-06 13:20:21,54.67190697,7.793970900000001,89.779,-0.845,3.168,1014.441,18.598000000000003,1.1895090000000001,6.169,0.7829999999999999,0.099,100,0.9,3.3,1014.441,0.018341921352114987,290.5541110165003,6.218492582611963,187.23358506415303,True,14.443248502128073,1.353812227015534,3,2,20160906_flight01
2016-09-06 13:20:22,54.67179479000001,7.7949592700000006,89.70299999999999,-0.577,3.1630000000000003,1014.45,18.578000000000003,1.1895449999999999,6.4079999999999995,0.86,0.233,100,0.8,3.2,1014.45,0.01838994990692311,290.5334556752938,6.465451569689467,187.64383433646333,True,14.450358210763747,1.289029147882764,3,2,20160906_flight01
2016-09-06 13:20:23,54.67168443,7.795948429999999,89.56,-0.168,3.157,1014.4810000000001,18.586000000000002,1.189506,6.3,0.958,0.042,100,0.3,3.2,1014.4810000000001,0.01842653287992735,290.5388837193104,6.372422145463999,188.6463582233714,True,14.457676557978536,1.2242575402030926,3,2,20160906_flight01
2016-09-06 13:20:24,54.67157525,7.796938290000001,89.449,-0.043,3.0439999999999996,1014.4839999999999,18.572,1.189534,6.379,0.8710000000000001,-0.019000000000000003,100,0.2,3.1,1014.4839999999999,0.018454446307262673,290.52469545546234,6.438189341732658,187.77518619648092,True,14.465133792670757,1.1594817665121129,3,2,20160906_flight01
2016-09-06 13:20:25,54.671466890000005,7.797928789999999,89.315,0.19699999999999998,3.051,1014.493,18.562,1.189574,6.269,0.87,0.095,100,0.3,3.1,1014.493,0.018464147352315496,290.5139993936721,6.329080580937488,187.9009358213575,True,14.472690499320576,1.094693609980224,3,2,20160906_flight01
2016-09-06 13:20:26,54.67135889,7.79891965,89.12100000000001,0.36700000000000005,3.145,1014.5139999999999,18.573,1.189491,6.399,0.9570000000000001,0.094,100,0.5,3.2,1014.5139999999999,0.018517890452729224,290.5232342764327,6.470166149334961,188.50580699881277,True,14.480292398273617,1.0298951344771794,3,2,20160906_flight01
2016-09-06 13:20:27,54.67125134,7.79991086,88.977,0.007000000000000001,3.1240000000000006,1014.518,18.509,1.189527,6.318,1.0170000000000001,0.154,100,0.2,3.2,1014.518,0.018714573477272678,290.4591699574367,6.3993291054609776,189.1443835735378,True,14.487948862012749,0.9650899388612766,3,2,20160906_flight01
2016-09-06 13:20:28,54.67114448,7.80090244,88.825,0.14,3.097,1014.559,18.503,1.189581,6.3020000000000005,0.922,-0.009000000000000001,100,0.3,3.2,1014.559,0.018730454830935717,290.44983761198125,6.369088474813331,188.32347932852903,True,14.495685782433222,0.9002847367394153,3,2,20160906_flight01
2016-09-06 13:20:29,54.67103811,7.80189447,88.70299999999999,0.32799999999999996,3.1460000000000004,1014.57,18.562,1.189656,6.447,1.0510000000000002,0.021,100,0.4,3.2,1014.57,0.01847124325855143,290.50769339936625,6.53210609221865,189.2589982455914,True,14.503483444362667,0.8354679607918243,3,2,20160906_flight01
2016-09-06 13:20:30,54.67093235,7.802887040000001,88.6,0.247,3.198,1014.58,18.541,1.189714,6.435,1.045,-0.08800000000000001,100,0.5,3.2,1014.58,0.01850495047363032,290.48596123977524,6.519298275121334,189.22392228210532,True,14.511356334226017,0.7706380249422047,3,2,20160906_flight01
2016-09-06 13:20:31,54.67082708,7.803879899999999,88.68,0.6559999999999999,3.207,1014.581,18.532,1.189752,6.312,0.728,0.019000000000000003,100,1.0,3.3,1014.581,0.01850484937101249,290.47691653820465,6.35384356118405,186.57918832769116,True,14.519286884647466,0.7058064010276457,3,2,20160906_flight01
2016-09-06 13:20:32,54.670721320000006,7.804872319999999,88.72,1.225,3.3,1014.573,18.597,1.1896259999999999,6.25,0.72,-0.031,100,1.3,3.3,1014.573,0.01837775234880379,290.54230319992314,6.291335311362763,186.57150573032453,True,14.527156886118695,0.6409857330784501,3,2,20160906_flight01
2016-09-06 13:20:33,54.670614699999994,7.805863970000001,88.88799999999999,1.345,3.3,1014.56,18.51,1.189565,6.502999999999999,0.862,-0.07300000000000001,100,1.4,3.3,1014.56,0.018720710738295843,290.45672685620565,6.559882087354923,187.55077792830073,True,14.534920661229497,0.5761841552626787,3,2,20160906_flight01
2016-09-06 13:20:34,54.67050767,7.8068550100000005,89.10600000000001,1.3119999999999998,3.36,1014.545,18.575,1.189449,6.49,0.677,-0.051000000000000004,100,1.5,3.4,1014.545,0.018577995053142393,290.5226871545537,6.5252148623627715,185.95523258077952,True,14.542629116138981,0.5114066868089795,3,2,20160906_flight01
2016-09-06 13:20:35,54.67039949,7.80784487,89.339,1.45,3.245,1014.507,18.45,1.1895310000000001,6.501,0.835,0.021,100,1.5,3.3,1014.507,0.018906218001937924,290.4013132044359,6.554405083605987,187.31909892002892,True,14.550192629063579,0.44666403531353716,3,2,20160906_flight01
2016-09-06 13:20:36,54.67028981000001,7.808833570000001,89.436,1.39,3.2539999999999996,1014.4889999999999,18.511,1.18944,6.523,0.9279999999999999,0.022000000000000002,100,1.5,3.3,1014.4889999999999,0.018752977986655095,290.46353638374444,6.588680672183164,188.09689739432292,True,14.557574387741772,0.38194337228812625,3,2,20160906_flight01
2016-09-06 13:20:37,54.67017887,7.80982147,89.49700000000001,1.2229999999999999,3.137,1014.497,18.5,1.1896259999999999,6.6370000000000005,0.9740000000000001,0.024000000000000004,100,1.4,3.2,1014.497,0.01864014466774333,290.4519264851481,6.708088028641247,188.34873675966753,True,14.564806831088573,0.31723040409833736,3,2,20160906_flight01
2016-09-06 13:20:38,54.670066850000005,7.81080888,89.391,1.1440000000000001,3.1,1014.493,18.5,1.189694,6.699,0.845,0.026000000000000002,100,1.2,3.1,1014.493,0.018577905581657728,290.45225401479706,6.752083085981688,187.18921975995386,True,14.571915058531774,0.252511939079179,3,2,20160906_flight01
2016-09-06 13:20:39,54.669953830000004,7.811795839999999,89.288,1.084,3.0180000000000002,1014.5,18.5,1.189743,6.638,0.82,-0.028000000000000004,100,1.2,3.1,1014.5,0.0185429829749717,290.4516808390012,6.688456025122689,187.04213919429276,True,14.578908342566256,0.18778815556570283,3,2,20160906_flight01
2016-09-06 13:20:40,54.66983971,7.8127825600000005,89.152,0.752,3.0610000000000004,1014.52,18.500999999999998,1.189741,6.785,1.01,-0.022000000000000002,100,0.9,3.1,1014.52,0.01856128251260447,290.45103910752186,6.859761293222965,188.46675031311847,True,14.58578009911768,0.12304276627773536,3,2,20160906_flight01
2016-09-06 13:20:41,54.669725420000006,7.81376946,89.05,0.467,3.012,1014.53,18.559,1.189767,6.754,1.032,-0.044000000000000004,100,0.6,3.1,1014.53,0.018346547126484758,290.50798151528505,6.832389040445516,188.6875059311986,True,14.592637254441689,0.058280624736723574,3,2,20160906_flight01
2016-09-06 13:20:42,54.669610899999995,7.814756569999999,88.92200000000001,0.517,3.033,1014.552,18.556,1.189772,6.8260000000000005,1.033,0.04100000000000001,100,0.6,3.1,1014.552,0.018374823400595375,290.5031922129212,6.903721098074574,188.60545333844453,True,14.599474009519286,-0.006502109970383252,3,2,20160906_flight01
2016-09-06 13:20:43,54.66949611,7.81574376,88.757,0.63,3.1,1014.5830000000001,18.589000000000002,1.189781,6.742999999999999,1.035,0.008,100,0.7,3.1,1014.5830000000001,0.018283040643198634,290.5335172461109,6.82196995009506,188.72636744600493,True,14.606283609951484,-0.07129873055005476,3,2,20160906_flight01
2016-09-06 13:20:44,54.669380929999996,7.81673096,88.656,0.531,3.049,1014.592,18.6,1.18983,6.818,0.9570000000000001,-0.005,100,0.6,3.1,1014.592,0.018211746192907663,290.5437346855028,6.884836454121477,187.990049683152,True,14.613051954432274,-0.1361088866459781,3,2,20160906_flight01
2016-09-06 13:20:45,54.66926557,7.81771826,88.553,0.32299999999999995,3.071,1014.594,18.599,1.189838,6.805,0.992,0.002,100,0.4,3.1,1014.594,0.01821039727174978,290.5425750200228,6.876924385217565,188.29388156448897,True,14.619803094426745,-0.20093118333710347,3,2,20160906_flight01
2016-09-06 13:20:46,54.66915029,7.81870587,88.446,0.36700000000000005,3.1,1014.6010000000001,18.6,1.189865,6.781000000000001,0.9990000000000001,0.07,100,0.4,3.1,1014.6010000000001,0.018190827234325857,290.5429975859519,6.854193023252264,188.38072398143026,True,14.626568706022626,-0.26576998391356366,3,2,20160906_flight01
2016-09-06 13:20:47,54.66903519,7.8196935,88.334,0.365,3.1,1014.6110000000001,18.594,1.189872,6.849,1.087,0.022000000000000002,100,0.4,3.1,1014.6110000000001,0.01821581272579853,290.53620343582736,6.934722056434563,189.01815671677662,True,14.63335383282004,-0.33060405821471406,3,2,20160906_flight01
2016-09-06 13:20:48,54.668920289999996,7.82068141,88.221,0.295,3.076,1014.6210000000001,18.595000000000002,1.18984,6.767,1.168,-0.053000000000000005,100,0.4,3.1,1014.6210000000001,0.018249742583344775,290.5363803306851,6.867059996825425,189.79289749274807,True,14.640165606927843,-0.39544880815789885,3,2,20160906_flight01
2016-09-06 13:20:49,54.66880548,7.82166962,88.131,0.07800000000000001,3.053,1014.6469999999999,18.642,1.189855,6.775,0.912,0.005,100,0.1,3.1,1014.6469999999999,0.018098983268030056,290.58105601852617,6.836107737594545,187.66664452293674,True,14.64699272286227,-0.46030911290376864,3,2,20160906_flight01
2016-09-06 13:20:50,54.6686909,7.82265815,88.06299999999999,0.044000000000000004,3.1460000000000004,1014.668,18.598000000000003,1.189911,6.813,0.9079999999999999,-0.059000000000000004,100,0.1,3.2,1014.668,0.018225680235965935,290.53551886541544,6.873240356629469,187.5913381924399,True,14.653850444692191,-0.525181571065815,3,2,20160906_flight01
2016-09-06 13:20:51,54.6685769,7.82364687,88.103,-0.169,3.262,1014.6560000000001,18.554000000000002,1.189739,6.827999999999999,0.9640000000000001,-0.052000000000000005,100,0.2,3.3,1014.6560000000001,0.018514448166279784,290.4926842887328,6.895714611264013,188.03609787818812,True,14.660773466526456,-0.5900465576951675,3,2,20160906_flight01
2016-09-06 13:20:52,54.66846383,7.82463588,88.249,-0.17,3.2809999999999997,1014.622,18.548000000000002,1.1897499999999999,6.777,0.9059999999999999,-0.002,100,0.2,3.3,1014.622,0.01849185152262045,290.48949315606075,6.837292227190527,187.61457869076406,True,14.667800911341741,-0.6548986586233836,3,2,20160906_flight01
2016-09-06 13:20:53,54.66835166,7.82562489,88.411,-0.042,3.3,1014.61,18.568,1.189738,6.365,0.89,0.044000000000000004,100,0.2,3.3,1014.61,0.018420251369836382,290.5103929632384,6.426921891543416,187.95989864677745,True,14.674924006565382,-0.7197209495760291,3,2,20160906_flight01
2016-09-06 13:20:54,54.66823992,7.826613640000001,88.569,0.11900000000000001,3.359,1014.597,18.607,1.18968,6.459,1.0070000000000001,0.04,100,0.2,3.4,1014.597,0.018320712488613555,290.55029623279063,6.537027611996143,188.86144536556094,True,14.68208779488244,-0.7845129336240468,3,2,20160906_flight01
2016-09-06 13:20:55,54.668128870000004,7.82760231,88.76,0.068,3.31,1014.576,18.586000000000002,1.18966,6.763999999999999,1.002,-0.047,100,0.2,3.4,1014.576,0.018390055968007912,290.5311029267808,6.837813978165828,188.42635503725992,True,14.689323374704491,-0.8492771204768026,3,2,20160906_flight01
2016-09-06 13:20:56,54.66801894,7.828591149999999,88.946,0.23800000000000002,3.312,1014.562,18.511,1.1896849999999999,6.772,0.877,0.04100000000000001,100,0.5,3.4,1014.562,0.01861647091973695,290.457558973303,6.828551310490389,187.37895489289937,True,14.696681259656634,-0.9140147140915422,3,2,20160906_flight01
2016-09-06 13:20:57,54.66790925,7.8295794999999995,89.118,0.6509999999999999,3.2680000000000002,1014.529,18.522000000000002,1.189606,6.707000000000001,0.7509999999999999,0.02,100,0.8,3.3,1014.529,0.018612564685346555,290.4712157359558,6.748914727569167,186.38894292920145,True,14.704055215970081,-0.9787140832382679,3,2,20160906_flight01
2016-09-06 13:20:58,54.667799009999996,7.8305671199999995,89.23700000000001,0.59,3.285,1014.5139999999999,18.528,1.189611,6.787999999999999,0.6970000000000001,-0.011000000000000001,100,0.8,3.3,1014.5139999999999,0.018572269984590273,290.4784193473992,6.8236905703585355,185.862652973725,True,14.711356662414092,-1.0433865658106845,3,2,20160906_flight01
2016-09-06 13:20:59,54.667688770000005,7.83155435,89.37,0.605,3.2260000000000004,1014.502,18.58,1.1895040000000001,6.53,0.638,0.11599999999999999,100,0.9,3.3,1014.502,0.018470273353022648,290.53118832989173,6.561093201593771,185.58025324090428,True,14.718650599040158,-1.1080349518417032,3,2,20160906_flight01
2016-09-06 13:21:00,54.66757811,7.8325407600000005,89.4,0.804,3.153,1014.495,18.512,1.189465,6.746,0.731,0.004,100,1.0,3.2,1014.495,0.01873409820812122,290.4640409615188,6.785490181261778,186.1844692034954,True,14.725884108930545,-1.1726465846731315,3,2,20160906_flight01
2016-09-06 13:21:01,54.667466780000005,7.83352632,89.302,0.457,3.1310000000000002,1014.502,18.459,1.189448,6.791,0.691,0.099,100,0.5,3.2,1014.502,0.01894084672717966,290.4106855575066,6.826064898607396,185.80998222691883,True,14.733030044851175,-1.2372278912729415,3,2,20160906_flight01
2016-09-06 13:21:02,54.66735559,7.834512180000001,89.2,0.027000000000000003,3.12,1014.495,18.467,1.189525,6.896,0.518,-0.03900000000000001,100,0.2,3.2,1014.495,0.018839907910806808,290.419225792442,6.915427680194479,184.29576293442074,True,14.740196636507482,-1.3018230965665838,3,2,20160906_flight01
2016-09-06 13:21:03,54.66724472,7.835498189999999,89.179,-0.059000000000000004,3.0690000000000004,1014.4960000000001,18.421999999999997,1.189494,6.727,0.655,0.021,100,0.1,3.1,1014.4960000000001,0.0190247124505607,290.3743287629039,6.758813061477585,185.56129126013897,True,14.747400125590604,-1.3664169706577738,3,2,20160906_flight01
2016-09-06 13:21:04,54.667134159999996,7.836484380000001,89.081,0.091,3.093,1014.51,18.406,1.189589,6.778,0.556,0.01,100,0.3,3.1,1014.51,0.019013313313150926,290.35724851238194,6.800766133311746,184.68947877815174,True,14.754640026995917,-1.431011698349172,3,2,20160906_flight01
2016-09-06 13:21:05,54.66702426,7.83747088,89.065,0.405,3.1240000000000006,1014.4989999999999,18.48,1.189543,6.981,0.7290000000000001,-0.11599999999999999,100,0.5,3.2,1014.4989999999999,0.01878309168533443,290.4318448904838,7.018960179399794,185.9615788705843,True,14.761956041378442,-1.4956037190521236,3,2,20160906_flight01
2016-09-06 13:21:06,54.66691484,7.83845757,89.1,0.531,3.117,1014.51,18.435,1.189633,6.882000000000001,0.484,0.05600000000000001,100,0.6,3.2,1014.51,0.018874280219593587,290.3861292769927,6.898998478040129,184.02289629292056,True,14.769326727942003,-1.5601915804420035,3,2,20160906_flight01
2016-09-06 13:21:07,54.666805000000004,7.83944384,89.082,0.508,3.07,1014.5,18.435,1.189455,6.9879999999999995,0.6709999999999999,0.07300000000000001,100,0.6,3.1,1014.5,0.019016708571679475,290.3869479082467,7.0201413803427055,185.48482533453398,True,14.776644690151107,-1.6247674030325907,3,2,20160906_flight01
2016-09-06 13:21:08,54.66669506,7.84043007,88.95800000000001,0.349,3.112,1014.507,18.410999999999998,1.189426,6.944,0.6990000000000001,0.10700000000000001,100,0.5,3.2,1014.507,0.01913246860312645,290.36247352262876,6.979092849360868,185.74817002738573,True,14.783951254298225,-1.6893440664028407,3,2,20160906_flight01
2016-09-06 13:21:09,54.66658519,7.84141631,88.85600000000001,0.218,3.1,1014.5219999999999,18.564,1.1892660000000002,6.481,0.741,0.05,100,0.3,3.1,1014.5219999999999,0.018750048958606547,290.51361610668334,6.523223283009711,186.522544381408,True,14.79126545048092,-1.7539190290794835,3,2,20160906_flight01
2016-09-06 13:21:10,54.66647526,7.8424027,88.749,-0.043,3.1,1014.543,18.39,1.189259,6.867999999999999,0.8959999999999999,0.036000000000000004,100,0.2,3.1,1014.543,0.019385170373618754,290.33861330481477,6.926199535098595,187.43283455234177,True,14.798576158362044,-1.8185052469882006,3,2,20160906_flight01
2016-09-06 13:21:11,54.66636657,7.84338988,88.65,0.265,3.148,1014.563,18.386,1.189235,7.062,0.877,0.057999999999999996,100,0.5,3.2,1014.563,0.019439825451407655,290.3329929003605,7.116247114877336,187.07907827188217,True,14.806033863449487,-1.8830992043166042,3,2,20160906_flight01
2016-09-06 13:21:12,54.66625843,7.84437746,88.59100000000001,0.639,3.1590000000000003,1014.564,18.396,1.189405,7.138999999999999,0.9410000000000001,0.10400000000000001,100,0.8,3.2,1014.564,0.019260161274754495,290.34286978980964,7.2007500998159895,187.50893663999665,True,14.813557723942969,-1.947699658838694,3,2,20160906_flight01
2016-09-06 13:21:13,54.666149759999996,7.84536471,88.5,0.8,3.105,1014.5880000000001,18.404999999999998,1.18957,6.995,0.958,0.10800000000000001,100,0.8,3.2,1014.5880000000001,0.019111432063337208,290.3498683132081,7.060296665155084,187.79842566572984,True,14.821018902510795,-2.0122972787435733,3,2,20160906_flight01
2016-09-06 13:21:14,54.6660402,7.846351670000001,88.396,0.6509999999999999,3.1519999999999997,1014.605,18.401999999999997,1.189655,7.1370000000000005,1.222,0.034,100,0.8,3.2,1014.605,0.01906617769019836,290.3454893593465,7.240859962739233,189.71599135715883,True,14.828379909227957,-2.076906459461382,3,2,20160906_flight01
2016-09-06 13:21:15,54.66593072,7.847338939999999,88.258,0.389,3.1,1014.618,18.401999999999997,1.189799,7.205,1.36,0.084,100,0.5,3.1,1014.618,0.01895589686685306,290.3444254027961,7.332231924864352,190.6892588614648,True,14.835755387547268,-2.141532144064233,3,2,20160906_flight01
2016-09-06 13:21:16,54.66582144,7.848326869999999,88.065,0.582,2.975,1014.648,18.462,1.189889,7.144,1.345,0.117,100,0.6,3.1,1014.648,0.018699308349274135,290.4017211670369,7.269508993047605,190.66226192035333,True,14.843164830438495,-2.2061919829896697,3,2,20160906_flight01
2016-09-06 13:21:17,54.66571149000001,7.849315010000001,87.744,0.517,2.9,1014.681,18.493,1.189987,7.0889999999999995,1.3019999999999998,0.11900000000000001,100,0.6,2.9,1014.681,0.018540267009220512,290.4298910332819,7.2075741411379175,190.40723262301356,True,14.850507110663456,-2.270886988846499,3,2,20160906_flight01
2016-09-06 13:21:18,54.66560082,7.85030361,87.34299999999999,0.45899999999999996,2.9219999999999997,1014.73,18.497,1.1900559999999998,7.007000000000001,1.151,0.11100000000000002,100,0.5,3.0,1014.73,0.018516425728522634,290.4298632684203,7.100904871915974,189.32834533252225,True,14.857781728296137,-2.3356342642452725,3,2,20160906_flight01
2016-09-06 13:21:19,54.66548978,7.85129277,86.97,0.409,3.0,1014.785,18.5,1.1900709999999999,6.928,1.0010000000000001,0.084,100,0.5,3.0,1014.785,0.018548315383254632,290.4283487138957,6.999941785472219,188.22154956788725,True,14.865027806314059,-2.4004283950175314,3,2,20160906_flight01
2016-09-06 13:21:20,54.66537867,7.85228229,86.728,0.27699999999999997,3.0980000000000003,1014.802,18.515,1.190097,6.925,0.8140000000000001,0.012000000000000002,100,0.4,3.2,1014.802,0.018490743354527384,290.441894336488,6.972676745698168,186.70407617038845,True,14.872273376996942,-2.4652470873043377,3,2,20160906_flight01
2016-09-06 13:21:21,54.66526764,7.85327202,86.681,0.27399999999999997,3.25,1014.8109999999999,18.504,1.189968,6.922999999999999,0.52,0.053000000000000005,100,0.3,3.3,1014.8109999999999,0.018648605661375273,290.43020380438537,6.942501638458575,184.29553141398696,True,14.879531493687283,-2.5300761048760894,3,2,20160906_flight01
2016-09-06 13:21:22,54.66515682,7.85426122,86.792,0.152,3.378,1014.7959999999999,18.484,1.1897060000000002,6.917999999999999,0.594,-0.095,100,0.3,3.4,1014.7959999999999,0.018927747304529285,290.4115154141618,6.943454471658901,184.90754897928667,True,14.886801723153779,-2.5948654202055765,3,2,20160906_flight01
2016-09-06 13:21:23,54.66504651,7.85524985,87.118,0.159,3.4619999999999997,1014.78,18.406999999999996,1.189541,7.151,0.9730000000000001,0.114,100,0.3,3.6,1014.78,0.019322145533616553,290.33614740079315,7.216891990323813,187.74836069669186,True,14.89411517862929,-2.659602625193889,3,2,20160906_flight01
2016-09-06 13:21:24,54.66493706,7.856238019999999,87.462,0.113,3.661,1014.7310000000001,18.496,1.1893989999999999,7.016,1.087,0.057999999999999996,100,0.2,3.7,1014.7310000000001,0.019083532165894868,290.4287855848899,7.099705979827616,188.80690501861835,True,14.901511175647704,-2.724282923533309,3,2,20160906_flight01
2016-09-06 13:21:25,54.66482805,7.85722522,87.936,0.252,3.418,1014.653,18.523,1.189311,6.596,0.625,-0.21400000000000002,100,0.4,3.6,1014.653,0.018986260560128754,290.46205863475853,6.625544581391027,185.41286600254847,True,14.908935256819346,-2.788888715684469,3,2,20160906_flight01
2016-09-06 13:21:26,54.66471872,7.85821134,88.419,0.07600000000000001,3.36,1014.6190000000001,18.435,1.189101,6.8839999999999995,0.6409999999999999,-0.015,100,0.2,3.5,1014.6190000000001,0.019439639206155546,290.37720686927145,6.913778778641967,185.31972688358093,True,14.916304532534577,-2.8534383780551096,3,2,20160906_flight01
2016-09-06 13:21:27,54.66461052,7.85919729,88.787,-0.01,3.577,1014.586,18.348,1.189041,7.122000000000001,0.9410000000000001,0.07800000000000001,100,0.1,3.6,1014.586,0.019762188205104447,290.2932675809642,7.183896226978784,187.5266549948323,True,14.923790629139424,-2.9179401087250545,3,2,20160906_flight01
2016-09-06 13:21:28,54.66450373,7.860183019999999,89.12799999999999,-0.062,3.409,1014.5419999999999,18.307000000000002,1.189114,7.053,1.0610000000000002,0.07800000000000001,100,0.2,3.5,1014.5419999999999,0.019798800513372017,290.25603715698077,7.132357955122555,188.5549958487947,True,14.931422341743916,-2.982381544178754,3,2,20160906_flight01
2016-09-06 13:21:29,54.66439735,7.861168350000001,89.3,-0.06,3.216,1014.5360000000001,18.31,1.189328,7.115,1.141,0.163,100,0.1,3.3,1014.5360000000001,0.019598779653215104,290.2595157423628,7.205907715201466,189.11069045910506,True,14.939089926044433,-3.0467846851316036,3,2,20160906_flight01
2016-09-06 13:21:30,54.66429136,7.862153889999999,89.177,-0.14700000000000002,3.1,1014.5419999999999,18.308,1.189694,7.281000000000001,1.143,0.139,100,0.3,3.1,1014.5419999999999,0.019298130624980425,290.2570330364318,7.370170282971759,188.92170351294277,True,14.946803002603941,-3.111187883488734,3,2,20160906_flight01
2016-09-06 13:21:31,54.664186380000004,7.86314044,88.939,-0.192,3.002,1014.5790000000001,18.358,1.1898769999999999,7.38,1.194,0.08800000000000001,100,0.3,3.1,1014.5790000000001,0.01900372153310581,290.3037990862292,7.475963884342941,189.190171192052,True,14.954642868685125,-3.1756200322910724,3,2,20160906_flight01
2016-09-06 13:21:32,54.664082449999995,7.86412815,88.654,-0.038000000000000006,2.94,1014.615,18.387999999999998,1.1900709999999999,7.3870000000000005,1.195,0.038000000000000006,100,0.1,3.0,1014.615,0.018768914559901484,290.33072890426246,7.483033743075064,189.18916954068294,True,14.962616663807436,-3.240089074551662,3,2,20160906_flight01
2016-09-06 13:21:33,54.66397904,7.86511696,88.315,0.049,2.856,1014.6619999999999,18.418999999999997,1.1901439999999999,7.462999999999999,1.224,-0.002,100,0.1,2.9,1014.6619999999999,0.018645300514548824,290.35775382716804,7.5627075178139735,189.314107292293,True,14.970666905153974,-3.3046088578729167,3,2,20160906_flight01
2016-09-06 13:21:34,54.66387592,7.86610695,87.94,0.16,2.8659999999999997,1014.6890000000001,18.524,1.19005,7.341,0.917,-0.004,100,0.2,2.9,1014.6890000000001,0.018386127876448777,290.46010713121217,7.398051770567708,187.1202132824772,True,14.978770689205183,-3.369191943240609,3,2,20160906_flight01
2016-09-06 13:21:35,54.66377275,7.86709774,87.634,0.15200000000000002,2.985,1014.7180000000001,18.521,1.189786,7.3420000000000005,1.0230000000000001,-0.059000000000000004,100,0.2,3.0,1014.7180000000001,0.01865168561114028,290.45474548321977,7.412927424439012,187.93225633333054,True,14.986884564102256,-3.43382611352021,3,2,20160906_flight01
2016-09-06 13:21:36,54.66366997,7.86808933,87.434,-0.114,3.095,1014.747,18.385,1.189496,7.337999999999999,1.086,0.08,100,0.2,3.2,1014.747,0.01940447984550553,290.3169396576888,7.417926934123845,188.41847950020434,True,14.995055292268065,-3.4984967949454795,3,2,20160906_flight01
2016-09-06 13:21:37,54.66356812,7.869081640000001,87.3,-0.085,3.2,1014.78,18.398999999999997,1.189537,7.292999999999999,0.965,-0.04,100,0.2,3.2,1014.78,0.019353543088309166,290.32818089963143,7.356566726401656,187.53751487617401,True,15.003338723471549,-3.563181158651025,3,2,20160906_flight01
2016-09-06 13:21:38,54.66346738,7.87007428,87.374,0.262,3.2319999999999998,1014.765,18.4,1.189737,7.319,1.177,0.035,100,0.4,3.3,1014.765,0.019163624537015478,290.330404095558,7.413035140885277,189.13576356241433,True,15.011746477974997,-3.6278491461005222,3,2,20160906_flight01
2016-09-06 13:21:39,54.6633665,7.87106684,87.4,0.742,3.296,1014.7589999999999,18.4,1.189893,7.18,1.099,0.039,100,1.0,3.3,1014.7589999999999,0.019023982661819927,290.3308950554034,7.2636217550200115,188.7023829172636,True,15.020137813050495,-3.6925168277771574,3,2,20160906_flight01
2016-09-06 13:21:40,54.663265540000005,7.87205898,87.493,1.085,3.2,1014.755,18.483,1.189881,7.007000000000001,1.026,-0.071,100,1.3,3.2,1014.755,0.018740222340727142,290.4138753959608,7.081717658873447,188.3303364149654,True,15.028512558369597,-3.7571612091083546,3,2,20160906_flight01
2016-09-06 13:21:41,54.663163219999994,7.873050419999999,87.583,1.236,3.2569999999999997,1014.738,18.41,1.1898689999999998,7.119,1.0710000000000002,0.13,100,1.4,3.3,1014.738,0.01898849725257379,290.3425716885916,7.199111195140689,188.5555582434129,True,15.036729286128727,-3.821807386423762,3,2,20160906_flight01
2016-09-06 13:21:42,54.663059839999995,7.87404106,87.619,1.319,3.3,1014.738,18.445,1.189647,7.117999999999999,1.022,0.105,100,1.4,3.3,1014.738,0.01905631917652517,290.37742554374694,7.1909949242090265,188.17066732658037,True,15.044817954205412,-3.886439244463869,3,2,20160906_flight01
2016-09-06 13:21:43,54.662955110000006,7.87503067,87.7,1.161,3.241,1014.737,18.416999999999998,1.1897449999999998,6.845,0.902,0.06,100,1.4,3.3,1014.737,0.01906922942165612,290.3496242935756,6.904174751554309,187.50690020914632,True,15.052743313044187,-3.951052177884752,3,2,20160906_flight01
2016-09-06 13:21:44,54.66284891,7.87601922,87.73,1.153,3.276,1014.7310000000001,18.46,1.189655,6.909,0.882,0.017,100,1.4,3.3,1014.7310000000001,0.01899001856825433,290.39293583457254,6.965070351403495,187.27500495788925,True,15.060492031576233,-4.015648307770525,3,2,20160906_flight01
2016-09-06 13:21:45,54.66274166,7.877007099999999,87.848,1.5330000000000001,3.26,1014.7230000000001,18.601000000000003,1.1893520000000002,6.457999999999999,0.995,-0.18899999999999997,100,1.7,3.3,1014.7230000000001,0.018748993354335886,290.5340024501353,6.534201481435967,188.75882888027155,True,15.068116256480605,-4.080237819339474,3,2,20160906_flight01
2016-09-06 13:21:46,54.662632679999994,7.87799404,88.039,1.5830000000000002,3.1490000000000005,1014.6840000000001,18.48,1.1891980000000002,6.675,0.574,-0.026000000000000002,100,1.7,3.2,1014.6840000000001,0.01926448749007137,290.41669953564696,6.6996343930098154,184.91491685594144,True,15.075538519452396,-4.144826553464274,3,2,20160906_flight01
2016-09-06 13:21:47,54.662522179999996,7.87898009,88.1,1.9380000000000002,3.343,1014.698,18.412,1.189095,6.522,0.953,0.41100000000000003,100,2.0,3.5,1014.698,0.019604584517363355,290.34783672033706,6.591258832726871,188.31327316676732,True,15.082782101719486,-4.20941064378333,3,2,20160906_flight01
2016-09-06 13:21:48,54.662409509999996,7.879964599999999,88.07699999999998,1.8869999999999998,3.383,1014.697,18.398999999999997,1.189252,7.084,0.636,-0.06,100,2.0,3.5,1014.697,0.019514433473556858,290.33497268980545,7.112492671349475,185.13024832616276,True,15.089765406064162,-4.273971458822365,3,2,20160906_flight01
2016-09-06 13:21:49,54.66229483,7.88094759,88.245,1.3980000000000001,3.336,1014.681,18.374,1.18922,6.843999999999999,0.911,0.028000000000000004,100,1.7,3.4,1014.681,0.01961322126526488,290.3113860219051,6.904365068563509,187.58203064192548,True,15.096505822123165,-4.338504934750079,3,2,20160906_flight01
2016-09-06 13:21:50,54.66217866,7.88192946,88.375,0.767,3.4309999999999996,1014.673,18.317,1.1893040000000001,7.031000000000001,1.153,0.115,100,1.2,3.5,1014.673,0.01973255053068046,290.25527761456607,7.124911929280249,189.31293231870217,True,15.103066316955294,-4.403018562426045,3,2,20160906_flight01
2016-09-06 13:21:51,54.66206221,7.88291068,88.544,0.19399999999999998,3.358,1014.64,18.385,1.189265,7.0760000000000005,1.02,0.011000000000000001,100,0.3,3.4,1014.64,0.019494974555998024,290.32569541789314,7.1491381298727195,188.20264009607922,True,15.109584537516495,-4.46750130341511,3,2,20160906_flight01
2016-09-06 13:21:52,54.66194601,7.883891670000001,88.72,-0.029000000000000005,3.319,1014.6310000000001,18.374,1.189277,7.106,0.983,0.032,100,0.2,3.4,1014.6310000000001,0.019514112323320454,290.31547753871007,7.173668866068464,187.875958128564,True,15.116124898767728,-4.53196155307484,3,2,20160906_flight01
2016-09-06 13:21:53,54.66183062,7.88487267,88.86200000000001,-0.04800000000000001,3.4419999999999997,1014.6110000000001,18.3,1.189368,7.3,0.81,0.13,100,0.2,3.5,1014.6110000000001,0.019674846016967784,290.2434205720491,7.344800882256782,186.33157713471138,True,15.122751537946597,-4.596395591616261,3,2,20160906_flight01
2016-09-06 13:21:54,54.661716150000004,7.88585349,89.068,0.05600000000000001,3.457,1014.59,18.337,1.18927,7.126,0.877,0.054000000000000006,100,0.1,3.5,1014.59,0.019608323480940548,290.2819857348672,7.179763575494669,187.01613618720444,True,15.129472487028094,-4.660788036257663,3,2,20160906_flight01
2016-09-06 13:21:55,54.66160197999999,7.88683387,89.265,0.174,3.338,1014.564,18.358999999999998,1.1892360000000002,6.932,0.8290000000000001,0.237,100,0.3,3.4,1014.564,0.019534395091425516,290.3060224786401,6.981394201733634,186.81963176891315,True,15.13621684696121,-4.7251433583998,3,2,20160906_flight01
2016-09-06 13:21:56,54.661487859999994,7.88781385,89.3,0.26899999999999996,3.312,1014.568,18.309,1.189293,6.905,0.733,0.133,100,0.3,3.4,1014.568,0.019664444785188806,290.25590152920245,6.943796800022305,186.05953779778625,True,15.14295881842815,-4.7894723100307415,3,2,20160906_flight01
2016-09-06 13:21:57,54.661373919999996,7.88879374,89.29,0.12300000000000001,3.2739999999999996,1014.563,18.262,1.189284,7.171,1.196,0.12100000000000001,100,0.2,3.3,1014.563,0.019831591690462336,290.2095045794682,7.270052063087307,189.46880040657712,True,15.149718186941657,-4.853789738926324,3,2,20160906_flight01
2016-09-06 13:21:58,54.66126104,7.88977434,89.2,0.006000000000000001,3.2089999999999996,1014.5840000000001,18.352999999999998,1.189378,7.3389999999999995,1.082,0.115,100,0.2,3.3,1014.5840000000001,0.019453751286570675,290.2984105800688,7.418331685763315,188.38678747675777,True,15.156603882103886,-4.918115926356595,3,2,20160906_flight01
2016-09-06 13:21:59,54.66114885,7.89075557,89.139,0.07100000000000001,3.122,1014.591,18.32,1.189449,7.081,1.255,0.115,100,0.2,3.2,1014.591,0.01951534738106009,290.264974191305,7.191354948825708,190.05044094070286,True,15.163575040492246,-4.9824581846539,3,2,20160906_flight01
2016-09-06 13:22:00,54.66103673,7.89173731,88.914,-0.16,3.075,1014.6030000000001,18.269000000000002,1.189643,7.197,1.4280000000000002,0.10400000000000001,100,0.2,3.1,1014.6030000000001,0.019539541136120775,290.21320335708714,7.3373014794268885,191.22264043902192,True,15.170563458890607,-5.046829635258631,3,2,20160906_flight01
2016-09-06 13:22:01,54.66092535,7.89272023,88.62100000000001,-0.364,3.0,1014.6469999999999,18.324,1.189855,7.409,1.483,0.045,100,0.5,3.0,1014.6469999999999,0.01920973577658769,290.2643757263527,7.5559625462279785,191.31885519708652,True,15.177653245198195,-5.111249482921867,3,2,20160906_flight01
2016-09-06 13:22:02,54.6608153,7.893704840000001,88.258,-0.529,3.0,1014.68,18.401,1.190143,7.271,1.375,0.075,100,0.6,3.0,1014.68,0.018727118170639434,290.3383555489358,7.3998693231705115,190.7085994337026,True,15.184916924105645,-5.175729696409474,3,2,20160906_flight01
2016-09-06 13:22:03,54.66070620000001,7.8946907699999995,87.899,-0.46,3.06,1014.7339999999999,18.418,1.1902789999999999,7.324,1.1760000000000002,0.098,100,0.5,3.1,1014.7339999999999,0.018605534987329753,290.35086562161246,7.417813154832089,189.12200553395226,True,15.192306985183945,-5.240260001334715,3,2,20160906_flight01
2016-09-06 13:22:04,54.66059796,7.89567778,87.63799999999999,-0.515,3.1460000000000004,1014.77,18.522000000000002,1.19014,7.0089999999999995,0.943,-0.152,100,0.6,3.2,1014.77,0.018397388242380686,290.4514844503218,7.072151723485575,187.6626352634766,True,15.199809241963377,-5.304828550055246,3,2,20160906_flight01
2016-09-06 13:22:05,54.66049103,7.89666571,87.6,-0.306,3.315,1014.755,18.445999999999998,1.1898980000000001,6.921,1.107,0.172,100,0.4,3.4,1014.755,0.018854931607797498,290.3770300684786,7.008972107235126,189.08737101325707,True,15.207468438699893,-5.3694105518216935,3,2,20160906_flight01
2016-09-06 13:22:06,54.66038554,7.89765429,87.641,-0.09600000000000002,3.4,1014.7589999999999,18.45,1.189834,7.301,0.907,0.062,100,0.2,3.4,1014.7589999999999,0.018899774320238816,290.38068598235515,7.357122399416772,187.08154826185086,True,15.215293192455237,-5.433985018528875,3,2,20160906_flight01
2016-09-06 13:22:07,54.66028121,7.8986429,87.84200000000001,0.057,3.4,1014.722,18.528,1.189618,6.603,0.74,-0.055,100,0.2,3.4,1014.722,0.018775107274083824,290.4613888258533,6.644336610979308,186.3944716411218,True,15.22324180663839,-5.498522917069426,3,2,20160906_flight01
2016-09-06 13:22:08,54.660176920000005,7.89963094,88.163,0.303,3.4619999999999997,1014.673,18.47,1.189299,6.944,0.9710000000000001,-0.037000000000000005,100,0.5,3.5,1014.673,0.01920182723530739,290.4076415441877,7.011560240060696,187.96022287074905,True,15.231183696061192,-5.563024272700691,3,2,20160906_flight01
2016-09-06 13:22:09,54.660073430000004,7.900618779999999,88.53399999999999,0.452,3.484,1014.6460000000001,18.4,1.189106,7.059,1.035,-0.11800000000000001,100,0.5,3.6,1014.6460000000001,0.019584865245299676,290.3401421631018,7.13447307094224,188.34134891894294,True,15.239206756879527,-5.627486773375368,3,2,20160906_flight01
2016-09-06 13:22:10,54.65997067,7.90160642,88.914,0.40700000000000003,3.4419999999999997,1014.589,18.43,1.1891470000000002,7.087999999999999,0.624,0.016,100,0.5,3.5,1014.589,0.019387542768340094,290.3746831235855,7.1154142535765255,185.0311270467517,True,15.24730354961734,-5.6919127376471925,3,2,20160906_flight01
2016-09-06 13:22:11,54.65986805000001,7.90259316,89.243,0.387,3.4530000000000003,1014.561,18.426,1.189044,6.749,0.723,-0.07,100,0.5,3.5,1014.561,0.019461696891820424,290.37299155195234,6.787615929028394,186.11460429643475,True,15.255397890956223,-5.756278457409018,3,2,20160906_flight01
2016-09-06 13:22:12,54.65976505,7.903579130000001,89.59700000000001,0.607,3.2769999999999997,1014.535,18.398,1.188946,6.728,1.004,-0.172,100,0.8,3.4,1014.535,0.019617512963217232,290.3472351318567,6.802499540610054,188.48745185472,True,15.263437019485673,-5.8206091883837265,3,2,20160906_flight01
2016-09-06 13:22:13,54.65966176,7.90456492,89.86399999999999,0.899,3.3,1014.4989999999999,18.398,1.188927,6.6739999999999995,1.0070000000000001,-0.021,100,1.0,3.3,1014.4989999999999,0.01959762633553863,290.3501817855871,6.74954257709365,188.58029565220727,True,15.271441861258557,-5.884938403314199,3,2,20160906_flight01
2016-09-06 13:22:14,54.65955812999999,7.9055504800000005,90.01799999999999,0.46,3.2090000000000005,1014.485,18.361,1.189097,7.084,0.5529999999999999,-0.10200000000000001,100,0.7,3.3,1014.485,0.01956718259480361,290.3144796110094,7.105551702718093,184.4636419870102,True,15.27940613956398,-5.949264669010753,3,2,20160906_flight01
2016-09-06 13:22:15,54.6594549,7.90653607,90.166,0.48200000000000004,3.127,1014.4739999999999,18.358,1.189028,7.081,1.048,-0.106,100,0.6,3.2,1014.4739999999999,0.019625786115608612,290.31239221033144,7.158132787256744,188.4187578943105,True,15.287413506841828,-6.013579539408813,3,2,20160906_flight01
2016-09-06 13:22:16,54.659351619999995,7.907521910000001,90.2,0.37300000000000005,3.119,1014.462,18.291,1.189166,7.256,1.2229999999999999,-0.006000000000000001,100,0.4,3.2,1014.462,0.019729775327113286,290.24664892642926,7.358346621354555,189.56728989416155,True,15.295420374193762,-6.07791151241775,3,2,20160906_flight01
2016-09-06 13:22:17,54.65924847,7.90850822,90.15100000000001,0.182,3.097,1014.475,18.293,1.189238,7.348,1.244,0.017,100,0.3,3.2,1014.475,0.019674107107015226,290.2475769786728,7.452559291947968,189.60893598895248,True,15.303450108012209,-6.142268218961992,3,2,20160906_flight01
2016-09-06 13:22:18,54.65914568,7.909495150000001,89.98899999999999,0.341,3.054,1014.4789999999999,18.33,1.18934,7.181,1.07,-0.033,100,0.5,3.1,1014.4789999999999,0.01946125293051626,290.284097868138,7.260279677808562,188.4749643848586,True,15.311530040680926,-6.206651308837756,3,2,20160906_flight01
2016-09-06 13:22:19,54.659042719999995,7.91048256,89.805,0.7240000000000001,2.945,1014.51,18.39,1.189327,6.8839999999999995,0.9710000000000001,-0.051000000000000004,100,1.0,3.0,1014.51,0.019293731225119348,290.3413142974242,6.952143338568329,188.0287022521714,True,15.319601148904196,-6.271069686768062,3,2,20160906_flight01
2016-09-06 13:22:20,54.6589389,7.91147037,89.59,0.883,3.0,1014.55,18.36,1.189303,6.919,1.047,-0.016,100,1.0,3.0,1014.55,0.019459394119741624,290.3081640653596,6.9977689301662425,188.60485441519162,True,15.327588560228454,-6.335541264186845,3,2,20160906_flight01
2016-09-06 13:22:21,54.65883467,7.912458689999999,89.33200000000001,0.77,3.0610000000000004,1014.571,18.317999999999998,1.189246,7.172999999999999,1.3880000000000001,0.141,100,0.9,3.1,1014.571,0.019676271253849187,290.26461890780774,7.306057281461731,190.95157898432723,True,15.335542218009435,-6.4000579325673455,3,2,20160906_flight01
2016-09-06 13:22:22,54.65873037,7.9134476099999995,89.061,0.33,3.011,1014.6080000000001,18.434,1.189265,6.7989999999999995,0.821,-0.047,100,0.6,3.1,1014.6080000000001,0.019291503127947474,290.3771113788926,6.848389737741274,186.88530382025965,True,15.343499989883506,-6.464613991102769,3,2,20160906_flight01
2016-09-06 13:22:23,54.6586257,7.91443682,88.882,0.377,3.011,1014.625,18.395,1.189398,6.907,0.927,-0.049,100,0.5,3.1,1014.625,0.019330938967097033,290.3368815173201,6.968929473025251,187.64408357418432,True,15.351424023036268,-6.529200222791237,3,2,20160906_flight01
2016-09-06 13:22:24,54.65852115,7.9154265,88.73299999999999,0.39,3.173,1014.6440000000001,18.366999999999997,1.189277,6.8229999999999995,1.127,0.117,100,0.5,3.2,1014.6440000000001,0.019551656102948956,290.3074427636749,6.9154506722266476,189.3792355540283,True,15.359369859871661,-6.593811519237566,3,2,20160906_flight01
2016-09-06 13:22:25,54.65841684,7.91641661,88.603,0.2,3.1090000000000004,1014.653,18.371,1.189315,7.069,0.9540000000000001,-0.133,100,0.2,3.2,1014.653,0.01951413439553984,290.31068969449836,7.133083274433294,187.68594030989988,True,15.367349483540684,-6.658441434337907,3,2,20160906_flight01
2016-09-06 13:22:26,54.658312939999995,7.91740711,88.6,0.33899999999999997,3.1210000000000004,1014.6510000000001,18.365,1.189393,7.1739999999999995,0.61,0.021,100,0.4,3.2,1014.6510000000001,0.019466247901632983,290.30487826120054,7.199887221338956,184.86012806759044,True,15.375380191103337,-6.72308186587946,3,2,20160906_flight01
2016-09-06 13:22:27,54.65820906,7.91839734,88.715,0.37200000000000005,3.2939999999999996,1014.6390000000001,18.35,1.1893479999999998,6.999,0.292,0.047,100,0.5,3.4,1014.6390000000001,0.01954522390938007,290.2909224252928,7.005088507649279,182.38900855849352,True,15.383407825125781,-6.787704952756138,3,2,20160906_flight01
2016-09-06 13:22:28,54.658104810000005,7.9193865400000005,88.94200000000001,0.8640000000000001,3.375,1014.6290000000001,18.305,1.189387,6.899,0.545,-0.062,100,1.0,3.4,1014.6290000000001,0.019659153785111627,290.2469272078382,6.920493190517566,184.5168120122231,True,15.391376302577145,-6.852276655262359,3,2,20160906_flight01
2016-09-06 13:22:29,54.657999499999995,7.92037431,89.27799999999999,1.032,3.5060000000000002,1014.586,18.294,1.1893470000000002,6.92,0.745,0.042,100,1.1,3.6,1014.586,0.019688716989526345,290.23949075762624,6.9599874281495655,186.14473685006374,True,15.399204589096167,-6.916795113312518,3,2,20160906_flight01
2016-09-06 13:22:30,54.65789381,7.921361050000001,89.654,0.932,3.4330000000000003,1014.5319999999999,18.296000000000003,1.189328,6.937,0.75,-0.09200000000000001,100,1.0,3.5,1014.5319999999999,0.019643737295769625,290.24590069083837,6.977425671406325,186.1706163936021,True,15.406972656262502,-6.981262518214074,3,2,20160906_flight01
2016-09-06 13:22:31,54.65778783,7.92234702,90.012,0.8059999999999999,3.3,1014.502,18.250999999999998,1.189383,7.332000000000001,0.6829999999999999,0.01,100,0.9,3.3,1014.502,0.019723884644707423,290.20354029588583,7.363743137834183,185.32193267576542,True,15.414695075661795,-7.045691953330349,3,2,20160906_flight01
2016-09-06 13:22:32,54.657681769999996,7.9233322799999995,90.26899999999999,0.5660000000000001,3.276,1014.482,18.278,1.189343,7.416,0.813,0.035,100,0.6,3.3,1014.482,0.019643600472621037,290.23206575218194,7.4604306175984245,186.2562288980714,True,15.422395321079959,-7.110080170160463,3,2,20160906_flight01
2016-09-06 13:22:33,54.65757573,7.9243172500000005,90.4,0.228,3.167,1014.4680000000001,18.295,1.189302,7.571000000000001,1.034,0.07200000000000001,100,0.4,3.2,1014.4680000000001,0.019605202865826676,290.25014156625963,7.641282418547296,187.77698556915215,True,15.43009210783824,-7.174449806606006,3,2,20160906_flight01
2016-09-06 13:22:34,54.65746997,7.925302289999999,90.4,0.023000000000000003,3.0460000000000003,1014.4680000000001,18.319000000000003,1.189308,7.3,0.873,-0.106,100,0.2,3.1,1014.4680000000001,0.019516103591112888,290.2740431717001,7.352015301942727,186.81956032684093,True,15.437820000417927,-7.238814493856849,3,2,20160906_flight01
2016-09-06 13:22:35,54.65736424,7.92628776,90.36300000000001,0.2,2.908,1014.487,18.3,1.189379,7.292999999999999,0.8009999999999999,-0.122,100,0.2,3.0,1014.487,0.019540797807886756,290.2535663339429,7.336855593508706,186.26775062916073,True,15.445559361401477,-7.303204755423165,3,2,20160906_flight01
2016-09-06 13:22:36,54.65725883,7.927274049999999,90.189,0.034,2.927,1014.5010000000001,18.277,1.1893989999999999,7.53,1.093,0.145,100,0.3,3.0,1014.5010000000001,0.01961818746659838,290.229515272718,7.608912471569114,188.2589572067293,True,15.453348521296602,-7.3676350824087615,3,2,20160906_flight01
2016-09-06 13:22:37,54.657154410000004,7.92826151,89.89399999999999,-0.42300000000000004,2.9610000000000003,1014.534,18.235,1.189512,7.574,0.922,-0.006000000000000001,100,0.5,3.0,1014.534,0.019701447927431115,290.1849882649311,7.6299121882234004,186.94059450728486,True,15.461265426099397,-7.4321049080440975,3,2,20160906_flight01
2016-09-06 13:22:38,54.65705129,7.9292501500000006,89.66799999999999,-0.596,2.9,1014.581,18.305,1.189524,7.65,0.9760000000000001,0.009000000000000001,100,0.9,2.9,1014.581,0.01949348506893367,290.2508543881434,7.712008558086539,187.2706145488012,True,15.469343214620936,-7.496604582308752,3,2,20160906_flight01
2016-09-06 13:22:39,54.656949409999996,7.93024009,89.40799999999999,-0.667,2.984,1014.602,18.230999999999998,1.189611,7.421,1.033,0.018000000000000002,100,0.8,3.0,1014.602,0.019698926507340175,290.1754423844186,7.492551634790381,187.92462573207604,True,15.477577820881924,-7.561143506854269,3,2,20160906_flight01
2016-09-06 13:22:40,54.65684869,7.9312312799999996,89.186,-0.3,3.0,1014.633,18.284000000000002,1.189659,7.386,1.328,-0.049,100,0.5,3.0,1014.633,0.019503498503219863,290.2256870215873,7.504437353992636,190.19285276333483,True,15.485959779826535,-7.625721242156268,3,2,20160906_flight01
2016-09-06 13:22:41,54.65674978,7.93222379,88.963,0.09,2.988,1014.663,18.299,1.189936,7.39,1.4269999999999998,0.052000000000000005,100,0.4,3.0,1014.663,0.0192438496275511,290.23817052676986,7.526515063427429,190.92923026277316,True,15.494559520221506,-7.690320583808121,3,2,20160906_flight01
2016-09-06 13:22:42,54.656651169999996,7.93321741,88.65700000000001,0.621,2.99,1014.6940000000001,18.325,1.19011,7.345,1.344,-0.009,100,0.8,3.0,1014.6940000000001,0.019035058970083618,290.26152626764804,7.466951252017117,190.36936021405722,True,15.503212518187231,-7.754978571264222,3,2,20160906_flight01
2016-09-06 13:22:43,54.656552389999995,7.93421149,88.38,0.8160000000000001,2.9019999999999997,1014.7260000000001,18.363,1.190208,7.3,1.1640000000000001,0.011000000000000001,100,0.9,3.0,1014.7260000000001,0.018850458410536453,290.29674977264546,7.392218611486,189.05966300833188,True,15.511856306589328,-7.81967061105465,3,2,20160906_flight01
2016-09-06 13:22:44,54.6564524,7.93520576,88.126,0.7979999999999999,3.0740000000000003,1014.7560000000001,18.429,1.19009,7.3629999999999995,0.907,0.098,100,0.9,3.1,1014.7560000000001,0.01875095425688289,290.3600192987757,7.418653381847678,187.02251610868313,True,15.520375156961483,-7.884414468041597,3,2,20160906_flight01
2016-09-06 13:22:45,54.65635136,7.9361998400000004,87.94300000000001,1.012,3.287,1014.7819999999999,18.430999999999997,1.189989,6.906000000000001,0.7240000000000001,0.267,100,1.1,3.4,1014.7819999999999,0.018856536501738352,290.3598832375364,6.94384706052776,185.98481995500583,True,15.528778756559971,-7.949181363993245,3,2,20160906_flight01
2016-09-06 13:22:46,54.65624945,7.93719276,87.9,0.8290000000000001,3.2710000000000004,1014.8,18.441,1.1896209999999998,6.8260000000000005,0.877,0.0019999999999999996,100,1.0,3.4,1014.8,0.01915483698982423,290.3683683258478,6.882107598693877,187.32121632288872,True,15.537067557196886,-8.013905404492117,3,2,20160906_flight01
2016-09-06 13:22:47,54.656147000000004,7.938185099999999,87.93700000000001,0.8490000000000001,3.4219999999999997,1014.784,18.33,1.189516,7.42,0.9209999999999999,0.09699999999999999,100,0.9,3.5,1014.784,0.019616866668167754,290.2591426074267,7.4769406176590705,187.07559149205355,True,15.545287799140363,-8.078611495094542,3,2,20160906_flight01
2016-09-06 13:22:48,54.65604485,7.939176939999999,88.196,0.6439999999999999,3.465,1014.748,18.459,1.189264,6.7829999999999995,0.716,-0.222,100,0.7,3.5,1014.748,0.019345609322124258,290.3905486341031,6.820685082893067,186.0257142398064,True,15.553530296578627,-8.143276756037576,3,2,20160906_flight01
2016-09-06 13:22:49,54.655941860000006,7.94016734,88.619,0.611,3.471,1014.703,18.391,1.189297,7.195,0.8340000000000001,0.054000000000000006,100,0.7,3.6,1014.703,0.01950986086060391,290.32651501901245,7.24317478734291,186.61186617130983,True,15.561655791738813,-8.20788086778084,3,2,20160906_flight01
2016-09-06 13:22:50,54.65583847,7.941156670000001,89.01,0.269,3.6,1014.666,18.323999999999998,1.189338,7.337000000000001,0.867,0.011000000000000001,100,0.5,3.6,1014.666,0.01967187550494165,290.26282121761585,7.388048321444575,186.73928593786135,True,15.569718171741291,-8.272432117379921,3,2,20160906_flight01
2016-09-06 13:22:51,54.65573608,7.9421453,89.505,0.344,3.505,1014.609,18.36,1.189305,6.797000000000001,0.705,-0.253,100,0.5,3.6,1014.609,0.01951696514188117,290.3033358392561,6.833464275168197,185.92167091890803,True,15.577873350813006,-8.33690699458177,3,2,20160906_flight01
2016-09-06 13:22:52,54.65563344,7.9431328699999995,90.04799999999999,0.483,3.336,1014.545,18.29,1.189332,7.359,0.7610000000000001,-0.025000000000000005,100,0.6,3.4,1014.545,0.01967436549398416,290.23886175104343,7.398243169834309,185.90401603733864,True,15.585981549023364,-8.401324659169575,3,2,20160906_flight01
2016-09-06 13:22:53,54.65553126,7.94412005,90.46799999999999,0.446,3.383,1014.52,18.299,1.1892719999999999,7.354,0.885,-0.196,100,0.6,3.5,1014.52,0.019669192905842348,290.2498702107935,7.40706021306699,186.86212749950278,True,15.594131125399725,-8.465702991007067,3,2,20160906_flight01
2016-09-06 13:22:54,54.6554294,7.9451068199999995,90.815,0.44,3.1890000000000005,1014.4580000000001,18.29,1.189322,7.316,0.9259999999999999,0.113,100,0.6,3.3,1014.4580000000001,0.019595498478624407,290.2459803328537,7.374369939188025,187.2136766157958,True,15.602306815873147,-8.530045391480527,3,2,20160906_flight01
2016-09-06 13:22:55,54.65532718,7.946093100000001,90.86200000000001,0.371,3.1,1014.4630000000001,18.289,1.18936,7.629,0.8,0.192,100,0.5,3.1,1014.4630000000001,0.019571446000142156,290.2445752960628,7.670830528697659,185.98633019930622,True,15.61043481076801,-8.594369440803483,3,2,20160906_flight01
2016-09-06 13:22:56,54.65522524,7.94707948,90.721,0.20800000000000002,3.052,1014.4810000000001,18.343,1.189265,7.394,0.875,0.201,100,0.3,3.1,1014.4810000000001,0.019482085475596822,290.29688085115635,7.445593394753705,186.7489486968675,True,15.618594489162723,-8.658690394511854,3,2,20160906_flight01
2016-09-06 13:22:57,54.65512356,7.94806618,90.412,0.396,3.0,1014.5139999999999,18.285,1.189317,6.792999999999999,0.9890000000000001,0.127,100,0.7,3.0,1014.5139999999999,0.019673562503125686,290.2364187306183,6.864617250801387,188.2835517469885,True,15.626787961800899,-8.723022507970228,3,2,20160906_flight01
2016-09-06 13:22:58,54.65502092,7.9490531099999995,90.04299999999999,0.805,2.7969999999999997,1014.559,18.357,1.18921,6.313,1.2229999999999999,-0.034,100,0.9,3.0,1014.559,0.019558655866214192,290.30443990891854,6.430373084044191,190.96393923119632,True,15.634883836204201,-8.787400629516704,3,2,20160906_flight01
2016-09-06 13:22:59,54.65491713,7.950040830000001,89.552,0.765,2.793,1014.6210000000001,18.236,1.1896039999999999,7.0120000000000005,0.778,-0.034,100,0.9,2.9,1014.6210000000001,0.019706524472128395,290.1788675694082,7.0550285612462265,186.33122330539945,True,15.642872702839695,-8.85186565252965,3,2,20160906_flight01
2016-09-06 13:23:00,54.65481396999999,7.951030009999999,89.15299999999999,0.745,2.9539999999999997,1014.672,18.272000000000002,1.189638,7.218,0.8310000000000001,0.046000000000000006,100,0.9,3.0,1014.672,0.019602665974959743,290.21054649408325,7.265678564318684,186.5674821872786,True,15.650956638443132,-8.916400016123408,3,2,20160906_flight01
2016-09-06 13:23:01,54.65471074,7.95201975,88.887,0.993,3.0610000000000004,1014.6990000000001,18.27,1.1895909999999998,7.303,1.1660000000000001,0.086,100,1.2,3.1,1014.6990000000001,0.0196770800582724,290.2063462598702,7.3954962646194335,189.07130470776855,True,15.65904391790255,-8.980971298431832,3,2,20160906_flight01
2016-09-06 13:23:02,54.65460614,7.95300923,88.666,1.238,3.0610000000000004,1014.732,18.262,1.189632,7.278,1.3719999999999999,-0.048,100,1.3,3.1,1014.732,0.019703090886195485,290.195680416756,7.406191193859365,190.6757325448568,True,15.666980589637197,-9.045571893787354,3,2,20160906_flight01
2016-09-06 13:23:03,54.65449979,7.953998370000001,88.515,0.98,2.9539999999999997,1014.7539999999999,18.299,1.189829,7.272,1.044,-0.002,100,1.1,3.0,1014.7539999999999,0.019426928148250644,290.23072637728256,7.3465583779073045,188.1698083627083,True,15.674724727444355,-9.110209445743632,3,2,20160906_flight01
2016-09-06 13:23:04,54.65439251,7.954987549999999,88.336,0.7509999999999999,3.1430000000000002,1014.781,18.249000000000002,1.189881,7.372999999999999,1.0859999999999999,0.177,100,0.9,3.2,1014.781,0.01958441689331103,290.17872722050555,7.452551576473657,188.37908523587222,True,15.682370796733059,-9.174880272781692,3,2,20160906_flight01
2016-09-06 13:23:05,54.65428508,7.955976779999999,88.2,0.595,3.2709999999999995,1014.799,18.248,1.1900279999999999,7.371,1.268,0.034,100,0.7,3.3,1014.799,0.019480052732474995,290.17625934872746,7.479269015084295,189.7608006207188,True,15.690001887084561,-9.239559157449197,3,2,20160906_flight01
2016-09-06 13:23:06,54.65417747000001,7.956965790000001,88.21300000000001,0.6559999999999999,3.2489999999999997,1014.784,18.361,1.190283,7.2860000000000005,0.904,0.023000000000000003,100,0.8,3.3,1014.784,0.018851482584082202,290.2900127646273,7.341867064991031,187.07274625775142,True,15.697609611046607,-9.304230411191178,3,2,20160906_flight01
2016-09-06 13:23:07,54.65406899,7.957954089999999,88.345,0.852,3.264,1014.775,18.451,1.1901339999999998,7.042999999999999,0.8640000000000001,-0.099,100,1.0,3.3,1014.775,0.018655505659544103,290.3803723539178,7.095797700047542,186.99381557283508,True,15.705111201222595,-9.368886613181619,3,2,20160906_flight01
2016-09-06 13:23:08,54.65395958,7.958941620000001,88.523,1.077,3.3,1014.758,18.413999999999998,1.189667,6.7829999999999995,0.898,0.017,100,1.2,3.3,1014.758,0.019167621741579044,290.344918345883,6.842184811885747,187.5415205162225,True,15.712499125564369,-9.433526043591666,3,2,20160906_flight01
2016-09-06 13:23:09,54.65384919,7.9599282,88.69,1.08,3.46,1014.715,18.331,1.1895040000000001,7.037000000000001,0.894,0.151,100,1.3,3.5,1014.715,0.019554325643759363,290.265783210369,7.093560812455196,187.24022889940315,True,15.719764604089272,-9.498139237050456,3,2,20160906_flight01
2016-09-06 13:23:10,54.653738350000005,7.960913860000001,88.897,0.7929999999999999,3.469,1014.7,18.314,1.18953,7.2589999999999995,1.056,-0.005000000000000001,100,0.9,3.5,1014.7,0.01957643425175637,290.25008120757934,7.335408441252606,188.27701711970727,True,15.726964541938079,-9.562710492374968,3,2,20160906_flight01
2016-09-06 13:23:11,54.65362749,7.96189887,89.146,0.669,3.511,1014.66,18.358999999999998,1.189615,7.334,0.883,0.267,100,0.8,3.6,1014.66,0.019306020724837003,290.29816673248797,7.386964532201302,186.86526058562487,True,15.73414983785551,-9.627242249241988,3,2,20160906_flight01
2016-09-06 13:23:12,54.653516200000006,7.96288263,89.40100000000001,0.34,3.428,1014.6510000000001,18.332,1.189584,7.196000000000001,0.845,-0.046000000000000006,100,0.4,3.6,1014.6510000000001,0.01941796193287315,290.27201524906525,7.24544277459977,186.6973633270647,True,15.741265364200542,-9.691711016149494,3,2,20160906_flight01
2016-09-06 13:23:13,54.653404849999994,7.96386558,89.691,0.13,3.475,1014.6,18.258,1.189541,7.285,0.662,0.187,100,0.2,3.5,1014.6,0.01966243762767328,290.2024942817711,7.315016678039771,185.19230151020196,True,15.748358916532252,-9.756131723727322,3,2,20160906_flight01
2016-09-06 13:23:14,54.65329419,7.964847949999999,89.887,-0.001,3.4739999999999998,1014.58,18.348,1.189514,6.977,0.7290000000000001,0.207,100,0.1,3.5,1014.58,0.01935066033882471,290.29375856461803,7.0149818246378945,185.96497208125163,True,15.755514632396041,-9.820493741108436,3,2,20160906_flight01
2016-09-06 13:23:15,54.65318371,7.9658296900000005,90.0,0.026000000000000002,3.325,1014.581,18.398,1.189336,6.422000000000001,1.141,0.033,100,0.1,3.4,1014.581,0.01932938132831241,290.3434701588734,6.522573495178111,190.074640047537,True,15.762677347094849,-9.884810871312947,3,2,20160906_flight01
2016-09-06 13:23:16,54.65307334,7.96681138,90.0,-0.16399999999999998,3.14,1014.575,18.262,1.189478,7.252999999999999,1.056,0.062,100,0.5,3.2,1014.575,0.019677320817151456,290.20852288444786,7.329470990460361,188.2837692508852,True,15.76985078960123,-9.949121268775933,3,2,20160906_flight01
2016-09-06 13:23:17,54.652964739999994,7.967794209999999,89.947,-0.456,3.236,1014.5690000000001,18.315,1.18949,7.2589999999999995,0.8560000000000001,0.015,100,0.6,3.3,1014.5690000000001,0.019475588662482668,290.26179493926514,7.309296614586112,186.7254069348839,True,15.777234296357792,-10.013443475996148,3,2,20160906_flight01
2016-09-06 13:23:18,54.652857569999995,7.968777790000001,89.921,-0.084,3.1710000000000003,1014.572,18.287,1.189617,7.124,0.7490000000000001,0.05600000000000001,100,0.2,3.2,1014.572,0.019467703259678837,290.23366508252843,7.163265805482859,186.00188867742443,True,15.784784222947058,-10.077764657978975,3,2,20160906_flight01
2016-09-06 13:23:19,54.65275054,7.9697613899999995,89.9,-0.217,3.1260000000000003,1014.59,18.282,1.189618,7.545,0.857,0.05600000000000001,100,0.4,3.2,1014.59,0.0195024240881021,290.2272131061893,7.593515259746305,186.4801770838214,True,15.792349413608166,-10.1420824385742,3,2,20160906_flight01
2016-09-06 13:23:20,54.65264488,7.97074573,89.811,-0.182,3.284,1014.592,18.372,1.189528,6.896,0.7440000000000001,0.171,100,0.4,3.3,1014.592,0.0192667998767444,290.3166773709928,6.936018454416049,186.15774496888136,True,15.800074454847293,-10.206400563404078,3,2,20160906_flight01
2016-09-06 13:23:21,54.6525396,7.97173006,89.75200000000001,0.483,3.2,1014.597,18.375,1.189319,6.406000000000001,0.816,0.192,100,0.7,3.2,1014.597,0.019440449508483004,290.31925578225815,6.457762151086087,187.25927557421397,True,15.807839689255383,-10.270705483939572,3,2,20160906_flight01
2016-09-06 13:23:22,54.65243359,7.972714089999999,89.56299999999999,0.5660000000000001,3.2,1014.6290000000001,18.378999999999998,1.189302,6.85,0.838,0.126,100,0.7,3.2,1014.6290000000001,0.019473186570074352,290.3206204799158,6.901068323093171,186.97466650512064,True,15.815521563770337,-10.335016047876763,3,2,20160906_flight01
2016-09-06 13:23:23,54.65232827,7.97369868,89.419,0.6709999999999999,3.2,1014.6390000000001,18.288,1.189397,7.245,1.194,0.069,100,0.8,3.2,1014.6390000000001,0.019720108647641066,290.22917958758995,7.342728443841567,189.35841407054042,True,15.823287553595128,-10.399338357660888,3,2,20160906_flight01
2016-09-06 13:23:24,54.65222355,7.97468392,89.339,0.6759999999999999,3.1510000000000002,1014.6490000000001,18.232,1.1895909999999998,7.3260000000000005,1.1640000000000001,0.031,100,0.8,3.2,1014.6490000000001,0.019759807351631187,290.1725939460045,7.417895388855252,189.0280407067307,True,15.831129826725595,-10.463680955029204,3,2,20160906_flight01
2016-09-06 13:23:25,54.65211792,7.9756689,89.219,0.8,3.0690000000000004,1014.6690000000001,18.262,1.1897419999999999,7.316,0.915,0.124,100,0.8,3.1,1014.6690000000001,0.01954550939840005,290.2008334566875,7.372996744879249,187.12887185952047,True,15.838870380118232,-10.52803762923465,3,2,20160906_flight01
2016-09-06 13:23:26,54.652011,7.97665346,89.01,0.789,3.1710000000000003,1014.6790000000001,18.317999999999998,1.1898170000000001,6.906000000000001,0.868,0.078,100,0.9,3.2,1014.6790000000001,0.019295414125111154,290.25578258198453,6.96033476206425,187.1638152527563,True,15.846465747093793,-10.592411080951013,3,2,20160906_flight01
2016-09-06 13:23:27,54.651902760000006,7.977637509999999,88.9,0.531,3.01,1014.703,18.398,1.189814,6.682,0.455,-0.074,100,0.7,3.2,1014.703,0.0190423941448965,290.33348585880907,6.697473329547495,183.89545032181368,True,15.853911006270542,-10.656796743103705,3,2,20160906_flight01
2016-09-06 13:23:28,54.65179430999999,7.9786217399999995,88.9,-0.063,3.173,1014.68,18.346,1.189555,6.792000000000001,0.5269999999999999,-0.038000000000000006,100,0.1,3.3,1014.68,0.01942298783698404,290.2835843097523,6.812414623318226,184.4367636337533,True,15.861337413087268,-10.721200482398473,3,2,20160906_flight01
2016-09-06 13:23:29,54.65168735,7.979606700000001,88.95100000000001,0.05600000000000001,3.3759999999999994,1014.695,18.381,1.189453,6.96,0.561,-0.063,100,0.1,3.4,1014.695,0.019403078550652486,290.3172112991769,6.982572663424277,184.60827477418206,True,15.86893623131368,-10.785599973403343,3,2,20160906_flight01
2016-09-06 13:23:30,54.651581109999995,7.98059151,89.21600000000001,0.204,3.397,1014.67,18.5,1.1890830000000001,6.157,0.7909999999999999,-0.251,100,0.5,3.4,1014.67,0.019279097031035475,290.4377624167932,6.207602596816262,187.32078313152448,True,15.876608681472964,-10.849966348527754,3,2,20160906_flight01
2016-09-06 13:23:31,54.65147441,7.981575759999999,89.555,0.36700000000000005,3.3369999999999997,1014.62,18.339,1.189202,6.797000000000001,1.037,0.07100000000000001,100,0.5,3.5,1014.62,0.0196897795510127,290.2815226927978,6.875651096441705,188.6745702935665,True,15.884221460316278,-10.914313359700213,3,2,20160906_flight01
2016-09-06 13:23:32,54.65136869,7.9825603,89.742,0.213,3.552,1014.6080000000001,18.245,1.1894289999999998,7.0520000000000005,0.972,0.11,100,0.3,3.6,1014.6080000000001,0.01981198742616641,290.18889366444114,7.118671786225294,187.84781456118307,True,15.8919439760512,-10.978645829062266,3,2,20160906_flight01
2016-09-06 13:23:33,54.65126397,7.9835448,89.96,0.42200000000000004,3.338,1014.5790000000001,18.277,1.189499,7.153,0.8,0.022000000000000002,100,0.5,3.5,1014.5790000000001,0.0196108560228081,290.2231336920514,7.197597446370559,186.38150848602285,True,15.899771999780606,-11.042942704788697,3,2,20160906_flight01
2016-09-06 13:23:34,54.651158960000004,7.98452863,90.16,0.638,3.2889999999999997,1014.53,18.342,1.18936,6.685,0.604,-0.139,100,0.9,3.3,1014.53,0.01945338942870123,290.2918749433629,6.71223070223305,185.162743469294,True,15.907556301337747,-11.107207789330221,3,2,20160906_flight01
2016-09-06 13:23:35,54.651052840000006,7.98551173,90.365,0.8,3.205,1014.529,18.315,1.1893099999999999,6.763,0.8029999999999999,0.013000000000000003,100,0.9,3.3,1014.529,0.01958968499125957,290.26506793411903,6.810504973935487,186.77127233701543,True,15.91520857721594,-11.171464535726674,3,2,20160906_flight01
2016-09-06 13:23:36,54.650946590000004,7.986494840000001,90.4,0.48100000000000004,3.3,1014.5269999999999,18.277,1.1894280000000002,6.922000000000001,0.8190000000000001,0.11699999999999999,100,0.6,3.3,1014.5269999999999,0.01961945818702837,290.22738800905626,6.970282992820306,186.74777403050115,True,15.922847229483088,-11.235726205868712,3,2,20160906_flight01
2016-09-06 13:23:37,54.65084097,7.987478159999999,90.484,0.524,3.208,1014.543,18.192999999999998,1.189614,7.053,0.885,0.055,100,0.7,3.3,1014.543,0.019770050487759594,290.1424251082687,7.10830739346576,187.1520101183341,True,15.93055688078474,-11.299979984088267,3,2,20160906_flight01
2016-09-06 13:23:38,54.65073537999999,7.9884615299999995,90.454,0.589,3.188,1014.53,18.212,1.189597,7.332000000000001,1.064,0.17800000000000002,100,0.7,3.2,1014.53,0.01970505610512774,290.1624101767737,7.408800172767519,188.25696918552006,True,15.938270683231023,-11.364235857942099,3,2,20160906_flight01
2016-09-06 13:23:39,54.650629499999994,7.989445,90.33,0.6509999999999999,3.167,1014.549,18.3,1.189474,6.903,1.14,0.018000000000000002,100,0.7,3.2,1014.549,0.019521673787512572,290.2484932536607,6.996499767741009,189.3775054527122,True,15.945955590585251,-11.428507515832678,3,2,20160906_flight01
2016-09-06 13:23:40,54.6505226,7.99042825,90.17399999999999,0.685,2.898,1014.5790000000001,18.349,1.1894339999999999,6.489,0.96,-0.005000000000000002,100,0.8,3.0,1014.5790000000001,0.019414718795488506,290.2948362646539,6.559628114458929,188.4154486155744,True,15.953527857835345,-11.492799365441599,3,2,20160906_flight01
2016-09-06 13:23:41,54.650415380000005,7.99141169,89.91,0.40299999999999997,2.9819999999999998,1014.609,18.334,1.18946,6.586,0.929,0.015000000000000003,100,0.7,3.0,1014.609,0.019475038387311017,290.2774434625561,6.651198162737297,188.02898724364275,True,15.961069774680668,-11.557113553493636,3,2,20160906_flight01
2016-09-06 13:23:42,54.65030854,7.99239629,89.604,0.479,3.02,1014.6440000000001,18.207,1.18979,6.934,0.76,0.038000000000000006,100,0.6,3.1,1014.6440000000001,0.019671707464286925,290.1481066328757,6.975525499917551,186.25492753259113,True,15.968674414151883,-11.621486826874772,3,2,20160906_flight01
2016-09-06 13:23:43,54.65020192,7.993381729999999,89.37299999999999,0.6689999999999999,3.03,1014.6490000000001,18.21,1.189728,6.949,0.8410000000000001,0.04100000000000001,100,0.7,3.1,1014.6490000000001,0.01971937071072527,290.15068525889683,6.999705850962596,186.90063872336276,True,15.976318609831056,-11.685904713614558,3,2,20160906_flight01
2016-09-06 13:23:44,54.650094550000006,7.9943672800000005,89.166,0.6689999999999999,3.105,1014.668,18.192,1.189863,7.115,0.978,0.11,100,0.7,3.2,1014.668,0.019685763134906775,290.13120616863824,7.181901489160096,187.82660668554308,True,15.98388521499074,-11.750354238461139,3,2,20160906_flight01
2016-09-06 13:23:45,54.64998657,7.99535293,88.95700000000001,0.767,3.2,1014.697,18.203999999999997,1.189822,7.292999999999999,0.993,0.155,100,0.8,3.2,1014.697,0.019708044382147794,290.14078468135915,7.3602919779041365,187.75359642565658,True,15.991388916022823,-11.814830146447253,3,2,20160906_flight01
2016-09-06 13:23:46,54.64987805,7.99633843,88.811,0.8220000000000001,3.2190000000000003,1014.715,18.31,1.189845,7.011,0.857,-0.05800000000000001,100,1.0,3.3,1014.715,0.019335568490412625,290.24487076171056,7.063184126157267,186.96906193864154,True,15.998832338417346,-11.879314672518511,3,2,20160906_flight01
2016-09-06 13:23:47,54.649768480000006,7.99732351,88.8,0.736,3.1860000000000004,1014.703,18.31,1.189759,6.875,0.815,0.007000000000000001,100,0.9,3.3,1014.703,0.019397194166270504,290.24585244422354,6.923138739040263,186.76060306466206,True,16.006156081171824,-11.9438080267734,3,2,20160906_flight01
2016-09-06 13:23:48,54.64965823000001,7.99830826,88.873,0.18599999999999997,3.3,1014.697,18.262,1.189686,7.43,0.9620000000000001,0.061000000000000006,100,0.7,3.3,1014.697,0.01962163656646121,290.1985431659227,7.492018686575735,187.37733545799188,True,16.01340120026525,-12.008303514740437,3,2,20160906_flight01
2016-09-06 13:23:49,54.64954893,7.999293300000001,88.95100000000001,-0.136,3.4,1014.691,18.276,1.189723,7.223,0.815,0.18600000000000003,100,0.2,3.4,1014.691,0.019534917288480447,290.2129756624212,7.268834432011779,186.4376837867519,True,16.020752867903056,-12.072785454562958,3,2,20160906_flight01
2016-09-06 13:23:50,54.649440150000004,8.00027798,89.085,0.135,3.37,1014.673,18.3,1.189709,7.097,0.8710000000000001,0.10100000000000002,100,0.3,3.4,1014.673,0.019444873585297007,290.23834828905257,7.150248247438687,186.9968025091528,True,16.02815286808118,-12.137227927882709,3,2,20160906_flight01
2016-09-06 13:23:51,54.64933136,8.00126215,89.229,0.27399999999999997,3.39,1014.6519999999999,18.224,1.189763,7.312,0.872,0.15200000000000002,100,0.4,3.4,1014.6519999999999,0.01964339349600297,290.1643817842883,7.363812056265424,186.80074778045048,True,16.03554198494301,-12.201639221563493,3,2,20160906_flight01
2016-09-06 13:23:52,54.64922305,8.002246079999999,89.335,0.054000000000000006,3.48,1014.6469999999999,18.436,1.189652,6.377000000000001,0.8220000000000001,0.032,100,0.2,3.5,1014.6469999999999,0.01899210021200126,290.37591092359617,6.429759948862788,187.34496704363895,True,16.042977493929946,-12.266019787949446,3,2,20160906_flight01
2016-09-06 13:23:53,54.64911478,8.00322955,89.527,0.27699999999999997,3.177,1014.628,18.384,1.189511,6.546,0.9740000000000001,-0.14,100,0.5,3.3,1014.628,0.019275576486226687,290.3256815910516,6.618065578399779,188.46312817956112,True,16.050408396309287,-12.33037060788699,3,2,20160906_flight01
2016-09-06 13:23:54,54.64900686,8.00421341,89.6,0.379,3.175,1014.6080000000001,18.255,1.189447,6.667999999999999,0.809,0.132,100,0.5,3.3,1014.6080000000001,0.0197615586772919,290.1988522736714,6.716896977027412,186.9176423576571,True,16.05788400589004,-12.394733931596804,3,2,20160906_flight01
2016-09-06 13:23:55,54.648899639999996,8.0051977,89.6,0.375,3.3,1014.618,18.282,1.189552,6.841,0.8140000000000001,0.12100000000000001,100,0.4,3.3,1014.618,0.019587126346090722,290.2249224288898,6.889258087776941,186.78563190116495,True,16.065442290289866,-12.459100637751188,3,2,20160906_flight01
2016-09-06 13:23:56,54.6487928,8.00618191,89.6,0.5419999999999999,3.3,1014.617,18.21,1.189883,7.205,0.8270000000000001,0.2,100,0.6,3.3,1014.617,0.019554381340264104,290.1533024328384,7.252306805424051,186.54783481791833,True,16.073039419943115,-12.523449814590865,3,2,20160906_flight01
2016-09-06 13:23:57,54.64868596,8.007165800000001,89.566,0.634,3.261,1014.623,18.238,1.190118,7.355,0.943,0.18400000000000002,100,0.7,3.3,1014.623,0.019261136680314817,290.18069569258404,7.415205593913091,187.3061525623924,True,16.080630387692466,-12.58777921991,3,2,20160906_flight01
2016-09-06 13:23:58,54.64857899,8.00814944,89.491,0.605,3.2,1014.633,18.262,1.19027,7.4110000000000005,1.08,0.163,100,0.7,3.2,1014.633,0.019057085271274143,290.2037782356719,7.489280406020328,188.291309533944,True,16.08820272528441,-12.65209748461395,3,2,20160906_flight01
2016-09-06 13:23:59,54.648471650000005,8.009133,89.385,0.6679999999999999,3.1340000000000003,1014.6419999999999,18.365,1.190284,7.047999999999999,1.035,0.136,100,0.8,3.2,1014.6419999999999,0.01869407944049395,290.305614720356,7.123589614793934,188.35418388947303,True,16.09573419945604,-12.716423061649586,3,2,20160906_flight01
2016-09-06 13:24:00,54.64836332,8.01011628,89.235,1.104,3.079,1014.6510000000001,18.409,1.1902139999999999,7.026,0.6589999999999999,-0.114,100,1.2,3.1,1014.6510000000001,0.018609283887989214,290.3486956107143,7.056837606180264,185.35835121154673,True,16.10315506651166,-12.780764129578209,3,2,20160906_flight01
2016-09-06 13:24:01,54.64825374,8.01109928,89.2,1.032,3.09,1014.671,18.403,1.189887,6.903,0.73,0.027999999999999997,100,1.1,3.2,1014.671,0.018930266161039544,290.3410837584444,6.941491842536443,186.03665648196852,True,16.11043769411245,-12.845129300170125,3,2,20160906_flight01
2016-09-06 13:24:02,54.6481431,8.01208199,89.155,1.253,3.2,1014.67,18.42,1.189541,6.6979999999999995,0.7120000000000001,-0.10300000000000001,100,1.4,3.2,1014.67,0.019166210394238714,290.3580949352457,6.735736633806283,186.06777723209467,True,16.117602082562428,-12.909511662348446,3,2,20160906_flight01
2016-09-06 13:24:03,54.64803113,8.01306404,89.2,0.442,3.2,1014.668,18.385,1.189374,6.6739999999999995,0.628,0.044000000000000004,100,1.1,3.2,1014.668,0.01942967449306021,290.3234040762195,6.703481185175356,185.37550407817275,True,16.124612412039056,-12.973897298284651,3,2,20160906_flight01
2016-09-06 13:24:04,54.6479188,8.01404585,89.204,0.382,3.218,1014.6540000000001,18.392,1.189241,6.2989999999999995,0.8079999999999999,-0.040999999999999995,100,0.5,3.3,1014.6540000000001,0.019505137020747965,290.33152067296527,6.350611387890146,187.30966031164257,True,16.131579859924706,-13.038280029570696,3,2,20160906_flight01
2016-09-06 13:24:05,54.647806149999994,8.01502756,89.29699999999998,0.523,3.062,1014.665,18.272000000000002,1.189345,6.542999999999999,1.072,0.07100000000000001,100,0.6,3.1,1014.665,0.019846813509020844,290.2111190969454,6.630236270299874,189.3046278002102,True,16.13851137318084,-13.102667181359088,3,2,20160906_flight01
2016-09-06 13:24:06,54.64769357,8.01600984,89.145,0.745,3.181,1014.6690000000001,18.337,1.189404,6.683,1.172,0.08800000000000001,100,0.8,3.2,1014.6690000000001,0.019572834713303955,290.27552174169034,6.784988798811683,189.94683275831648,True,16.145461301804595,-13.167087232614847,3,2,20160906_flight01
2016-09-06 13:24:07,54.64758044,8.016992199999999,88.95700000000001,0.792,3.015,1014.692,18.312,1.189746,6.7170000000000005,0.976,0.065,100,0.8,3.1,1014.692,0.01939028674562837,290.24874400766424,6.787537476876279,188.26738753041187,True,16.15235431787547,-13.231530443958398,3,2,20160906_flight01
2016-09-06 13:24:08,54.647466279999996,8.01797444,88.75399999999999,0.8740000000000001,3.035,1014.7239999999999,18.35,1.18971,6.53,0.9329999999999999,0.022000000000000002,100,1.0,3.1,1014.7239999999999,0.01932038596190666,290.28396764412,6.596316320492825,188.1313307438287,True,16.159135556653844,-13.296000356842939,3,2,20160906_flight01
2016-09-06 13:24:09,54.64735111,8.01895666,88.56299999999999,0.865,3.117,1014.748,18.327,1.189721,6.848000000000001,1.106,0.065,100,1.0,3.2,1014.748,0.019415504109101978,290.2591001794268,6.936738426667104,189.1744470825342,True,16.165809069299968,-13.36050248742438,3,2,20160906_flight01
2016-09-06 13:24:10,54.64723558,8.01993912,88.375,0.635,3.1490000000000005,1014.7669999999999,18.338,1.189751,6.728,0.9690000000000001,0.1,100,0.7,3.2,1014.7669999999999,0.01937041624886704,290.2684998328932,6.797421937764346,188.19566495683594,True,16.172448943209034,-13.425031370636898,3,2,20160906_flight01
2016-09-06 13:24:11,54.64711952,8.02092153,88.272,0.637,3.168,1014.779,18.233,1.189842,7.0760000000000005,1.248,0.15200000000000002,100,0.7,3.2,1014.779,0.019671814412285382,290.1629577784828,7.185212592540322,190.00243665790225,True,16.179031526857706,-13.489574719312905,3,2,20160906_flight01
2016-09-06 13:24:12,54.647003139999995,8.02190393,88.15799999999999,0.38299999999999995,3.278,1014.785,18.366999999999997,1.190043,6.791,0.9610000000000001,0.20199999999999999,100,0.5,3.3,1014.785,0.019036987781146042,290.29590581871673,6.8586589068126145,188.05449247827983,True,16.185579908912885,-13.554128049231263,3,2,20160906_flight01
2016-09-06 13:24:13,54.64688624,8.02288585,88.1,0.38300000000000006,3.263,1014.804,18.418,1.1900659999999998,6.105,0.958,0.145,100,0.5,3.3,1014.804,0.01885812635589801,290.3451374539281,6.1797078409905435,188.91815975528885,True,16.19206378343344,-13.61866894540972,3,2,20160906_flight01
2016-09-06 13:24:14,54.64676847,8.02386735,88.04799999999999,0.5,3.3,1014.809,18.387999999999998,1.189941,6.297999999999999,1.153,0.11900000000000001,100,0.5,3.3,1014.809,0.019075029693759182,290.3148541833455,6.402672332706086,190.37448116874566,True,16.198447108393488,-13.683212707777333,3,2,20160906_flight01
2016-09-06 13:24:15,54.646651039999995,8.02484914,88.09899999999999,0.47700000000000004,3.3659999999999997,1014.789,18.418,1.1897440000000001,6.472,0.9640000000000001,-0.17600000000000002,100,0.7,3.4,1014.789,0.0191188126987214,290.346364875655,6.543399727970163,188.4718817173871,True,16.20487215217711,-13.747763126539336,3,2,20160906_flight01
2016-09-06 13:24:16,54.64653397,8.02583104,88.339,0.82,3.335,1014.762,18.394,1.189598,6.5,0.879,0.16400000000000003,100,0.9,3.4,1014.762,0.019300673434539783,290.3246746688318,6.559164657180059,187.70143281564822,True,16.211337574279305,-13.812308417770936,3,2,20160906_flight01
2016-09-06 13:24:17,54.6464163,8.026812159999999,88.444,0.7559999999999999,3.53,1014.7460000000001,18.307000000000002,1.189517,6.704,1.07,0.217,100,0.9,3.6,1014.7460000000001,0.019658287390924567,290.239347351089,6.788852333053062,189.06827598259795,True,16.217724209802647,-13.876825389237972,3,2,20160906_flight01
2016-09-06 13:24:18,54.646298210000005,8.02779248,88.57199999999999,0.763,3.495,1014.7389999999999,18.3,1.1896849999999999,6.867000000000001,1.2209999999999999,0.193,100,0.9,3.5,1014.7389999999999,0.019531750988917906,290.2329491999494,6.974706445435536,190.08221558325943,True,16.22405080371159,-13.941306843224964,3,2,20160906_flight01
2016-09-06 13:24:19,54.64617974,8.02877208,88.67,0.611,3.3509999999999995,1014.732,18.373,1.189952,6.5889999999999995,1.056,0.008,100,0.7,3.4,1014.732,0.01904071725437917,290.3062171157466,6.6730845191710255,189.10519866786774,True,16.230323147609184,-14.00575639772455,3,2,20160906_flight01
2016-09-06 13:24:20,54.646060489999996,8.02975105,88.788,0.757,3.2859999999999996,1014.712,18.451,1.189888,6.067,0.938,0.06,100,1.0,3.3,1014.712,0.018802850699062068,290.3855284549442,6.139082423294218,188.78873655185487,True,16.236500463239004,-14.070192862354983,3,2,20160906_flight01
2016-09-06 13:24:21,54.64593995999999,8.0307294,88.85799999999999,1.034,3.188,1014.725,18.514,1.1895529999999999,6.212000000000001,0.9410000000000001,-0.32899999999999996,100,1.2,3.3,1014.725,0.01888269218101546,290.4472016330295,6.282867577786437,188.6137356016946,True,16.242529804044672,-14.134633416073832,3,2,20160906_flight01
2016-09-06 13:24:22,54.64581888,8.03170778,89.0,0.6729999999999999,3.2939999999999996,1014.697,18.358999999999998,1.189374,6.772,0.9079999999999999,0.065,100,0.8,3.5,1014.697,0.019549737208867546,290.29513925217543,6.832601847027236,187.63675794225753,True,16.24850126950239,-14.199094040579709,3,2,20160906_flight01
2016-09-06 13:24:23,54.64569835,8.03268626,89.12899999999999,0.405,3.421,1014.6740000000001,18.357,1.189324,7.034,0.7240000000000001,0.243,100,0.5,3.5,1014.6740000000001,0.019576483977032932,290.29502949790725,7.071161997861455,185.87668141735713,True,16.254533113581978,-14.263542626478642,3,2,20160906_flight01
2016-09-06 13:24:24,54.64557774,8.03366389,89.26299999999999,0.24,3.4,1014.6469999999999,18.332,1.189298,6.871,0.853,0.1,100,0.3,3.4,1014.6469999999999,0.01965908976276376,290.2723425261558,6.923745373712121,187.0767746298219,True,16.260540087847026,-14.32794134405125,3,2,20160906_flight01
2016-09-06 13:24:25,54.645456489999994,8.03464059,89.42200000000001,0.11800000000000001,3.3289999999999997,1014.632,18.355,1.1892740000000002,6.115,0.904,-0.085,100,0.4,3.4,1014.632,0.019584140039268894,290.2964744762998,6.1814594555007805,188.40931039901906,True,16.266461136012282,-14.392303798846715,3,2,20160906_flight01
2016-09-06 13:24:26,54.64533461,8.03561685,89.603,0.47100000000000003,3.2140000000000004,1014.623,18.451,1.189127,5.785,0.49,-0.21,100,0.6,3.3,1014.623,0.01936543316275574,290.39281317231047,5.8057148569319175,184.84150030470659,True,16.27230675627583,-14.456659934783662,3,2,20160906_flight01
2016-09-06 13:24:27,54.645212799999996,8.036593289999999,89.845,0.345,3.3,1014.6060000000001,18.4,1.189131,6.425,0.8410000000000001,-0.047,100,0.5,3.4,1014.6060000000001,0.019523235883921908,290.34341579294363,6.479807558870865,187.4573305565765,True,16.278163282085224,-14.521024873647605,3,2,20160906_flight01
2016-09-06 13:24:28,54.645092500000004,8.03757056,90.055,0.46399999999999997,3.5589999999999997,1014.5880000000001,18.306,1.189164,6.723,1.025,0.16399999999999998,100,0.6,3.6,1014.5880000000001,0.019805657095453233,290.25127752600497,6.800687759337286,188.6686568114893,True,16.284196270462388,-14.585391080378546,3,2,20160906_flight01
2016-09-06 13:24:29,54.64497261,8.03854745,90.2,0.609,3.38,1014.543,18.319000000000003,1.189078,6.7989999999999995,1.361,0.262,100,0.7,3.5,1014.543,0.019788693499694032,290.2679058837246,6.933882173789803,191.31965570837303,True,16.290265515653644,-14.64972022832858,3,2,20160906_flight01
2016-09-06 13:24:30,54.64485183,8.03952357,90.20800000000001,0.55,3.1710000000000003,1014.561,18.38,1.189167,6.215,0.746,-0.187,100,0.6,3.3,1014.561,0.019517092556441407,290.32718134256817,6.2596118889273,186.8445910222029,True,16.296225346138797,-14.714031279810712,3,2,20160906_flight01
2016-09-06 13:24:31,54.64472946,8.040499129999999,90.3,0.5710000000000001,2.9389999999999996,1014.547,18.316999999999997,1.189196,6.22,0.6940000000000001,-0.318,100,0.7,3.0,1014.547,0.019698520471827186,290.2655868219933,6.25859696737216,186.36647699422184,True,16.302005410904997,-14.778360395421718,3,2,20160906_flight01
2016-09-06 13:24:32,54.64460695,8.041475420000001,90.318,-0.017000000000000005,3.1910000000000003,1014.547,18.205,1.1894339999999999,6.694,0.862,-0.09700000000000002,100,0.4,3.3,1014.547,0.01988638838155321,290.154048480692,6.74927255339418,187.33771334408794,True,16.3077846535599,-14.84273925192224,3,2,20160906_flight01
2016-09-06 13:24:33,54.644485960000004,8.04245289,90.46700000000001,-0.342,3.255,1014.5210000000001,18.212,1.189484,6.718,1.041,-0.205,100,0.5,3.3,1014.5210000000001,0.019792880477527364,290.16314636230203,6.798176593763948,188.8083176758215,True,16.313748161146414,-14.907140670168236,3,2,20160906_flight01
2016-09-06 13:24:34,54.644365879999995,8.04343085,90.60099999999998,-0.59,3.15,1014.5039999999999,18.255,1.189486,6.885,1.036,0.091,100,0.7,3.2,1014.5039999999999,0.019623598652387608,290.2073602330145,6.96250824056963,188.55721457168193,True,16.3198178173364,-14.971542222358401,3,2,20160906_flight01
2016-09-06 13:24:35,54.64424656,8.044409289999999,90.6,-0.016999999999999998,3.1180000000000003,1014.52,18.331,1.189363,6.486000000000001,1.0290000000000001,0.06,100,0.4,3.2,1014.52,0.019479241468851605,290.28173855086936,6.567117860979808,189.01480888492273,True,16.32597748783875,-15.035948258960833,3,2,20160906_flight01
2016-09-06 13:24:36,54.64412716,8.04538808,90.476,0.268,2.945,1014.5310000000001,18.433,1.1891550000000002,6.102,0.8860000000000001,-0.015999999999999997,100,0.3,3.0,1014.5310000000001,0.01931192348418942,290.38241842005755,6.165987349970806,188.26151446205793,True,16.332135395663464,-15.100378570440121,3,2,20160906_flight01
2016-09-06 13:24:37,54.64400755,8.04636753,90.225,0.267,2.9,1014.561,18.349,1.1892360000000002,6.412000000000001,0.914,-0.07200000000000001,100,0.3,2.9,1014.561,0.019566355861800222,290.2963092449397,6.476815575574158,188.1125875961273,True,16.33828369398511,-15.164856616341783,3,2,20160906_flight01
2016-09-06 13:24:38,54.64388872000001,8.04734835,89.932,0.035,3.0460000000000003,1014.587,18.241,1.189371,6.7860000000000005,0.909,0.063,100,0.3,3.1,1014.587,0.0198546097123653,290.1866280011785,6.846610621322057,187.62948270208355,True,16.344541269976382,-15.229393473754357,3,2,20160906_flight01
2016-09-06 13:24:39,54.64377085,8.0483302,89.749,0.191,3.048,1014.6190000000001,18.221,1.1895090000000001,6.957999999999999,0.845,-0.009000000000000001,100,0.2,3.1,1014.6190000000001,0.019838452385936067,290.1640932925441,7.009121842285237,186.92426039997534,True,16.3509207066947,-15.293962173442434,3,2,20160906_flight01
2016-09-06 13:24:40,54.643652970000005,8.04931226,89.7,0.196,3.1,1014.622,18.378999999999998,1.18933,6.794,0.905,-0.135,100,0.5,3.1,1014.622,0.019442152197636675,290.32119332423684,6.854010577756647,187.58746206190256,True,16.35730312438031,-15.35854417941276,3,2,20160906_flight01
2016-09-06 13:24:41,54.64353475,8.05029441,89.7,0.5,3.1,1014.6160000000001,18.346,1.189249,6.162999999999999,1.0310000000000001,-0.146,100,0.5,3.1,1014.6160000000001,0.01962097501000537,290.28882100134877,6.248642252521742,189.49699301672763,True,16.363651140501574,-15.423143007669832,3,2,20160906_flight01
2016-09-06 13:24:42,54.643415729999994,8.05127647,89.7,0.373,3.127,1014.6030000000001,18.253,1.189456,6.676,0.775,-0.03,100,0.5,3.2,1014.6030000000001,0.019755816199139797,290.1972695598614,6.720833356065302,186.62168339446748,True,16.369912401001827,-15.487762772943071,3,2,20160906_flight01
2016-09-06 13:24:43,54.64329759,8.05225906,89.76299999999999,-0.046000000000000006,3.342,1014.6110000000001,18.351,1.189367,6.814,0.895,-0.008,100,0.1,3.4,1014.6110000000001,0.01949730443191733,290.2942094361739,6.872526536871284,187.4828065563823,True,16.376277391999984,-15.552386137265326,3,2,20160906_flight01
2016-09-06 13:24:44,54.64318066,8.053241960000001,89.95,-0.15100000000000002,3.312,1014.594,18.293,1.189374,6.6979999999999995,0.935,0.04100000000000001,100,0.2,3.4,1014.594,0.019677107777266833,290.23784037498166,6.762945290330242,187.94678907433803,True,16.38277694900099,-15.616988577392451,3,2,20160906_flight01
2016-09-06 13:24:45,54.64306406,8.05422465,90.083,-0.08700000000000001,3.205,1014.576,18.26,1.189364,6.636,1.131,0.11200000000000002,100,0.2,3.3,1014.576,0.01978306046043876,290.2064493373913,6.731690500906886,189.67221129594557,True,16.3893075340702,-15.681567112134324,3,2,20160906_flight01
2016-09-06 13:24:46,54.64294763,8.055207359999999,90.1,0.16699999999999998,3.1240000000000006,1014.5740000000001,18.398,1.1892310000000001,6.087999999999999,0.7090000000000001,-0.262,100,0.3,3.2,1014.5740000000001,0.019412346933165514,290.3440430753837,6.129145535880185,186.64266390756012,True,16.395856571557765,-15.746141251823055,3,2,20160906_flight01
2016-09-06 13:24:47,54.64283114,8.05619036,90.07799999999999,0.252,3.037,1014.57,18.328,1.189205,6.615,1.066,0.17400000000000002,100,0.4,3.3,1014.57,0.01967543724684573,290.2746594471961,6.700341856950286,189.1544496261283,True,16.402404816575668,-15.810735296784546,3,2,20160906_flight01
2016-09-06 13:24:48,54.64271573,8.05717429,89.947,0.458,3.3,1014.5790000000001,18.294,1.189308,6.587999999999999,0.833,-0.037000000000000005,100,0.6,3.3,1014.5790000000001,0.019715119367542666,290.2400634661381,6.6404542766289705,187.2063521786633,True,16.4090857501155,-15.87535103075723,3,2,20160906_flight01
2016-09-06 13:24:49,54.64260043,8.05815814,90.06299999999999,1.247,3.08,1014.577,18.382,1.18917,6.281000000000001,0.718,-0.205,100,1.6,3.2,1014.577,0.01952360437387557,290.32786362510797,6.3219051717025945,186.5213453702994,True,16.415776833785245,-15.939958178408094,3,2,20160906_flight01
2016-09-06 13:24:50,54.64248327,8.05914102,90.2,1.4240000000000002,3.1310000000000002,1014.551,18.286,1.189344,6.624,0.456,-0.008,100,1.6,3.2,1014.551,0.019684102781438506,290.2343873356061,6.639677100582527,183.93806166061952,True,16.42225156167421,-16.00456700092002,3,2,20160906_flight01
2016-09-06 13:24:51,54.64236499,8.06012308,90.318,1.146,3.259,1014.5310000000001,18.236,1.189357,6.87,0.581,0.047,100,1.2,3.3,1014.5310000000001,0.0198278223828674,290.1862295598402,6.894523986469261,184.83403552565716,True,16.42859146806655,-16.069162255768603,3,2,20160906_flight01
2016-09-06 13:24:52,54.64224622,8.06110435,90.4,1.048,3.238,1014.535,18.212,1.189393,7.084,0.833,0.129,100,1.2,3.3,1014.535,0.01988497826437796,290.16200118844245,7.132807651969874,186.70655187601457,True,16.43486408592706,-16.133724929550876,3,2,20160906_flight01
2016-09-06 13:24:53,54.642126760000004,8.06208484,90.4,0.785,3.092,1014.53,18.298,1.189308,7.037000000000001,0.8510000000000001,0.064,100,0.9,3.2,1014.53,0.019651876833110427,290.2480560992866,7.08826988763831,186.89542138714614,True,16.441048352169332,-16.19826226456569,3,2,20160906_flight01
2016-09-06 13:24:54,54.6420064,8.06306484,90.35,0.6839999999999999,3.0,1014.5360000000001,18.305,1.189305,6.917000000000001,0.78,0.113,100,0.9,3.0,1014.5360000000001,0.01963598956859758,290.2545363366855,6.960839676360893,186.43381667312616,True,16.447127532587515,-16.2627991344153,3,2,20160906_flight01
2016-09-06 13:24:55,54.64188484,8.0640443,90.20800000000001,0.895,2.9960000000000004,1014.534,18.394,1.1891,6.439,0.669,-0.19699999999999998,100,1.0,3.0,1014.534,0.019498445095800454,290.34333345474573,6.473660633675509,185.93164125238235,True,16.45306878091666,-16.327342386457868,3,2,20160906_flight01
2016-09-06 13:24:56,54.64176213,8.06502359,90.098,0.114,2.9419999999999997,1014.559,18.304000000000002,1.18922,6.928,0.7909999999999999,-0.084,100,0.5,3.1,1014.559,0.01973548452645746,290.2516585509574,6.973009751893367,186.51350407680792,True,16.458884535766934,-16.391913225404696,3,2,20160906_flight01
2016-09-06 13:24:57,54.64164005,8.06600377,90.0,-0.049,2.966,1014.571,18.385,1.1891070000000001,6.443,0.5419999999999999,-0.192,100,0.3,3.1,1014.571,0.019561098356124296,290.3313422855604,6.465756954912549,184.8085316421142,True,16.46478438369752,-16.456518186910554,3,2,20160906_flight01
2016-09-06 13:24:58,54.641517830000005,8.06698415,90.0,0.6759999999999999,2.945,1014.575,18.363999999999997,1.1891450000000001,6.449,0.521,-0.146,100,0.9,3.0,1014.575,0.01960598186503426,290.3101016435045,6.470010973715578,184.6187644043011,True,16.470673203865367,-16.52114014272408,3,2,20160906_flight01
2016-09-06 13:24:59,54.6413948,8.06796446,89.978,1.263,3.0389999999999997,1014.568,18.354,1.189054,6.55,0.905,0.034,100,1.5,3.1,1014.568,0.01971195837929951,290.3007157760392,6.612225419629914,187.8666330830995,True,16.47647459074799,-16.585784602496023,3,2,20160906_flight01
2016-09-06 13:25:00,54.64127069,8.06894446,89.82799999999999,1.166,3.155,1014.594,18.218999999999998,1.189293,6.46,0.9910000000000001,0.248,100,1.2,3.2,1014.594,0.020005544215834448,290.16414637585405,6.535570441820668,188.721500857387,True,16.48215522779676,-16.65044568057795,3,2,20160906_flight01
2016-09-06 13:25:01,54.64114531,8.06992383,89.60600000000001,1.0490000000000002,3.048,1014.6210000000001,18.264,1.189337,6.6,0.945,0.095,100,1.2,3.1,1014.6210000000001,0.01983744461102055,290.2067515730733,6.66731017727539,188.14833200022014,True,16.487688760244303,-16.715109898666228,3,2,20160906_flight01
2016-09-06 13:25:02,54.64101856,8.07090273,89.397,0.68,3.083,1014.64,18.272000000000002,1.189417,6.888,0.9610000000000001,0.07100000000000001,100,0.9,3.2,1014.64,0.01975995209470427,290.2131641486382,6.954715306897904,187.9425230478895,True,16.493067641218893,-16.779790454740876,3,2,20160906_flight01
2016-09-06 13:25:03,54.640891350000004,8.07188147,89.26799999999999,0.39799999999999996,3.2310000000000003,1014.6540000000001,18.347,1.189372,6.752000000000001,0.695,0.14,100,0.6,3.3,1014.6540000000001,0.01955021582122085,290.2867075124934,6.7876747859631585,185.87689867857392,True,16.498394553255693,-16.844476361264753,3,2,20160906_flight01
2016-09-06 13:25:04,54.6407636,8.07285956,89.26799999999999,0.20600000000000002,3.165,1014.6460000000001,18.340999999999998,1.1892660000000002,6.632000000000001,0.74,0.114,100,0.3,3.3,1014.6460000000001,0.019654037579108108,290.2813869979925,6.673156974026612,186.36674039407882,True,16.503651558680524,-16.909139992872852,3,2,20160906_flight01
2016-09-06 13:25:05,54.64063539,8.07383714,89.24799999999999,0.20600000000000002,3.2290000000000005,1014.6560000000001,18.412,1.1890560000000001,6.257000000000001,0.578,-0.158,100,0.4,3.3,1014.6560000000001,0.019595822182953748,290.3512739509623,6.283640107453641,185.27780718949984,True,16.508849855586014,-16.973787349829397,3,2,20160906_flight01
2016-09-06 13:25:06,54.64050705,8.07481447,89.419,0.45,3.175,1014.6510000000001,18.4,1.18904,6.511,0.809,-0.142,100,0.8,3.2,1014.6510000000001,0.019646483922062252,290.339732971041,6.5610671388121,187.0827732160942,True,16.514029522334113,-17.038423566170753,3,2,20160906_flight01
2016-09-06 13:25:07,54.64037888,8.07579184,89.6,0.49800000000000005,3.267,1014.612,18.308,1.18914,6.61,0.7909999999999999,0.21900000000000003,100,0.8,3.3,1014.612,0.01984336512291973,290.2513056362717,6.657160130265758,186.82397367894205,True,16.51922802662029,-17.103056623178876,3,2,20160906_flight01
2016-09-06 13:27:59,54.72697544,8.10643626,91.45,-3.6310000000000002,3.737,1014.398,18.285,1.190057,7.301,1.135,-0.035,100,4.2,3.8,1014.398,0.018922992705236563,290.24591055765455,7.3886958253808235,188.8363657654611,True,26.31264465217859,-16.128184662585813,4,3,20160906_flight01
2016-09-06 13:28:00,54.72707835,8.10545692,91.958,-2.6039999999999996,3.5580000000000003,1014.325,18.242,1.1899790000000001,7.2410000000000005,1.207,-0.051000000000000004,100,3.1,3.7,1014.325,0.01906680898251878,290.2090591419136,7.3409079819869705,189.46360534195844,True,26.304723625538465,-16.064266553805318,4,3,20160906_flight01
2016-09-06 13:28:01,54.72717605,8.104477339999999,92.271,-1.6569999999999998,3.4760000000000004,1014.3009999999999,18.258,1.189903,7.093,1.307,0.09699999999999999,100,2.1,3.5,1014.3009999999999,0.019051828844833363,290.2269581883533,7.212412772436142,190.44055927332323,True,26.29624426788215,-16.00050618302176,4,3,20160906_flight01
2016-09-06 13:28:02,54.727270250000004,8.10349736,92.415,-0.8370000000000001,3.302,1014.297,18.327,1.1896930000000001,6.7829999999999995,1.4340000000000002,0.04,100,1.3,3.4,1014.297,0.018986411432217354,290.2960059563082,6.932924707509811,191.9371802277004,True,26.287385234036165,-15.936837025520532,4,3,20160906_flight01
2016-09-06 13:28:03,54.72736198,8.10251675,92.449,-0.42800000000000005,3.2,1014.293,18.285,1.189409,6.882000000000001,1.435,-0.049,100,0.5,3.2,1014.293,0.019372584657870284,290.2545035013057,7.030017709792772,191.77826249269924,True,26.27825156170912,-15.873210754660345,4,3,20160906_flight01
2016-09-06 13:28:04,54.72745229,8.10153542,92.4,0.038000000000000006,3.0660000000000003,1014.295,18.296000000000003,1.189175,6.665,1.297,-0.20800000000000002,100,0.3,3.2,1014.295,0.019536700522505557,290.2652952523499,6.7900245949480915,191.01205403277737,True,26.268953110011772,-15.809587031395374,4,3,20160906_flight01
2016-09-06 13:28:05,54.727541380000005,8.1005529,92.375,0.254,3.023,1014.29,18.224,1.189232,6.659,1.2590000000000001,-0.15,100,0.5,3.1,1014.29,0.019734727832099175,290.1939960680684,6.776972923068234,190.7063875199717,True,26.259502084293985,-15.7459301918658,4,3,20160906_flight01
2016-09-06 13:28:06,54.727630010000006,8.09956925,92.24700000000001,1.133,3.017,1014.302,17.988,1.1897149999999999,7.562,1.8230000000000002,0.038,100,1.5,3.1,1014.302,0.020159079419272974,289.95797070737945,7.778635677289431,193.55389196654937,True,26.24998041136871,-15.682218770363278,4,3,20160906_flight01
2016-09-06 13:28:07,54.727720129999994,8.09858514,91.991,1.692,3.102,1014.323,18.171,1.190088,7.385,1.935,0.34600000000000003,100,1.8,3.2,1014.323,0.019219804712157895,290.1385109905022,7.634294335431402,194.68244328686848,True,26.240608235271978,-15.6184295752291,4,3,20160906_flight01
2016-09-06 13:28:08,54.72781105,8.09760072,91.665,1.0590000000000002,3.255,1014.3789999999999,18.248,1.190323,7.026,1.7590000000000001,0.196,100,1.7,3.3,1014.3789999999999,0.018805560261703658,290.2106161535023,7.242841776540476,194.05542967740695,True,26.231315112418848,-15.554594728677348,4,3,20160906_flight01
2016-09-06 13:28:09,54.72790157,8.09661605,91.46,1.067,3.299,1014.396,18.291,1.190138,7.138,1.5930000000000002,0.165,100,1.6,3.3,1014.396,0.018830661237162927,290.25204974474167,7.313596447712985,192.58064139244067,True,26.221974664285575,-15.490757684503166,4,3,20160906_flight01
2016-09-06 13:28:10,54.7279926,8.09563112,91.4,1.9380000000000002,3.1940000000000004,1014.404,18.298000000000002,1.189887,7.206,1.286,-0.188,100,2.2,3.2,1014.404,0.019029138892569852,290.258366503405,7.319851911070333,190.1186172881868,True,26.21268341150426,-15.42688768364886,4,3,20160906_flight01
2016-09-06 13:28:11,54.72808582,8.09464577,91.38300000000001,2.484,3.1180000000000003,1014.4069999999999,18.295,1.189724,7.135,1.5030000000000001,0.155,100,2.6,3.2,1014.4069999999999,0.01918225754973424,290.2551332463913,7.29158652146431,191.89553788767563,True,26.20361682055257,-15.362919195065917,4,3,20160906_flight01
2016-09-06 13:28:12,54.72818174,8.09366015,91.244,2.499,3.19,1014.4259999999999,18.293,1.189485,6.914,1.334,-0.096,100,2.5,3.2,1014.4259999999999,0.019413127935852925,290.25158659534696,7.041516313976699,190.9205620700015,True,26.194831981721613,-15.298844594335002,4,3,20160906_flight01
2016-09-06 13:28:13,54.728280500000004,8.092674070000001,91.189,2.387,3.1,1014.441,18.221,1.1894,7.167000000000001,1.237,0.09700000000000002,100,2.5,3.1,1014.441,0.01975298121069269,290.17865377308055,7.272967619892173,189.79257971761763,True,26.186340115334353,-15.234647505008176,4,3,20160906_flight01
2016-09-06 13:28:14,54.728381840000004,8.091687799999999,91.008,2.6510000000000002,3.1,1014.4639999999999,18.096,1.189694,7.432,1.3729999999999998,0.154,100,2.7,3.1,1014.4639999999999,0.01996166215826012,290.0522845091211,7.55776111027598,190.46690539070738,True,26.178118788154663,-15.170353221077086,4,3,20160906_flight01
2016-09-06 13:28:15,54.72848731,8.09070149,90.76899999999999,2.654,3.123,1014.4960000000001,18.123,1.1902169999999999,7.405,1.494,0.18900000000000003,100,2.8,3.2,1014.4960000000001,0.019451125945783465,290.07655694565074,7.554208164989896,191.40661780160764,True,26.170335619834304,-15.105919671039857,4,3,20160906_flight01
2016-09-06 13:28:16,54.728595649999995,8.08971499,90.55699999999999,2.335,3.2859999999999996,1014.502,18.279,1.1903679999999999,7.107,1.556,0.174,100,2.4,3.3,1014.502,0.018782196161658993,290.2314252349502,7.2753408854843356,192.34942531057047,True,26.16285381140981,-15.041379320961415,4,3,20160906_flight01
2016-09-06 13:28:17,54.72870577,8.08872852,90.445,1.6980000000000002,3.3,1014.508,18.256,1.190319,6.7829999999999995,1.609,0.08900000000000001,100,2.1,3.3,1014.508,0.018910574239088707,290.2080288720656,6.971224426167902,193.34452538032815,True,26.155561755917148,-14.976781866955431,4,3,20160906_flight01
2016-09-06 13:28:18,54.728817799999995,8.08774242,90.405,1.8530000000000002,3.17,1014.5089999999999,18.168,1.190252,7.251,1.6980000000000002,0.033,100,2.0,3.3,1014.5089999999999,0.019276739166891543,290.1203088525846,7.447160868411532,193.1797258555256,True,26.148479816547372,-14.912144010377482,4,3,20160906_flight01
2016-09-06 13:28:19,54.72893276,8.086756789999999,90.4,1.848,3.1540000000000004,1014.503,18.2,1.190248,7.251,1.595,0.183,100,2.0,3.2,1014.503,0.01916218589568741,290.1526680737537,7.4243535745544875,192.40576037989956,True,26.141718322693237,-14.847438145188264,4,3,20160906_flight01
2016-09-06 13:28:20,54.72904965,8.08577121,90.316,1.405,3.307,1014.5189999999999,18.238,1.190316,7.085,1.524,0.004,100,1.6,3.4,1014.5189999999999,0.018987132318365463,290.1892029938377,7.2470546430946685,192.13948402134477,True,26.135162908623712,-14.78267144346255,4,3,20160906_flight01
2016-09-06 13:28:21,54.72916739,8.084785799999999,90.4,1.3479999999999999,3.267,1014.52,18.246,1.1903489999999999,7.212000000000001,1.646,0.132,100,1.4,3.3,1014.52,0.01893191277878281,290.19708827254306,7.397449560490427,192.8564486247438,True,26.128701104562232,-14.717887091491079,4,3,20160906_flight01
2016-09-06 13:28:22,54.72928637,8.083800669999999,90.4,1.265,3.2260000000000004,1014.513,18.3,1.190141,7.067,1.507,0.046000000000000006,100,1.3,3.3,1014.513,0.01891413913234885,290.2514388646384,7.225893577959753,192.03771551136668,True,26.122376477173205,-14.653078968078393,4,3,20160906_flight01
2016-09-06 13:28:23,54.72940614,8.08281563,90.4,1.27,3.21,1014.5039999999999,18.258,1.189998,7.218999999999999,1.446,0.10300000000000001,100,1.3,3.3,1014.5039999999999,0.01917441036976797,290.21034790337256,7.362396145277704,191.32672088020564,True,26.11613754262359,-14.588250238871517,4,3,20160906_flight01
2016-09-06 13:28:24,54.72952703,8.08183052,90.4,1.262,3.2,1014.512,18.253,1.189809,7.184,1.2009999999999998,-0.06,100,1.3,3.2,1014.512,0.019361833622945968,290.2047139590366,7.283698030533666,189.4907728805386,True,26.11001629177666,-14.523380087785842,4,3,20160906_flight01
2016-09-06 13:28:25,54.72964894,8.08084513,90.367,1.287,3.2,1014.5089999999999,18.294,1.189884,7.072,1.097,0.07600000000000001,100,1.4,3.2,1014.5089999999999,0.019151174550695815,290.2457908307508,7.156576905197065,188.81737869462552,True,26.103998053060927,-14.458458851980321,4,3,20160906_flight01
2016-09-06 13:28:26,54.72977151,8.07985927,90.289,1.348,3.115,1014.518,18.292,1.189741,6.638999999999999,1.114,-0.055,100,1.5,3.2,1014.518,0.019289707662359268,290.2430626544536,6.731813797187203,189.52528765298376,True,26.09804090768352,-14.3934867161046,4,3,20160906_flight01
2016-09-06 13:28:27,54.72989477,8.07887271,90.176,1.2890000000000001,3.033,1014.541,18.304000000000002,1.189465,6.853,0.958,-0.053,100,1.5,3.1,1014.541,0.019507356442628243,290.25313134118875,6.9196367679235875,187.95796611087002,True,26.092143615123035,-14.328448475712442,4,3,20160906_flight01
2016-09-06 13:28:28,54.73001956,8.077885649999999,89.985,1.3579999999999999,3.017,1014.573,18.298,1.189393,6.607,1.06,0.09300000000000001,100,1.5,3.1,1014.573,0.019622221384580474,290.2445378461859,6.691490790548845,189.11462716062738,True,26.086399300283517,-14.263328665360174,4,3,20160906_flight01
2016-09-06 13:28:29,54.730145789999995,8.07689796,89.729,1.032,3.017,1014.597,18.311,1.189281,6.751,0.8440000000000001,-0.061000000000000006,100,1.2,3.1,1014.597,0.019696882111684744,290.25552048555954,6.803553262817894,187.1260609011425,True,26.080795894850255,-14.198122233865618,4,3,20160906_flight01
2016-09-06 13:28:30,54.730273170000004,8.07590956,89.50399999999999,0.934,2.967,1014.6060000000001,18.085,1.1897440000000001,7.62,1.4340000000000002,0.059000000000000004,100,1.1,3.0,1014.6060000000001,0.020100088856806808,290.0297194253402,7.753757540702443,190.65778527543094,True,26.075301037662847,-14.13283384378406,4,3,20160906_flight01
2016-09-06 13:28:31,54.73040213,8.074920839999999,89.287,0.998,3.1090000000000004,1014.628,18.105000000000004,1.1898939999999998,7.381,1.2309999999999999,0.11800000000000001,100,1.1,3.2,1014.628,0.019923568421626348,290.04783795990085,7.482948750325637,189.4686160959447,True,26.069967938177513,-14.067473349113556,4,3,20160906_flight01
2016-09-06 13:28:32,54.73053129,8.07393173,89.118,0.675,3.316,1014.666,18.116,1.190345,7.239,1.381,0.134,100,0.8,3.4,1014.666,0.019536816399621237,290.0556855320546,7.369551003962182,190.80066362172477,True,26.064648584519368,-14.002082133463052,4,3,20160906_flight01
2016-09-06 13:28:33,54.730660310000005,8.07294272,89.10699999999999,0.614,3.278,1014.665,18.194,1.190483,7.359,1.217,-0.026000000000000002,100,0.7,3.3,1014.665,0.01914470435289628,290.1334431929658,7.458952339303423,189.3903410369237,True,26.05931627750376,-13.93670173352001,4,3,20160906_flight01
2016-09-06 13:28:34,54.730789789999996,8.07195391,89.21700000000001,0.625,3.2,1014.635,18.247,1.190397,6.92,1.215,-0.138,100,0.8,3.2,1014.635,0.019002825192976136,290.18867683315693,7.025854040613141,189.95837716842087,True,26.054036709663038,-13.871318454567941,4,3,20160906_flight01
2016-09-06 13:28:35,54.730919320000005,8.070964870000001,89.40700000000001,0.256,3.165,1014.6110000000001,18.314,1.190073,6.781000000000001,0.998,-0.322,100,0.4,3.2,1014.6110000000001,0.01902184058069456,290.2573626131814,6.854047344452765,188.37245383978876,True,26.048758026868015,-13.805919308725073,4,3,20160906_flight01
2016-09-06 13:28:36,54.73104864,8.06997548,89.6,0.24,3.1319999999999997,1014.599,18.187,1.189853,7.313,1.161,0.11599999999999999,100,0.5,3.2,1014.599,0.019642490242562483,290.1318697804912,7.404585741282222,189.02089939390882,True,26.043450286060825,-13.740505493442786,4,3,20160906_flight01
2016-09-06 13:28:37,54.7311784,8.06898619,89.564,0.65,3.156,1014.59,18.151,1.1899389999999999,7.039,1.3430000000000002,0.17,100,0.7,3.3,1014.59,0.019685754704478864,290.0967546633385,7.165973067211459,190.80187658662976,True,26.038191233271284,-13.675083282994628,4,3,20160906_flight01
2016-09-06 13:28:38,54.73130806,8.067996879999999,89.45700000000001,0.9229999999999999,3.2319999999999998,1014.595,18.323,1.1900609999999998,6.75,1.021,0.03900000000000001,100,1.1,3.3,1014.595,0.01898458136893333,290.2676344981757,6.826781159521667,188.60131512426148,True,26.032921167540202,-13.609663149045648,4,3,20160906_flight01
2016-09-06 13:28:39,54.7314378,8.06700722,89.4,0.704,3.063,1014.609,18.279,1.190011,7.147,0.93,-0.037,100,1.0,3.2,1014.609,0.01919531166476074,290.22267112722915,7.207253915327252,187.4139283564994,True,26.027652864485347,-13.544218740220622,4,3,20160906_flight01
2016-09-06 13:28:40,54.73156856,8.06601735,89.294,0.61,3.053,1014.607,18.205,1.1898689999999998,7.375,1.224,0.149,100,0.7,3.1,1014.607,0.019573825442599446,290.1491410154457,7.475881285841824,189.42326320970216,True,26.022488921477965,-13.478727571695721,4,3,20160906_flight01
2016-09-06 13:28:41,54.73170008,8.06502699,89.127,0.347,2.998,1014.6460000000001,18.273000000000003,1.189969,7.193,0.7709999999999999,-0.142,100,0.7,3.1,1014.6460000000001,0.019289438103012424,290.2136691805784,7.234202789526984,186.11803483277413,True,26.017396314513306,-13.413180955161131,4,3,20160906_flight01
2016-09-06 13:28:42,54.731831140000004,8.06403571,88.994,-0.5579999999999999,3.06,1014.6490000000001,18.139,1.1902359999999998,7.275,1.088,0.324,100,0.9,3.2,1014.6490000000001,0.019532592834704987,290.07997995050385,7.355907082066766,188.50573115650946,True,26.012237104090133,-13.34759273171419,4,3,20160906_flight01
2016-09-06 13:28:43,54.73196094,8.06304379,88.698,-0.636,3.165,1014.681,18.257,1.1903419999999998,7.285,0.883,-0.055999999999999994,100,0.9,3.2,1014.681,0.019061137014519947,290.19487269139177,7.338318199696713,186.9109922396111,True,26.006931659287886,-13.28200669919178,4,3,20160906_flight01
2016-09-06 13:28:44,54.732089269999996,8.06205112,88.6,-0.873,3.012,1014.6940000000001,18.276,1.1904709999999998,7.143,1.113,-0.188,100,1.2,3.1,1014.6940000000001,0.01889733274363703,290.21273026529065,7.229192071040857,188.85643322753464,True,26.001455543524116,-13.216423016794607,4,3,20160906_flight01
2016-09-06 13:28:45,54.732215800000006,8.06105768,88.67,-1.025,3.164,1014.6840000000001,18.286,1.190282,7.171,1.158,-0.192,100,1.2,3.2,1014.6840000000001,0.019014109776770427,290.22350665525084,7.263897369869704,189.17314851745832,True,25.99577329986497,-13.15085137912656,4,3,20160906_flight01
2016-09-06 13:28:46,54.732340359999995,8.06006371,88.8,-1.129,3.1830000000000003,1014.672,18.136000000000003,1.1903759999999999,7.624,1.225,0.14200000000000002,100,1.2,3.2,1014.672,0.019446293021763372,290.075111851801,7.721787422611425,189.1280833376228,True,25.98987148243463,-13.085312245602616,4,3,20160906_flight01
2016-09-06 13:28:47,54.73246318,8.05906964,88.8,-0.97,3.2,1014.671,18.148,1.190555,7.835,1.301,0.083,100,1.2,3.2,1014.671,0.019250025008992422,290.0871437325884,7.942280906641366,189.4279288523446,True,25.983782815288095,-13.0198245660976,4,3,20160906_flight01
2016-09-06 13:28:48,54.73258407,8.05807548,88.8,-1.099,3.266,1014.658,18.2,1.1907480000000001,7.7170000000000005,1.275,0.13,100,1.4,3.3,1014.658,0.01888988195305541,290.13999072897394,7.8216183747355,189.38163585349025,True,25.97748729811753,-12.954395251689466,4,3,20160906_flight01
2016-09-06 13:28:49,54.73270214,8.05708111,88.89,-1.7990000000000002,3.353,1014.645,18.249000000000002,1.190699,7.347,1.057,0.003000000000000001,100,2.1,3.4,1014.645,0.018747421267848674,290.1898505707695,7.422644946378616,188.18686757840362,True,25.97088803258417,-12.889046366811584,4,3,20160906_flight01
2016-09-06 13:28:50,54.73281631,8.05608641,89.101,-1.91,3.237,1014.6290000000001,18.232,1.190641,7.615,1.111,-0.038000000000000006,100,2.1,3.3,1014.6290000000001,0.018840420687142423,290.1742297907886,7.695618623606552,188.30067514266744,True,25.96386792748337,-12.823806269114517,4,3,20160906_flight01
2016-09-06 13:28:51,54.73292753,8.0550915,89.2,-1.584,3.161,1014.6030000000001,18.227,1.1906590000000001,7.875,1.35,0.03,100,1.8,3.2,1014.6030000000001,0.018816393148467725,290.17137713936967,7.989876407054116,189.72757855140162,True,25.956530257849927,-12.75865090683276,4,3,20160906_flight01
2016-09-06 13:28:52,54.73303609,8.05409637,89.219,-1.314,3.2319999999999998,1014.599,18.336,1.1905700000000001,7.254,1.3940000000000001,-0.024,100,1.4,3.3,1014.599,0.018507527739496155,290.28025343446336,7.386728098420843,190.87791003880506,True,25.948905651811202,-12.693570056669966,4,3,20160906_flight01
2016-09-06 13:28:53,54.73314106,8.053100930000001,89.39399999999999,-1.264,3.2859999999999996,1014.586,18.34,1.190343,7.306,1.264,-0.135,100,1.3,3.3,1014.586,0.01867472686172711,290.2853006441734,7.414535184352422,189.81549349347068,True,25.940893537576358,-12.62858896152747,4,3,20160906_flight01
2016-09-06 13:28:54,54.73324305,8.05210537,89.694,-1.236,3.049,1014.548,18.384,1.190003,7.035,0.871,-0.475,100,1.4,3.2,1014.548,0.01877382955375495,290.33222880676686,7.088713987741359,187.05784664988107,True,25.932562403496135,-12.563699156206585,4,3,20160906_flight01
2016-09-06 13:28:55,54.733342199999996,8.05110915,89.89900000000002,-1.058,2.9,1014.533,18.189,1.1900979999999999,7.638999999999999,0.887,0.053,100,1.2,2.9,1014.533,0.019359268906451232,290.1392594979771,7.690324440490141,186.62322095174824,True,25.923916730311987,-12.498862639158805,4,3,20160906_flight01
2016-09-06 13:28:56,54.73344017,8.05011221,89.684,-0.406,2.9,1014.544,18.2,1.1903029999999999,7.875,1.082,0.10800000000000001,100,0.7,2.9,1014.544,0.019156280144326132,290.1493144693038,7.948984148933749,187.82327464987594,True,25.915131784533003,-12.43402072037932,4,3,20160906_flight01
2016-09-06 13:28:57,54.733536640000004,8.04911452,89.34700000000001,-0.20400000000000001,2.908,1014.587,18.224,1.1905540000000001,7.689,1.2329999999999999,-0.037000000000000005,100,0.3,3.0,1014.587,0.01890066956030445,290.16969826527037,7.787233783571674,189.1103290043141,True,25.90617297944528,-12.369182145390997,4,3,20160906_flight01
2016-09-06 13:28:58,54.73363118,8.04811582,89.12199999999999,0.028000000000000004,3.0460000000000003,1014.599,18.242,1.190621,7.646,1.3430000000000002,-0.022000000000000002,100,0.2,3.1,1014.599,0.018792445945646108,290.1866422702125,7.763051268670071,189.9622324590208,True,25.896989608862746,-12.304345092377176,4,3,20160906_flight01
2016-09-06 13:28:59,54.73372466,8.047116899999999,89.06,0.268,3.085,1014.614,18.282,1.1905540000000001,7.437,1.242,-0.030000000000000006,100,0.5,3.1,1014.614,0.01872500013250833,290.22524966352677,7.5399955570278685,189.48106101541384,True,25.887689347045693,-12.239529555969852,4,3,20160906_flight01
2016-09-06 13:29:00,54.733817849999994,8.04611782,89.02799999999999,0.872,3.0690000000000004,1014.62,18.221,1.190576,7.499,1.4229999999999998,0.235,100,1.1,3.1,1014.62,0.018925472449698555,290.16401150137125,7.632819269444285,190.74461911306605,True,25.878355183589548,-12.174713739238914,4,3,20160906_flight01
2016-09-06 13:29:01,54.73391181,8.04511885,88.869,1.376,3.1,1014.635,18.27,1.190413,7.3420000000000005,1.153,0.134,100,1.6,3.1,1014.635,0.018908706482164694,290.2115814600651,7.4319831135437875,188.92493257971634,True,25.869104972527666,-12.109879214877434,4,3,20160906_flight01
2016-09-06 13:29:02,54.73400676999999,8.04411992,88.738,1.249,3.306,1014.6419999999999,18.362,1.1903569999999999,6.81,1.078,0.24600000000000002,100,1.5,3.4,1014.6419999999999,0.018642089777397786,290.3026271662193,6.8947939780678,188.99509148084832,True,25.85996180993383,-12.045014039761316,4,3,20160906_flight01
2016-09-06 13:29:03,54.73410258,8.04312133,88.7,1.317,3.363,1014.6419999999999,18.185,1.1904629999999998,7.5,1.186,0.326,100,1.4,3.5,1014.6419999999999,0.019170207751926682,290.1263614721538,7.593194057838901,188.98596416893832,True,25.850915530860647,-11.980141718019588,4,3,20160906_flight01
2016-09-06 13:29:04,54.73420035,8.04212331,88.7,1.47,3.2,1014.6569999999999,18.222,1.19044,7.847,1.084,0.086,100,1.5,3.2,1014.6569999999999,0.019075541767613613,290.16198114801756,7.9215191093628,187.865172763974,True,25.842088533011875,-11.915239694796522,4,3,20160906_flight01
2016-09-06 13:29:05,54.7342995,8.04112564,88.652,1.689,3.2,1014.665,18.287,1.190619,7.767,1.515,0.025,100,1.8,3.2,1014.665,0.01870311072093722,290.2260567707877,7.913375638752403,191.0373003391776,True,25.833414938704074,-11.850313588045204,4,3,20160906_flight01
2016-09-06 13:29:06,54.73440042,8.040128039999999,88.7,1.773,3.2,1014.6490000000001,18.247,1.1905670000000002,7.782,1.415,0.18,100,1.9,3.2,1014.6490000000001,0.018871380948353833,290.18753168721435,7.909598535956171,190.30549437653144,True,25.824930804783484,-11.78533318002809,4,3,20160906_flight01
2016-09-06 13:29:07,54.73450233,8.03913098,88.725,1.869,3.319,1014.6440000000001,18.278,1.190467,7.729,1.534,0.111,100,2.1,3.4,1014.6440000000001,0.018843556847917498,290.21881204091784,7.879758689198547,191.22579776281438,True,25.816562284523755,-11.720353345479218,4,3,20160906_flight01
2016-09-06 13:29:08,54.73460649,8.03813458,88.882,1.972,3.3789999999999996,1014.6390000000001,18.314,1.190328,7.37,1.246,-0.07200000000000001,100,2.1,3.4,1014.6390000000001,0.018831654628840955,290.2550717453363,7.474584670735894,189.59590206164265,True,25.808445599211247,-11.655339764752544,4,3,20160906_flight01
2016-09-06 13:29:09,54.734712710000004,8.03713889,89.132,1.871,3.208,1014.595,18.326,1.190166,7.204,1.335,0.023000000000000003,100,1.9,3.3,1014.595,0.018884196590021052,290.27062209189285,7.326652782819723,190.4985968707712,True,25.800561518779865,-11.590301820365127,4,3,20160906_flight01
2016-09-06 13:29:10,54.734820739999996,8.03614357,89.26100000000001,1.656,3.092,1014.595,18.331,1.189902,7.207000000000001,0.835,-0.19,100,1.9,3.2,1014.595,0.01909277179140112,290.2756014147546,7.255210127901191,186.60879917393527,True,25.792876926647338,-11.525226785625652,4,3,20160906_flight01
2016-09-06 13:29:11,54.7349309,8.03514812,89.311,1.8619999999999999,2.97,1014.5880000000001,18.201999999999998,1.190005,7.3660000000000005,1.11,0.095,100,1.9,3.0,1014.5880000000001,0.019448709355180283,290.1477074061149,7.449164785397086,188.56955863097244,True,25.785416203877013,-11.460073168429489,4,3,20160906_flight01
2016-09-06 13:29:12,54.73504336,8.03415266,89.142,1.558,3.1519999999999997,1014.6060000000001,18.229,1.1901389999999998,7.071000000000001,1.232,0.033,100,1.8,3.2,1014.6060000000001,0.019257555863517073,290.1731234791018,7.177524991248725,189.88358781356754,True,25.778199728479684,-11.394842752324397,4,3,20160906_flight01
2016-09-06 13:29:13,54.73515706999999,8.03315699,89.134,0.996,3.145,1014.6030000000001,18.297,1.190123,6.678999999999999,1.008,-0.35300000000000004,100,1.4,3.2,1014.6030000000001,0.019030430737238646,290.2410875022321,6.754635815497383,188.58235545340492,True,25.771112057122984,-11.329557958414828,4,3,20160906_flight01
2016-09-06 13:29:14,54.735271430000005,8.03216105,89.399,1.143,3.1140000000000003,1014.5690000000001,18.25,1.189992,7.169,0.843,-0.255,100,1.7,3.2,1014.5690000000001,0.019272830678299435,290.19706326763713,7.218393865673997,186.70659082441162,True,25.764088267513173,-11.264234952856981,4,3,20160906_flight01
2016-09-06 13:29:15,54.73538783,8.03116518,89.595,1.516,2.9389999999999996,1014.55,18.226000000000003,1.189965,7.629,1.168,0.149,100,1.7,3.0,1014.55,0.019360824787319375,290.17471651987313,7.717892523221607,188.70439532696128,True,25.757282633411137,-11.198848703041616,4,3,20160906_flight01
2016-09-06 13:29:16,54.73550661,8.030169429999999,89.387,1.229,2.875,1014.577,18.155,1.19007,7.492999999999999,1.241,0.252,100,1.4,3.0,1014.577,0.01954644642905512,290.1018012201476,7.595072744878748,189.40403305224118,True,25.750732252215244,-11.133391036721473,4,3,20160906_flight01
2016-09-06 13:29:17,54.73562566,8.029173120000001,88.973,0.41,2.9,1014.6190000000001,18.203,1.190315,7.16,1.0710000000000002,0.037000000000000005,100,0.8,2.9,1014.6190000000001,0.019210851154511932,290.146167851511,7.2396575195239725,188.50728581936707,True,25.744199782810867,-11.067889827247622,4,3,20160906_flight01
2016-09-06 13:29:18,54.73574415,8.0281759,88.663,0.273,2.96,1014.675,18.209,1.1904499999999998,7.26,0.94,-0.026000000000000002,100,0.4,3.0,1014.675,0.019130529619075798,290.14756304111125,7.320601068218374,187.37741903119093,True,25.737590274685587,-11.002350940940378,4,3,20160906_flight01
2016-09-06 13:29:19,54.735863040000005,8.02717804,88.459,0.1,2.9,1014.683,18.279,1.190405,7.228,0.8290000000000001,-0.20800000000000002,100,0.1,2.9,1014.683,0.018932288509025508,290.2166175789418,7.275384869544703,186.54282772542223,True,25.731010954046518,-10.93675926271354,4,3,20160906_flight01
2016-09-06 13:29:20,54.73598179,8.026179449999999,88.346,0.07200000000000001,2.9219999999999997,1014.696,18.273,1.1903679999999999,7.38,1.034,-0.07200000000000001,100,0.2,3.0,1014.696,0.018997993989608775,290.2095791590577,7.452084003820676,187.97570183423943,True,25.724402697612135,-10.871127117812506,4,3,20160906_flight01
2016-09-06 13:29:21,54.73609999,8.02518,88.23200000000001,0.07300000000000001,3.0180000000000002,1014.716,18.134,1.190513,7.59,1.349,0.028000000000000004,100,0.2,3.1,1014.716,0.01938017988429719,290.0695227685319,7.7089494096147755,190.07815877594626,True,25.717719428036744,-10.805460054156583,4,3,20160906_flight01
2016-09-06 13:29:22,54.73621763,8.02418093,88.2,0.09200000000000001,3.1,1014.722,18.143,1.1906150000000002,7.7620000000000005,1.5859999999999999,0.06,100,0.2,3.1,1014.722,0.019267383637959323,290.07799469020387,7.922375906254386,191.5482143698502,True,25.710983959911033,-10.739835017610933,4,3,20160906_flight01
2016-09-06 13:29:23,54.73633479,8.023181560000001,88.229,0.15,3.1,1014.7090000000001,18.230999999999998,1.190614,7.67,1.73,-0.04,100,0.2,3.1,1014.7090000000001,0.01894735613783216,290.1666908278678,7.862684020104076,192.71059809496006,True,25.704191701450135,-10.67420734391829,4,3,20160906_flight01
2016-09-06 13:29:24,54.736451290000005,8.0221826,88.35700000000001,0.297,3.1,1014.702,18.289,1.190404,7.4079999999999995,1.3259999999999998,-0.239,100,0.3,3.1,1014.702,0.018917261252478834,290.22502172648944,7.525738501967764,190.1482265915966,True,25.697337194294803,-10.608626863135374,4,3,20160906_flight01
2016-09-06 13:29:25,54.73656706,8.02118354,88.601,0.256,3.011,1014.6560000000001,18.279,1.190252,7.507999999999999,1.3940000000000001,-0.207,100,0.3,3.1,1014.6560000000001,0.01903614979668955,290.2188262402336,7.6363145561193315,190.51825508041173,True,25.690403178434266,-10.543064382955038,4,3,20160906_flight01
2016-09-06 13:29:26,54.7366825,8.02018456,88.7,0.268,2.863,1014.65,18.206,1.190337,7.557,1.6569999999999998,0.086,100,0.4,2.9,1014.65,0.019212659039969937,290.14662007738843,7.736530100762228,192.36734821698732,True,25.683435631233927,-10.477517775979265,4,3,20160906_flight01
2016-09-06 13:29:27,54.73679776,8.019185629999999,88.537,0.303,2.725,1014.6740000000001,18.22,1.190393,7.1579999999999995,1.6059999999999999,0.23399999999999999,100,0.5,2.8,1014.6740000000001,0.01913984784090439,290.1585990895768,7.335952562551096,192.64571350505682,True,25.67644991674907,-10.411980220298602,4,3,20160906_flight01
2016-09-06 13:29:28,54.73691238000001,8.018186,88.09299999999999,0.42200000000000004,2.688,1014.719,18.289,1.190401,6.974,1.39,0.247,100,0.5,2.7,1014.719,0.018936899750351177,290.2236311124423,7.111172617789558,191.27200918368632,True,25.6693827050331,-10.346420612621202,4,3,20160906_flight01
2016-09-06 13:29:29,54.73702671,8.017186,87.514,0.254,2.562,1014.804,18.261,1.1904549999999998,6.93,1.148,0.15,100,0.3,2.6,1014.804,0.019073936920876777,290.1887959261189,7.024443323139564,189.40600265259337,True,25.662277547928305,-10.280847749559822,4,3,20160906_flight01
2016-09-06 13:29:30,54.73714104,8.01618464,86.838,0.466,2.483,1014.887,18.230999999999998,1.190561,7.0920000000000005,1.334,0.098,100,0.6,2.5,1014.887,0.019171467891130556,290.1521347926548,7.216371664486247,190.65282101982382,True,25.65514620273509,-10.215190857535038,4,3,20160906_flight01
2016-09-06 13:29:31,54.7372558,8.0151823,86.163,0.74,2.453,1014.962,18.179,1.190782,7.42,1.449,0.134,100,0.8,2.5,1014.962,0.019239514129128832,290.09422301307194,7.560158794628589,191.04982994123722,True,25.64804168635392,-10.149459172683546,4,3,20160906_flight01
2016-09-06 13:29:32,54.73737129,8.01417897,85.48299999999999,0.741,2.6430000000000002,1015.041,18.213,1.190949,7.672000000000001,1.545,0.18,100,0.8,2.8,1015.041,0.019056983174781994,290.12162070832113,7.826021275207474,191.38603006902423,True,25.640995689693817,-10.083642140487264,4,3,20160906_flight01
2016-09-06 13:29:33,54.737487030000004,8.013174900000001,84.977,0.862,2.86,1015.0930000000001,18.264,1.191062,7.71,1.6019999999999999,0.078,100,0.9,2.9,1015.0930000000001,0.01883416653982084,290.1681520608819,7.874674850430334,191.73801610650133,True,25.633962013191365,-10.01777110610018,4,3,20160906_flight01
2016-09-06 13:29:34,54.73760303,8.01217071,84.72,0.718,3.011,1015.107,18.361,1.190949,7.301,1.834,0.113,100,0.9,3.1,1015.107,0.01860583590183551,290.26359243892654,7.5278255160437935,194.1008530250165,True,25.626953658314726,-9.95188404562208,4,3,20160906_flight01
2016-09-06 13:29:35,54.737719209999995,8.01116687,84.664,0.847,2.964,1015.1190000000001,18.31,1.190739,7.611000000000001,1.4469999999999998,-0.158,100,0.9,3.1,1015.1190000000001,0.01897579213932654,290.21182949341596,7.747330507987898,190.76457875741642,True,25.61997117310078,-9.886012648250048,4,3,20160906_flight01
2016-09-06 13:29:36,54.73783607,8.01016326,84.697,0.778,2.8709999999999996,1015.1360000000001,18.344,1.190537,7.15,1.188,-0.032,100,0.9,3.0,1015.1360000000001,0.019046874622702603,290.2442937474599,7.248023454708187,189.4337315020588,True,25.613065385953867,-9.820132938565319,4,3,20160906_flight01
2016-09-06 13:29:37,54.737953,8.00915948,84.6,0.589,3.05,1015.14,18.292,1.1905890000000001,7.53,1.341,-0.07300000000000001,100,0.7,3.1,1015.14,0.019188196437321947,290.19218965473056,7.648475730496894,190.09780747059892,True,25.606163764771217,-9.754240406706682,4,3,20160906_flight01
2016-09-06 13:29:38,54.73807073,8.00815612,84.73,1.133,3.13,1015.128,18.313,1.190614,7.9239999999999995,1.254,-0.22099999999999997,100,1.3,3.3,1015.128,0.01908131794434831,290.214080763121,8.022611295582005,188.99267594140025,True,25.599355253672286,-9.688347327212956,4,3,20160906_flight01
2016-09-06 13:29:39,54.73818983,8.00715331,85.014,1.239,3.4560000000000004,1015.08,18.261,1.190611,7.723,1.0490000000000002,-0.154,100,1.3,3.6,1015.08,0.019217537587920663,290.1662276885234,7.793916217152966,187.73503700907497,True,25.592702934522798,-9.622442852612682,4,3,20160906_flight01
2016-09-06 13:29:40,54.738309470000004,8.00615141,85.546,1.097,3.6390000000000002,1015.025,18.299,1.190638,7.6,1.0430000000000001,-0.011000000000000001,100,1.2,3.7,1015.025,0.019006323499921374,290.2085626206477,7.671235167820107,187.81427792397395,True,25.586125528530133,-9.556576717289431,4,3,20160906_flight01
2016-09-06 13:29:41,54.738429800000006,8.005151,86.18299999999999,1.006,3.7809999999999997,1014.954,18.3,1.190578,7.362,1.173,0.099,100,1.1,3.8,1014.954,0.018982898680216964,290.215364389377,7.4548623729751045,189.0529382262951,True,25.579650145879086,-9.490779788795159,4,3,20160906_flight01
2016-09-06 13:29:42,54.73855086,8.004152490000001,86.895,0.856,3.88,1014.868,18.3,1.1904059999999999,7.138999999999999,1.037,-0.075,100,1.0,3.9,1014.868,0.01904377615455366,290.2223977387077,7.213923343091468,188.26488927550957,True,25.573288932636217,-9.425076074503451,4,3,20160906_flight01
2016-09-06 13:29:43,54.7386725,8.00315586,87.78200000000001,0.826,3.98,1014.7589999999999,18.258,1.1903329999999999,7.2860000000000005,1.57,0.14800000000000002,100,1.1,4.1,1014.7589999999999,0.019143682022733755,290.1894888228606,7.453233928973383,192.1602600293449,True,25.567025561950167,-9.359469307022561,4,3,20160906_flight01
2016-09-06 13:29:44,54.738795,8.002161899999999,88.78200000000001,0.7709999999999999,4.2410000000000005,1014.633,18.378999999999998,1.189924,7.093999999999999,1.359,-0.032,100,1.0,4.3,1014.633,0.0189443020350073,290.32029314258574,7.222999169320179,190.84478105253484,True,25.560905003923047,-9.293999023080385,4,3,20160906_flight01
2016-09-06 13:29:45,54.73891739,8.00117063,89.975,0.43800000000000006,4.243,1014.49,18.340999999999998,1.189671,6.807,1.431,0.055999999999999994,100,0.5,4.3,1014.49,0.019150199889168995,290.29415250918424,6.955789674796098,191.87211291172716,True,25.55482455378789,-9.228698586926786,4,3,20160906_flight01
2016-09-06 13:29:46,54.73903922,8.00018187,91.197,0.6890000000000001,4.165,1014.34,18.168,1.189552,7.364,1.116,0.079,100,0.9,4.2,1014.34,0.019706645385449972,290.13413246302883,7.448083780409562,188.6174920336683,True,25.548732920271803,-9.163571782068296,4,3,20160906_flight01
2016-09-06 13:29:47,54.73916206,7.99919564,92.242,0.722,4.056,1014.222,18.246,1.189513,7.662999999999999,0.927,0.205,100,0.9,4.1,1014.222,0.01934852063801662,290.2214718133608,7.718866367543876,186.89760584248125,True,25.54279734531584,-9.098567842379111,4,3,20160906_flight01
2016-09-06 13:29:48,54.73928551,7.99821136,93.007,0.46399999999999997,3.9739999999999998,1014.1260000000001,18.214,1.189761,7.626,1.163,0.18400000000000002,100,0.6,4.0,1014.1260000000001,0.019151496512395116,290.1974569953368,7.71417169889289,188.67105843941826,True,25.536964149179546,-9.033664180855414,4,3,20160906_flight01
2016-09-06 13:29:49,54.73940837,7.997228290000001,93.663,0.495,3.681,1014.048,18.294,1.189656,7.711,1.128,-0.005,100,0.6,3.9,1014.048,0.01888329876044814,290.28352231625064,7.793067752817244,188.32245657586247,True,25.531091548582083,-8.968854822490165,4,3,20160906_flight01
2016-09-06 13:29:50,54.739530910000006,7.99624589,94.11200000000001,0.544,3.5,1013.998,18.247,1.189647,7.325,1.334,0.18100000000000002,100,0.6,3.5,1013.998,0.019005098939260057,290.2408024796348,7.445480575490074,190.32136555950294,True,25.525197840436064,-8.904097459848675,4,3,20160906_flight01
2016-09-06 13:29:51,54.739652969999995,7.99526375,94.319,0.5429999999999999,3.4330000000000003,1013.962,18.276,1.1894580000000001,6.5360000000000005,1.12,-0.024999999999999994,100,0.8,3.5,1013.962,0.01902941675236791,290.2726348410287,6.631266545690951,189.72368551390034,True,25.519258125283102,-8.839372060222242,4,3,20160906_flight01
2016-09-06 13:29:52,54.73977427,7.9942813,94.516,0.898,3.178,1013.936,18.257,1.189275,6.827000000000001,0.968,-0.218,100,1.1,3.3,1013.936,0.019226536369104208,290.2558386786515,6.895284838206469,188.07017078146978,True,25.513231669331816,-8.774652679802898,4,3,20160906_flight01
2016-09-06 13:29:53,54.73989719,7.99329857,94.567,1.21,3.0,1013.935,18.203,1.189389,7.725,1.137,-0.04,100,1.3,3.0,1013.935,0.019316728274913375,290.20213385494185,7.808226046932811,188.37293239348833,True,25.507371992450885,-8.709862341346593,4,3,20160906_flight01
2016-09-06 13:29:54,54.74002268,7.99231539,94.37,0.8029999999999999,3.0,1013.9630000000001,18.225,1.1895390000000001,7.593999999999999,0.982,-0.145,100,1.1,3.0,1013.9630000000001,0.019139383259711762,290.22175482125556,7.657229263904797,187.36817901625025,True,25.501776785449614,-8.644959075147284,4,3,20160906_flight01
2016-09-06 13:29:55,54.740148239999996,7.991330830000001,94.15799999999999,0.42,3.023,1013.99,18.212,1.189645,7.576999999999999,1.042,0.07,100,0.5,3.1,1013.99,0.019121180262905657,290.2065961800104,7.648313081980888,187.83028249872834,True,25.49616244471634,-8.579968225711244,4,3,20160906_flight01
2016-09-06 13:29:56,54.740273159999994,7.99034507,93.939,-0.067,3.06,1013.998,18.285,1.189655,7.144,1.076,-0.263,100,0.5,3.1,1013.998,0.018865380049858604,290.27865170421234,7.2245769426313124,188.56527452107875,True,25.490456978778198,-8.514924431276985,4,3,20160906_flight01
2016-09-06 13:29:57,54.740397380000005,7.98935829,93.87,0.848,3.032,1014.0160000000001,18.14,1.189769,7.314,1.314,0.15,100,1.1,3.1,1014.0160000000001,0.01929297721322465,290.13275405623705,7.431096285205838,190.1848511501721,True,25.48465747701281,-8.449840800656514,4,3,20160906_flight01
2016-09-06 13:29:58,54.740522600000006,7.9883711900000005,93.67,1.119,3.122,1014.033,18.123,1.189798,7.353,1.435,0.213,100,1.2,3.2,1014.033,0.01934471119698067,290.11443056313857,7.491717693560002,191.04295407242378,True,25.478958091575173,-8.384704276320303,4,3,20160906_flight01
2016-09-06 13:29:59,54.740649149999996,7.98738405,93.447,0.772,3.2,1014.063,18.182000000000002,1.189976,7.395,1.25,0.20800000000000002,100,1.0,3.2,1014.063,0.019015976375869492,290.17074069929464,7.499901666022028,189.59419520727212,True,25.47339928594694,-8.319521228024588,4,3,20160906_flight01
2016-09-06 13:30:00,54.740775809999995,7.9863965299999995,93.25399999999999,0.233,3.2319999999999998,1014.095,18.215999999999998,1.190024,6.851,1.078,-0.048,100,0.5,3.3,1014.095,0.0188881193555952,290.20198610741204,6.935292711919231,188.94213254833622,True,25.467844853665184,-8.254311057606134,4,3,20160906_flight01
2016-09-06 13:30:01,54.74090154,7.98540841,93.23299999999999,0.857,3.242,1014.094,18.265,1.189944,7.272,0.888,0.044,100,1.3,3.3,1014.094,0.01878428208676919,290.25087220927173,7.32601719899701,186.96204626560927,True,25.46218002906022,-8.189094619227582,4,3,20160906_flight01
2016-09-06 13:30:02,54.741028379999996,7.98442013,93.2,0.836,3.2,1014.0930000000001,18.25,1.1898819999999999,7.245,0.887,0.032,100,1.3,3.2,1014.0930000000001,0.018888807438981692,290.236013984285,7.299095423406931,186.9799443332701,True,25.45663009233955,-8.12383152945237,4,3,20160906_flight01
2016-09-06 13:30:03,54.7411562,7.98343161,93.2,0.587,3.2,1014.087,18.203,1.189918,7.587999999999999,1.1740000000000002,0.05600000000000001,100,0.6,3.2,1014.087,0.01901631106486712,290.1896927702147,7.678282360007347,188.79495262067363,True,25.45117968685986,-8.058521151284843,4,3,20160906_flight01
2016-09-06 13:30:04,54.741284390000004,7.98244291,93.16,0.415,3.2,1014.0830000000001,18.213,1.1899499999999998,7.407,1.2790000000000001,0.129,100,0.5,3.2,1014.0830000000001,0.01894991542225033,290.19998021993433,7.516614264414531,189.79691242328545,True,25.445765138255666,-7.993187396424509,4,3,20160906_flight01
2016-09-06 13:30:05,54.74141224,7.98145403,93.111,0.06,3.2,1014.099,18.338,1.1897499999999999,7.023,1.067,-0.259,100,0.4,3.2,1014.099,0.01870024214552668,290.323171201652,7.103591908323563,188.6388473985376,True,25.440310988981402,-7.927853781630408,4,3,20160906_flight01
2016-09-06 13:30:06,54.74153916,7.9804644499999995,93.30799999999999,-0.19399999999999998,3.1180000000000003,1014.062,18.324,1.18944,7.136,0.667,-0.18,100,0.8,3.2,1014.062,0.018977506114444154,290.3122565603314,7.167104366478837,185.33990630164283,True,25.434744521788403,-7.8625077202760805,4,3,20160906_flight01
2016-09-06 13:30:07,54.74166518,7.97947408,93.4,-1.3719999999999999,3.1,1014.064,18.247,1.189398,7.212999999999999,0.9229999999999999,0.064,100,1.8,3.1,1014.064,0.019284767044734474,290.2353997509229,7.271815316686748,187.29213304450116,True,25.42906719198792,-7.797142657955734,4,3,20160906_flight01
2016-09-06 13:30:08,54.74178921,7.97848297,93.285,-1.8,3.068,1014.073,18.2,1.18949,7.4270000000000005,0.9440000000000001,0.052000000000000005,100,1.8,3.1,1014.073,0.019379394770177916,290.18785052585747,7.486752633819285,187.2436704609088,True,25.42316411910548,-7.73179778716191,4,3,20160906_flight01
2016-09-06 13:30:09,54.74191043,7.97749078,93.12799999999999,-1.865,2.968,1014.089,18.258,1.189565,7.38,0.8370000000000001,-0.19400000000000003,100,2.0,3.0,1014.089,0.019128326167810794,290.24430945414406,7.427312367202553,186.47053117740174,True,25.416941607967658,-7.666479260854328,4,3,20160906_flight01
2016-09-06 13:30:10,54.742028090000005,7.97649691,93.06199999999998,-1.7519999999999998,2.983,1014.0880000000001,18.233,1.189551,7.4639999999999995,0.8220000000000001,-0.196,100,2.0,3.0,1014.0880000000001,0.019226755297210296,290.21949113721035,7.509126447197436,186.2845795181923,True,25.410308396333797,-7.60117484907738,4,3,20160906_flight01
2016-09-06 13:30:11,54.74214263,7.9755017399999995,92.94,-2.0,3.0,1014.105,18.225,1.189498,7.792000000000001,0.8,0.18900000000000003,100,2.0,3.0,1014.105,0.019317241127859708,290.2101316903692,7.832960104583708,185.8619840725134,True,25.40331856388302,-7.535893456747018,4,3,20160906_flight01
2016-09-06 13:30:12,54.74225432,7.9745056299999995,92.639,-1.92,3.014,1014.137,18.168,1.189729,7.867999999999999,1.2229999999999999,0.114,100,2.0,3.1,1014.137,0.01935089651848476,290.1507410710096,7.962484097315359,188.8353363723591,True,25.396007737882115,-7.470648383830466,4,3,20160906_flight01
2016-09-06 13:30:13,54.742362670000006,7.97350871,92.42200000000001,-1.6840000000000002,3.1,1014.1740000000001,18.205,1.189717,7.81,1.203,-0.044000000000000004,100,1.8,3.1,1014.1740000000001,0.019268912434598606,290.1845649308308,7.902107883343532,188.7566362061226,True,25.388326345269327,-7.4054638923841365,4,3,20160906_flight01
2016-09-06 13:30:14,54.742467420000004,7.97251109,92.4,-1.771,3.1919999999999997,1014.171,18.174,1.189776,7.561,1.331,0.042,100,1.8,3.3,1014.171,0.01932380826877278,290.1539349374359,7.677257453023182,189.98376970967513,True,25.38024887185778,-7.340355390639268,4,3,20160906_flight01
2016-09-06 13:30:15,54.7425685,7.971513290000001,92.46799999999999,-1.697,3.233,1014.1490000000001,18.207,1.189666,7.4670000000000005,1.127,0.005000000000000002,100,1.8,3.3,1014.1490000000001,0.019280484153748167,290.1886027650323,7.551570565120874,188.58291371762948,True,25.371777891264017,-7.27535732587081,4,3,20160906_flight01
2016-09-06 13:30:16,54.74266689,7.970515430000001,92.619,-1.567,3.258,1014.1340000000001,18.248,1.189581,7.438,1.093,-0.14,100,1.8,3.3,1014.1340000000001,0.019194816626512567,290.2306660722493,7.517878224605663,188.35967656973338,True,25.3630198668708,-7.210444652647069,4,3,20160906_flight01
2016-09-06 13:30:17,54.742762,7.969517499999999,92.806,-1.671,3.103,1014.1160000000001,18.214,1.189571,7.245,1.272,0.004,100,1.8,3.2,1014.1160000000001,0.01930422570282464,290.1982754044786,7.3558146387738725,189.9578949075908,True,25.353911901959627,-7.145636295203857,4,3,20160906_flight01
2016-09-06 13:30:18,54.74285395,7.96851942,92.87,-1.7690000000000001,3.18,1014.1010000000001,18.2,1.189541,7.093,1.41,0.212,100,1.9,3.2,1014.1010000000001,0.019363835534736307,290.18555899156917,7.231787400083053,191.2431197987023,True,25.344465209443683,-7.080923335997414,4,3,20160906_flight01
2016-09-06 13:30:19,54.74294227,7.967521369999999,92.848,-1.5659999999999998,3.09,1014.094,18.244,1.189418,7.1610000000000005,0.9229999999999999,0.042,100,1.8,3.2,1014.094,0.01930827578587002,290.22995609885743,7.220238915714632,187.34450916517795,True,25.334633304624816,-7.016332463939658,4,3,20160906_flight01
2016-09-06 13:30:20,54.74302777,7.9665227000000005,92.76299999999999,-0.638,3.0,1014.113,18.135,1.1896769999999999,7.511,1.093,0.028000000000000004,100,1.0,3.0,1014.113,0.0194868129385799,290.1198369355003,7.5901100123779495,188.27955998296449,True,25.324489756503986,-6.951796689151364,4,3,20160906_flight01
2016-09-06 13:30:21,54.74311197,7.96552382,92.619,-0.418,3.0,1014.1160000000001,18.194,1.1898609999999998,7.307,1.325,0.168,100,0.5,3.0,1014.1160000000001,0.01912575031671504,290.17835542291573,7.426161457980833,190.27793311242814,True,25.31420400293331,-6.887290998156067,4,3,20160906_flight01
2016-09-06 13:30:22,54.743194439999996,7.964524,92.432,-0.10200000000000001,3.083,1014.1310000000001,18.272000000000002,1.1898,6.847,1.054,0.001000000000000002,100,0.2,3.1,1014.1310000000001,0.018920284691057887,290.2548154968174,6.927649312717843,188.75119267591495,True,25.303716287430056,-6.82278452971662,4,3,20160906_flight01
2016-09-06 13:30:23,54.74327531,7.963524,92.4,0.252,3.034,1014.1610000000001,18.242,1.189684,7.1979999999999995,1.0,-0.166,100,0.5,3.1,1014.1610000000001,0.019154694359316826,290.222480265342,7.267131758816541,187.9093319458818,True,25.29305506068623,-6.758319935308806,4,3,20160906_flight01
2016-09-06 13:30:24,54.74335655,7.962523999999999,92.4,0.6679999999999999,3.076,1014.137,18.141000000000002,1.1897820000000001,7.513,1.274,0.11599999999999999,100,0.9,3.1,1014.137,0.01939996879406447,290.12384925516255,7.620252292411322,189.6242510812673,True,25.282433156887684,-6.6938430856889015,4,3,20160906_flight01
2016-09-06 13:30:25,54.74343858,7.961524,92.4,0.9660000000000001,3.18,1014.1460000000001,18.178,1.18984,7.107,1.391,0.138,100,1.2,3.2,1014.1460000000001,0.019229860001036103,290.15996454473003,7.241845759197029,191.07408485181548,True,25.271895212892524,-6.629340069534741,4,3,20160906_flight01
2016-09-06 13:30:26,54.74352076,7.960524,92.35,1.61,3.1660000000000004,1014.1510000000001,18.197,1.189883,7.746,1.209,0.19,100,1.8,3.2,1014.1510000000001,0.019131585628330505,290.1784792006835,7.839782968934791,188.87118194845183,True,25.261373210631966,-6.564832085051342,4,3,20160906_flight01
2016-09-06 13:30:27,54.74360509,7.959524,92.26899999999999,1.786,3.1210000000000004,1014.163,18.262999999999998,1.189824,7.587000000000001,1.222,0.153,100,1.8,3.2,1014.163,0.018963351167053277,290.24323227970456,7.6847806084494055,189.14976275987271,True,25.251079706570046,-6.5002528878480375,4,3,20160906_flight01
2016-09-06 13:30:28,54.74369155,7.95852495,92.2,1.78,3.1069999999999998,1014.168,18.21,1.189827,7.5889999999999995,1.391,0.032,100,1.9,3.2,1014.168,0.019151161163917685,290.1900358523776,7.715426235795401,190.3865447577246,True,25.241030868291958,-6.435661837071225,4,3,20160906_flight01
2016-09-06 13:30:29,54.743779960000005,7.957525,92.17399999999999,1.946,3.1,1014.1740000000001,18.217,1.1896630000000001,7.478,1.162,0.091,100,2.0,3.1,1014.1740000000001,0.01927319740470468,290.1965167242758,7.5677425960454014,188.83250476914787,True,25.23117194221404,-6.370950590611234,4,3,20160906_flight01
2016-09-06 13:30:30,54.74387058,7.95652599,92.098,1.764,3.0239999999999996,1014.181,18.183999999999997,1.18982,7.474,1.361,0.117,100,1.9,3.1,1014.181,0.01926117651729653,290.1630765059283,7.596907068011297,190.3203617143226,True,25.221565991618213,-6.306224222942283,4,3,20160906_flight01
2016-09-06 13:30:31,54.74396326,7.95552639,92.0,1.665,3.1,1014.195,18.281000000000002,1.189654,7.108,0.9890000000000001,-0.051000000000000004,100,1.9,3.1,1014.195,0.019078169330387418,290.25854070665565,7.176474412969087,187.9212212377882,True,25.21216761317195,-6.241393169809368,4,3,20160906_flight01
2016-09-06 13:30:32,54.74405736,7.954527000000001,92.0,1.52,3.1,1014.203,18.234,1.189716,7.127000000000001,0.9760000000000001,0.012000000000000002,100,1.6,3.1,1014.203,0.019197469129154987,290.2110750853807,7.19351826299204,187.79780970790793,True,25.202924193563618,-6.176528058219826,4,3,20160906_flight01
2016-09-06 13:30:33,54.74415304,7.953527,92.0,1.4169999999999998,3.0980000000000003,1014.181,18.248,1.189563,7.053999999999999,0.8390000000000001,-0.10300000000000001,100,1.5,3.1,1014.181,0.019257473940170522,290.2268192784725,7.103719940988665,186.78287244227113,True,25.193836947434114,-6.111572924100096,4,3,20160906_flight01
2016-09-06 13:30:34,54.74425024,7.952527,92.0,1.286,3.1,1014.198,18.285,1.189503,7.013999999999999,0.609,-0.215,100,1.3,3.1,1014.198,0.019196560930502038,290.2622790551497,7.040388980731106,184.96233817265886,True,25.184911244216906,-6.04656744424362,4,3,20160906_flight01
2016-09-06 13:30:35,54.74434857,7.951527,92.088,1.14,3.043,1014.187,18.215,1.1896209999999998,7.353,0.9590000000000001,-0.009999999999999997,100,1.2,3.1,1014.187,0.0193292459133092,290.1934609034359,7.415274101474604,187.43074172568413,True,25.176105635401882,-5.98152453630644,4,3,20160906_flight01
2016-09-06 13:30:36,54.744448240000004,7.95052628,92.061,1.286,3.0260000000000002,1014.195,18.14,1.1897149999999999,7.5889999999999995,1.08,0.126,100,1.4,3.1,1014.195,0.01951918161394217,290.1181079653219,7.665462869259755,188.09944764044388,True,25.167428575136015,-5.916392758705718,4,3,20160906_flight01
2016-09-06 13:30:37,54.74454919,7.949526,91.92300000000002,1.086,3.1,1014.197,18.2,1.189864,7.308,1.115,0.037000000000000005,100,1.2,3.1,1014.197,0.019183591452024862,290.17770292025716,7.392569850870535,188.67486224669224,True,25.158896023622994,-5.8512457705363365,4,3,20160906_flight01
2016-09-06 13:30:38,54.74465045,7.94852557,91.9,0.975,3.137,1014.187,18.198,1.1899799999999998,6.968,1.296,0.047,100,1.1,3.2,1014.187,0.019081188185732678,290.17652925812723,7.087498853615428,190.53622645079076,True,25.15039352997023,-5.786079246585959,4,3,20160906_flight01
2016-09-06 13:30:39,54.744751889999996,7.947525000000001,91.9,0.97,3.0810000000000004,1014.1890000000001,18.255,1.189732,7.007999999999999,0.9910000000000001,0.062,100,1.1,3.2,1014.1890000000001,0.01909624768314533,290.23313637791443,7.077721737960598,188.0488188083625,True,25.14190747056591,-5.720898110600291,4,3,20160906_flight01
2016-09-06 13:30:40,54.74485448,7.946524920000001,91.88600000000001,0.644,3.0660000000000003,1014.1940000000001,18.317,1.189552,6.946000000000001,0.8490000000000001,1.3877787807814458e-18,100,0.8,3.1,1014.1940000000001,0.019038666685640804,290.29447773687144,6.997693691495792,186.96861795604136,True,25.13355306654355,-5.655709159230926,4,3,20160906_flight01
2016-09-06 13:30:41,54.74495786000001,7.945524000000001,91.779,0.7190000000000001,3.032,1014.198,18.135,1.1897499999999999,7.349,1.13,0.083,100,0.8,3.1,1014.198,0.019509705024167934,290.11288264820377,7.435368249118533,188.74147534746493,True,25.12526644732877,-5.590442141085153,4,3,20160906_flight01
2016-09-06 13:30:42,54.74506177,7.94452368,91.7,0.7440000000000001,3.005,1014.216,18.198999999999998,1.189843,7.2989999999999995,1.329,-0.047,100,0.8,3.1,1014.216,0.01922417145498012,290.17515221518255,7.419005458954724,190.31935225371387,True,25.117047709143925,-5.525194639777735,4,3,20160906_flight01
2016-09-06 13:30:43,54.7451659,7.943523,91.60199999999999,0.8290000000000001,3.148,1014.217,18.258,1.1898170000000001,6.9879999999999995,1.101,-0.0020000000000000018,100,1.0,3.2,1014.217,0.0190410863913979,290.2338326602814,7.0742027819394595,188.9536789023548,True,25.108845420030256,-5.459917608626179,4,3,20160906_flight01
2016-09-06 13:30:44,54.745269879999995,7.9425225699999995,91.671,0.401,3.1,1014.2130000000001,18.317,1.189671,6.904,1.091,-0.195,100,0.6,3.1,1014.2130000000001,0.018955823488568724,290.29292237252287,6.989670736164902,188.97987120761582,True,25.100632003167306,-5.394660992304906,4,3,20160906_flight01
2016-09-06 13:30:45,54.74537354,7.941523989999999,91.82,0.507,3.0780000000000003,1014.195,18.212,1.189633,7.354,1.124,0.054000000000000006,100,0.7,3.1,1014.195,0.019337499742887454,290.18981830132213,7.439401319998808,188.68994976313297,True,25.092420200774484,-5.329529279190187,4,3,20160906_flight01
2016-09-06 13:30:46,54.74547801,7.940524,91.9,0.271,3.1,1014.201,18.262999999999998,1.189569,6.897,0.934,-0.117,100,0.6,3.1,1014.201,0.019219967618319567,290.2401220425403,6.959954382034411,187.7121473423123,True,25.08426733286256,-5.264283618834205,4,3,20160906_flight01
2016-09-06 13:30:47,54.74558174,7.93952306,91.915,0.243,3.0,1014.195,18.248,1.189657,7.318,1.177,-0.11800000000000001,100,0.4,3.0,1014.195,0.019191006916740472,290.2256734693222,7.412047827692425,189.13699090223048,True,25.076017525909307,-5.1990037722002596,4,3,20160906_flight01
2016-09-06 13:30:48,54.74568534,7.93852224,92.0,0.49,2.9930000000000003,1014.183,18.187,1.1897440000000001,7.5,1.5719999999999998,0.053,100,0.6,3.0,1014.183,0.019317799959012172,290.1659007943903,7.66297487924892,191.8378270525086,True,25.067756213499962,-5.1337356457718935,4,3,20160906_flight01
2016-09-06 13:30:49,54.745789169999995,7.93752144,92.0,0.47600000000000003,3.0669999999999997,1014.178,18.187,1.189687,7.1129999999999995,1.4380000000000002,-0.006999999999999999,100,0.5,3.1,1014.178,0.019361611714775462,290.1663099301711,7.256901060370053,191.4291597976041,True,25.0595197302019,-5.068461136958965,4,3,20160906_flight01
2016-09-06 13:30:50,54.74589233,7.93652053,92.0,0.659,3.14,1014.1690000000001,18.238,1.189731,7.3,1.604,0.15,100,1.0,3.2,1014.1690000000001,0.019136461907185875,290.21784157487656,7.474143161593843,192.39244487611947,True,25.051209922335147,-5.003202023556304,4,3,20160906_flight01
2016-09-06 13:30:51,54.74599602,7.93552,92.0,0.81,3.0980000000000003,1014.1669999999999,18.268,1.189684,7.023,1.48,-0.069,100,1.0,3.1,1014.1669999999999,0.01906979548132215,290.2478848030274,7.177250796788419,191.90017006848032,True,25.042963759191437,-4.937948834071071,4,3,20160906_flight01
2016-09-06 13:30:52,54.74610010000001,7.93452,92.1,0.456,3.0660000000000003,1014.172,18.371,1.18947,6.541,1.2309999999999999,-0.218,100,0.7,3.1,1014.172,0.018898039908626485,290.3500618327157,6.655827672048008,190.6582582283889,True,25.034769250210687,-4.872715473510827,4,3,20160906_flight01
2016-09-06 13:30:53,54.74620369,7.93351938,92.27,0.33899999999999997,3.077,1014.135,18.181,1.189544,7.266,1.175,0.08,100,0.6,3.1,1014.135,0.019461923930788716,290.1638526425199,7.3603927205007205,189.18589790759577,True,25.02651072620764,-4.807460035505152,4,3,20160906_flight01
2016-09-06 13:30:54,54.746307980000005,7.932519,92.3,0.573,3.099,1014.133,18.182000000000002,1.189648,7.182,1.406,0.064,100,0.6,3.1,1014.133,0.019367292406567538,290.1650122974147,7.318330410687946,191.0765497341683,True,25.018331218395176,-4.742196240603124,4,3,20160906_flight01
2016-09-06 13:30:55,54.74641238,7.93151909,92.3,0.54,3.11,1014.127,18.25,1.189842,7.058,1.6980000000000002,0.15200000000000002,100,0.6,3.2,1014.127,0.01895722228995589,290.2332310105746,7.259377934782015,193.52704613738717,True,25.010172451482944,-4.676957841680937,4,3,20160906_flight01
2016-09-06 13:30:56,54.7465161,7.9305200000000005,92.3,0.15,3.1710000000000003,1014.1290000000001,18.323,1.189697,6.689,1.381,0.06,100,0.4,3.2,1014.1290000000001,0.01882819083945364,290.3057749761169,6.830071888347883,191.665291392252,True,25.0019572052499,-4.611792630373569,4,3,20160906_flight01
2016-09-06 13:30:57,54.74661892,7.929520220000001,92.3,0.575,2.9739999999999998,1014.1290000000001,18.271,1.189686,6.8389999999999995,1.534,-0.09600000000000002,100,0.7,3.1,1014.1290000000001,0.01901940838121785,290.2539832139339,7.008928377434027,192.6423014213052,True,24.993633022004843,-4.546614596700107,4,3,20160906_flight01
2016-09-06 13:30:58,54.74672226,7.928521,92.344,0.9,2.9,1014.127,18.253,1.189638,7.045,1.4709999999999999,0.03900000000000001,100,1.0,2.9,1014.127,0.019121461839695764,290.23621899853975,7.196934486293452,191.79394351460937,True,24.985374886770188,-4.481453939646664,4,3,20160906_flight01
2016-09-06 13:30:59,54.74682678,7.92752184,92.21799999999999,1.234,2.873,1014.143,18.252,1.189763,7.376,1.536,0.145,100,1.4,2.9,1014.143,0.019033964042506124,290.23391340039376,7.534233338568696,191.7633256801695,True,24.9772433152066,-4.416257905562797,4,3,20160906_flight01
2016-09-06 13:31:00,54.74693257,7.92652247,91.943,1.107,2.9,1014.163,18.215,1.189925,7.315,1.845,0.16,100,1.3,2.9,1014.163,0.019044713899284638,290.1954249576241,7.5440870885747335,194.1559740658157,True,24.969242673248452,-4.351006831230488,4,3,20160906_flight01
2016-09-06 13:31:01,54.74703901,7.92552309,91.72200000000001,1.127,2.9,1014.196,18.304,1.189789,7.147,1.454,0.075,100,1.2,2.9,1014.196,0.018883132635431288,290.28136631663943,7.293402840924119,191.4994335410821,True,24.96131091958201,-4.28573360961109,4,3,20160906_flight01
2016-09-06 13:31:02,54.74714616999999,7.924524,91.46700000000001,0.562,2.9159999999999995,1014.238,18.299,1.189774,7.127999999999999,1.158,0.27699999999999997,100,0.9,3.0,1014.238,0.018955653332746625,290.272948530955,7.221450546808445,189.22753682837828,True,24.95346127046605,-4.2204544579521395,4,3,20160906_flight01
2016-09-06 13:31:03,54.74725351,7.923524,91.13799999999999,0.611,2.858,1014.2689999999999,18.293,1.189825,7.171,1.197,0.0030000000000000005,100,0.7,2.9,1014.2689999999999,0.018964097443215033,290.2644354121814,7.270216640513541,189.47657392232918,True,24.945613228521324,-4.155113119035305,4,3,20160906_flight01
2016-09-06 13:31:04,54.74736119,7.922523999999999,90.855,0.571,2.864,1014.295,18.334,1.189871,6.966,1.111,0.026000000000000002,100,0.7,2.9,1014.295,0.01880749885469113,290.3031413069178,7.0540397645604465,189.06172431572617,True,24.937801321174668,-4.089760518572326,4,3,20160906_flight01
2016-09-06 13:31:05,54.74746866,7.92152329,90.587,0.095,3.017,1014.3159999999999,18.314,1.189884,6.736000000000001,0.9279999999999999,0.14600000000000002,100,0.3,3.1,1014.3159999999999,0.018887371482791515,290.2815034839222,6.799623518989858,187.8441025023609,True,24.929953423677112,-4.024371005708509,4,3,20160906_flight01
2016-09-06 13:31:06,54.747575559999994,7.92052208,90.36399999999999,0.21600000000000003,3.0010000000000003,1014.3580000000001,18.372,1.189738,6.893,0.691,-0.032,100,0.3,3.1,1014.3580000000001,0.018851852977527006,290.33582993195137,6.927548628483238,185.724583574758,True,24.922035319612434,-3.9589694794951145,4,3,20160906_flight01
2016-09-06 13:31:07,54.7476824,7.91952043,90.23299999999999,0.308,3.057,1014.382,18.32,1.1898659999999999,7.037999999999999,0.836,0.117,100,0.4,3.1,1014.382,0.01894810762191046,290.2820772378043,7.087477689559241,186.77406654076975,True,24.914102366238758,-3.8935427547718655,4,3,20160906_flight01
2016-09-06 13:31:08,54.747789059999995,7.9185186,90.1,0.445,3.173,1014.3789999999999,18.276,1.1899819999999999,7.315,1.489,0.159,100,0.5,3.2,1014.3789999999999,0.018999593965835837,290.23850205955625,7.46500810448321,191.50561402027478,True,24.906146816711207,-3.8281108705637115,4,3,20160906_flight01
2016-09-06 13:31:09,54.74789592,7.9175173700000006,90.1,0.63,3.2,1014.383,18.301,1.189873,7.249,1.232,0.018000000000000002,100,0.7,3.2,1014.383,0.01900954364844898,290.26307283648924,7.352946688233228,189.6455102541781,True,24.898224076399487,-3.7627094335177835,4,3,20160906_flight01
2016-09-06 13:31:10,54.748002729999996,7.91651631,90.194,0.731,3.2,1014.3639999999999,18.297,1.189827,7.166,1.1179999999999999,0.111,100,0.9,3.2,1014.3639999999999,0.019043838064660035,290.26064406255466,7.25268777764492,188.8674878193302,True,24.890299295686745,-3.6973201562020526,4,3,20160906_flight01
2016-09-06 13:31:11,54.748109940000006,7.9155159500000005,90.331,0.619,3.2,1014.3530000000001,18.242,1.189948,7.252999999999999,1.4180000000000001,-0.025,100,0.7,3.2,1014.3530000000001,0.01912148888959142,290.20676800948934,7.390313457492854,191.06209780548724,True,24.882430505431202,-3.631960880209685,4,3,20160906_flight01
2016-09-06 13:31:12,54.74821779,7.91451588,90.49799999999999,0.5660000000000001,3.24,1014.32,18.314,1.189816,7.207000000000001,1.21,0.006000000000000001,100,0.8,3.3,1014.32,0.01894962087915375,290.28117608969995,7.307868978026359,189.53063577941145,True,24.874635317466876,-3.566598323953543,4,3,20160906_flight01
2016-09-06 13:31:13,54.74832586,7.9135159999999996,90.73700000000001,0.9790000000000001,3.162,1014.3009999999999,18.372,1.1896200000000001,7.528,0.738,-0.17300000000000001,100,1.2,3.3,1014.3009999999999,0.018895656053629528,290.3404961599721,7.564088048139047,185.59904370639237,True,24.866867169344765,-3.501240220154579,4,3,20160906_flight01
2016-09-06 13:31:14,54.74843435,7.912516,90.9,1.0390000000000001,3.1460000000000004,1014.2959999999999,18.288,1.189751,7.322,1.112,0.131,100,1.2,3.2,1014.2959999999999,0.019072084744140794,290.2572458183256,7.405958952087164,188.63558231004225,True,24.85914134736555,-3.435860790713611,4,3,20160906_flight01
2016-09-06 13:31:15,54.74854312,7.91151674,90.9,0.924,3.103,1014.284,18.298000000000002,1.189738,6.888999999999999,1.165,0.048,100,1.1,3.2,1014.284,0.01903619748194796,290.2681874671774,6.986812291739344,189.59848689040257,True,24.851459532693255,-3.370517808699442,4,3,20160906_flight01
2016-09-06 13:31:16,54.7486523,7.91051722,90.833,0.43199999999999994,3.133,1014.2819999999999,18.203999999999997,1.189918,7.223,1.514,0.35800000000000004,100,0.7,3.2,1014.2819999999999,0.0192087607358844,290.17473163177766,7.3799678183580175,191.8382768880155,True,24.843816285549565,-3.3051451822246642,4,3,20160906_flight01
2016-09-06 13:31:17,54.74876209,7.90951845,90.706,0.047,3.2,1014.3009999999999,18.288,1.189865,7.2829999999999995,1.406,0.105,100,0.1,3.2,1014.3009999999999,0.018979471337281506,290.2568366019372,7.417474300595856,190.9266634964129,True,24.836252310087204,-3.239798690712827,4,3,20160906_flight01
2016-09-06 13:31:18,54.748871390000005,7.90851974,90.709,0.139,3.096,1014.299,18.381999999999998,1.189838,7.102,0.9410000000000001,-0.231,100,0.2,3.2,1014.299,0.018672023884089617,290.3506193702059,7.164069025351445,187.54760684836208,True,24.828637413649005,-3.1744721362364965,4,3,20160906_flight01
2016-09-06 13:31:19,54.74897965,7.9075207999999995,90.8,0.149,2.965,1014.289,18.308,1.189763,7.162000000000001,0.9810000000000001,0.003999999999999999,100,0.2,3.0,1014.289,0.018984845379350412,290.2777377354153,7.22887301036614,187.79943489253907,True,24.82090755898087,-3.1091658180629187,4,3,20160906_flight01
2016-09-06 13:31:20,54.749087280000005,7.906521000000001,90.705,0.085,2.9619999999999997,1014.297,18.343,1.1897060000000002,6.922999999999999,1.215,0.10300000000000001,100,0.2,3.0,1014.297,0.018919345521533737,290.3119411281925,7.028808860681871,189.9541481526103,True,24.81309418891243,-3.043827230910188,4,3,20160906_flight01
2016-09-06 13:31:21,54.7491943,7.905521,90.561,-0.037000000000000005,2.949,1014.3079999999999,18.36,1.189617,6.7829999999999995,1.0290000000000001,-0.168,100,0.1,3.0,1014.3079999999999,0.01894720045490783,290.3279717544179,6.860607115991995,188.62615731455122,True,24.805212137932187,-2.978496491096247,4,3,20160906_flight01
2016-09-06 13:31:22,54.749300590000004,7.9045209199999995,90.454,0.21,2.9109999999999996,1014.323,18.25,1.189697,6.999,1.121,0.046000000000000006,100,0.3,3.0,1014.323,0.019278370102376874,290.21719032487306,7.0882044270746025,189.09953573532266,True,24.797250963367972,-2.913184987604283,4,3,20160906_flight01
2016-09-06 13:31:23,54.74940691,7.903519999999999,90.324,0.33899999999999997,3.0,1014.323,18.276,1.1897069999999998,7.087,1.15,-0.004,100,0.4,3.0,1014.323,0.01917886697113791,290.24308478934955,7.179698391993914,189.216987776629,True,24.7892768021537,-2.8478205902048144,4,3,20160906_flight01
2016-09-06 13:31:24,54.74951308,7.90251895,90.214,0.23399999999999999,3.0260000000000002,1014.335,18.230999999999998,1.189913,7.199,1.147,0.031,100,0.3,3.1,1014.335,0.019171853661955618,290.1972855577089,7.289801780569895,189.0527136588044,True,24.781284195932457,-2.7824531289540646,4,3,20160906_flight01
2016-09-06 13:31:25,54.74961862999999,7.90151773,90.2,0.08900000000000001,3.1,1014.3430000000001,18.324,1.189808,6.977,1.163,-0.065,100,0.2,3.1,1014.3430000000001,0.01894461766347111,290.28925295839383,7.073266430723503,189.46365389377814,True,24.773222423695422,-2.717095699844209,4,3,20160906_flight01
2016-09-06 13:31:26,54.74972326,7.90051647,90.28,0.06,3.1,1014.3409999999999,18.198,1.189948,7.2620000000000005,1.032,-0.049,100,0.1,3.1,1014.3409999999999,0.019263340570236043,290.16392873440907,7.33496203125824,188.08812419443814,True,24.765062105248866,-2.6517662717133836,4,3,20160906_flight01
2016-09-06 13:31:27,54.749827530000005,7.899515249999999,90.346,0.14700000000000002,3.1,1014.3159999999999,18.2,1.1899419999999998,7.294,1.075,0.05,100,0.2,3.1,1014.3159999999999,0.019236361824544135,290.16796599250927,7.372791940642296,188.3839768376846,True,24.75686429687579,-2.5864512390131695,4,3,20160906_flight01
2016-09-06 13:31:28,54.74993133,7.89851405,90.4,-0.008000000000000002,3.1,1014.317,18.285,1.189995,7.102,1.2060000000000002,-0.038,100,0.3,3.1,1014.317,0.018894714111344024,290.25253929904795,7.203668509863569,189.63753811293094,True,24.748616922852328,-2.5211530094649985,4,3,20160906_flight01
2016-09-06 13:31:29,54.75003436,7.8975127999999994,90.4,0.436,3.1,1014.3059999999999,18.368,1.189836,7.06,0.951,-0.014999999999999998,100,0.5,3.1,1014.3059999999999,0.018729687978167098,290.3361030453704,7.1237631207108505,187.67170949926845,True,24.740286751792922,-2.4558771947069653,4,3,20160906_flight01
2016-09-06 13:31:30,54.750137089999996,7.89651138,90.40800000000002,0.425,3.0189999999999997,1014.3209999999999,18.457,1.189589,6.449,0.455,-0.26,100,0.6,3.1,1014.3209999999999,0.01864528934677767,290.42351387633823,6.465031013073332,184.0357345278735,True,24.73192142375254,-2.390600812987276,4,3,20160906_flight01
2016-09-06 13:31:31,54.750239279999995,7.89550928,90.5,0.469,3.025,1014.31,18.230999999999998,1.189794,7.169,1.14,0.175,100,0.7,3.1,1014.31,0.01924866676839576,290.19933117722826,7.259074390030729,189.0354081659637,True,24.723485611423236,-2.3253003027711623,4,3,20160906_flight01
2016-09-06 13:31:32,54.750342419999996,7.89450746,90.42399999999999,0.897,3.15,1014.313,18.267,1.1897879999999998,7.23,1.238,0.179,100,1.0,3.2,1014.313,0.019130908180099437,290.23493967444773,7.335226240546368,189.7165803521661,True,24.715156155079576,-2.2599856265502245,4,3,20160906_flight01
2016-09-06 13:31:33,54.75044647,7.89350596,90.373,0.767,3.125,1014.324,18.3,1.189895,6.93,1.406,-0.10200000000000001,100,1.0,3.2,1014.324,0.018934931230599972,290.26690552788983,7.071190564537205,191.46883981983083,True,24.70692957383057,-2.1946605806522212,4,3,20160906_flight01
2016-09-06 13:31:34,54.750550510000004,7.89250457,90.485,0.586,3.075,1014.304,18.242,1.18996,7.443,1.476,0.22,100,0.7,3.1,1014.304,0.019061981835500674,290.2107775446078,7.5879394436170875,191.21663866100846,True,24.698704047953356,-2.129342662436488,4,3,20160906_flight01
2016-09-06 13:31:35,54.75065517,7.8915036899999995,90.461,0.111,3.1,1014.303,18.257,1.189919,7.189,1.2309999999999999,0.009000000000000001,100,0.5,3.1,1014.303,0.019043632680813438,290.22579857281596,7.293632976781873,189.716738851313,True,24.6905542351125,-2.064035719321102,4,3,20160906_flight01
2016-09-06 13:31:36,54.75075925,7.89050282,90.5,-0.315,3.1,1014.3059999999999,18.299,1.190004,7.27,1.094,-0.02,100,0.4,3.1,1014.3059999999999,0.01882701607914794,290.2673827910117,7.351852555648813,188.5577406591779,True,24.682342973456798,-1.998748604938993,4,3,20160906_flight01
2016-09-06 13:31:37,54.750862340000005,7.88950193,90.595,-0.28800000000000003,3.0460000000000003,1014.29,18.332,1.190062,7.444,1.188,0.036000000000000004,100,0.4,3.1,1014.29,0.018645952429361845,290.3015586905925,7.5382013769864225,189.06746092197073,True,24.67402611123289,-1.9334930458100006,4,3,20160906_flight01
2016-09-06 13:31:38,54.75096439,7.88850094,90.54799999999999,-0.33299999999999996,3.056,1014.3059999999999,18.387999999999998,1.1900279999999999,7.149,1.103,0.18600000000000003,100,0.6,3.2,1014.3059999999999,0.018495450070411312,290.35602195967726,7.233589012378295,188.77085274755802,True,24.665596794052234,-1.8682657551641464,4,3,20160906_flight01
2016-09-06 13:31:39,54.751064930000005,7.88749977,90.42399999999999,-0.83,3.176,1014.309,18.395,1.18986,6.691,0.8640000000000001,0.046,100,1.1,3.2,1014.309,0.018617809781214856,290.3627479625093,6.746552971703402,187.35781340716554,True,24.657003530671894,-1.8030773575523407,4,3,20160906_flight01
2016-09-06 13:31:40,54.75116285,7.88649834,90.411,-0.505,2.992,1014.3159999999999,18.467,1.189532,7.037000000000001,0.402,-0.25,100,1.0,3.1,1014.3159999999999,0.018654146808568806,290.4338827487132,7.048473097061519,183.269560428058,True,24.648126811776493,-1.7379596757319105,4,3,20160906_flight01
2016-09-06 13:31:41,54.75126023,7.88549621,90.354,0.262,2.937,1014.3109999999999,18.256,1.189824,7.33,1.09,0.24400000000000002,100,0.4,3.1,1014.3109999999999,0.01913653226528833,290.2241479589834,7.410600515477811,188.45812804222086,True,24.639179223473235,-1.6728166296950198,4,3,20160906_flight01
2016-09-06 13:31:42,54.751357209999995,7.8844939,90.12799999999999,-0.20800000000000002,3.1,1014.352,18.29,1.189887,7.224,1.085,0.057,100,0.3,3.1,1014.352,0.019004872618479274,290.25465460854423,7.305025735752065,188.54162479570073,True,24.63018565780618,-1.6076757110559017,4,3,20160906_flight01
2016-09-06 13:31:43,54.75145276999999,7.88349125,90.05,-0.32300000000000006,3.022,1014.3589999999999,18.167,1.190218,7.443,1.285,0.09200000000000001,100,0.4,3.1,1014.3589999999999,0.019158645227705717,290.131582250706,7.5531102202999785,189.79529569491973,True,24.62103463002805,-1.542560818693146,4,3,20160906_flight01
2016-09-06 13:31:44,54.75154739,7.88248873,90.0,-0.177,3.0,1014.367,18.342,1.190097,7.303,1.1640000000000001,0.022000000000000002,100,0.2,3.0,1014.367,0.01865837554804073,290.3052153323565,7.395181201295882,189.05600307439707,True,24.611786203985872,-1.4774850933740842,4,3,20160906_flight01
2016-09-06 13:31:45,54.75164101,7.88148599,89.946,-0.19699999999999998,3.137,1014.3639999999999,18.268,1.1902709999999999,7.166,1.4069999999999998,0.067,100,0.3,3.2,1014.3639999999999,0.018765080659146838,290.2317621091367,7.3028217149263615,191.10836639319163,True,24.602427263402852,-1.4124288973298276,4,3,20160906_flight01
2016-09-06 13:31:46,54.751733439999995,7.88048355,90.0,-0.135,3.225,1014.363,18.26,1.190208,7.351,1.473,0.114,100,0.2,3.3,1014.363,0.018845970798904377,290.2238765023818,7.497128116819133,191.3309155460439,True,24.59294762850743,-1.3474306524989386,4,3,20160906_flight01
2016-09-06 13:31:47,54.75182514,7.8794815400000005,90.12100000000001,-0.10800000000000001,3.2190000000000003,1014.3409999999999,18.363,1.1901059999999999,7.358,1.29,0.07200000000000001,100,0.2,3.3,1014.3409999999999,0.01855118266818212,290.32825815572374,7.470225163942516,189.9439999259754,True,24.583398690561197,-1.2824831548513265,4,3,20160906_flight01
2016-09-06 13:31:48,54.75191601,7.87848021,90.26299999999999,-0.04800000000000001,3.2,1014.327,18.362000000000002,1.1901329999999999,7.474,1.371,0.07300000000000001,100,0.1,3.2,1014.327,0.018517511376499707,290.32840826507686,7.598704955451291,190.39454387036022,True,24.573774635726167,-1.2176051631075895,4,3,20160906_flight01
2016-09-06 13:31:49,54.75200609,7.877479060000001,90.43800000000002,-0.12300000000000001,3.2,1014.3109999999999,18.406999999999996,1.1900229999999998,7.244,1.357,0.08,100,0.5,3.2,1014.3109999999999,0.018438376787469624,290.3745355499795,7.370005766619182,190.61010398980676,True,24.564070087158306,-1.1527644593786563,4,3,20160906_flight01
2016-09-06 13:31:50,54.752094889999995,7.87647841,90.551,-0.617,3.1890000000000005,1014.2919999999999,18.378999999999998,1.189987,7.242999999999999,1.1079999999999999,0.064,100,0.7,3.2,1014.2919999999999,0.01854792651394943,290.3482046111721,7.327258218460708,188.69741255789808,True,24.554239130426552,-1.0879970450610505,4,3,20160906_flight01
2016-09-06 13:31:51,54.752182080000004,7.875478,90.6,-0.6639999999999999,3.1,1014.285,18.363,1.1900439999999999,7.492999999999999,1.383,0.138,100,0.7,3.1,1014.285,0.018548012712140682,290.33284247446454,7.619562848352915,190.4575200670772,True,24.544241687170505,-1.0232977861179817,4,3,20160906_flight01
2016-09-06 13:31:52,54.752268050000005,7.87447751,90.6,-0.599,3.1,1014.3,18.410999999999998,1.189992,7.422999999999999,1.079,0.14800000000000002,100,0.7,3.1,1014.3,0.01843989023588999,290.37941997524274,7.501011265156184,188.2705329050933,True,24.534113043994807,-0.9586339933732075,4,3,20160906_flight01
2016-09-06 13:31:53,54.752352259999995,7.873477,90.507,-0.82,3.1,1014.308,18.358,1.190019,7.02,1.0610000000000002,0.09,100,1.0,3.1,1014.308,0.01860997868170866,290.3259798641105,7.0997268257306905,188.5946124506437,True,24.523796966010856,-0.8940272599724279,4,3,20160906_flight01
2016-09-06 13:31:54,54.75243423,7.87247609,90.425,-0.778,3.0189999999999997,1014.3159999999999,18.343999999999998,1.189995,7.664,1.067,0.066,100,1.0,3.1,1014.3159999999999,0.0186874798684169,290.3113817711361,7.737918647801875,187.92590552144088,True,24.513235122409903,-0.8294700058876137,4,3,20160906_flight01
2016-09-06 13:31:55,54.75251475,7.87147514,90.266,-0.488,3.0,1014.337,18.361,1.19009,7.5089999999999995,1.025,0.05800000000000001,100,0.6,3.0,1014.337,0.01856784792870103,290.32659372224833,7.578634837488872,187.77299735750285,True,24.502518405134857,-0.7649583075458404,4,3,20160906_flight01
2016-09-06 13:31:56,54.7525936,7.870473560000001,90.134,-0.21600000000000003,3.07,1014.363,18.36,1.190108,7.497000000000001,0.884,0.047,100,0.4,3.1,1014.363,0.01858204461675239,290.3234694732828,7.548938004779216,186.7249126604581,True,24.491612071964582,-0.7004629980889723,4,3,20160906_flight01
2016-09-06 13:31:57,54.75267103,7.86947176,90.02799999999999,-0.105,3.0610000000000004,1014.375,18.275,1.1901979999999999,7.346,1.008,0.14400000000000002,100,0.2,3.1,1014.375,0.018814141935524775,290.23783346026937,7.414835129657301,187.81319206206723,True,24.480550587397644,-0.63600112922843,4,3,20160906_flight01
2016-09-06 13:31:58,54.75274761,7.86846971,89.858,0.08700000000000001,3.083,1014.391,18.308,1.190256,7.337000000000001,1.046,0.212,100,0.2,3.1,1014.391,0.018665215095856835,290.2693895874514,7.4111864772113245,188.1137024558786,True,24.46939395234608,-0.5715519677335577,4,3,20160906_flight01
2016-09-06 13:31:59,54.752823799999994,7.86746749,89.689,0.349,3.187,1014.41,18.345,1.190264,7.409,1.024,0.195,100,0.4,3.2,1014.41,0.01854814576057784,290.3046835704843,7.479428922050132,187.86901385818211,True,24.458192595272607,-0.5071052202745046,4,3,20160906_flight01
2016-09-06 13:32:00,54.75290002,7.86646524,89.573,0.278,3.1260000000000003,1014.424,18.319000000000003,1.190259,7.459,0.9229999999999999,0.14200000000000002,100,0.4,3.2,1014.424,0.018657341116657733,290.2776439855592,7.515890499468442,187.05409991571253,True,24.44699384886868,-0.4426556255692118,4,3,20160906_flight01
2016-09-06 13:32:01,54.75297611,7.86546292,89.5,0.486,3.1920000000000006,1014.43,18.409,1.190131,7.438,0.8320000000000001,0.07600000000000001,100,0.7,3.2,1014.43,0.018458444303347088,290.3667849343029,7.484388284956894,186.3824614725885,True,24.43577993837789,-0.3782060117292234,4,3,20160906_flight01
2016-09-06 13:32:02,54.753052170000004,7.86446045,89.5,0.742,3.258,1014.43,18.4,1.190003,7.631,0.89,0.08900000000000001,100,0.8,3.3,1014.43,0.018599435173619616,290.3578217362387,7.682724842137716,186.6523262542824,True,24.42455995114856,-0.31374812365462557,4,3,20160906_flight01
2016-09-06 13:32:03,54.75312876,7.86345806,89.54,0.6629999999999999,3.3,1014.427,18.329,1.1900199999999999,7.574,0.902,0.10400000000000001,100,0.7,3.3,1014.427,0.018829983282316887,290.2873575865267,7.627521222520459,186.7914609233489,True,24.413397831857296,-0.24927762369689166,4,3,20160906_flight01
2016-09-06 13:32:04,54.753205660000006,7.86245585,89.652,0.634,3.3,1014.418,18.352999999999998,1.189952,7.394,0.768,0.066,100,0.7,3.3,1014.418,0.018795278635062918,290.31199610621627,7.433778312540669,185.9299339429117,True,24.402272124888903,-0.18480797733891752,4,3,20160906_flight01
2016-09-06 13:32:05,54.75328247,7.861453719999999,89.77799999999999,0.713,3.3,1014.404,18.303,1.1900279999999999,7.303,0.815,0.012000000000000002,100,0.8,3.3,1014.404,0.018890919819096963,290.263346094387,7.3483354577754545,186.36774524299568,True,24.39113839335463,-0.12034625485892736,4,3,20160906_flight01
2016-09-06 13:32:06,54.75335954,7.86045184,89.92800000000001,0.914,3.2880000000000003,1014.3989999999999,18.26,1.190103,7.518,0.8240000000000001,0.07100000000000001,100,1.0,3.3,1014.3989999999999,0.018972023484372214,290.2209307355862,7.563021882819062,186.25485802530716,True,24.38003710814754,-0.0558913671088499,4,3,20160906_flight01
2016-09-06 13:32:07,54.75343736,7.8594503399999995,90.03,0.657,3.259,1014.395,18.323,1.190181,7.289,0.797,0.057,100,0.9,3.3,1014.395,0.018680997212777273,290.2840010419496,7.332443658153808,186.24009379624755,True,24.369022848874927,0.008564883606948293,4,3,20160906_flight01
2016-09-06 13:32:08,54.75351517,7.85844868,90.1,0.551,3.2,1014.3759999999999,18.287,1.1902909999999998,7.431,1.05,0.135,100,0.6,3.2,1014.3759999999999,0.01869359736860332,290.24970274133466,7.504815853836788,188.04264773006986,True,24.358004445868346,0.07303068886110697,4,3,20160906_flight01
2016-09-06 13:32:09,54.75359314,7.8574474,90.175,0.9179999999999999,3.181,1014.388,18.389,1.190047,7.38,0.5539999999999999,-0.10100000000000002,100,1.1,3.2,1014.388,0.01855803265539957,290.3503048436199,7.400764555098345,184.2930134240435,True,24.34701036463874,0.1374783149856187,4,3,20160906_flight01
2016-09-06 13:32:10,54.75367166,7.85644566,90.2,1.034,3.137,1014.385,18.327,1.190158,7.267,0.754,0.042,100,1.2,3.2,1014.385,0.01867666124023204,290.28880317219296,7.306011565827145,185.92362533035111,True,24.336065878701234,0.20197257987870731,4,3,20160906_flight01
2016-09-06 13:32:11,54.753750849999996,7.855443780000001,90.2,1.472,3.137,1014.382,18.4,1.189952,7.314,0.409,-0.182,100,1.6,3.2,1014.382,0.0185948918443104,290.36175118771,7.325426745248362,183.20065532409197,True,24.325189903345574,0.2664976866826949,4,3,20160906_flight01
2016-09-06 13:32:12,54.75383143,7.85444121,90.21799999999999,1.227,3.1,1014.37,18.413999999999998,1.189911,7.097,0.512,-0.12200000000000001,100,1.4,3.1,1014.37,0.018569027784259617,290.3766765763478,7.11544468041176,184.12634972941004,True,24.314448368129483,0.33111146568017613,4,3,20160906_flight01
2016-09-06 13:32:13,54.753912840000005,7.85343824,90.271,0.8710000000000001,3.0589999999999997,1014.3709999999999,18.352,1.1898309999999999,7.358,0.598,0.17800000000000002,100,1.0,3.1,1014.3709999999999,0.018855172708488244,290.31484720247875,7.382260358453906,184.64633549119588,True,24.303787341467455,0.3957774505008418,4,3,20160906_flight01
2016-09-06 13:32:14,54.75399522,7.852435000000001,90.112,0.698,3.1540000000000004,1014.39,18.215999999999998,1.190105,7.207999999999999,1.189,0.20900000000000002,100,0.8,3.2,1014.39,0.019115146729979715,290.17784659107264,7.305407928377442,189.36690884158128,True,24.29322420558333,0.4604922460711487,4,3,20160906_flight01
2016-09-06 13:32:15,54.754077939999995,7.85143185,90.03699999999999,0.503,3.2,1014.3989999999999,18.238,1.190072,7.409,0.912,-0.068,100,0.7,3.2,1014.3989999999999,0.01907550163992311,290.19902050437867,7.464919624483575,187.0174393271531,True,24.282698937333258,0.5252127424477022,4,3,20160906_flight01
2016-09-06 13:32:16,54.75416078,7.85042871,90.154,0.6709999999999999,3.2,1014.3939999999999,18.283,1.190115,7.341,0.868,-0.012000000000000002,100,0.7,3.2,1014.3939999999999,0.018876310198007173,290.2442460449226,7.392138053364534,186.74334496136578,True,24.272186615031565,0.5899365956279441,4,3,20160906_flight01
2016-09-06 13:32:17,54.75424369,7.84942561,90.27799999999999,0.555,3.2,1014.378,18.297,1.190126,7.354,0.721,-0.018000000000000002,100,0.6,3.2,1014.378,0.018801880760391354,290.259498326601,7.389259570484718,185.59949064886098,True,24.261682502443854,0.6546602959217287,4,3,20160906_flight01
2016-09-06 13:32:18,54.75432661,7.848422500000001,90.395,0.358,3.1180000000000003,1014.3530000000001,18.352,1.190067,7.172000000000001,0.725,0.03900000000000001,100,0.5,3.2,1014.3530000000001,0.018635049425094863,290.3163205863653,7.2085511026835345,185.77228226822112,True,24.251179260078345,0.7193849452972225,4,3,20160906_flight01
2016-09-06 13:32:19,54.754409349999996,7.84741931,90.4,0.402,3.128,1014.355,18.381,1.190003,7.235,0.7090000000000001,0.07400000000000001,100,0.5,3.2,1014.355,0.018590507362252984,290.34503890209197,7.269656525586337,185.59687850793858,True,24.240655347155204,0.7841085755578243,4,3,20160906_flight01
2016-09-06 13:32:20,54.75449216,7.846415909999999,90.4,0.41,3.04,1014.3580000000001,18.319000000000003,1.1899769999999998,7.343999999999999,0.868,0.017,100,0.5,3.1,1014.3580000000001,0.01883245075814166,290.28304558296094,7.395117308062124,186.74061567895797,True,24.23013482995995,0.848847499432833,4,3,20160906_flight01
2016-09-06 13:32:21,54.7545752,7.84541237,90.321,0.8690000000000001,3.043,1014.38,18.255,1.1900559999999998,7.29,0.8740000000000001,0.023,100,1.0,3.1,1014.38,0.01901066443651711,290.21750580440875,7.342205118355112,186.836574985688,True,24.219636060925204,0.9136026914529234,4,3,20160906_flight01
2016-09-06 13:32:22,54.7546586,7.844408519999999,90.273,1.077,3.1060000000000003,1014.386,18.29,1.190119,7.232,0.935,0.105,100,1.2,3.2,1014.386,0.018840378649005896,290.25187216671736,7.292190960198451,187.36670757780018,True,24.20916958271038,0.9783889611242271,4,3,20160906_flight01
2016-09-06 13:32:23,54.754742459999996,7.8434045800000005,90.2,1.138,3.1590000000000003,1014.393,18.316000000000003,1.190158,7.285,1.043,0.08700000000000001,100,1.2,3.2,1014.393,0.01872314050273083,290.27719327934744,7.359284883737007,188.14771895055324,True,24.198750259446527,1.0431960277452843,4,3,20160906_flight01
2016-09-06 13:32:24,54.75482733,7.84240075,90.2,1.225,3.135,1014.3919999999999,18.287,1.1901339999999998,7.199,1.145,0.12300000000000001,100,1.3,3.2,1014.3919999999999,0.018844051529730566,290.2483933953237,7.2894873619480265,189.03718935617763,True,24.188440395351684,1.1080297513235768,4,3,20160906_flight01
2016-09-06 13:32:25,54.75491333,7.84139729,90.26799999999999,1.335,3.245,1014.388,18.336,1.1901169999999999,7.4270000000000005,1.526,0.223,100,1.4,3.3,1014.388,0.01868331373844523,290.2975209411001,7.5821504205601205,191.6107766413047,True,24.178257750359535,1.1728780421616802,4,3,20160906_flight01
2016-09-06 13:32:26,54.755000790000004,7.84039462,90.348,1.3519999999999999,3.3,1014.3589999999999,18.276,1.190116,7.172999999999999,1.338,0.09300000000000001,100,1.4,3.3,1014.3589999999999,0.018864771818043247,290.2401387114183,7.296723442751547,190.56611324390542,True,24.16824548378441,1.2377258804628992,4,3,20160906_flight01
2016-09-06 13:32:27,54.755089420000004,7.8393925200000005,90.54299999999999,1.5859999999999999,3.273,1014.335,18.352,1.190008,7.1770000000000005,1.1540000000000001,-0.015,100,1.7,3.3,1014.335,0.018667475957670154,290.3177940038755,7.26918461727311,189.1344844565147,True,24.15836853863037,1.3025772537110312,4,3,20160906_flight01
2016-09-06 13:32:28,54.75517952,7.838391189999999,90.78399999999999,1.725,3.2,1014.302,18.35,1.190017,7.193,1.3019999999999998,-0.042,100,1.8,3.2,1014.302,0.018633620021361263,290.3185034629664,7.309887345233166,190.2599784430307,True,24.148662649556016,1.367429741364231,4,3,20160906_flight01
2016-09-06 13:32:29,54.75527139,7.83739018,91.007,1.742,3.2,1014.2959999999999,18.421999999999997,1.189775,7.119,1.101,0.04,100,1.9,3.2,1014.2959999999999,0.018583194747648246,290.39070292048683,7.203635332247184,188.79151559151887,True,24.139151034855793,1.4323210837823188,4,3,20160906_flight01
2016-09-06 13:32:30,54.755365080000004,7.83639,91.12199999999999,1.63,3.218,1014.288,18.404,1.189837,7.306,1.15,0.04,100,1.8,3.3,1014.288,0.018584966694854987,290.3734308592879,7.395954029062106,188.94524011718667,True,24.129848828974886,1.497221426214078,4,3,20160906_flight01
2016-09-06 13:32:31,54.75546078,7.83539,91.258,1.521,3.115,1014.2539999999999,18.327,1.1899849999999998,7.257999999999999,1.6119999999999999,0.059000000000000004,100,1.7,3.2,1014.2539999999999,0.018693183076416542,290.2995257908356,7.434857631454686,192.5221207218142,True,24.120763708409456,1.5621772227774775,4,3,20160906_flight01
2016-09-06 13:32:32,54.75555799,7.83439025,91.36300000000001,1.459,3.1390000000000002,1014.24,18.326,1.189923,7.29,1.459,-0.052000000000000005,100,1.5,3.2,1014.24,0.018735694354868437,290.2996758606338,7.434566631620164,191.31748948939662,True,24.111843881961498,1.627167587355303,4,3,20160906_flight01
2016-09-06 13:32:33,54.75565651,7.833391209999999,91.514,1.3090000000000002,3.2,1014.2330000000001,18.345,1.1898229999999999,7.462999999999999,1.321,0.052000000000000005,100,1.4,3.2,1014.2330000000001,0.018747875953732507,290.319172241432,7.579011149219929,190.03775885471546,True,24.103076951720155,1.6921574739472875,4,3,20160906_flight01
2016-09-06 13:32:34,54.7557565,7.83239249,91.641,1.1440000000000001,3.176,1014.211,18.401,1.189789,7.273,1.248,-0.018000000000000002,100,1.2,3.2,1014.211,0.01855921109362746,290.3767477745128,7.379297595299975,189.73676186375468,True,24.09447241238226,1.757176278645228,4,3,20160906_flight01
2016-09-06 13:32:35,54.75585661,7.83139408,91.7,0.889,3.1,1014.203,18.421,1.189809,7.0089999999999995,1.189,0.13,100,1.0,3.1,1014.203,0.018464190289105842,290.39732234343523,7.109135109139507,189.6279432910036,True,24.085886595776913,1.8221799043462275,4,3,20160906_flight01
2016-09-06 13:32:36,54.75595762,7.830395660000001,91.68,0.701,2.987,1014.2,18.439,1.1896930000000001,7.228,1.046,0.034,100,0.8,3.1,1014.2,0.018497605396246675,290.4154955742535,7.3032937774678075,188.23439338328214,True,24.077396237019684,1.8872139578825822,4,3,20160906_flight01
2016-09-06 13:32:37,54.756059029999996,7.82939718,91.521,0.47200000000000003,2.8139999999999996,1014.219,18.425,1.18977,7.313,1.379,0.035,100,0.7,2.9,1014.219,0.018499670152229086,290.3999959886344,7.441882154401532,190.67877426494923,True,24.06894723419886,1.9522649674574373,4,3,20160906_flight01
2016-09-06 13:32:38,54.75616076,7.828398,91.275,0.265,2.822,1014.25,18.482,1.189705,6.971,1.196,-0.08800000000000001,100,0.3,2.9,1014.25,0.018387364265792128,290.45422725056784,7.072853525982282,189.73533475754644,True,24.060518761249654,2.017369826336643,4,3,20160906_flight01
2016-09-06 13:32:39,54.7562615,7.827398,91.039,0.48300000000000004,2.8,1014.295,18.423,1.1897199999999999,7.021,0.883,0.014000000000000004,100,0.8,2.8,1014.295,0.0186257853634626,290.391780750511,7.076307653006616,187.1682008338807,True,24.05196928297361,2.0824925587644545,4,3,20160906_flight01
2016-09-06 13:32:40,54.75636246,7.82639692,90.74799999999999,0.742,2.835,1014.312,18.352,1.189855,6.859,1.07,0.007000000000000001,100,0.8,2.9,1014.312,0.018775362242123395,290.3196767529604,6.9419580090922475,188.86664342448478,True,24.043422389485116,2.147689306957772,4,3,20160906_flight01
2016-09-06 13:32:41,54.75646393,7.82539534,90.501,0.45399999999999996,2.8739999999999997,1014.34,18.394,1.189927,6.917000000000001,0.9790000000000001,-0.069,100,0.7,2.9,1014.34,0.01859507923147019,290.3592140368988,6.985938018619977,188.05587004035584,True,24.034920069921938,2.212933840472119,4,3,20160906_flight01
2016-09-06 13:32:42,54.75656527,7.82439301,90.271,0.27699999999999997,2.895,1014.3809999999999,18.4,1.1900789999999999,6.817,1.276,0.085,100,0.4,3.0,1014.3809999999999,0.0184851878285881,290.361833053825,6.935392202319925,190.60189307758367,True,24.02638949222768,2.278220407602859,4,3,20160906_flight01
2016-09-06 13:32:43,54.7566665,7.82339029,90.046,0.01,3.0,1014.3989999999999,18.401,1.190041,6.997999999999999,1.053,-0.032,100,0.1,3.0,1014.3989999999999,0.01853228966152809,290.3613553992344,7.076779846794726,188.55718782628418,True,24.017839714108256,2.343527427832986,4,3,20160906_flight01
2016-09-06 13:32:44,54.75676739000001,7.82238729,89.94300000000001,0.26899999999999996,2.9610000000000003,1014.405,18.375999999999998,1.190029,7.204,1.015,0.04100000000000001,100,0.3,3.0,1014.405,0.01863593112382711,290.33596626573484,7.275152300811303,188.01983904973574,True,24.009248409725487,2.4088404865976587,4,3,20160906_flight01
2016-09-06 13:32:45,54.75686796,7.82138399,89.823,0.262,3.057,1014.42,18.385,1.1900149999999998,7.03,1.123,-0.081,100,0.4,3.1,1014.42,0.018631530439655597,290.3437016466861,7.119131196993071,189.07597220813318,True,24.000617319522995,2.474161482060178,4,3,20160906_flight01
2016-09-06 13:32:46,54.756968109999995,7.82038057,89.885,0.085,3.1,1014.414,18.394,1.1900819999999999,6.919,1.33,-0.032,100,0.2,3.1,1014.414,0.018536714970072588,290.3531560344967,7.045669662991588,190.88091990197174,True,23.991939281749502,2.539475980521014,4,3,20160906_flight01
2016-09-06 13:32:47,54.75706744,7.8193774,90.015,0.17,3.1390000000000002,1014.4119999999999,18.4,1.190026,7.109,1.337,-0.007000000000000001,100,0.2,3.2,1014.4119999999999,0.018561674754829394,290.35929525251953,7.233633250310662,190.6512821734427,True,23.98317890981376,2.604747872281486,4,3,20160906_flight01
2016-09-06 13:32:48,54.75716638,7.818374609999999,90.177,0.222,3.2,1014.3939999999999,18.462,1.189777,6.945,1.2590000000000001,-0.081,100,0.3,3.2,1014.3939999999999,0.018540165719085566,290.4225159046915,7.058194244989295,190.2750779040345,True,23.974384406627145,2.669983367704708,4,3,20160906_flight01
2016-09-06 13:32:49,54.75726494,7.81737213,90.415,0.15200000000000002,3.264,1014.3489999999999,18.4,1.189755,6.853,1.1520000000000001,0.079,100,0.2,3.3,1014.3489999999999,0.01873040855963093,290.36445282430645,6.949151962649831,189.54229497348527,True,23.965555487055788,2.7351871230328104,4,3,20160906_flight01
2016-09-06 13:32:50,54.75736275,7.8163702,90.665,0.064,3.242,1014.3109999999999,18.398,1.189727,6.9670000000000005,1.1260000000000001,0.022000000000000002,100,0.2,3.3,1014.3109999999999,0.01872320747658729,290.36557205117845,7.057404976335141,189.18070386751089,True,23.956657449581726,2.8003320544131984,4,3,20160906_flight01
2016-09-06 13:32:51,54.75746024,7.81536861,90.85,-0.299,3.1340000000000003,1014.298,18.385,1.189762,6.797999999999999,1.338,0.114,100,0.9,3.2,1014.298,0.018725607407236833,290.353689083767,6.92842319723615,191.13477608501606,True,23.94773195009578,2.865445379450283,4,3,20160906_flight01
2016-09-06 13:32:52,54.75755641,7.8143674,90.911,-1.114,3.158,1014.294,18.367,1.1898179999999998,7.131,1.28,0.042,100,1.2,3.2,1014.294,0.01873654176624595,290.3360894833417,7.244967977845037,190.17610960967608,True,23.93867348060339,2.930491504508611,4,3,20160906_flight01
2016-09-06 13:32:53,54.7576504,7.81336627,91.0,-0.765,3.1,1014.2919999999999,18.39,1.1897579999999999,7.192,1.33,0.036000000000000004,100,0.9,3.1,1014.2919999999999,0.018705534769531962,290.35916005728797,7.31394312255708,190.47721255055487,True,23.929384865041683,2.995460480301154,4,3,20160906_flight01
2016-09-06 13:32:54,54.75774217,7.81236526,91.038,-0.6459999999999999,3.1240000000000006,1014.285,18.468999999999998,1.189548,6.812,1.147,-0.12200000000000001,100,0.7,3.2,1014.285,0.018602327357138293,290.4384133454112,6.907890633181739,189.55777190591618,True,23.91986262251814,3.0603485104997343,4,3,20160906_flight01
2016-09-06 13:32:55,54.757831180000004,7.81136402,91.197,-0.46299999999999997,3.1430000000000002,1014.2510000000001,18.43,1.1895310000000001,7.127000000000001,1.34,0.004,100,0.6,3.2,1014.2510000000001,0.018718978892493743,290.4023553674459,7.251877618934286,190.6482905445946,True,23.91004262320726,3.1251593342200907,4,3,20160906_flight01
2016-09-06 13:32:56,54.757919279999996,7.810363,91.288,0.287,3.0,1014.2410000000001,18.401999999999997,1.189527,7.521,1.459,0.193,100,0.5,3.0,1014.2410000000001,0.01881019528347938,290.37528726235394,7.661208912436731,190.9784584389925,True,23.90013014701254,3.189926423821854,4,3,20160906_flight01
2016-09-06 13:32:57,54.75800755,7.80936249,91.2,0.314,3.0,1014.27,18.439,1.189513,7.212000000000001,1.3159999999999998,-0.055999999999999994,100,0.6,3.0,1014.27,0.01872203418865781,290.4097631149698,7.331084503673383,190.34119633132704,True,23.890245558651905,3.2546676333359876,4,3,20160906_flight01
2016-09-06 13:32:58,54.75809482,7.80836153,91.14399999999999,0.428,2.988,1014.278,18.46,1.189645,7.178,1.23,0.018000000000000002,100,0.7,3.0,1014.278,0.018543678914034967,290.4300230343105,7.282622055276519,189.72359060031863,True,23.880246026881785,3.319403524355568,4,3,20160906_flight01
2016-09-06 13:32:59,54.75818184,7.8073603700000005,91.04799999999999,0.8079999999999999,2.859,1014.283,18.436,1.189735,7.412999999999999,1.351,-0.071,100,0.9,2.9,1014.283,0.018555478540826176,290.4057107148825,7.535102520868578,190.3286502810704,True,23.870216074365054,3.3841434920270625,4,3,20160906_flight01
2016-09-06 13:33:00,54.758269819999995,7.80635887,90.87700000000001,0.8810000000000001,2.839,1014.293,18.428,1.189763,7.305,1.396,0.109,100,1.0,2.9,1014.293,0.01856949527748153,290.396924260654,7.437193086104461,190.81889393499358,True,23.860281601928236,3.448936264246707,4,3,20160906_flight01
2016-09-06 13:33:01,54.75835834,7.80535711,90.611,1.0930000000000002,2.9,1014.307,18.457,1.189795,7.189,1.444,0.2,100,1.2,2.9,1014.307,0.01845486479752445,290.4246603241293,7.332588697042812,191.35743758937235,True,23.850399513191306,3.5137629868127602,4,3,20160906_flight01
2016-09-06 13:33:02,54.75844736,7.8043550900000005,90.3,1.12,2.991,1014.355,18.500999999999998,1.189743,6.986000000000001,1.246,0.281,100,1.3,3.0,1014.355,0.018393913285510655,290.4645507367451,7.096246331688325,190.11274911006535,True,23.84056555702314,3.5786223348367745,4,3,20160906_flight01
2016-09-06 13:33:03,54.75853728,7.80335297,89.99799999999999,1.482,2.938,1014.3969999999999,18.495,1.189807,7.489,1.355,0.12300000000000001,100,1.7,3.0,1014.3969999999999,0.01840224971603943,290.4551356238218,7.610594326332208,190.2556909859389,True,23.83082532566931,3.6435176714369693,4,3,20160906_flight01
2016-09-06 13:33:04,54.758629330000005,7.80235077,89.742,1.7890000000000001,2.9,1014.415,18.497,1.1899899999999999,7.571000000000001,1.45,0.08800000000000001,100,1.9,2.9,1014.415,0.018256722403289016,290.4556534295894,7.708601753885072,190.842013981805,True,23.82130992647432,3.708488501193406,4,3,20160906_flight01
2016-09-06 13:33:05,54.7587234,7.80134831,89.539,1.734,3.032,1014.452,18.5,1.189957,7.374,1.3980000000000001,0.076,100,1.8,3.1,1014.452,0.018311627180028767,290.4556112894543,7.5053500917678715,190.7350176385569,True,23.812004202760356,3.773542302144664,4,3,20160906_flight01
2016-09-06 13:33:06,54.75881894,7.8003459699999995,89.5,1.436,3.1,1014.4580000000001,18.508,1.189846,7.202000000000001,1.1640000000000001,-0.019000000000000003,100,1.6,3.1,1014.4580000000001,0.01838471379971396,290.4630871943434,7.295457490795215,189.18085521107952,True,23.80285701876108,3.838637378402698,4,3,20160906_flight01
2016-09-06 13:33:07,54.75891579,7.799343830000001,89.55799999999999,1.321,3.1,1014.437,18.5,1.189786,7.104,1.1640000000000001,0.085,100,1.5,3.1,1014.437,0.018442923079319495,290.4568396042681,7.198729887973295,189.30530484414726,True,23.793852910436087,3.9037634875362555,4,3,20160906_flight01
2016-09-06 13:33:08,54.75901394,7.7983420599999995,89.6,1.0510000000000002,3.198,1014.4259999999999,18.5,1.189814,7.053999999999999,1.298,0.115,100,1.1,3.2,1014.4259999999999,0.01840791279215126,290.4577403833097,7.172427761922736,190.42631133876853,True,23.784994088512406,3.968909794702693,4,3,20160906_flight01
2016-09-06 13:33:09,54.759113500000005,7.797340940000001,89.68799999999999,1.145,3.245,1014.411,18.5,1.189775,7.439,1.3259999999999998,0.226,100,1.3,3.3,1014.411,0.018426236124869044,290.45896873860994,7.556255488004624,190.1068102121625,True,23.77629763526187,4.034062643262817,4,3,20160906_flight01
2016-09-06 13:33:10,54.75921421,7.79634,89.723,0.982,3.26,1014.4119999999999,18.512999999999998,1.18968,7.082999999999999,0.924,0.008,100,1.3,3.3,1014.4119999999999,0.018463168014447362,290.4718337548812,7.143015119681603,187.4324454307395,True,23.76772686804808,4.099242460867044,4,3,20160906_flight01
2016-09-06 13:33:11,54.759315310000005,7.7953399999999995,89.8,0.807,3.1920000000000006,1014.4019999999999,18.512,1.189691,7.186,0.77,0.14400000000000002,100,0.9,3.2,1014.4019999999999,0.018447203223412867,290.4716567880978,7.227136085615103,186.11606661996626,True,23.75921564993567,4.164377117285198,4,3,20160906_flight01
2016-09-06 13:33:12,54.75941672,7.79433905,89.775,0.778,3.048,1014.404,18.507,1.1897659999999999,7.224,1.1360000000000001,0.24,100,0.9,3.1,1014.404,0.018402469206521443,290.4665134064519,7.312774576041573,188.93678213486336,True,23.75071908492412,4.229580738285883,4,3,20160906_flight01
2016-09-06 13:33:13,54.75951877000001,7.793339,89.7,0.376,3.1,1014.413,18.536,1.189678,6.72,1.133,-0.151,100,0.9,3.1,1014.413,0.018385576189391184,290.49465792064905,6.814843285065328,189.57013263254566,True,23.74230786833548,4.294749950089905,4,3,20160906_flight01
2016-09-06 13:33:14,54.75962048,7.7923383699999995,89.73899999999999,0.29,3.034,1014.422,18.496,1.189524,6.956,0.987,-0.0010000000000000002,100,0.7,3.1,1014.422,0.018666149943006083,290.45408428987014,7.025674700696013,188.0758963348383,True,23.733849348697035,4.35994373622851,4,3,20160906_flight01
2016-09-06 13:33:15,54.75972225,7.7913378799999995,89.70299999999999,0.6689999999999999,3.0,1014.4119999999999,18.502,1.189551,7.251,0.778,0.098,100,0.7,3.0,1014.4119999999999,0.01861203122606847,290.4608786794301,7.292618528347688,186.12415253323846,True,23.72539990158566,4.425130859658643,4,3,20160906_flight01
2016-09-06 13:33:16,54.75982450000001,7.79033685,89.56,0.521,3.029,1014.437,18.5,1.1897579999999999,7.1979999999999995,1.2570000000000001,0.084,100,0.7,3.1,1014.437,0.018466891316428535,290.4568396042681,7.306931845857056,189.90577714308205,True,23.716991069814497,4.490367246183951,4,3,20160906_flight01
2016-09-06 13:33:17,54.75992679,7.78933583,89.5,0.5830000000000001,3.045,1014.456,18.5,1.189665,7.246,1.3940000000000001,-0.064,100,0.8,3.1,1014.456,0.018565585170371213,290.4552837427819,7.378872000516068,190.8896328914564,True,23.7085866817309,4.555604339736741,4,3,20160906_flight01
2016-09-06 13:33:18,54.76002946,7.788334760000001,89.51,0.6629999999999999,3.141,1014.456,18.526,1.189446,6.809,1.15,-0.032,100,0.8,3.2,1014.456,0.018662311124852282,290.4811772362752,6.905431268212001,189.58645104762314,True,23.700221716578405,4.620857109023884,4,3,20160906_flight01
2016-09-06 13:33:19,54.760131810000004,7.787333670000001,89.694,0.282,3.2,1014.424,18.516,1.189451,6.506,1.215,-0.07600000000000001,100,0.5,3.2,1014.424,0.018660820903073194,290.47383876395816,6.618478752704431,190.5781755235888,True,23.691822357273708,4.686100514928938,4,3,20160906_flight01
2016-09-06 13:33:20,54.760233879999994,7.786333,89.929,0.40700000000000003,3.2,1014.396,18.486,1.189538,6.893,1.432,0.057,100,0.5,3.2,1014.396,0.01866298057182436,290.4462542310707,7.04017563701361,191.7360876131437,True,23.68340132756024,4.75130869649779,4,3,20160906_flight01
2016-09-06 13:33:21,54.760336669999994,7.7853330000000005,90.118,0.08700000000000001,3.18,1014.395,18.476,1.1894500000000001,6.92,1.273,-0.174,100,0.3,3.2,1014.395,0.01877227383091351,290.4363769126457,7.036116045091923,190.42356610234367,True,23.675069719659554,4.816499329425832,4,3,20160906_flight01
2016-09-06 13:33:22,54.76043905,7.784333,90.417,-0.04100000000000001,3.1,1014.373,18.463,1.18949,7.046,1.294,-0.156,100,0.2,3.1,1014.373,0.018761334491856907,290.4252313812445,7.163836402375476,190.40642701370598,True,23.666694537684684,4.88167638225415,4,3,20160906_flight01
2016-09-06 13:33:23,54.76054043,7.783333,90.671,-0.17300000000000001,3.218,1014.3309999999999,18.489,1.1894330000000002,6.805,1.47,-0.14,100,0.4,3.3,1014.3309999999999,0.01867714734242676,290.4545650357536,6.961962726128315,192.18959851947972,True,23.658213077476653,4.946820312886808,4,3,20160906_flight01
2016-09-06 13:33:24,54.76063970999999,7.78233349,90.99799999999999,-0.162,3.22,1014.302,18.499000000000002,1.189332,7.066,1.401,-0.16400000000000003,100,0.3,3.3,1014.302,0.01869959816834288,290.46689954192345,7.203551693435676,191.21478016841473,True,23.649517868395463,5.0118644117680295,4,3,20160906_flight01
2016-09-06 13:33:25,54.760738769999996,7.781334510000001,91.273,-0.317,3.2,1014.286,18.5,1.189288,7.406000000000001,1.3530000000000002,0.17300000000000001,100,0.4,3.2,1014.286,0.018717723999860603,290.4692059412424,7.528575230413787,190.35317607220446,True,23.64080948375645,5.076868477185296,4,3,20160906_flight01
2016-09-06 13:33:26,54.760836579999996,7.78033602,91.39900000000002,-0.311,3.218,1014.258,18.496,1.1893500000000001,7.069,1.6669999999999998,0.09,100,0.4,3.3,1014.258,0.01865046893080291,290.46751546027116,7.262895428133328,193.26897785711841,True,23.6319776867413,5.141800864717197,4,3,20160906_flight01
2016-09-06 13:33:27,54.76093265,7.779337890000001,91.529,-0.35100000000000003,3.202,1014.219,18.5,1.18921,7.169,1.475,0.018,100,0.5,3.3,1014.219,0.018717244295088253,290.47469374975634,7.319165662833435,191.62619213932913,True,23.62296789774424,5.206653376668515,4,3,20160906_flight01
2016-09-06 13:33:28,54.76102742,7.778340040000001,91.67399999999999,0.037000000000000005,2.967,1014.201,18.5,1.189162,7.122999999999999,1.5430000000000001,-0.05,100,0.4,3.1,1014.201,0.018740283804615787,290.4761681658227,7.288208147411817,192.2226896741197,True,23.613825338710065,5.271445529685065,4,3,20160906_flight01
2016-09-06 13:33:29,54.76112163,7.777342149999999,91.655,0.436,3.025,1014.21,18.5,1.189264,7.178,1.5590000000000002,0.166,100,0.5,3.1,1014.21,0.01866194867490578,290.4754309535831,7.345349889555976,192.25383745837283,True,23.604622493628455,5.336221605712566,4,3,20160906_flight01
2016-09-06 13:33:30,54.76121564,7.77634432,91.524,0.353,3.0,1014.232,18.5,1.189203,6.98,1.659,0.017000000000000005,100,0.4,3.0,1014.232,0.018736298499797188,290.47362891463655,7.174446389792038,193.369930894222,True,23.59539954825786,5.40098735014088,4,3,20160906_flight01
2016-09-06 13:33:31,54.761309250000004,7.77534654,91.445,0.488,2.935,1014.247,18.484,1.189271,7.077000000000001,1.9380000000000002,0.22,100,0.7,3.0,1014.247,0.018749003921488594,290.45646488398677,7.337559062794658,195.31470119694123,True,23.58613505439135,5.465736756390822,4,3,20160906_flight01
2016-09-06 13:33:32,54.76140298999999,7.77434897,91.23700000000001,0.563,3.111,1014.278,18.532,1.1891040000000002,6.626,1.734,0.504,100,0.9,3.2,1014.278,0.018755544085427234,290.5017316919645,6.8491336678444235,194.66521783439043,True,23.576888420442813,5.530477493465303,4,3,20160906_flight01
2016-09-06 13:33:33,54.7614963,7.7733519,90.93800000000002,-0.068,3.233,1014.31,18.527,1.189175,6.6770000000000005,1.432,0.285,100,0.2,3.3,1014.31,0.018744321638721306,290.49413077647614,6.828832477078348,192.10471911438304,True,23.56760571482973,5.595173094995072,4,3,20160906_flight01
2016-09-06 13:33:34,54.76158841,7.772355149999999,90.8,0.016999999999999998,3.07,1014.315,18.524,1.189315,6.4910000000000005,1.742,0.012,100,0.3,3.2,1014.315,0.018639898670688826,290.49073340220673,6.720687836821467,195.02257808957972,True,23.558201637241517,5.659809178369732,4,3,20160906_flight01
2016-09-06 13:33:35,54.7616797,7.7713584,90.772,0.634,2.957,1014.325,18.5,1.189297,6.872000000000001,1.745,0.09300000000000001,100,1.0,3.0,1014.325,0.018749184964246712,290.4660117598942,7.0900923125161075,194.24791917806795,True,23.54871041150274,5.724418101544027,4,3,20160906_flight01
2016-09-06 13:33:36,54.76177207,7.770361739999999,90.615,1.347,2.988,1014.3559999999999,18.5,1.189208,7.167000000000001,1.449,0.11900000000000001,100,1.5,3.0,1014.3559999999999,0.01885656541632197,290.4634729078956,7.312009983581807,191.4297979466666,True,23.53933569928933,5.789057235949041,4,3,20160906_flight01
2016-09-06 13:33:37,54.76186586,7.7693650000000005,90.44200000000001,1.61,2.969,1014.383,18.51,1.189206,7.272,1.569,0.21,100,1.8,3.0,1014.383,0.018850464752524276,290.47122097193164,7.439337672131842,192.1754439403233,True,23.53011036168992,5.853748346751534,4,3,20160906_flight01
2016-09-06 13:33:38,54.76196088,7.7683680200000005,90.204,1.5,3.0269999999999997,1014.3989999999999,18.553,1.189164,7.165,1.349,-0.055,100,1.8,3.1,1014.3989999999999,0.018752323861409126,290.5127351784863,7.290886503025541,190.66261974084688,True,23.521011124887863,5.918495026494723,4,3,20160906_flight01
2016-09-06 13:33:39,54.762057240000004,7.76737077,90.112,1.401,2.9530000000000003,1014.41,18.522000000000002,1.189284,7.057,1.672,-0.45299999999999996,100,1.6,3.0,1014.41,0.018768843865399676,290.4809607930506,7.252367406578352,193.3291842907873,True,23.512049101812003,5.9833027722006396,4,3,20160906_flight01
2016-09-06 13:33:40,54.76215495,7.7663731600000006,90.20700000000001,1.899,2.887,1014.3919999999999,18.475,1.189359,7.462000000000001,1.8019999999999998,-0.07400000000000001,100,2.3,3.0,1014.3919999999999,0.01885070244667353,290.43562664970915,7.6764997231811325,193.576438868347,True,23.50322362220723,6.048177475830741,4,3,20160906_flight01
2016-09-06 13:33:41,54.76225577,7.76537592,90.333,1.985,3.097,1014.39,18.499000000000002,1.189338,7.187,2.229,-0.125,100,2.2,3.3,1014.39,0.01878284009502007,290.4596925531453,7.524719928342849,197.2309272710341,True,23.494735792604402,6.113132328667319,4,3,20160906_flight01
2016-09-06 13:33:42,54.762358590000005,7.76437918,90.59,1.814,3.218,1014.36,18.590000000000003,1.189121,7.229,1.624,-0.031,100,1.9,3.3,1014.36,0.018620791117501145,290.5527790709852,7.409171141227607,192.66133368697155,True,23.486470147439306,6.178122532893301,4,3,20160906_flight01
2016-09-06 13:33:43,54.762463340000004,7.763383119999999,90.81200000000001,1.084,3.103,1014.315,18.553,1.188981,7.382999999999999,1.525,0.099,100,1.5,3.2,1014.315,0.018824749929853057,290.5196157546573,7.538853626381135,191.6706347493948,True,23.478422713305626,6.243134648474337,4,3,20160906_flight01
2016-09-06 13:33:44,54.762569510000006,7.762387670000001,90.9,0.45,3.161,1014.312,18.584,1.188946,7.351,1.557,-0.0059999999999999975,100,0.8,3.3,1014.312,0.01874346411089034,290.55073576801584,7.514083443774098,191.9589537920209,True,23.470537940389605,6.308156108111186,4,3,20160906_flight01
2016-09-06 13:33:45,54.762675419999994,7.7613923,91.024,0.27599999999999997,3.01,1014.3009999999999,18.563000000000002,1.1890740000000002,7.5889999999999995,1.673,-0.337,100,0.3,3.3,1014.3009999999999,0.01869608196676409,290.5307220597894,7.771219338044705,192.43204465236002,True,23.462627075607493,6.3731640130967255,4,3,20160906_flight01
2016-09-06 13:33:46,54.76278076,7.760396849999999,91.286,0.166,2.883,1014.288,18.545,1.189148,7.32,1.869,-0.312,100,0.3,2.9,1014.288,0.018682490851116285,290.5138599178882,7.554836927426032,194.32318901598728,True,23.45465409175919,6.438157981311681,4,3,20160906_flight01
2016-09-06 13:33:47,54.76288538,7.75940109,91.477,0.071,2.98,1014.24,18.537,1.188989,7.724,1.577,0.14,100,0.3,3.0,1014.24,0.01879844332350955,290.5098243174761,7.8833435165543815,191.539416544331,True,23.446598618239953,6.503147255206655,4,3,20160906_flight01
2016-09-06 13:33:48,54.7629897,7.7584053200000005,91.5,0.301,2.957,1014.2589999999999,18.56,1.188883,7.858,1.422,-0.005000000000000002,100,0.6,3.0,1014.2589999999999,0.01882802952923268,290.5311749249507,7.98562758961373,190.2573577620493,True,23.438511068691305,6.5681272103029515,4,3,20160906_flight01
2016-09-06 13:33:49,54.763094110000004,7.7574095,91.391,0.7120000000000001,2.9,1014.273,18.504,1.189017,7.749,1.775,0.054000000000000006,100,0.8,2.9,1014.273,0.018922875122129312,290.47425452338825,7.949693453209375,192.90170071040575,True,23.430432121386907,6.633113235697281,4,3,20160906_flight01
2016-09-06 13:33:50,54.76319871,7.756413579999999,91.25,0.738,2.9530000000000003,1014.295,18.537,1.1890770000000002,7.4639999999999995,1.781,-0.005000000000000001,100,0.8,3.0,1014.295,0.018778288231226403,290.50531891421457,7.673542662942586,193.42051457106157,True,23.422371441350514,6.698111732908504,4,3,20160906_flight01
2016-09-06 13:33:51,54.7633036,7.75541757,91.163,0.284,2.968,1014.295,18.539,1.188969,7.497000000000001,1.651,0.034,100,0.4,3.0,1014.295,0.018863842949897736,290.5073108118234,7.6766405412784575,192.41951882390362,True,23.41433984896716,6.76312539629687,4,3,20160906_flight01
2016-09-06 13:33:52,54.76340851,7.75442143,91.061,0.065,2.9,1014.3009999999999,18.552,1.188974,7.683,1.557,0.084,100,0.1,2.9,1014.3009999999999,0.018820178522648057,290.51976664147537,7.8391796764712565,191.45613873904057,True,23.406307878874706,6.828147754309288,4,3,20160906_flight01
2016-09-06 13:33:53,54.763513540000005,7.75342506,90.85700000000001,0.325,2.912,1014.3209999999999,18.543,1.1890560000000001,7.992999999999999,1.6909999999999998,0.064,100,0.5,3.0,1014.3209999999999,0.018801439588651325,290.5091648455995,8.169916156240527,191.94536470129196,True,23.398284233303237,6.893188297766064,4,3,20160906_flight01
2016-09-06 13:33:54,54.76361848,7.7524283700000005,90.7,0.231,2.864,1014.337,18.588,1.1889720000000001,7.667000000000001,1.3769999999999998,-0.11599999999999999,100,0.4,2.9,1014.337,0.01873232731827934,290.5526714235185,7.789673805750791,190.1818223410914,True,23.39024486078622,6.958245631745508,4,3,20160906_flight01
2016-09-06 13:33:55,54.76372229,7.75143098,90.582,-0.6,2.8789999999999996,1014.352,18.545,1.189042,7.84,1.4340000000000002,-0.012000000000000002,100,0.7,2.9,1014.352,0.018837586759921532,290.5086174719987,7.970066248156285,190.36528774537905,True,23.38207191470459,7.023308787846286,4,3,20160906_flight01
2016-09-06 13:33:56,54.76382474,7.75043312,90.411,-0.307,2.8489999999999998,1014.388,18.544,1.189131,7.688,1.7109999999999999,-0.027000000000000003,100,0.6,2.9,1014.388,0.018800981480107337,290.504672860423,7.876094527111771,192.54695576441262,True,23.373745379932423,7.08835593718268,4,3,20160906_flight01
2016-09-06 13:33:57,54.7639255,7.74943484,90.285,-0.386,3.012,1014.3969999999999,18.534000000000002,1.189175,7.962000000000001,1.5819999999999999,0.031,100,0.6,3.1,1014.3969999999999,0.018807251474202813,290.4939765101367,8.117645471440595,191.2379528893834,True,23.365231147450658,7.153373060130179,4,3,20160906_flight01
2016-09-06 13:33:58,54.764025499999995,7.74843654,90.289,0.17,3.035,1014.3969999999999,18.574,1.189123,7.651,1.925,-0.41200000000000003,100,0.3,3.1,1014.3969999999999,0.018712102830306332,290.53381331661365,7.889450297707692,194.12255079593115,True,23.35663575839304,7.218366245929109,4,3,20160906_flight01
2016-09-06 13:33:59,54.76412507,7.7474383,90.575,0.456,3.065,1014.368,18.578000000000003,1.189024,7.72,1.625,-0.131,100,0.7,3.2,1014.368,0.01875382787306501,290.54017256105493,7.889171376006481,191.8867878287815,True,23.34799582505328,7.283341482024178,4,3,20160906_flight01
2016-09-06 13:34:00,54.76422388,7.74644014,90.82799999999999,1.016,3.196,1014.32,18.491,1.1892530000000001,7.776999999999999,2.045,-0.037000000000000005,100,1.3,3.2,1014.32,0.01881329413117583,290.4574577854424,8.04137761829402,194.73268306481253,True,23.339276660733177,7.34828660237065,4,3,20160906_flight01
2016-09-06 13:34:01,54.76432379,7.745443030000001,91.104,1.2919999999999998,3.188,1014.295,18.5,1.189106,7.981,2.0069999999999997,0.057,100,1.4,3.2,1014.295,0.018882685731629323,290.4684688084511,8.229484187967069,194.11560746883555,True,23.330694621212032,7.413203281829003,4,3,20160906_flight01
2016-09-06 13:34:02,54.764425270000004,7.744446819999999,91.333,1.1079999999999999,3.117,1014.278,18.573,1.189084,7.71,1.99,-0.03900000000000001,100,1.3,3.2,1014.278,0.01862949654088042,290.5425657886841,7.962675429778612,194.47254161034257,True,23.322296768868547,7.478116355732129,4,3,20160906_flight01
2016-09-06 13:34:03,54.764527029999996,7.7434511299999995,91.5,0.8860000000000001,3.1719999999999997,1014.242,18.57,1.189046,7.74,1.844,0.16699999999999998,100,1.1,3.2,1014.242,0.018636370078521258,290.542527280854,7.956628431691404,193.40050368469755,True,23.313938687521343,7.543006575128158,4,3,20160906_flight01
2016-09-06 13:34:04,54.76462956,7.74245624,91.62799999999999,1.1580000000000001,3.029,1014.222,18.46,1.189264,8.355,2.426,-0.09300000000000001,100,1.3,3.2,1014.222,0.018813732360561497,290.4346092447876,8.700086263940145,196.19145043812117,True,23.3056778451721,7.607872869813002,4,3,20160906_flight01
2016-09-06 13:34:05,54.76473386,7.74146212,91.7,0.745,2.9,1014.206,18.492,1.189058,8.211,2.201,0.078,100,1.2,2.9,1014.206,0.018862357456634005,290.4677908120333,8.500877719388747,195.00565865009986,True,23.297619942371753,7.672750215561323,4,3,20160906_flight01
2016-09-06 13:34:06,54.76483829,7.74046826,91.645,0.625,2.943,1014.206,18.447,1.189214,8.54,2.541,0.129,100,0.8,3.0,1014.206,0.01888591686577601,290.42297199105917,8.910010157121034,196.56989887577126,True,23.289580862288275,7.737615802834439,4,3,20160906_flight01
2016-09-06 13:34:07,54.76494273,7.73947498,91.62899999999999,0.732,3.0260000000000002,1014.212,18.500999999999998,1.189301,8.537,2.544,-0.046000000000000006,100,0.8,3.1,1014.212,0.01862877345272218,290.4762631018977,8.907991075433339,196.59389631399358,True,23.281554013436654,7.8024458854481535,4,3,20160906_flight01
2016-09-06 13:34:08,54.76504763,7.738482340000001,91.78,0.653,3.1,1014.2,18.532,1.18933,8.698,2.491,-0.049,100,0.8,3.1,1014.2,0.018483627702590377,290.5081212943197,9.047667378943592,195.98106005736673,True,23.273588376377567,7.8672516612298695,4,3,20160906_flight01
2016-09-06 13:34:09,54.76515227,7.73749044,91.973,0.6739999999999999,3.0690000000000004,1014.186,18.58,1.189363,8.304,2.676,0.165,100,0.7,3.1,1014.186,0.018273740216446566,290.557075224918,8.724528182085264,197.86176092972738,True,23.265609356379933,7.932003103599327,4,3,20160906_flight01
2016-09-06 13:34:10,54.7652567,7.73649941,92.097,0.703,2.903,1014.171,18.597,1.189298,8.49,2.77,0.065,100,0.8,3.0,1014.171,0.018254994924459922,290.5752360127971,8.930453515919558,198.06975404069323,True,23.25762477062748,7.996693836485455,4,3,20160906_flight01
2016-09-06 13:34:11,54.76536203,7.73550896,91.973,1.2289999999999999,2.752,1014.183,18.613000000000003,1.1892310000000001,8.376,2.725,0.094,100,1.4,2.8,1014.183,0.01826856739825944,290.59018838483854,8.808121309337196,198.02148342338592,True,23.249747003732814,8.061378543465832,4,3,20160906_flight01
2016-09-06 13:34:12,54.76546843,7.73451868,91.725,1.3430000000000002,2.742,1014.2,18.57,1.18922,8.434,2.519,0.03,100,1.4,2.8,1014.2,0.018445153118368474,290.5459683627339,8.802142750489791,196.62941470606336,True,23.241986228057712,8.12608818757479,4,3,20160906_flight01
2016-09-06 13:34:13,54.765575680000005,7.733528209999999,91.435,1.0490000000000002,2.7,1014.227,18.62,1.1891559999999999,8.112,2.371,0.057,100,1.3,2.7,1014.227,0.018352537183838002,290.59355461270525,8.451401363087662,196.2927460283408,True,23.234312130250416,8.190837724890457,4,3,20160906_flight01
2016-09-06 13:34:14,54.76568357,7.73253744,91.081,1.172,2.687,1014.2919999999999,18.583,1.1893420000000001,8.356,2.8569999999999998,0.314,100,1.4,2.7,1014.2919999999999,0.018387676242814566,290.55137833913966,8.830922092284586,198.87607144417416,True,23.226700273726188,8.255626996211426,4,3,20160906_flight01
2016-09-06 13:34:15,54.76579288,7.73154671,90.697,1.116,2.775,1014.3109999999999,18.512,1.189338,8.679,2.8480000000000003,0.17,100,1.2,2.8,1014.3109999999999,0.018658092186946806,290.4791097026589,9.134338782856698,198.16716713984724,True,23.219240102529568,8.320460829609722,4,3,20160906_flight01
2016-09-06 13:34:16,54.76590378,7.730556249999999,90.433,1.351,2.8680000000000003,1014.347,18.616,1.1892660000000002,8.54,2.653,-0.063,100,1.4,2.9,1014.347,0.01839278421683499,290.57973835110056,8.942595204972658,197.2577068160664,True,23.211954112827883,8.385330645078007,4,3,20160906_flight01
2016-09-06 13:34:17,54.76601577,7.72956586,90.4,1.398,2.96,1014.362,18.575,1.1892530000000001,8.577,2.377,0.07400000000000001,100,1.5,3.0,1014.362,0.01856210848128259,290.5376762779473,8.900284152767258,195.48999631950153,True,23.20478531431508,8.450232238718819,4,3,20160906_flight01
2016-09-06 13:34:18,54.76612893000001,7.72857564,90.388,1.41,2.8909999999999996,1014.3609999999999,18.584,1.189256,8.293,2.387,-0.10300000000000001,100,1.5,3.0,1014.3609999999999,0.018527112381018895,290.5467215677142,8.629693969081405,196.0575705427978,True,23.197744134845138,8.515162081707889,4,3,20160906_flight01
2016-09-06 13:34:19,54.76624364,7.7275857,90.391,1.452,2.887,1014.352,18.544,1.18923,8.254,2.764,0.07600000000000001,100,1.5,2.9,1014.352,0.01868001560496535,290.5076215392008,8.704493781949642,198.51404633939222,True,23.190873078298466,8.580125964018485,4,3,20160906_flight01
2016-09-06 13:34:20,54.766360160000005,7.72659627,90.3,1.4909999999999999,2.944,1014.362,18.547,1.189084,8.254,2.509,0.066,100,1.5,3.0,1014.362,0.018804658541529573,290.5097902382326,8.626911208538083,196.90789926415897,True,23.184204205886296,8.645118286641726,4,3,20160906_flight01
2016-09-06 13:34:21,54.766478299999996,7.72560729,90.3,1.781,2.887,1014.373,18.538,1.189078,8.481,2.439,-0.051000000000000004,100,2.0,3.0,1014.373,0.018852283189010777,290.49992589881947,8.824742602478556,196.04438921087066,True,23.177716169384524,8.710136463519703,4,3,20160906_flight01
2016-09-06 13:34:22,54.766598519999995,7.7246185800000005,90.21700000000001,1.564,2.867,1014.375,18.519000000000002,1.189136,8.203,2.595,0.019,100,1.9,2.9,1014.375,0.01887096480683681,290.48083948708353,8.603675609877444,197.55464624587648,True,23.171454390711872,8.775206852343466,4,3,20160906_flight01
2016-09-06 13:34:23,54.76672034,7.72363019,90.13600000000001,1.176,2.9,1014.3809999999999,18.480999999999998,1.189239,8.57,2.59,0.016999999999999998,100,1.4,2.9,1014.3809999999999,0.018921496308320185,290.4425029508491,8.952820784534895,196.81571136904782,True,23.165368819113894,8.840310465159092,4,3,20160906_flight01
2016-09-06 13:34:24,54.766843769999994,7.72264218,90.01100000000001,0.496,2.816,1014.3939999999999,18.509,1.189276,8.632,2.589,0.135,100,0.9,2.9,1014.3939999999999,0.018805036807687525,290.46932419189346,9.011900188084642,196.6955904382874,True,23.15946167272839,8.9054439260278,4,3,20160906_flight01
2016-09-06 13:34:25,54.76696707,7.72165426,89.845,-0.322,2.938,1014.401,18.587,1.189263,8.091000000000001,2.3480000000000003,-0.08,100,1.2,3.0,1014.401,0.01855080727638514,290.54643261149266,8.424807712939211,196.1826750948143,True,23.153542443209105,8.970567520271285,4,3,20160906_flight01
2016-09-06 13:34:26,54.767088439999995,7.7206660099999995,89.8,-1.078,2.844,1014.401,18.555,1.189195,7.996,2.263,-0.07200000000000001,100,1.2,3.0,1014.401,0.018720790857162717,290.5145632022523,8.31006528253539,195.80238878100826,True,23.14741174223846,9.035647578058395,4,3,20160906_flight01
2016-09-06 13:34:27,54.7672076,7.71967732,89.74,-0.873,2.8,1014.405,18.542,1.1891850000000002,8.514,2.2969999999999997,-0.027000000000000003,100,1.1,2.8,1014.405,0.018778776929025742,290.50128863972594,8.818412839054428,195.09840976599884,True,23.141037693759415,9.100681621635278,4,3,20160906_flight01
2016-09-06 13:34:28,54.767325650000004,7.71868832,89.556,-0.7189999999999999,2.898,1014.425,18.496,1.189337,8.612,2.3819999999999997,0.086,100,0.9,3.0,1014.425,0.018829328312358173,290.45383862373666,8.935349349633734,195.460954752906,True,23.134539707099307,9.16569805323618,4,3,20160906_flight01
2016-09-06 13:34:29,54.7674417,7.71769905,89.419,-0.883,3.073,1014.438,18.592,1.189424,8.084,2.286,0.0030000000000000005,100,0.9,3.2,1014.438,0.018432628307897714,290.54838131166935,8.401003035352385,195.7898845202215,True,23.127823964868597,9.230664922666907,4,3,20160906_flight01
2016-09-06 13:34:30,54.76755468,7.7167096100000006,89.47200000000001,-0.735,3.1240000000000006,1014.434,18.521,1.189441,8.354,2.102,0.10099999999999999,100,0.9,3.2,1014.434,0.018661964134813358,290.4779993752649,8.614390286027211,194.12335337585552,True,23.12077867495578,9.29554061057884,4,3,20160906_flight01
2016-09-06 13:34:31,54.76766601,7.71572043,89.53299999999999,-0.469,3.053,1014.4169999999999,18.591,1.189346,8.324,2.178,-0.07,100,0.7,3.1,1014.4169999999999,0.018481826382602762,290.54910561738933,8.604223381572563,194.66289611549433,True,23.113563032505688,9.36034558250768,4,3,20160906_flight01
2016-09-06 13:34:32,54.76777611000001,7.71473128,89.6,0.034,3.003,1014.406,18.533,1.189284,8.227,2.2359999999999998,0.003999999999999999,100,0.3,3.1,1014.406,0.01872640684146054,290.4922434775165,8.52544573614776,195.2050169591423,True,23.106217245510024,9.425107960556662,4,3,20160906_flight01
2016-09-06 13:34:33,54.76788542,7.713742180000001,89.611,0.10100000000000002,3.0180000000000002,1014.404,18.507,1.189283,8.492,2.443,0.067,100,0.2,3.1,1014.404,0.01881607000013119,290.4665134064519,8.836419693518412,196.0496023180153,True,23.098788461506864,9.489841082770642,4,3,20160906_flight01
2016-09-06 13:34:34,54.76799417,7.712753350000001,89.631,-0.199,3.054,1014.4019999999999,18.542,1.189254,8.187000000000001,2.228,0.04800000000000001,100,0.3,3.1,1014.4019999999999,0.01871665506715403,290.501534350837,8.484748257903709,195.22372895093218,True,23.091305360800725,9.554538974334996,4,3,20160906_flight01
2016-09-06 13:34:35,54.76810158,7.7117646,89.6,-0.19400000000000003,3.1,1014.398,18.528,1.189483,8.591000000000001,2.555,0.228,100,0.2,3.1,1014.398,0.01856540176196586,290.4879190887696,8.962884915025967,196.56270205238846,True,23.083681387739134,9.61918753927737,4,3,20160906_flight01
2016-09-06 13:34:36,54.76820834,7.71077647,89.635,0.032,3.0940000000000003,1014.4,18.546000000000003,1.189424,8.547,2.3569999999999998,0.05800000000000001,100,0.2,3.2,1014.4,0.018555077878545934,290.50568183604173,8.866039589354427,195.41722052739823,True,23.07600027251449,9.68377626747139,4,3,20160906_flight01
2016-09-06 13:34:37,54.768314090000004,7.70978864,89.7,-0.055,3.092,1014.401,18.584,1.1893909999999999,8.338000000000001,2.3779999999999997,0.137,100,0.2,3.1,1014.401,0.018451665750754742,290.5434448543764,8.670474496819653,195.91816493143563,True,23.06821759305999,9.748313006447447,4,3,20160906_flight01
2016-09-06 13:34:38,54.7684184,7.708800989999999,89.7,0.0030000000000000005,3.0239999999999996,1014.4,18.583000000000002,1.189349,8.332,2.242,0.083,100,0.2,3.1,1014.4,0.018490117910193726,290.5425308508652,8.628371109311422,195.0605963827095,True,23.060285339021462,9.812790927981744,4,3,20160906_flight01
2016-09-06 13:34:39,54.76852187,7.7078133200000005,89.681,0.14300000000000002,2.957,1014.4,18.610000000000003,1.1891500000000002,8.027000000000001,2.092,-0.044000000000000004,100,0.3,3.0,1014.4,0.018566289892065102,290.5694206724931,8.295130680103842,194.60750701744502,True,23.052263426149374,9.877242262591992,4,3,20160906_flight01
2016-09-06 13:34:40,54.768624849999995,7.7068253900000006,89.573,-0.141,2.9,1014.404,18.507,1.189301,8.21,2.03,-0.107,100,0.5,2.9,1014.404,0.01880065027942135,290.4665134064519,8.457245414436075,193.88836251852274,True,23.044184430396783,9.941693431687103,4,3,20160906_flight01
2016-09-06 13:34:41,54.76872723,7.70583699,89.465,-0.524,2.823,1014.414,18.532,1.18928,7.952000000000001,2.045,0.038,100,0.6,2.9,1014.414,0.018741359936359725,290.49059235811427,8.210744728707622,194.42212478462284,True,23.03603261741128,10.006153766886726,4,3,20160906_flight01
2016-09-06 13:34:42,54.7688285,7.70484813,89.262,-0.6409999999999999,2.9189999999999996,1014.448,18.484,1.18938,8.01,2.267,0.156,100,0.8,3.0,1014.448,0.018857514983829038,290.4400043443145,8.324625457040094,195.80263890792924,True,23.027753977851134,10.070605758010217,4,3,20160906_flight01
2016-09-06 13:34:43,54.76892804,7.70385896,89.10799999999999,-0.93,2.9589999999999996,1014.48,18.596,1.189395,7.837999999999999,2.2840000000000003,0.004,100,1.1,3.0,1014.48,0.018485662096762834,290.5489245959484,8.164000244977949,196.2461685058703,True,23.01928550760671,10.135019601396895,4,3,20160906_flight01
2016-09-06 13:34:44,54.769025570000004,7.70286966,89.04199999999999,-0.752,3.0,1014.4789999999999,18.546000000000003,1.189376,8.134,2.417,0.07800000000000001,100,1.1,3.0,1014.4789999999999,0.018675510800647777,290.49921165000825,8.485507940011605,196.54919975475443,True,23.010600914843437,10.19937490135148,4,3,20160906_flight01
2016-09-06 13:34:45,54.7691217,7.70188041,89.0,-0.68,3.06,1014.492,18.509,1.189322,8.106,2.353,0.10300000000000001,100,0.7,3.1,1014.492,0.018864054318054935,290.46129893886456,8.440606909458584,196.18689308579155,True,23.00176849535184,10.263680740932266,4,3,20160906_flight01
2016-09-06 13:34:46,54.76921599,7.700891390000001,89.0,-0.337,3.0810000000000004,1014.4860000000001,18.535,1.189329,7.937,2.408,0.012000000000000004,100,0.5,3.1,1014.4860000000001,0.01876121412404408,290.4876835267328,8.294240953818498,196.8772301811959,True,22.992744952781855,10.32791142489329,4,3,20160906_flight01
2016-09-06 13:34:47,54.769308689999995,7.69990253,89.051,-0.22699999999999998,3.0580000000000003,1014.4780000000001,18.528,1.189359,7.85,2.4530000000000003,0.022000000000000002,100,0.3,3.1,1014.4780000000001,0.018751932225359758,290.4813673935053,8.224336386602873,197.3531934495278,True,22.98355550877428,10.392079558803363,4,3,20160906_flight01
2016-09-06 13:34:48,54.769400450000006,7.69891405,89.12799999999999,0.10100000000000002,3.156,1014.4580000000001,18.534000000000002,1.1893099999999999,8.538,2.551,0.198,100,0.2,3.2,1014.4580000000001,0.0187528636979013,290.48898067323665,8.91095084713186,196.63519428841283,True,22.97427348049026,10.456193079169399,4,3,20160906_flight01
2016-09-06 13:34:49,54.76949262,7.69792624,89.2,-0.11599999999999999,3.1010000000000004,1014.441,18.613000000000003,1.1893,8.067,2.46,-0.048999999999999995,100,0.4,3.2,1014.441,0.018468514490530552,290.5690496336125,8.433747032013706,196.95887920897084,True,22.965047927764388,10.520278783013293,4,3,20160906_flight01
2016-09-06 13:34:50,54.76958339,7.69693864,89.385,-0.306,3.0469999999999997,1014.418,18.525,1.189329,8.302,2.637,-0.11800000000000001,100,0.5,3.2,1014.418,0.018727853177425535,290.4832933598646,8.710738946840273,197.62163345908087,True,22.955677629263292,10.584305140723469,4,3,20160906_flight01
2016-09-06 13:34:51,54.76967282,7.69595139,89.586,-0.07400000000000001,3.054,1014.4,18.555,1.1891559999999999,8.384,2.408,-0.07800000000000001,100,0.2,3.1,1014.4,0.01875319690960553,290.5146451099177,8.722953628215617,196.02479287386623,True,22.946171657512544,10.64826548959093,4,3,20160906_flight01
2016-09-06 13:34:52,54.769761859999996,7.69496437,89.727,0.291,3.049,1014.396,18.533,1.189214,8.305,2.424,-0.035,100,0.4,3.1,1014.396,0.018776328349504823,290.4930624918782,8.651520155440892,196.27106581448473,True,22.93662866611959,10.71219871002181,4,3,20160906_flight01
2016-09-06 13:34:53,54.769850569999996,7.6939775,89.8,0.442,2.9760000000000004,1014.396,18.56,1.189136,8.432,2.256,-0.02,100,0.5,3.0,1014.396,0.018748852048270814,290.5199523438315,8.728582931954074,194.97877464244948,True,22.92705349130231,10.776111732227907,4,3,20160906_flight01
2016-09-06 13:34:54,54.76993929,7.692990610000001,89.759,0.7070000000000001,2.923,1014.3969999999999,18.486,1.1892580000000001,8.645,2.5860000000000003,0.22699999999999998,100,0.9,3.0,1014.3969999999999,0.018903819966019864,290.44617234236443,9.02349272732017,196.65363045856435,True,22.917478994149278,10.840026321376211,4,3,20160906_flight01
2016-09-06 13:34:55,54.77002847,7.69200379,89.60699999999999,0.8660000000000001,3.099,1014.3969999999999,18.54,1.189246,8.574,2.458,0.07,100,1.0,3.1,1014.3969999999999,0.01872547156317772,290.4999520311083,8.919374417525031,195.99657331688346,True,22.907954732897963,10.90395182171386,4,3,20160906_flight01
2016-09-06 13:34:56,54.77011775,7.69101708,89.62799999999999,1.033,3.1,1014.4019999999999,18.544,1.18932,8.542,2.487,0.025,100,1.3,3.1,1014.4019999999999,0.018653138067938224,290.5035261883529,8.896681010354367,196.23289855739466,True,22.89844321762419,10.967873837810796,4,3,20160906_flight01
2016-09-06 13:34:57,54.7702078,7.69003073,89.721,1.114,3.1,1014.396,18.508,1.189335,8.711,2.489,-0.006000000000000001,100,1.3,3.1,1014.396,0.018759997962492392,290.4681644808104,9.059615996277106,195.94626461109658,True,22.889020468730784,11.031799115037398,4,3,20160906_flight01
2016-09-06 13:34:58,54.7702992,7.68904488,89.84700000000001,1.2830000000000001,3.148,1014.386,18.539,1.189389,8.657,2.735,0.038,100,1.4,3.2,1014.386,0.0185954368434309,290.49985705612687,9.078759496759455,197.53285335944204,True,22.879750823423173,11.095738214226106,4,3,20160906_flight01
2016-09-06 13:34:59,54.77039182000001,7.688059630000001,90.035,1.256,3.16,1014.355,18.553,1.189396,8.826,2.617,-0.005999999999999998,100,1.3,3.2,1014.355,0.018509428894726287,290.5163391984281,9.205811479712152,196.51563320424043,True,22.870622391128606,11.159680650892039,4,3,20160906_flight01
2016-09-06 13:35:00,54.770485740000005,7.68707493,90.258,1.2329999999999999,3.083,1014.319,18.595000000000002,1.189314,8.392999999999999,2.613,-0.20199999999999999,100,1.4,3.1,1014.319,0.018396871560510286,290.56111765827325,8.790348002212426,197.29297780328466,True,22.861642711305137,11.223632164110125,4,3,20160906_flight01
2016-09-06 13:35:01,54.77058016,7.6860905200000005,90.48100000000001,1.03,2.9059999999999997,1014.299,18.538,1.189328,8.445,2.8569999999999998,0.011000000000000001,100,1.1,3.0,1014.299,0.018563806504567015,290.5059872084595,8.915182219113639,198.69102218240874,True,22.852721754822277,11.28758232048498,4,3,20160906_flight01
2016-09-06 13:35:02,54.77067554999999,7.685106520000001,90.54799999999999,1.199,2.819,1014.298,18.507,1.189267,8.905,2.988,0.13,100,1.4,2.9,1014.298,0.01872331433948249,290.4751947351235,9.39293186390703,198.54875707614264,True,22.84391178316224,11.351539273128118,4,3,20160906_flight01
2016-09-06 13:35:03,54.77077259,7.6841227000000005,90.367,0.593,2.7569999999999997,1014.3059999999999,18.56,1.189306,8.396,2.787,0.071,100,1.2,2.9,1014.3059999999999,0.018512858295952173,290.52732462271626,8.846478677982558,198.36326513260434,True,22.835280636657068,11.415539755913546,4,3,20160906_flight01
2016-09-06 13:35:04,54.77086914,7.6831385,90.109,0.228,2.825,1014.3559999999999,18.553,1.189479,8.45,2.9330000000000003,0.09300000000000001,100,0.4,2.9,1014.3559999999999,0.018439362911833346,290.51625728665135,8.944550799229663,199.14191810604945,True,22.826590096557716,11.479547487504089,4,3,20160906_flight01
2016-09-06 13:35:05,54.770965370000006,7.68215414,89.92399999999999,0.237,2.8,1014.387,18.544,1.189496,8.331,3.16,-0.106,100,0.3,2.8,1014.387,0.01848735565671511,290.5047547663496,8.910171771632688,200.77204735831288,True,22.817862466472775,11.543554505752596,4,3,20160906_flight01
2016-09-06 13:35:06,54.771061630000005,7.68116965,89.774,0.102,2.8,1014.398,18.51,1.189408,8.695,3.02,0.105,100,0.3,2.8,1014.398,0.018692494448989905,290.4699925309092,9.204532850720888,199.15344610129233,True,22.809135521461172,11.607570549847082,4,3,20160906_flight01
2016-09-06 13:35:07,54.77115779,7.68018514,89.62299999999999,-0.09700000000000002,2.89,1014.41,18.604,1.189303,8.332,2.612,-0.078,100,0.2,2.9,1014.41,0.01846623900278166,290.5626259470079,8.731825009698719,197.405694633566,True,22.80039756350653,11.671584517441865,4,3,20160906_flight01
2016-09-06 13:35:08,54.77125267,7.67920028,89.6,-0.284,2.9,1014.4119999999999,18.554000000000002,1.189419,8.35,2.739,-0.08900000000000001,100,0.3,2.9,1014.4119999999999,0.018543474432964002,290.5126663088354,8.787754036157361,198.1607295098443,True,22.79151682983504,11.73557771372803,4,3,20160906_flight01
2016-09-06 13:35:09,54.77134604,7.678215310000001,89.6,-0.17800000000000002,2.9,1014.411,18.489,1.1894660000000001,8.514,2.85,0.133,100,0.3,2.9,1014.411,0.01872922618056605,290.4480136600701,8.978345950117983,198.50759770137645,True,22.78247349787795,11.799527691959184,4,3,20160906_flight01
2016-09-06 13:35:10,54.77143878,7.677230580000001,89.491,0.025,2.998,1014.41,18.535,1.189461,8.542,2.887,0.125,100,0.2,3.0,1014.41,0.01857184566330017,290.4939077077024,9.016680819459008,198.67407336874743,True,22.773367832062625,11.863441974566918,4,3,20160906_flight01
2016-09-06 13:35:11,54.77153095,7.676246109999999,89.389,-0.20600000000000002,3.005,1014.423,18.593000000000004,1.1895390000000001,8.564,2.8289999999999997,0.162,100,0.3,3.1,1014.423,0.018315622128767917,290.55060594861936,9.019164983522588,198.28026405367106,True,22.76420659420166,11.927321313162881,4,3,20160906_flight01
2016-09-06 13:35:12,54.77162174,7.675261829999999,89.3,-0.377,3.0740000000000003,1014.4309999999999,18.6,1.1895040000000001,8.565,2.8680000000000003,0.008,100,0.4,3.1,1014.4309999999999,0.018329182505729902,290.55692199825836,9.032422100411384,198.51318059172706,True,22.754902351010614,11.99114320378878,4,3,20160906_flight01
2016-09-06 13:35:13,54.77171095,7.67427779,89.3,-0.309,3.0,1014.43,18.597,1.189401,8.287,2.511,-0.002000000000000001,100,0.4,3.0,1014.43,0.01842683631793185,290.55401618275573,8.659069811475135,196.85705551261984,True,22.74543480964021,12.054897932705437,4,3,20160906_flight01
2016-09-06 13:35:14,54.77179864,7.673293660000001,89.3,0.067,2.947,1014.433,18.6,1.189373,8.256,2.569,0.038000000000000006,100,0.5,3.0,1014.433,0.01844335129280461,290.556758164199,8.646461530591575,197.2844511391969,True,22.735803992322246,12.118607876625532,4,3,20160906_flight01
2016-09-06 13:35:15,54.77188592,7.67230946,89.204,0.9009999999999999,2.9,1014.459,18.605000000000004,1.189333,8.52,2.251,0.027000000000000003,100,1.4,2.9,1014.459,0.018486252767755174,290.5596078729943,8.812343672372293,194.7994901975611,True,22.726128253013037,12.182308565465878,4,3,20160906_flight01
2016-09-06 13:35:16,54.77197427,7.671324909999999,89.02600000000001,1.347,2.918,1014.4939999999999,18.571,1.189288,8.493,2.483,0.07300000000000001,100,1.5,3.0,1014.4939999999999,0.018678643157431507,290.5228805300395,8.848521797452952,196.2967247311736,True,22.716559491829997,12.24606632015594,4,3,20160906_flight01
2016-09-06 13:35:17,54.77206362,7.6703401499999995,88.867,1.032,3.023,1014.498,18.492,1.189463,8.423,2.773,0.03,100,1.2,3.1,1014.498,0.018808685964738503,290.44387746856427,8.867720000090214,198.22245564306985,True,22.707092965129675,12.309870172101633,4,3,20160906_flight01
2016-09-06 13:35:18,54.77215349,7.66935546,88.8,0.593,3.065,1014.4989999999999,18.592,1.189303,7.774,2.614,0.055,100,0.9,3.1,1014.4989999999999,0.018597490346195844,290.5433847410743,8.201711528699361,198.58516875196216,True,22.69768305102707,12.373686922568918,4,3,20160906_flight01
2016-09-06 13:35:19,54.77224296,7.6683710099999995,88.8,-0.08800000000000001,3.1260000000000003,1014.5010000000001,18.547,1.1893989999999999,7.773,2.34,0.24,100,0.3,3.2,1014.5010000000001,0.018674410497291127,290.49840583235607,8.117581474799005,196.75400478534993,True,22.688235247058543,12.43747559551743,4,3,20160906_flight01
2016-09-06 13:35:20,54.77233193,7.667386840000001,88.8,-0.106,3.085,1014.503,18.482,1.1895470000000001,8.455,2.7439999999999998,0.153,100,0.3,3.1,1014.503,0.01877669600252152,290.43350916658636,8.889125997532041,197.98040790059252,True,22.678739695639493,12.501230407287544,4,3,20160906_flight01
2016-09-06 13:35:21,54.772420700000005,7.66640305,88.8,0.292,3.204,1014.493,18.497,1.189462,8.277000000000001,2.758,0.262,100,0.7,3.3,1014.493,0.018787054845994966,290.44926633517406,8.724407888217975,198.4287185377409,True,22.66923020583453,12.564955115937906,4,3,20160906_flight01
2016-09-06 13:35:22,54.77250879,7.66541972,88.881,0.636,3.23,1014.497,18.637,1.189157,7.636,2.4770000000000003,0.081,100,0.8,3.3,1014.497,0.018563432189216744,290.5883637007437,8.027703594428484,197.97225906612917,True,22.65965730456695,12.62862887993413,4,3,20160906_flight01
2016-09-06 13:35:23,54.77259614,7.66443666,89.0,0.20600000000000002,3.2,1014.4860000000001,18.499000000000002,1.189343,8.25,2.495,0.24900000000000003,100,0.5,3.2,1014.4860000000001,0.018874972455181327,290.451831300506,8.619021116112897,196.82658920297263,True,22.65001095651307,12.692261451285031,4,3,20160906_flight01
2016-09-06 13:35:24,54.77268399,7.66345424,89.0,0.688,3.1060000000000003,1014.492,18.506,1.189373,8.081,2.575,0.12300000000000001,100,0.8,3.2,1014.492,0.018830845375043204,290.45831125839925,8.48134340773913,197.67441114233208,True,22.6404300713821,12.755871040692146,4,3,20160906_flight01
2016-09-06 13:35:25,54.77277242,7.6624721,89.06199999999998,0.6489999999999999,3.1,1014.4810000000001,18.549,1.189301,8.084,2.294,-0.021,100,0.7,3.1,1014.4810000000001,0.01873128184765993,290.50203554597005,8.403183444385824,195.8423730005347,True,22.630916219291457,12.819482540892054,4,3,20160906_flight01
2016-09-06 13:35:26,54.77286072,7.661489800000001,89.1,0.6679999999999999,3.002,1014.485,18.524,1.189329,8.222999999999999,2.202,-0.066,100,0.8,3.1,1014.485,0.018798630757497437,290.4768105699667,8.512727706205572,194.99124794019986,True,22.621385470077968,12.883099620966501,4,3,20160906_flight01
2016-09-06 13:35:27,54.77294919,7.6605072199999995,89.03299999999999,0.7070000000000001,2.9339999999999997,1014.485,18.582,1.189217,8.035,2.275,0.355,100,0.8,3.0,1014.485,0.018692011731241687,290.53457250628276,8.350859237228226,195.80874202681775,True,22.611867396499342,12.946739631895237,4,3,20160906_flight01
2016-09-06 13:35:28,54.77303808,7.659524350000001,88.71700000000001,0.435,2.9730000000000003,1014.4989999999999,18.528,1.1893989999999999,8.127,2.4659999999999997,0.20400000000000001,100,0.8,3.0,1014.4989999999999,0.01873875892212351,290.479647683594,8.492896149135465,196.87952877551317,True,22.602388375553353,13.01041147208652,4,3,20160906_flight01
2016-09-06 13:35:29,54.77312696,7.65854106,88.439,0.332,2.881,1014.525,18.516,1.1893909999999999,8.126,2.211,-0.126,100,0.5,2.9,1014.525,0.018813635201794465,290.4655679716831,8.421424879436971,195.22110606963503,True,22.59290020432703,13.074108931176976,4,3,20160906_flight01
2016-09-06 13:35:30,54.77321543,7.657557000000001,88.27600000000001,0.504,2.9,1014.554,18.472,1.189544,8.306000000000001,2.273,-0.014000000000000002,100,0.6,2.9,1014.554,0.018865416984535255,290.41937483779077,8.611397389506537,195.30472037380133,True,22.583353631946345,13.13784038538926,4,3,20160906_flight01
2016-09-06 13:35:31,54.77330402,7.65657239,88.038,0.297,2.895,1014.595,18.494,1.189622,8.229,2.642,0.23,100,0.4,3.0,1014.595,0.018762928919618727,290.4379273400486,8.642719768683929,197.7997294626282,True,22.573809222181964,13.201609796566263,4,3,20160906_flight01
2016-09-06 13:35:32,54.773392169999994,7.65558754,87.83200000000001,0.23199999999999998,3.091,1014.605,18.512,1.189503,8.166,2.6069999999999998,-0.07600000000000001,100,0.3,3.1,1014.605,0.018812009720738043,290.45503415351544,8.572047888340336,197.70571153992853,True,22.564213428568095,13.26537946261788,4,3,20160906_flight01
2016-09-06 13:35:33,54.773479820000006,7.654602710000001,87.9,0.28300000000000003,3.156,1014.6,18.538,1.189457,8.13,2.488,0.015,100,0.3,3.2,1014.6,0.018755573186453933,290.48133596902375,8.502178779583502,197.01552838960524,True,22.55456488095887,13.32913133185227,4,3,20160906_flight01
2016-09-06 13:35:34,54.77356708,7.6536181899999995,88.035,0.379,3.217,1014.5930000000001,18.595000000000002,1.189359,8.375,2.456,0.105,100,0.4,3.3,1014.5930000000001,0.018633431154119418,290.5386734594685,8.727689327651392,196.34397194378414,True,22.544880854180917,13.392851129769255,4,3,20160906_flight01
2016-09-06 13:35:35,54.773654379999996,7.65263415,88.171,0.539,3.2310000000000003,1014.568,18.6,1.1892740000000002,8.191,2.352,0.08700000000000001,100,0.7,3.3,1014.568,0.018663675632475396,290.5457003254139,8.521994191502362,196.0211240675267,True,22.535210321387368,13.456542595292877,4,3,20160906_flight01
2016-09-06 13:35:36,54.77374159,7.65165051,88.294,0.672,3.296,1014.546,18.614,1.189252,7.98,2.3280000000000003,0.078,100,0.7,3.3,1014.546,0.018611551306545238,290.56144451112226,8.312640013858413,196.26351316075736,True,22.525537925932582,13.520206365418197,4,3,20160906_flight01
2016-09-06 13:35:37,54.77382857,7.65066716,88.425,0.314,3.238,1014.5160000000001,18.611,1.189216,7.455,2.0469999999999997,-0.079,100,0.5,3.3,1014.5160000000001,0.01862273939860115,290.56091417128425,7.730927111284907,195.35392012176874,True,22.515846670708704,13.583844599497674,4,3,20160906_flight01
2016-09-06 13:35:38,54.773914999999995,7.64968384,88.601,0.603,3.1260000000000003,1014.51,18.547,1.189248,8.256,1.926,0.046000000000000006,100,0.8,3.2,1014.51,0.018812790770430077,290.4976687816964,8.477677276235513,193.13138965174642,True,22.506097540135357,13.64746276278964,4,3,20160906_flight01
2016-09-06 13:35:39,54.77400256,7.648699420000001,88.7,0.581,3.0639999999999996,1014.4989999999999,18.538,1.189303,7.917000000000001,2.282,-0.11200000000000002,100,0.8,3.1,1014.4989999999999,0.01878606260312332,290.48960659882533,8.239321149220974,196.07912369990348,True,22.49644732242289,13.711186318765186,4,3,20160906_flight01
2016-09-06 13:35:40,54.774090029999996,7.64771389,88.73700000000001,0.6259999999999999,3.127,1014.488,18.558,1.1892580000000001,7.859,2.326,-0.146,100,0.7,3.2,1014.488,0.018743713658929684,290.51042531665775,8.195984199594335,196.48698405478098,True,22.48676616556716,13.774975476205732,4,3,20160906_flight01
2016-09-06 13:35:41,54.77417684,7.64673036,88.89300000000001,0.643,3.0780000000000003,1014.4810000000001,18.542,1.189286,7.87,2.2359999999999998,0.008,100,0.9,3.2,1014.4810000000001,0.018768578443263406,290.49506426993275,8.181478839427502,195.86074419465933,True,22.47705337697409,13.838619200992735,4,3,20160906_flight01
2016-09-06 13:35:42,54.77426392,7.64574684,89.0,0.865,3.147,1014.4810000000001,18.512999999999998,1.189271,8.1,2.092,0.11800000000000001,100,1.0,3.2,1014.4810000000001,0.01888272519109302,290.46618326920645,8.365791295508155,194.48141799863532,True,22.46736947606245,13.902271250912243,4,3,20160906_flight01
2016-09-06 13:35:43,54.77435198999999,7.64476335,89.0,0.85,3.13,1014.477,18.527,1.189301,7.941,2.1430000000000002,0.064,100,1.0,3.2,1014.477,0.01880410350921702,290.4804533878955,8.225079330924412,195.10237919626442,True,22.457791368277732,13.965954238224665,4,3,20160906_flight01
2016-09-06 13:35:44,54.77444039,7.6437798699999995,89.0,0.6259999999999999,3.1,1014.4839999999999,18.517,1.189322,8.124,2.023,0.07300000000000001,100,0.8,3.1,1014.4839999999999,0.018828074108080628,290.46992119006563,8.372090838016511,193.98312882326104,True,22.448248524871154,14.029647538002177,4,3,20160906_flight01
2016-09-06 13:35:45,54.774529009999995,7.642796120000001,88.902,0.65,2.997,1014.482,18.568,1.189275,8.03,1.986,-0.183,100,0.7,3.1,1014.482,0.018688204717928425,290.52087567802334,8.2719463247775,193.89176957491858,True,22.438723863568008,14.093364806882644,4,3,20160906_flight01
2016-09-06 13:35:46,54.77461811999999,7.64181198,88.915,0.381,2.918,1014.482,18.58,1.1892660000000002,7.763999999999999,2.279,-0.214,100,0.8,3.0,1014.482,0.018654010876012483,290.53282643357545,8.09157197335598,196.3587711731273,True,22.429243768779536,14.157122402180054,4,3,20160906_flight01
2016-09-06 13:35:47,54.77470658,7.64082723,89.0,-0.515,3.011,1014.4639999999999,18.543,1.1891420000000001,7.982,1.8730000000000002,-0.074,100,0.6,3.1,1014.4639999999999,0.018871380066429078,290.4974524124591,8.19880802312141,193.20570692925128,True,22.41968284701351,14.220896157512314,4,3,20160906_flight01
2016-09-06 13:35:48,54.77479368,7.63984204,88.947,-0.461,2.96,1014.493,18.484,1.189217,8.236,2.115,0.141,100,0.5,3.1,1014.493,0.019042366461890836,290.4363197234744,8.503230033346153,194.40231437622785,True,22.409968914234597,14.28465205249995,4,3,20160906_flight01
2016-09-06 13:35:49,54.77487965,7.6388566,88.762,-0.258,3.051,1014.4889999999999,18.447,1.189414,8.193,2.5580000000000003,0.10800000000000001,100,0.4,3.1,1014.4889999999999,0.018998849227412018,290.39979914658016,8.583042176291574,197.33929032111064,True,22.40013007306667,14.348385965907408,4,3,20160906_flight01
2016-09-06 13:35:50,54.774964090000005,7.63787115,88.73100000000001,-0.047,3.1970000000000005,1014.4960000000001,18.514,1.1893989999999999,8.225,2.4930000000000003,0.037000000000000005,100,0.2,3.2,1014.4960000000001,0.018784646147538275,290.46595086052014,8.594514180568906,196.86207213180927,True,22.39012843364455,14.412069820216267,4,3,20160906_flight01
2016-09-06 13:35:51,54.77504743,7.63688594,88.891,0.442,3.197,1014.4830000000001,18.605000000000004,1.1891170000000002,7.472,1.615,-0.276,100,0.5,3.3,1014.4830000000001,0.018695357791096434,290.55764192778605,7.644541124227144,192.1963108908464,True,22.38001450959409,14.475702411469467,4,3,20160906_flight01
2016-09-06 13:35:52,54.77513003,7.635900400000001,89.084,0.893,3.03,1014.434,18.557000000000002,1.18921,7.98,1.943,0.139,100,1.2,3.1,1014.434,0.01873409673249049,290.5138521270898,8.213138803161677,193.6843144520919,True,22.369815585189677,14.53933088167905,4,3,20160906_flight01
2016-09-06 13:35:53,54.77521398,7.63491492,89.05199999999999,1.339,3.0,1014.46,18.484,1.189406,8.322000000000001,2.4930000000000003,0.09200000000000001,100,1.4,3.0,1014.46,0.01884729501129012,290.43902175820534,8.687389308647335,196.67650255046732,True,22.359761291754957,14.603000359692121,4,3,20160906_flight01
2016-09-06 13:35:54,54.775299770000004,7.63392956,88.96,1.137,3.162,1014.4730000000001,18.536,1.1892690000000001,8.333,2.573,0.21600000000000003,100,1.3,3.3,1014.4730000000001,0.01879606357020691,290.4897440455765,8.721193610968626,197.15924176214256,True,22.349904860981766,14.666723368224478,4,3,20160906_flight01
2016-09-06 13:35:55,54.775386,7.63294448,88.975,0.8370000000000001,3.252,1014.444,18.562,1.189284,8.302,2.503,0.032,100,0.9,3.3,1014.444,0.018663290121292864,290.5180126196214,8.671113711628974,196.77772375123646,True,22.340100584294433,14.730443650441668,4,3,20160906_flight01
2016-09-06 13:35:56,54.77547256,7.631959859999999,89.148,0.921,3.22,1014.4309999999999,18.601000000000003,1.189243,8.158,2.228,0.047,100,1.0,3.3,1014.4309999999999,0.01854918133337846,290.5579179088736,8.456769359513123,195.27532214649085,True,22.33034023716006,14.79414644142237,4,3,20160906_flight01
2016-09-06 13:35:57,54.77555975999999,7.63097555,89.292,0.909,3.156,1014.413,18.611,1.189135,7.98,2.06,-0.04100000000000001,100,1.1,3.2,1014.413,0.018588700672969027,290.5693515958479,8.241601786060766,194.47463699246362,True,22.320653877437394,14.857851276947102,4,3,20160906_flight01
2016-09-06 13:35:58,54.77564762,7.629991260000001,89.4,1.365,3.1,1014.406,18.577,1.189154,8.211,2.106,-0.005999999999999998,100,1.5,3.1,1014.406,0.01868410828683653,290.53606385344864,8.47677751271083,194.38542372389608,True,22.311038046468035,14.921576737401018,4,3,20160906_flight01
2016-09-06 13:35:59,54.7757369,7.6290068,89.387,1.284,2.889,1014.401,18.571,1.189127,8.008,2.016,-0.079,100,1.5,3.1,1014.401,0.01872316931208373,290.5304979068725,8.257864130633294,194.13047986241403,True,22.301569857075812,14.9853597349924,4,3,20160906_flight01
2016-09-06 13:36:00,54.7758274,7.62802181,89.227,1.0310000000000001,2.8680000000000003,1014.406,18.602,1.189204,8.201,2.32,-0.031,100,1.2,2.9,1014.406,0.018553991211932797,290.56096179431916,8.522839960951984,195.79580131633645,True,22.292221121474597,15.04921588824335,4,3,20160906_flight01
2016-09-06 13:36:01,54.77591896,7.627036319999999,89.1,0.93,2.915,1014.424,18.615,1.1890290000000001,8.515,1.982,-0.19,100,1.3,3.0,1014.424,0.018676586557673458,290.57243410944795,8.742628266145141,193.1031751214938,True,22.282975412825778,15.113138044022637,4,3,20160906_flight01
2016-09-06 13:36:02,54.7760112,7.62605017,89.08,1.5770000000000002,2.904,1014.428,18.598000000000003,1.189102,8.141,2.112,0.031,100,1.7,3.0,1014.428,0.018677419973218257,290.5551759272111,8.410494931928797,194.54349184590797,True,22.273789264449384,15.177123501656247,4,3,20160906_flight01
2016-09-06 13:36:03,54.776104720000006,7.6250636,88.96,1.4120000000000001,2.9819999999999998,1014.4580000000001,18.476,1.189303,8.333,2.4019999999999997,0.135,100,1.6,3.0,1014.4580000000001,0.018961475600407507,290.431218297244,8.672283032742877,196.07970745291962,True,22.26473106471262,15.241177305821129,4,3,20160906_flight01
2016-09-06 13:36:04,54.7762003,7.62407714,88.9,1.238,3.033,1014.467,18.629,1.189097,8.312999999999999,2.235,-0.13699999999999998,100,1.3,3.1,1014.467,0.01861263312621797,290.58285416345797,8.60820503937958,195.04846530211427,True,22.255893916286297,15.305292545247514,4,3,20160906_flight01
2016-09-06 13:36:05,54.77629702,7.62309052,88.929,0.8610000000000001,3.0840000000000005,1014.461,18.607,1.189295,8.334,1.936,-0.139,100,1.1,3.1,1014.461,0.01851382116111444,290.56143584632656,8.55591327679284,193.0779377966871,True,22.247174844093763,15.369455429737211,4,3,20160906_flight01
2016-09-06 13:36:06,54.77639394,7.62210373,89.06199999999998,0.794,3.0,1014.4259999999999,18.571,1.189183,8.7,2.168,-0.023000000000000003,100,0.8,3.0,1014.4259999999999,0.018700301800191887,290.52845013666894,8.966059558133662,193.99284697583633,True,22.23847375403605,15.433635442286214,4,3,20160906_flight01
2016-09-06 13:36:07,54.77649176,7.621117010000001,89.1,0.767,3.012,1014.429,18.618,1.1890749999999999,8.421,2.25,-0.159,100,1.1,3.1,1014.429,0.018631725453741366,290.5750122339156,8.716406426962891,194.95936323842642,True,22.229869662303756,15.497840939790876,4,3,20160906_flight01
2016-09-06 13:36:08,54.77659001,7.62013026,89.18700000000001,0.801,3.031,1014.403,18.555,1.189169,8.132,2.5069999999999997,0.004999999999999999,100,1.1,3.1,1014.403,0.018745072737074153,290.51439938723286,8.50966938253185,197.13391532646918,True,22.221310692532732,15.562062533419681,4,3,20160906_flight01
2016-09-06 13:36:09,54.77668826,7.61914365,89.23299999999999,0.508,3.07,1014.401,18.500999999999998,1.189178,8.649,2.513,0.049,100,0.6,3.1,1014.401,0.018923975776754975,290.46078357415905,9.006684739680855,196.20142468981805,True,22.212754418594365,15.626275477008086,4,3,20160906_flight01
2016-09-06 13:36:10,54.77678721,7.618157549999999,89.3,0.575,3.0580000000000003,1014.4,18.555,1.189214,8.792,2.675,0.061,100,0.6,3.1,1014.4,0.018703510574411997,290.5146451099177,9.189934112930299,196.92258586725708,True,22.204282359951605,15.69048009527198,4,3,20160906_flight01
2016-09-06 13:36:11,54.7768865,7.6171717899999996,89.37800000000001,0.782,3.1,1014.398,18.617,1.189265,8.708,2.452,0.068,100,0.9,3.1,1014.398,0.01844135338750319,290.57655595819034,9.04663296481072,195.726166232305,True,22.195852982929765,15.754674967841382,4,3,20160906_flight01
2016-09-06 13:36:12,54.7769857,7.6161862,89.42,0.695,3.1,1014.3989999999999,18.68,1.189169,8.452,2.18,0.015,100,0.8,3.1,1014.3989999999999,0.01830469666684853,290.63921696772974,8.72861409388684,194.46291305412217,True,22.18741731437732,15.818856355792551,4,3,20160906_flight01
2016-09-06 13:36:13,54.77708527,7.615200720000001,89.505,0.66,3.1,1014.39,18.648,1.189123,8.44,2.273,-0.037000000000000005,100,0.8,3.1,1014.39,0.01844672935180114,290.60808495013765,8.740716732625534,195.07287022725154,True,22.17902308692591,15.88304320249594,4,3,20160906_flight01
2016-09-06 13:36:14,54.777184770000005,7.614215410000001,89.6,0.825,3.0069999999999997,1014.373,18.559,1.1890180000000001,8.817,2.169,0.012000000000000002,100,1.0,3.1,1014.373,0.018830345899152556,290.5208403637405,9.079870593791522,193.8204498222748,True,22.17062469350943,15.947217227025344,4,3,20160906_flight01
2016-09-06 13:36:15,54.777285819999996,7.613230049999999,89.579,0.727,2.918,1014.377,18.6,1.1890290000000001,8.497,2.211,0.064,100,1.0,3.0,1014.377,0.018681761219038417,290.5613456748842,8.779950455441078,194.58545826815714,True,22.162390068553556,16.011445680257182,4,3,20160906_flight01
2016-09-06 13:36:16,54.777386500000006,7.6122445,89.488,0.33,2.937,1014.3839999999999,18.63,1.189311,8.408,2.565,-0.003,100,0.4,3.0,1014.3839999999999,0.018342533626248603,290.5906499326044,8.790545432451845,196.9651971272113,True,22.154112462023946,16.075673617617745,4,3,20160906_flight01
2016-09-06 13:36:17,54.77748713,7.611258790000001,89.37100000000001,0.738,2.928,1014.391,18.633000000000003,1.189211,8.506,2.463,0.04,100,1.0,3.0,1014.391,0.018424722155914397,290.59306418762,8.85541670391631,196.1489182426136,True,22.145826460629216,16.13990978462833,4,3,20160906_flight01
2016-09-06 13:36:18,54.77758834,7.61027292,89.27799999999999,0.415,2.8369999999999997,1014.3989999999999,18.646,1.189136,8.209,2.38,0.007999999999999998,100,0.8,2.9,1014.3989999999999,0.01845161179814614,290.6053557013181,8.547051011898782,196.16823164866548,True,22.13759901965871,16.204175048273086,4,3,20160906_flight01
2016-09-06 13:36:19,54.777689499999994,7.609286620000001,89.14299999999999,-0.16,2.8569999999999998,1014.4119999999999,18.546,1.189197,8.31,2.457,-0.043,100,0.4,2.9,1014.4119999999999,0.01876155632962706,290.5046989812346,8.665618789215229,196.47125546676116,True,22.129357984718084,16.268465223788667,4,3,20160906_flight01
2016-09-06 13:36:20,54.7777895,7.6083000400000005,88.98899999999999,-0.303,2.862,1014.4119999999999,18.563,1.189174,8.221,2.5540000000000003,0.18,100,0.5,3.0,1014.4119999999999,0.018721889393988222,290.52162955238634,8.608586237007794,197.25833720798337,True,22.120988275364283,16.332734277638828,4,3,20160906_flight01
2016-09-06 13:36:21,54.777889009999996,7.60731318,88.803,-0.649,2.943,1014.462,18.653,1.1893420000000001,8.062000000000001,2.378,-0.136,100,0.9,3.0,1014.462,0.018314022901327,290.60716541831397,8.405398741285271,196.43416320625343,True,22.112561098011042,16.397004401693835,4,3,20160906_flight01
2016-09-06 13:36:22,54.77798611,7.60632608,88.76700000000001,-0.723,2.9989999999999997,1014.461,18.6,1.1893909999999999,8.639,2.5469999999999997,0.105,100,0.9,3.1,1014.461,0.0184560486463321,290.5544645309822,9.006638107529357,196.42687639229325,True,22.103873168692203,16.46120952989906,4,3,20160906_flight01
2016-09-06 13:36:23,54.77808194,7.60533914,88.725,-0.631,3.1,1014.488,18.701,1.189219,7.977,2.254,-0.037,100,0.8,3.1,1014.488,0.01827794659461146,290.65283824609503,8.289333205994316,195.7782951568339,True,22.095053346969834,16.525362707155658,4,3,20160906_flight01
2016-09-06 13:36:24,54.77817542,7.604352179999999,88.86,-0.324,3.181,1014.449,18.605,1.189124,8.177,2.497,-0.009000000000000001,100,0.5,3.2,1014.449,0.01865522007651399,290.56042703448406,8.549756604722733,196.98103185017038,True,22.085983386283203,16.589439282973363,4,3,20160906_flight01
2016-09-06 13:36:25,54.77826753,7.60336561,89.07700000000001,-0.24400000000000002,3.17,1014.41,18.566000000000003,1.1890530000000001,8.258,2.563,0.027999999999999997,100,0.4,3.2,1014.41,0.018813069961024054,290.5247811195643,8.646590831073249,197.24255054344073,True,22.076775334239123,16.65344638484275,4,3,20160906_flight01
2016-09-06 13:36:26,54.77835905,7.6023796500000005,89.27,-0.09600000000000002,3.162,1014.395,18.573,1.18907,8.641,2.521,-0.015000000000000003,100,0.2,3.2,1014.395,0.018758993131779977,290.5329812228256,9.00124002568535,196.264533126396,True,22.067516324165446,16.717396255155215,4,3,20160906_flight01
2016-09-06 13:36:27,54.778450050000004,7.60139415,89.516,0.295,3.0639999999999996,1014.378,18.599,1.189238,8.708,2.734,-0.183,100,0.6,3.1,1014.378,0.018507230342320602,290.56026782669744,9.12710359314498,197.43041996230528,True,22.058210907147654,16.781300480365285,4,3,20160906_flight01
2016-09-06 13:36:28,54.77854056,7.6004091,89.69,0.336,2.948,1014.35,18.588,1.18925,8.559,2.6919999999999997,0.076,100,0.4,3.0,1014.35,0.018507240940927927,290.5516064264514,8.972365630088868,197.4595465172023,True,22.048862078972014,16.84516067199834,4,3,20160906_flight01
2016-09-06 13:36:29,54.77863053,7.599424320000001,89.7,0.22,3.0,1014.3539999999999,18.65,1.189265,8.871,2.625,0.014000000000000004,100,0.6,3.0,1014.3539999999999,0.018282006288611763,290.6130265372248,9.251230512748021,196.4839077942027,True,22.039461059656702,16.908986295425198,4,3,20160906_flight01
2016-09-06 13:36:30,54.77872018,7.59843975,89.7,0.691,3.02,1014.345,18.564,1.189227,8.663,2.785,0.229,100,0.8,3.1,1014.345,0.01860571478598838,290.5281136043063,9.099659004600118,197.8216720401672,True,22.03003007505631,16.972788344689192,4,3,20160906_flight01
2016-09-06 13:36:31,54.77880951,7.59745545,89.64299999999999,0.43700000000000006,3.052,1014.3580000000001,18.648,1.189113,8.542,2.449,0.3,100,0.6,3.1,1014.3580000000001,0.018423165867682112,290.61070691914693,8.886133298572558,195.99765043091142,True,22.020570280527714,17.03656311263003,4,3,20160906_flight01
2016-09-06 13:36:32,54.7788987,7.59647118,89.51299999999999,0.276,2.865,1014.39,18.688,1.18927,8.467,2.4019999999999997,-0.204,100,0.4,3.0,1014.39,0.018181270562017238,290.6479218352363,8.801118849328192,195.83808883706263,True,22.011096184724593,17.10033138988332,4,3,20160906_flight01
2016-09-06 13:36:33,54.778987900000004,7.59548638,89.45,0.053000000000000005,2.824,1014.3989999999999,18.624000000000002,1.189213,8.54,2.45,-0.121,100,0.1,2.9,1014.3989999999999,0.018462455495118713,290.58344547011063,8.884486479251347,196.00740429609985,True,22.001612946052525,17.164132744940158,4,3,20160906_flight01
2016-09-06 13:36:34,54.7790763,7.59450103,89.39800000000001,0.18400000000000002,2.892,1014.401,18.6,1.189057,8.519,2.3080000000000003,-0.117,100,0.5,2.9,1014.401,0.018681874509870022,290.5593795589966,8.82611041172724,195.1588980037364,True,21.992034094022898,17.227941584541785,4,3,20160906_flight01
2016-09-06 13:36:35,54.77916398,7.59351517,89.291,0.42700000000000005,2.8789999999999996,1014.403,18.609,1.189176,8.436,2.531,0.096,100,0.5,3.0,1014.403,0.018550523393763507,290.5681789850008,8.807500042577349,196.70049043106178,True,21.98236890113359,17.291758087024245,4,3,20160906_flight01
2016-09-06 13:36:36,54.77925151,7.59252922,89.2,0.6589999999999999,2.978,1014.4069999999999,18.608,1.1891720000000001,8.427,2.462,-0.07100000000000001,100,0.7,3.0,1014.4069999999999,0.018561456950438426,290.5668553782039,8.779280893102804,196.28604865809876,True,21.97268603347443,17.35557518191767,4,3,20160906_flight01
2016-09-06 13:36:37,54.77933919,7.5915431,89.2,0.662,2.975,1014.4019999999999,18.601000000000003,1.1891470000000002,8.121,2.416,-0.053,100,0.8,3.0,1014.4019999999999,0.018602288869138173,290.56029355755743,8.472762064403792,196.5677578469724,True,21.9630158340388,17.419407748760786,4,3,20160906_flight01
2016-09-06 13:36:38,54.77942692,7.59055707,89.2,0.856,3.0,1014.403,18.608,1.189234,7.827000000000001,2.971,0.218,100,1.0,3.1,1014.403,0.018504338688493105,290.5671830665237,8.371903606707379,200.78593520095603,True,21.953352681549717,17.483236410973326,4,3,20160906_flight01
2016-09-06 13:36:39,54.77951522,7.5895715,89.103,0.7709999999999999,3.17,1014.4069999999999,18.551000000000002,1.1892310000000001,8.293,2.753,0.148,100,1.3,3.2,1014.4069999999999,0.01870994689646821,290.510088089024,8.73801224535649,198.36444884028197,True,21.9437589653891,17.54705553127619,4,3,20160906_flight01
2016-09-06 13:36:40,54.77960474,7.58858655,89.178,1.6380000000000001,2.997,1014.401,18.601000000000003,1.189043,7.955,2.28,-0.026000000000000002,100,1.7,3.2,1014.401,0.01869037699311238,290.5603754780354,8.275290025129028,195.99294820099573,True,21.934306847358933,17.610876753335823,4,3,20160906_flight01
2016-09-06 13:36:41,54.77969569,7.58760157,89.191,2.218,3.013,1014.4069999999999,18.554000000000002,1.189127,7.954,2.3409999999999997,0.083,100,2.4,3.1,1014.4069999999999,0.01878856463639833,290.51307584108605,8.291344703966903,196.4000695638316,True,21.925006129521,17.67474719371439,4,3,20160906_flight01
2016-09-06 13:36:42,54.77978903,7.58661665,89.1,2.024,3.0,1014.414,18.563000000000002,1.189181,8.154,2.5540000000000003,0.14700000000000002,100,2.2,3.0,1014.414,0.01871790127070061,290.5214657351588,8.544625913403113,197.3916260612095,True,21.915960572015557,17.73869308898003,4,3,20160906_flight01
2016-09-06 13:36:43,54.77988506,7.585632,89.023,1.6769999999999998,3.057,1014.42,18.588,1.189154,8.105,2.535,-0.11,100,2.0,3.1,1014.42,0.018659757250048647,290.54587212856404,8.492187586246551,197.3681116176989,True,21.907206102058517,17.802711400729834,4,3,20160906_flight01
2016-09-06 13:36:44,54.77998298000001,7.584647609999999,89.1,1.237,3.033,1014.404,18.545,1.189267,8.581,2.752,0.052000000000000005,100,1.5,3.1,1014.404,0.01869705073857575,290.504358297915,9.011496268655943,197.78148958594855,True,21.898657504507604,17.866776249068636,4,3,20160906_flight01
2016-09-06 13:36:45,54.7800825,7.5836634300000005,89.17299999999999,0.757,3.0,1014.404,18.574,1.189158,8.38,2.3890000000000002,-0.1,100,1.0,3.0,1014.404,0.01868914906465058,290.5332399256105,8.713880937905913,195.91197833413958,True,21.89028299587497,17.93088111785866,4,3,20160906_flight01
2016-09-06 13:36:46,54.7801825,7.5826791600000005,89.2,0.524,3.0,1014.401,18.512,1.1892719999999999,8.462,2.589,0.048,100,0.6,3.0,1014.401,0.018805014508749496,290.4717386835855,8.849201376395499,197.01180754284565,True,21.88195776775956,17.995007446043093,4,3,20160906_flight01
2016-09-06 13:36:47,54.780282500000006,7.58169495,89.2,0.456,2.94,1014.4,18.571,1.189146,8.611,2.406,-0.005000000000000001,100,0.5,3.0,1014.4,0.018705888058259124,290.53057981903055,8.940814112819929,195.61089776981373,True,21.873633695000997,18.0591300670674,4,3,20160906_flight01
2016-09-06 13:36:48,54.780382499999995,7.580710659999999,89.098,0.541,2.952,1014.406,18.48,1.189333,8.822000000000001,2.825,0.217,100,0.6,3.0,1014.406,0.01886956854701194,290.439459842871,9.263277443756072,197.75621796747163,True,21.86530808176512,18.123257630971462,4,3,20160906_flight01
2016-09-06 13:36:49,54.7804825,7.57972654,89.0,0.809,3.0810000000000004,1014.4119999999999,18.568,1.189267,8.7,2.56,0.09,100,0.9,3.1,1014.4119999999999,0.018624766558898553,290.52660913213685,9.068825723322727,196.39667110929517,True,21.856985742041843,18.187374691255467,4,3,20160906_flight01
2016-09-06 13:36:50,54.78058298,7.578742549999999,88.903,0.66,3.05,1014.425,18.505,1.189387,8.699,2.6489999999999996,0.199,100,0.8,3.1,1014.425,0.018755060196486317,290.462801834436,9.093393316028951,196.93642376073353,True,21.848716919142703,18.251499618012893,4,3,20160906_flight01
2016-09-06 13:36:51,54.78068376,7.57775878,88.84,0.21400000000000002,3.1,1014.434,18.56,1.1893390000000001,8.548,2.6510000000000002,0.15,100,0.4,3.1,1014.434,0.01861312544103999,290.5168398564085,8.949642730299349,197.23028491834674,True,21.84048421602195,18.315620888508395,4,3,20160906_flight01
2016-09-06 13:36:52,54.7807845,7.576775250000001,88.8,-0.267,3.017,1014.442,18.592,1.189319,8.372,2.51,-0.05,100,0.5,3.1,1014.442,0.01852655757053223,290.54805365585844,8.740164987001103,196.6891978508395,True,21.832251883198943,18.37972600547536,4,3,20160906_flight01
2016-09-06 13:36:53,54.7808833,7.57579163,88.8,-0.532,3.0,1014.436,18.575,1.189256,8.545,2.5069999999999997,-0.043,100,0.7,3.0,1014.436,0.018633845291187168,290.53161468360474,8.905171194311764,196.3510526805817,True,21.823811637570273,18.443772426123644,4,3,20160906_flight01
2016-09-06 13:36:54,54.78098117,7.57480782,88.8,-0.544,2.929,1014.434,18.541,1.1893,8.533999999999999,2.58,0.10300000000000001,100,0.7,3.0,1014.434,0.018712880218576977,290.4979175707232,8.915467233970409,196.82112377022364,True,21.815268894556056,18.50779978247082,4,3,20160906_flight01
2016-09-06 13:36:55,54.78107765,7.573823979999999,88.726,-0.331,3.014,1014.454,18.568,1.189367,8.646,2.687,0.067,100,0.5,3.1,1014.454,0.018581293158486112,290.52316899861603,9.053909928864988,197.264176217615,True,21.80657784712166,18.57178295254687,4,3,20160906_flight01
2016-09-06 13:36:56,54.7811729,7.572840180000001,88.7,-0.58,3.1,1014.461,18.6,1.189277,8.496,2.391,-0.036000000000000004,100,0.7,3.1,1014.461,0.018553674337862036,290.5544645309822,8.826035180079446,195.71801165913354,True,21.797756847699688,18.635722910882404,4,3,20160906_flight01
2016-09-06 13:36:57,54.78126612,7.57185632,88.7,-0.452,3.079,1014.453,18.571,1.1893340000000001,8.597000000000001,2.404,0.127,100,0.7,3.1,1014.453,0.018598076086307147,290.5262386177431,8.926792537076238,195.62271546340838,True,21.788718948109548,18.69959933832167,4,3,20160906_flight01
2016-09-06 13:36:58,54.78135806,7.57087253,88.7,-0.162,3.0,1014.456,18.566000000000003,1.1893770000000001,8.616,2.527,-0.032,100,0.3,3.0,1014.456,0.018581720619714526,290.521013380111,8.978930058754216,196.34596721667003,True,21.77954636029971,18.763429044331037,4,3,20160906_flight01
2016-09-06 13:36:59,54.78144904,7.56988872,88.73200000000001,-0.157,3.056,1014.447,18.601000000000003,1.189234,8.333,2.622,-0.045,100,0.3,3.1,1014.447,0.01857295468344633,290.5566072435368,8.735775466436852,197.46631698979024,True,21.770271360267394,18.827228188752702,4,3,20160906_flight01
2016-09-06 13:37:00,54.78153854999999,7.56890497,88.852,0.012,3.0469999999999997,1014.4309999999999,18.607,1.1892530000000001,8.172,2.698,-0.242,100,0.3,3.1,1014.4309999999999,0.018519670372125985,290.5638933725651,8.605857772471028,198.2707297237685,True,21.760841286590917,18.890974936387103,4,3,20160906_flight01
2016-09-06 13:37:01,54.78162705,7.56792124,89.14,0.45,3.0260000000000002,1014.403,18.508,1.1893909999999999,8.36,2.766,-0.099,100,0.8,3.1,1014.403,0.018719061551584204,290.4675912188051,8.805700199302722,198.3073781679031,True,21.751304257020067,18.954686994884526,4,3,20160906_flight01
2016-09-06 13:37:02,54.781715860000006,7.5669378400000005,89.3,0.9560000000000001,3.0,1014.398,18.581000000000003,1.189203,8.751,2.8560000000000003,0.187,100,1.1,3.0,1014.398,0.018620134192429916,290.54070284246956,9.205255944296171,198.0747513059914,True,21.74180652816421,19.018388931881827,4,3,20160906_flight01
2016-09-06 13:37:03,54.781805379999994,7.56595471,89.3,0.9060000000000001,3.142,1014.3969999999999,18.611,1.1892,8.245,2.459,0.059000000000000004,100,1.1,3.2,1014.3969999999999,0.0185169610629079,290.5706623626047,8.603877381739002,196.60675666551765,True,21.732389455956728,19.082097703416505,4,3,20160906_flight01
2016-09-06 13:37:04,54.78189496,7.56497169,89.3,1.24,2.99,1014.3989999999999,18.59,1.189108,8.756,2.109,-0.14800000000000002,100,1.4,3.1,1014.3989999999999,0.01867109150166235,290.54958420369894,9.006409773044972,193.5424994775497,True,21.72298087859943,19.145801665823196,4,3,20160906_flight01
2016-09-06 13:37:05,54.78198620999999,7.563988460000001,89.3,1.232,2.755,1014.3989999999999,18.573,1.189168,8.665,2.427,-0.134,100,1.4,2.9,1014.3989999999999,0.01867905351054766,290.53265357049315,8.998475093036596,195.64715162379747,True,21.713745742138563,19.209573917355893,4,3,20160906_flight01
2016-09-06 13:37:06,54.78207862,7.56300475,89.185,1.114,2.8409999999999997,1014.3989999999999,18.589000000000002,1.189216,8.589,2.667,0.013000000000000003,100,1.2,2.9,1014.3989999999999,0.018582071134529476,290.5485882840986,8.993542683503536,197.25027142278822,True,21.704624645573865,19.273414247916982,4,3,20160906_flight01
2016-09-06 13:37:07,54.782171840000004,7.56202055,89.07,0.7289999999999999,2.782,1014.405,18.593000000000004,1.189202,8.386000000000001,2.585,-0.061,100,1.0,2.9,1014.405,0.018586121589771132,290.552080453422,8.77537583240741,197.13201097986024,True,21.69558019896239,19.337311682597306,4,3,20160906_flight01
2016-09-06 13:37:08,54.78226534,7.56103592,88.92200000000001,0.5619999999999999,2.8689999999999998,1014.428,18.613000000000003,1.189166,8.206,2.83,-0.05600000000000001,100,0.6,2.9,1014.428,0.018570226529361467,290.5701145990748,8.680284327140441,199.0277577977663,True,21.686557230197934,19.401244959473143,4,3,20160906_flight01
2016-09-06 13:37:09,54.78235912,7.5600511500000005,88.8,0.48,2.9019999999999997,1014.452,18.611,1.189275,8.125,2.541,0.035,100,0.7,3.0,1014.452,0.01850794958414359,290.5661567132606,8.513066779956564,197.36647107567808,True,21.677561323505998,19.465196160604076,4,3,20160906_flight01
2016-09-06 13:37:10,54.78245258,7.55906626,88.70200000000001,0.07800000000000001,3.1060000000000003,1014.4780000000001,18.585,1.1892150000000001,7.919,2.6839999999999997,0.235,100,0.2,3.2,1014.4780000000001,0.018676220442331193,290.53813354639107,8.361484138596449,198.72314799872333,True,21.668529097065587,19.529144176952702,4,3,20160906_flight01
2016-09-06 13:37:11,54.78254515,7.55808164,88.7,0.151,3.1069999999999998,1014.48,18.635,1.189007,8.065,2.319,-0.01,100,0.4,3.2,1014.48,0.01868184183454602,290.58776457339195,8.391780859865205,196.04199386956628,True,21.659407482105053,19.593046032326956,4,3,20160906_flight01
2016-09-06 13:37:12,54.782637359999995,7.5570971899999995,88.7,-0.10100000000000002,3.068,1014.467,18.584,1.189205,8.408999999999999,2.483,0.003999999999999998,100,0.2,3.1,1014.467,0.01867723264471688,290.5380386406227,8.76792848967189,196.45075690231175,True,21.650250880491924,19.65692546009051,4,3,20160906_flight01
2016-09-06 13:37:13,54.78272884,7.5561127699999995,88.74799999999999,0.001,2.918,1014.453,18.592,1.18926,8.423,2.655,-0.21900000000000003,100,0.2,3.0,1014.453,0.018588132206371455,290.5471526109454,8.831531803713329,197.49528708803524,True,21.641017273448306,19.720778855071504,4,3,20160906_flight01
2016-09-06 13:37:14,54.782819870000004,7.5551283,88.8,0.209,2.943,1014.441,18.566000000000003,1.189461,8.488,2.925,0.024,100,0.3,3.0,1014.441,0.01849472821205178,290.522241966661,8.977848795786215,199.01416360856916,True,21.631734878403527,19.784620434364914,4,3,20160906_flight01
2016-09-06 13:37:15,54.78291035,7.55414399,88.836,-0.14600000000000002,3.0580000000000003,1014.445,18.605,1.189534,8.482999999999999,3.303,-0.078,100,0.2,3.1,1014.445,0.018300102141139085,290.5607547019876,9.1033564139827,201.2742952387494,True,21.622397111281707,19.8484339106902,4,3,20160906_flight01
2016-09-06 13:37:16,54.78299984,7.553160309999999,89.044,-0.086,3.029,1014.418,18.662,1.189378,9.156,3.373,-0.17600000000000002,100,0.3,3.1,1014.418,0.018207630617361525,290.6197336142241,9.757533756026675,200.22340945572836,True,21.612966259957453,19.91217567086078,4,3,20160906_flight01
2016-09-06 13:37:17,54.783089280000006,7.552177299999999,89.302,0.315,2.968,1014.39,18.715999999999998,1.189174,8.513,3.259,-0.046,100,0.4,3.1,1014.39,0.018165780077971316,290.6758076548053,9.115495049639378,200.9481584912639,True,21.603542996206677,19.975874378299963,4,3,20160906_flight01
2016-09-06 13:37:18,54.78317740000001,7.55119459,89.581,0.379,3.144,1014.355,18.689,1.189028,8.418,2.529,-0.44,100,0.5,3.2,1014.355,0.018349871141735363,290.6517859443683,8.78968514794472,196.721721245955,True,21.593985221973703,20.039510828640555,4,3,20160906_flight01
2016-09-06 13:37:19,54.783264769999995,7.55021209,89.95,0.544,2.8509999999999995,1014.3,18.64,1.188951,8.624,2.485,-0.15,100,0.8,3.0,1014.3,0.01853161458859165,290.6074919299086,8.974887241631507,196.07430197973704,True,21.5843517828144,20.103109462273785,4,3,20160906_flight01
2016-09-06 13:37:20,54.78335285,7.54922963,89.976,0.9740000000000001,2.718,1014.302,18.601000000000003,1.189114,8.618,2.903,0.046000000000000006,100,1.2,2.8,1014.302,0.018530140017781083,290.5684861194645,9.093807398444284,198.61625767058422,True,21.574794571439398,20.166729141226053,4,3,20160906_flight01
2016-09-06 13:37:21,54.7834415,7.548246799999999,89.76899999999999,1.141,2.8,1014.324,18.656,1.189092,8.276,2.734,0.0009999999999999998,100,1.3,2.8,1014.324,0.018379094791080908,290.62146040305856,8.715901100861574,198.2811182773761,True,21.565290813955755,20.230390560650545,4,3,20160906_flight01
2016-09-06 13:37:22,54.783530600000006,7.547263480000001,89.50299999999999,1.2790000000000001,2.737,1014.3639999999999,18.636000000000003,1.1892,8.557,2.838,-0.03899999999999999,100,1.5,2.8,1014.3639999999999,0.018396564123060344,290.59826413871673,9.015347636114761,198.34852991483046,True,21.555825446262503,20.29409716020405,4,3,20160906_flight01
2016-09-06 13:37:23,54.78362116,7.54627969,89.226,1.237,2.7140000000000004,1014.398,18.606,1.189127,8.494,2.739,-0.048,100,1.3,2.8,1014.398,0.01859794754173949,290.56560083949785,8.924693664210553,197.8725867068884,True,21.546506194491798,20.35788115758368,4,3,20160906_flight01
2016-09-06 13:37:24,54.783713209999995,7.54529546,89.02799999999999,1.246,2.8,1014.408,18.542,1.189286,8.677,3.07,-0.006999999999999999,100,1.3,2.8,1014.408,0.018695269917794466,290.5010429295493,9.20408762452857,199.48423360188622,True,21.53733682466934,20.421741692875212,4,3,20160906_flight01
2016-09-06 13:37:25,54.78380648,7.54431113,88.859,0.903,2.856,1014.433,18.575,1.189247,8.589,3.1460000000000004,0.054000000000000006,100,1.0,2.9,1014.433,0.018638541685459975,290.5318604128567,9.147034328130621,200.11689614898174,True,21.52829518869673,20.485648815845767,4,3,20160906_flight01
2016-09-06 13:37:26,54.78390037,7.5433270100000005,88.8,1.05,2.862,1014.43,18.541,1.189383,8.793,3.411,-0.08,100,1.2,2.9,1014.43,0.01863777368441899,290.4982451725783,9.431424600769493,201.2023792151894,True,21.51932348897555,20.549563499516363,4,3,20160906_flight01
2016-09-06 13:37:27,54.78399517,7.54234319,88.86800000000001,0.905,2.9,1014.439,18.625,1.189473,8.93,3.161,0.052000000000000005,100,1.1,2.9,1014.439,0.018276497200845565,290.58116437373883,9.472952074195245,199.49270871004086,True,21.510454279230053,20.613489788584122,4,3,20160906_flight01
2016-09-06 13:37:28,54.78409063,7.5413597900000005,88.853,0.7979999999999999,2.9,1014.428,18.68,1.189345,9.006,3.235,0.087,100,0.9,2.9,1014.428,0.018183114664958255,290.63684066673295,9.569391882455227,199.75854070927863,True,21.501663300616045,20.677411988179877,4,3,20160906_flight01
2016-09-06 13:37:29,54.78418663,7.54037679,88.8,0.625,2.8930000000000002,1014.4259999999999,18.709,1.189314,9.032,3.3310000000000004,0.062,100,0.8,2.9,1014.4259999999999,0.018106474390478633,290.66588599531076,9.626660116572102,200.24396537207002,True,21.492937414625658,20.74132735935996,4,3,20160906_flight01
2016-09-06 13:37:30,54.78428271,7.5393940399999995,88.8,0.613,2.948,1014.433,18.692,1.189243,8.658999999999999,3.07,0.009,100,0.8,3.0,1014.433,0.018233592402661758,290.6483818891385,9.187120386715305,199.52167683933115,True,21.48422484488062,20.805229933815017,4,3,20160906_flight01
2016-09-06 13:37:31,54.78437838,7.53841145,88.8,0.57,3.0,1014.437,18.67,1.189289,8.39,3.237,0.081,100,0.8,3.0,1014.437,0.0182749842954415,290.6261441224671,8.992789834083748,201.09743473608827,True,21.475471782012256,20.869109042409615,4,3,20160906_flight01
2016-09-06 13:37:32,54.78447409,7.53742935,88.8,0.447,2.991,1014.44,18.655,1.189267,8.763,2.972,-0.071,100,0.6,3.0,1014.44,0.018349177280952755,290.61095969311623,9.253267152741241,198.73453442751196,True,21.46673240568773,20.932959200750947,4,3,20160906_flight01
2016-09-06 13:37:33,54.784570290000005,7.536447419999999,88.8,0.327,2.853,1014.442,18.651,1.189262,8.915,2.9730000000000003,0.032,100,0.4,2.9,1014.442,0.01836942601815994,290.60681219993404,9.397656835615992,198.44266075228026,True,21.458048379207646,20.99681508534753,4,3,20160906_flight01
2016-09-06 13:37:34,54.78466633,7.53546545,88.8,0.587,2.8169999999999997,1014.446,18.655,1.1892610000000001,8.767000000000001,2.98,-0.061000000000000006,100,0.7,2.9,1014.446,0.01836033815677074,290.61046810513636,9.259626828333852,198.77346371385414,True,21.449346577971944,21.060668141832643,4,3,20160906_flight01
2016-09-06 13:37:35,54.784762060000006,7.534483269999999,88.7,0.17,2.864,1014.461,18.657,1.189332,8.738,3.156,0.199,100,0.4,2.9,1014.461,0.018307622325825834,290.6112309559291,9.290477920968328,199.85875914245597,True,21.440607786736415,21.12452390549821,4,3,20160906_flight01
2016-09-06 13:37:36,54.784857030000005,7.533501189999999,88.539,-0.124,2.9339999999999997,1014.4839999999999,18.644000000000002,1.189329,8.385,3.392,0.121,100,0.2,3.0,1014.4839999999999,0.01837864696790459,290.59639994834527,9.045103039766877,202.02490294535698,True,21.431790149638744,21.188348317694846,4,3,20160906_flight01
2016-09-06 13:37:37,54.784951140000004,7.53251942,88.5,-0.109,2.9410000000000003,1014.485,18.542,1.189322,8.642000000000001,3.095,0.135,100,0.3,3.0,1014.485,0.018741757767833933,290.49473668813374,9.179498297837416,199.70420761820776,True,21.4228870826053,21.252125091142727,4,3,20160906_flight01
2016-09-06 13:37:38,54.7850447,7.53153802,88.5,0.257,2.978,1014.4960000000001,18.546000000000003,1.18943,9.088,3.21,0.012,100,0.4,3.0,1014.4960000000001,0.01864633258443682,290.4978194162128,9.63824901110155,199.4538842647003,True,21.41393268724451,21.31586078656222,4,3,20160906_flight01
2016-09-06 13:37:39,54.785137940000006,7.53055703,88.5,0.41600000000000004,3.02,1014.4889999999999,18.659000000000002,1.189497,9.164,3.094,0.028999999999999998,100,0.6,3.1,1014.4889999999999,0.018187492477384826,290.6109287446867,9.672214431039047,198.65599336747943,True,21.40495217778887,21.379560550618553,4,3,20160906_flight01
2016-09-06 13:37:40,54.785230250000005,7.52957621,88.564,0.054000000000000006,3.03,1014.4780000000001,18.746000000000002,1.18957,8.804,2.9160000000000004,0.032,100,0.1,3.1,1014.4780000000001,0.017810519979309714,290.69847303085805,9.274344828611884,198.32554621267528,True,21.395876103087993,21.44321900741262,4,3,20160906_flight01
2016-09-06 13:37:41,54.785321190000005,7.52859559,88.6,0.279,2.935,1014.472,18.809,1.189475,8.988999999999999,2.8710000000000004,-0.055,100,0.4,3.0,1014.472,0.017666146247564685,290.76170639572183,9.436353215093211,197.7129811009289,True,21.386658278398876,21.506819729598696,4,3,20160906_flight01
2016-09-06 13:37:42,54.78541202,7.52761499,88.54299999999999,0.359,2.897,1014.488,18.827,1.189366,8.727,2.6340000000000003,-0.011,100,0.4,2.9,1014.488,0.01771271805735397,290.77832096713763,9.115837043299974,196.7949658797184,True,21.377429148222994,21.570415572623183,4,3,20160906_flight01
2016-09-06 13:37:43,54.78550237,7.526633960000001,88.399,0.17900000000000002,2.8819999999999997,1014.5,18.777,1.189293,8.45,2.659,-0.004999999999999998,100,0.3,2.9,1014.5,0.01796154738505029,290.72754271313937,8.858486383124376,197.46746237602974,True,21.36814072443873,21.634022084975047,4,3,20160906_flight01
2016-09-06 13:37:44,54.7855918,7.52565241,88.262,0.379,2.8,1014.4989999999999,18.715,1.189199,8.571,2.727,-0.077,100,0.8,2.8,1014.4989999999999,0.018257267838191815,290.66587939841935,8.994363234826576,197.64929644959176,True,21.358744511587936,21.69763025362845,4,3,20160906_flight01
2016-09-06 13:37:45,54.785681059999995,7.52467031,88.102,0.7959999999999999,2.853,1014.505,18.675,1.189176,7.99,2.74,0.03,100,0.9,2.9,1014.505,0.018422558890542895,290.62555215258914,8.446756774052394,198.92831099394357,True,21.34931964066668,21.76126677380999,4,3,20160906_flight01
2016-09-06 13:37:46,54.78577064,7.52368787,87.94200000000001,0.796,2.9,1014.523,18.641000000000002,1.189295,8.703,2.8489999999999998,0.008000000000000002,100,0.9,2.9,1014.523,0.018457382580945314,290.59021733761256,9.157456524603324,198.12629300618727,True,21.33992223175882,21.82493490033529,4,3,20160906_flight01
2016-09-06 13:37:47,54.78586115,7.52270531,87.833,0.835,2.883,1014.547,18.63,1.189294,8.495,2.714,0.026000000000000002,100,0.9,2.9,1014.547,0.018520728443190748,290.5772966508085,8.918005438437453,197.71774772376153,True,21.33062135089211,21.888641244822185,4,3,20160906_flight01
2016-09-06 13:37:48,54.78595209,7.52172254,87.73700000000001,0.7859999999999999,2.975,1014.5840000000001,18.607,1.189489,8.241,2.819,0.188,100,0.9,3.1,1014.5840000000001,0.01847117764995243,290.5513609657846,8.709812971585555,198.88428564139085,True,21.321362125916167,21.9523748069136,4,3,20160906_flight01
2016-09-06 13:37:49,54.78604311,7.52073982,87.7,0.597,3.0380000000000003,1014.5930000000001,18.6,1.189419,8.533999999999999,2.84,0.12300000000000001,100,0.8,3.1,1014.5930000000001,0.018564589978508517,290.54365278513745,8.99415121064795,198.40674613505197,True,21.3121123659961,22.01610792948046,4,3,20160906_flight01
2016-09-06 13:37:50,54.7861346,7.5197575,87.60199999999999,0.35100000000000003,3.091,1014.587,18.52,1.189401,8.342,2.872,0.054000000000000006,100,0.6,3.1,1014.587,0.0188533581180772,290.4644748434363,8.822547704603245,198.9976608033591,True,21.302920259223576,22.07983190507802,4,3,20160906_flight01
2016-09-06 13:37:51,54.78622569,7.51877548,87.666,0.07100000000000001,3.1319999999999997,1014.565,18.476,1.189476,8.544,2.741,0.253,100,0.1,3.2,1014.565,0.0189207349799434,290.4224577833363,8.972904602189862,197.78675650699523,True,21.293691417943528,22.143524095996998,4,3,20160906_flight01
2016-09-06 13:37:52,54.78631617,7.517793950000001,87.68,0.0050000000000000044,3.1,1014.563,18.625,1.1894339999999999,8.727,2.741,0.075,100,0.3,3.1,1014.563,0.0184343583258908,290.57100668014476,9.147328025166694,197.436603260499,True,21.284407182355366,22.207165807235402,4,3,20160906_flight01
2016-09-06 13:37:53,54.7864059,7.5168126,87.74799999999999,-0.477,3.028,1014.565,18.65,1.189448,8.646,2.342,-0.203,100,0.6,3.1,1014.565,0.01833712516192243,290.59573968431323,8.95758226308863,195.15638327035927,True,21.27504670416397,22.27077155534703,4,3,20160906_flight01
2016-09-06 13:37:54,54.78649363,7.51583089,87.887,-0.27099999999999996,2.93,1014.525,18.592,1.189277,8.765,2.218,0.017,100,0.6,3.0,1014.525,0.018645864555506986,290.54125517267954,9.041280274385924,194.2007005625037,True,21.26546673736825,22.334333302029087,4,3,20160906_flight01
2016-09-06 13:37:55,54.78658014,7.5148489,87.81,0.778,2.9339999999999997,1014.549,18.627,1.189416,8.826,3.005,-0.138,100,1.5,3.0,1014.549,0.018428736226958398,290.5741451915366,9.323534791054303,198.80223688711817,True,21.255751719463397,22.39787193971338,4,3,20160906_flight01
2016-09-06 13:37:56,54.786667269999995,7.51386681,87.84899999999999,1.791,2.97,1014.545,18.585,1.189371,8.904,3.023,0.235,100,1.9,3.1,1014.545,0.018609877513251938,290.53264594064177,9.403177388521392,198.7528807747945,True,21.246100668467776,22.461437291758994,4,3,20160906_flight01
2016-09-06 13:37:57,54.786755979999995,7.51288482,87.811,1.496,3.12,1014.567,18.684,1.1893390000000001,8.636000000000001,2.997,-0.14800000000000002,100,1.8,3.2,1014.567,0.01831380882526701,290.629435512718,9.141252922876602,199.13859798874034,True,21.236619462673623,22.52504879827298,4,3,20160906_flight01
2016-09-06 13:37:58,54.78684585,7.5119032500000005,87.971,1.193,3.093,1014.5169999999999,18.582,1.189733,8.492,3.466,0.272,100,1.3,3.3,1014.5169999999999,0.01828231281361914,290.53195155232186,9.172089184040898,202.20277034324863,True,21.227269627126788,22.588672776412565,4,3,20160906_flight01
2016-09-06 13:37:59,54.786936919999995,7.51092263,88.09100000000001,1.247,3.315,1014.5169999999999,18.637,1.189406,8.612,2.758,0.32,100,1.3,3.4,1014.5169999999999,0.018370273735252463,290.58672530815045,9.042848445042083,197.75770633984234,True,21.218065618607433,22.652277804483962,4,3,20160906_flight01
2016-09-06 13:38:00,54.787029430000004,7.50994287,88.214,1.008,3.227,1014.507,18.68,1.189382,8.623,2.758,-0.04300000000000001,100,1.2,3.3,1014.507,0.018230730389456884,290.63036773817055,9.05332496931376,197.7364740796618,True,21.209031210858143,22.715877392554788,4,3,20160906_flight01
2016-09-06 13:38:01,54.78712241,7.50896359,88.459,0.8059999999999999,3.2,1014.4860000000001,18.649,1.189146,8.697000000000001,2.628,-0.098,100,1.0,3.2,1014.4860000000001,0.01851992251136836,290.60121557645095,9.085383481174585,196.8134079803516,True,21.200055996731415,22.77946289077586,4,3,20160906_flight01
2016-09-06 13:38:02,54.787215589999995,7.5079845899999995,88.76100000000001,0.652,3.23,1014.447,18.571,1.189181,8.539,2.504,0.013999999999999999,100,0.9,3.3,1014.447,0.01872310360001639,290.52673005985173,8.898569379400264,196.34339355584848,True,21.19110742991584,22.843037713355134,4,3,20160906_flight01
2016-09-06 13:38:03,54.78730907,7.50700589,88.94800000000001,0.823,3.0210000000000004,1014.419,18.563,1.189288,8.945,3.045,0.037,100,0.9,3.1,1014.419,0.018631268189841066,290.52105619390704,9.44907667446931,198.7992745052212,True,21.182196523355188,22.906603936792546,4,3,20160906_flight01
2016-09-06 13:38:04,54.78740352,7.50602758,88.89300000000001,0.484,2.9760000000000004,1014.414,18.604,1.1892360000000002,8.722000000000001,3.005,0.179,100,0.7,3.0,1014.414,0.018527634278648453,290.56229826608865,9.225145473107728,199.0104210001718,True,21.173396216498404,22.970178192218334,4,3,20160906_flight01
2016-09-06 13:38:05,54.78749732,7.50504927,88.756,-0.215,3.057,1014.437,18.721,1.189133,8.297,2.614,-0.027999999999999997,100,0.3,3.1,1014.437,0.018230618426060996,290.6769354779268,8.699034716564821,197.4872228797651,True,21.16452682879121,23.033730918217238,4,3,20160906_flight01
2016-09-06 13:38:06,54.78758943,7.50407059,88.7,-0.064,2.96,1014.45,18.633000000000003,1.189191,8.735,2.56,-0.127,100,0.3,3.1,1014.45,0.018501085791482685,290.58823046572235,9.102407648529041,196.33448070360106,True,21.15547070617105,23.097250528526857,4,3,20160906_flight01
2016-09-06 13:38:07,54.78768107,7.503091520000001,88.695,-0.14400000000000002,2.8339999999999996,1014.472,18.663,1.189009,8.275,2.214,-0.205,100,0.3,2.9,1014.472,0.018574351734001127,290.61630512659235,8.566062164145205,194.97881142475148,True,21.146357122962804,23.1607786679458,4,3,20160906_flight01
2016-09-06 13:38:08,54.78777146,7.5021115499999995,88.56,-0.014999999999999998,2.923,1014.4960000000001,18.571,1.189255,8.255,2.6060000000000003,0.023000000000000003,100,0.3,3.0,1014.4960000000001,0.018708918230911253,290.52271672534766,8.656573282771886,197.52025339717716,True,21.13709336161235,23.224321012023083,4,3,20160906_flight01
2016-09-06 13:38:09,54.787860849999994,7.50113121,88.433,0.39899999999999997,2.901,1014.498,18.453,1.189484,8.509,2.839,0.045,100,0.8,3.0,1014.498,0.01892695580212589,290.4050376882127,8.970117167573678,198.4511078239779,True,21.127716197328226,23.287853094725534,4,3,20160906_flight01
2016-09-06 13:38:10,54.787950380000005,7.500150680000001,88.3,0.5539999999999999,2.9539999999999997,1014.5010000000001,18.515,1.1895229999999999,8.6,3.1439999999999997,0.016,100,0.7,3.0,1014.5010000000001,0.018679972469693995,290.4665373215841,9.156677126556335,200.0814719495406,True,21.11835025336859,23.351401553876343,4,3,20160906_flight01
2016-09-06 13:38:11,54.78804008,7.499170319999999,88.3,0.397,3.056,1014.5039999999999,18.682000000000002,1.1893090000000002,8.427999999999999,3.389,0.183,100,0.5,3.2,1014.5039999999999,0.01828323977265578,290.6326053139826,9.083859587201905,201.90565166203828,True,21.109005650217853,23.414945140179626,4,3,20160906_flight01
2016-09-06 13:38:12,54.78812903,7.4981905300000005,88.32799999999999,0.17800000000000002,3.24,1014.5,18.674,1.189233,7.726,3.424,-0.005,100,0.3,3.3,1014.5,0.018372216444268785,290.6249659151746,8.450730855967429,203.9019095354539,True,21.099592314283413,23.47842866681493,4,3,20160906_flight01
2016-09-06 13:38:13,54.78821695,7.49721146,88.595,0.373,3.1719999999999997,1014.485,18.683,1.188977,8.084,2.862,-0.07,100,0.5,3.2,1014.485,0.018545010393677508,290.63515794710906,8.575669070107592,199.49562579991044,True,21.090083376052178,23.54183359166743,4,3,20160906_flight01
2016-09-06 13:38:14,54.78830548,7.496233,88.84299999999999,0.577,3.0380000000000003,1014.449,18.532,1.189143,8.269,3.222,0.10200000000000001,100,0.7,3.1,1014.449,0.018893881485379183,290.4877259285098,8.874550411147597,201.28828014683842,True,21.08065101367039,23.605221031597512,4,3,20160906_flight01
2016-09-06 13:38:15,54.78839437,7.495254999999999,88.9,0.4,3.1,1014.44,18.516,1.189159,8.181000000000001,3.364,0.07200000000000001,100,0.6,3.1,1014.44,0.018927025557842425,290.4725284688489,8.845634912203872,202.35230190068833,True,21.071265769187995,23.668591973956865,4,3,20160906_flight01
2016-09-06 13:38:16,54.788482800000004,7.494277469999999,88.99,0.7709999999999999,3.0010000000000003,1014.4259999999999,18.532,1.189256,8.35,3.33,0.293,100,0.9,3.1,1014.4259999999999,0.018773970267884854,290.4896095679223,8.989516116009804,201.74223187930852,True,21.061840687014687,23.731918640685333,4,3,20160906_flight01
2016-09-06 13:38:17,54.78857183,7.493300339999999,88.87200000000001,0.821,2.987,1014.438,18.667,1.1890640000000001,7.928999999999999,2.8139999999999996,0.17300000000000001,100,1.0,3.0,1014.438,0.01847914108958837,290.62307446040484,8.413538910589288,199.5397603667664,True,21.052487074158712,23.795240466329727,4,3,20160906_flight01
2016-09-06 13:38:18,54.7886611,7.49232295,88.679,0.6829999999999999,2.8939999999999997,1014.4760000000001,18.566000000000003,1.189219,8.596,2.549,-0.07,100,0.9,3.0,1014.4760000000001,0.01873713370519048,290.519375301051,8.96596994195274,196.51684244124147,True,21.043153961531942,23.858586305661543,4,3,20160906_flight01
2016-09-06 13:38:19,54.78875099,7.49134498,88.446,0.624,2.738,1014.4960000000001,18.577,1.189225,8.482000000000001,2.6719999999999997,0.05800000000000001,100,0.8,2.8,1014.4960000000001,0.018713664212518744,290.52869207954,8.892913358399486,197.48547200541873,True,21.033875572959644,23.921988516635967,4,3,20160906_flight01
2016-09-06 13:38:20,54.788840840000006,7.49036614,88.07600000000001,0.371,2.7510000000000003,1014.534,18.554000000000002,1.189425,8.617,2.9210000000000003,0.29400000000000004,100,0.5,2.8,1014.534,0.01866083269793517,290.50267452625724,9.098622423202318,198.72568676296027,True,21.02457618058503,23.985443156545102,4,3,20160906_flight01
2016-09-06 13:38:21,54.78893043,7.48938678,87.62700000000001,0.355,2.8,1014.5830000000001,18.532,1.189361,8.873,2.826,0.145,100,0.5,2.8,1014.5830000000001,0.018841689155346897,290.4767527734726,9.312164356367427,197.66638113871863,True,21.015239142775954,24.048921313404243,4,3,20160906_flight01
2016-09-06 13:38:22,54.7890199,7.48840686,87.256,0.479,2.887,1014.628,18.548,1.189473,8.373,2.6319999999999997,0.051,100,0.6,3.0,1014.628,0.01873505836270528,290.48900186169215,8.776933006466438,197.45021328998018,True,21.00587856824899,24.11243009576149,4,3,20160906_flight01
2016-09-06 13:38:23,54.789108459999994,7.48742621,87.03200000000001,0.297,2.9810000000000003,1014.6590000000001,18.646,1.189344,8.158,2.392,-0.04300000000000001,100,0.7,3.0,1014.6590000000001,0.018534491610099124,290.5840565344579,8.501448582447582,196.34161827480182,True,20.996407223688927,24.175953840702753,4,3,20160906_flight01
2016-09-06 13:38:24,54.789196499999996,7.4864450399999996,86.904,0.7809999999999999,3.009,1014.666,18.573,1.189389,8.668,2.585,0.147,100,1.0,3.1,1014.666,0.018757849805125293,290.51078653350396,9.045244551696763,196.6058091492963,True,20.986870601356372,24.239492490823956,4,3,20160906_flight01
2016-09-06 13:38:25,54.78928569,7.48546382,86.8,1.214,3.032,1014.701,18.575,1.189381,8.734,2.7560000000000002,-0.031,100,1.3,3.1,1014.701,0.018792858883712737,290.5099122862018,9.158509267342584,197.5130091561353,True,20.97745523619345,24.303072320769925,4,3,20160906_flight01
2016-09-06 13:38:26,54.78937595,7.48448251,86.853,1.215,3.177,1014.695,18.529,1.189492,8.363999999999999,2.509,-0.149,100,1.4,3.2,1014.695,0.018852419857843694,290.4645951014905,8.732214896576927,196.69798729278673,True,20.968151855703034,24.3666931522049,4,3,20160906_flight01
2016-09-06 13:38:27,54.789466350000005,7.483501240000001,87.096,1.133,3.2310000000000003,1014.6440000000001,18.567,1.189444,8.094,2.694,-0.027999999999999997,100,1.3,3.3,1014.6440000000001,0.018709606915398025,290.5066129271739,8.530561060094465,198.40946137820055,True,20.95886412440344,24.43031614930727,4,3,20160906_flight01
2016-09-06 13:38:28,54.789557560000006,7.48252048,87.39200000000001,1.0190000000000001,3.2889999999999997,1014.599,18.578000000000003,1.189419,7.867000000000001,2.662,-0.079,100,1.2,3.3,1014.599,0.01864742663886565,290.5212523892369,8.305175073410554,198.69455934349008,True,20.949672299004405,24.493934464526507,4,3,20160906_flight01
2016-09-06 13:38:29,54.78964999,7.48154046,87.76700000000001,1.109,3.21,1014.558,18.55,1.189275,8.383,2.8169999999999997,0.073,100,1.5,3.3,1014.558,0.018827384966155325,290.49672561172963,8.843651847511863,198.5742646109709,True,20.94062438244878,24.557547467181912,4,3,20160906_flight01
2016-09-06 13:38:30,54.78974387,7.48056116,88.027,1.4369999999999998,3.387,1014.5169999999999,18.532,1.189194,8.498,2.6830000000000003,0.341,100,1.5,3.4,1014.5169999999999,0.01891848002651053,290.48215722884134,8.911480965585909,197.52201884920248,True,20.931744433612202,24.621164011098887,4,3,20160906_flight01
2016-09-06 13:38:31,54.78983911,7.47958267,88.1,1.0070000000000001,3.4,1014.5039999999999,18.512999999999998,1.189175,8.455,2.585,0.4,100,1.4,3.4,1014.5039999999999,0.018988079455509732,290.4642998838102,8.841337568490415,197.0002918190794,True,20.923024620488285,24.684775554539375,4,3,20160906_flight01
2016-09-06 13:38:32,54.7899347,7.4786048,88.18799999999999,0.389,3.228,1014.5039999999999,18.504,1.189291,8.395,2.523,0.10400000000000001,100,0.5,3.4,1014.5039999999999,0.018920131668514584,290.455336872736,8.765931439385092,196.72741663393575,True,20.914353943432957,24.7483603834267,4,3,20160906_flight01
2016-09-06 13:38:33,54.7900304,7.47762729,88.3,0.451,3.052,1014.492,18.465999999999998,1.189374,8.601,2.758,0.08700000000000001,100,0.5,3.1,1014.492,0.01896973829614046,290.4184755188625,9.032373165453253,197.7789878511071,True,20.905701889123634,24.81192661279447,4,3,20160906_flight01
2016-09-06 13:38:34,54.79012648,7.4766499,88.235,0.263,3.011,1014.497,18.543,1.189301,8.291,2.744,-0.03900000000000001,100,0.4,3.1,1014.497,0.018768304077817932,290.4947498447876,8.733282143615883,198.3125442949708,True,20.897092531256455,24.87549801427624,4,3,20160906_flight01
2016-09-06 13:38:35,54.7902219,7.4756722,88.294,0.397,2.9130000000000003,1014.4939999999999,18.517,1.189287,8.399,2.764,-0.14400000000000002,100,0.5,3.0,1014.4939999999999,0.018868100720656367,290.46910231198655,8.84210930717326,198.21569277048266,True,20.888407060412767,24.93906670876996,4,3,20160906_flight01
2016-09-06 13:38:36,54.790317400000006,7.47469421,88.258,0.738,2.901,1014.493,18.52,1.189283,8.431000000000001,2.577,-0.05,100,0.8,3.0,1014.493,0.01886004354580506,290.4721718789503,8.816047300236088,196.99617540764757,True,20.87972450760359,25.002655970980243,4,3,20160906_flight01
2016-09-06 13:38:37,54.79041299000001,7.47371558,88.161,-0.05500000000000001,2.978,1014.507,18.59,1.1890530000000001,8.048,2.062,-0.067,100,0.7,3.0,1014.507,0.018826670289132652,290.5407377032309,8.30795690889162,194.37077449168873,True,20.87103919602827,25.06628775722944,4,3,20160906_flight01
2016-09-06 13:38:38,54.79050736999999,7.472736200000001,87.992,-0.14100000000000001,2.885,1014.5219999999999,18.499000000000002,1.189141,8.4,2.32,-0.008,100,0.3,2.9,1014.5219999999999,0.019084211165202314,290.44888357740143,8.714493674333582,195.43964553531924,True,20.862210845830234,25.129925805123708,4,3,20160906_flight01
2016-09-06 13:38:39,54.79060157,7.4717562399999995,87.764,-0.20400000000000001,2.747,1014.541,18.474,1.189209,8.43,2.685,5.551115123125783e-19,100,0.4,2.8,1014.541,0.019132382893538358,290.42243089558843,8.847266527012735,197.66695488097588,True,20.853352197103135,25.19359372690506,4,3,20160906_flight01
2016-09-06 13:38:40,54.79069473,7.47077546,87.523,-0.5529999999999999,2.772,1014.5930000000001,18.479,1.189284,8.411,2.701,-0.064,100,0.7,2.8,1014.5930000000001,0.01910287233602892,290.42315310394804,8.834043355112085,197.80323173949512,True,20.844367229137198,25.257277866125005,4,3,20160906_flight01
2016-09-06 13:38:41,54.79078622,7.46979396,87.287,0.109,2.8709999999999996,1014.596,18.52,1.1893340000000001,8.123,2.739,0.083,100,0.4,3.0,1014.596,0.018919792607533736,290.4637379413335,8.572353819109427,198.63362750403093,True,20.83519091224227,25.32095117720075,4,3,20160906_flight01
2016-09-06 13:38:42,54.79087693,7.46881209,87.083,0.621,3.071,1014.62,18.438,1.189387,8.446,2.8680000000000003,0.199,100,0.8,3.1,1014.62,0.01918502327636551,290.38011259068963,8.919660307433238,198.75589608513596,True,20.82592457362587,25.384621513785053,4,3,20160906_flight01
2016-09-06 13:38:43,54.790968039999996,7.46783048,87.0,1.038,3.1940000000000004,1014.6190000000001,18.497,1.189271,8.361,2.7939999999999996,0.151,100,1.1,3.2,1014.6190000000001,0.01907722832631431,290.43895005505226,8.815483934532466,198.4781102514178,True,20.81670575284752,25.448289034886546,4,3,20160906_flight01
2016-09-06 13:38:44,54.791059690000004,7.4668491800000005,87.02600000000001,0.795,3.1860000000000004,1014.622,18.542,1.189161,8.048,2.4459999999999997,0.05600000000000001,100,1.0,3.3,1014.622,0.019017278254724435,290.4835180141025,8.411493327584585,196.90541367741932,True,20.80755029165983,25.511955288313214,4,3,20160906_flight01
2016-09-06 13:38:45,54.79115139,7.46586802,87.14399999999999,0.6829999999999999,3.2260000000000004,1014.6060000000001,18.496,1.189202,8.225,2.369,-0.078,100,0.8,3.3,1014.6060000000001,0.01912679383454652,290.43901849545136,8.559368317814112,196.06768702963635,True,20.79840284021528,25.575614547809014,4,3,20160906_flight01
2016-09-06 13:38:46,54.791243800000004,7.464887099999999,87.311,0.7090000000000001,3.111,1014.6030000000001,18.499000000000002,1.189313,8.363,2.5789999999999997,-0.007000000000000001,100,0.9,3.2,1014.6030000000001,0.0190181823575315,290.44225169220647,8.751628991222148,197.1388291319863,True,20.78933546774296,25.639282495422965,4,3,20160906_flight01
2016-09-06 13:38:47,54.79133652,7.46390625,87.44300000000001,0.528,3.187,1014.585,18.467,1.189297,8.244,2.425,-0.08,100,0.6,3.2,1014.585,0.019125632382343438,290.4118576294833,8.593262535265636,196.39142168461868,True,20.78030238943858,25.702956385897107,4,3,20160906_flight01
2016-09-06 13:38:48,54.79142892,7.46292542,87.627,0.265,3.1,1014.565,18.514,1.189129,8.132,2.595,-0.10300000000000001,100,0.5,3.1,1014.565,0.019085275700090998,290.4603009571129,8.536008962038407,197.69838699667156,True,20.771235687219132,25.76661844154878,4,3,20160906_flight01
2016-09-06 13:38:49,54.79152079000001,7.4619446400000005,87.84299999999999,-0.031,3.0389999999999997,1014.541,18.488,1.189067,8.219,2.444,-0.113,100,0.2,3.1,1014.541,0.019205160064907467,290.43637321183314,8.574677661580054,196.56036038641216,True,20.76211362033476,25.83025985313705,4,3,20160906_flight01
2016-09-06 13:38:50,54.79161223,7.460963860000001,87.985,0.043,3.04,1014.515,18.438,1.1893120000000001,8.589,2.68,-0.115,100,0.2,3.1,1014.515,0.01914381571330459,290.38870762635037,8.997406348498439,197.32933211094849,True,20.752945853809138,25.893887022180873,4,3,20160906_flight01
2016-09-06 13:38:51,54.791703289999994,7.459983019999999,88.139,-0.009000000000000001,3.028,1014.508,18.507,1.1890749999999999,8.227,2.613,-0.17300000000000001,100,0.1,3.1,1014.508,0.019098757916846454,290.45799701015096,8.631992701572448,197.62051102895057,True,20.743736546198946,25.957505311950865,4,3,20160906_flight01
2016-09-06 13:38:52,54.79179277,7.45900196,88.367,-0.271,3.178,1014.4860000000001,18.518,1.1891420000000001,8.093,2.699,-0.265,100,0.4,3.2,1014.4860000000001,0.018980808973568797,290.4707533087924,8.531192765375778,198.44344400849445,True,20.734355082675172,26.021084861573105,4,3,20160906_flight01
2016-09-06 13:38:53,54.7918807,7.458021189999999,88.762,-0.061000000000000006,3.125,1014.4309999999999,18.416999999999998,1.189192,8.511000000000001,3.094,-0.07200000000000001,100,0.2,3.2,1014.4309999999999,0.019235669340128325,290.3746703556682,9.055934904801381,199.97770110671433,True,20.72481447211581,26.08459515385181,4,3,20160906_flight01
2016-09-06 13:38:54,54.79196835,7.45704114,89.075,0.07600000000000001,3.198,1014.3939999999999,18.418999999999997,1.188992,8.376,3.2119999999999997,0.068,100,0.2,3.3,1014.3939999999999,0.01936294087316881,290.3796913015068,8.970748017863393,200.98064997660794,True,20.715257967933468,26.14805168599388,4,3,20160906_flight01
2016-09-06 13:38:55,54.79205491,7.456061600000001,89.4,-0.019000000000000003,3.258,1014.375,18.585,1.1886520000000003,8.005,2.2430000000000003,-0.222,100,0.1,3.3,1014.375,0.0190552368992416,290.54657062548404,8.313307043529669,195.65286534072732,True,20.705595441011695,26.21144060408194,4,3,20160906_flight01
2016-09-06 13:38:56,54.79214024,7.45508233,89.67399999999999,0.589,3.034,1014.3209999999999,18.301,1.189012,8.647,2.903,0.14,100,0.8,3.2,1014.3209999999999,0.019685111784494058,290.26814700186435,9.121294754583912,198.55810555773138,True,20.69580739097094,26.274772099649393,4,3,20160906_flight01
2016-09-06 13:38:57,54.79222599,7.45410344,89.7,0.563,3.048,1014.313,18.315,1.1891100000000001,8.513,3.139,0.132,100,0.6,3.1,1014.313,0.019544058893267158,290.28274497442806,9.073284410840431,200.2404526649201,True,20.686071295046773,26.33809402785759,4,3,20160906_flight01
2016-09-06 13:38:58,54.79231126,7.4531247800000004,89.7,0.42700000000000005,3.1,1014.322,18.415,1.18925,8.634,3.13,0.17900000000000002,100,0.6,3.1,1014.322,0.01908344045046273,290.38160245665574,9.18383667102154,199.9266070832353,True,20.67628861443948,26.40138584663156,4,3,20160906_flight01
2016-09-06 13:38:59,54.7923958,7.4521465000000005,89.7,0.369,3.079,1014.305,18.491,1.189203,8.705,3.1460000000000004,0.138,100,0.5,3.1,1014.305,0.018841063020396787,290.458686267916,9.25604348520468,199.86993138765416,True,20.666435667983258,26.464630007522185,4,3,20160906_flight01
2016-09-06 13:39:00,54.79248017,7.451168729999999,89.679,0.449,2.975,1014.3059999999999,18.599,1.189126,8.576,3.0189999999999997,0.215,100,0.5,3.0,1014.3059999999999,0.018530860402889093,290.5661665056146,9.091872029455761,199.3935427107263,True,20.65657447476,26.527837026778197,4,3,20160906_flight01
2016-09-06 13:41:31,54.87268151,7.47831708,89.586,3.8339999999999996,3.605,1014.221,18.451,1.189042,8.628,2.582,0.171,100,4.6,3.7,1014.221,0.019034395789686354,290.42572741808357,9.00605951568165,196.66024513456858,True,29.70299828609243,27.50689345137133,5,4,20160906_flight01
2016-09-06 13:41:32,54.87263753,7.47935359,89.87899999999999,2.802,3.33,1014.195,18.646,1.188959,8.191,2.061,-0.10400000000000001,100,3.4,3.5,1014.195,0.018398382921654965,290.6220722711012,8.446312923400365,194.1234415718666,True,29.718283151450308,27.441394927797052,5,4,20160906_flight01
2016-09-06 13:41:33,54.8725885,7.4803875500000006,90.14399999999999,1.605,3.3409999999999997,1014.16,18.505,1.188866,8.32,2.611,0.29400000000000004,100,2.0,3.4,1014.16,0.018935264237393445,290.48450661719716,8.72007574508387,197.4230107988838,True,29.73298220907141,27.37588669144291,5,4,20160906_flight01
2016-09-06 13:41:34,54.872537359999995,7.481420480000001,90.2,1.06,3.201,1014.171,18.573,1.188655,7.832999999999999,2.384,0.41100000000000003,100,1.2,3.4,1014.171,0.018889634436392466,290.55133240568443,8.187755797530848,196.92780413172497,True,29.74743718599693,27.310372206839205,5,4,20160906_flight01
2016-09-06 13:41:35,54.87248473,7.48245274,90.06,0.6890000000000001,3.165,1014.1920000000001,18.511,1.1887120000000002,8.285,2.702,0.215,100,1.1,3.2,1014.1920000000001,0.01907845942590969,290.48786114152165,8.714472387930321,198.06278203071392,True,29.761720906872625,27.24484976678637,5,4,20160906_flight01
2016-09-06 13:41:36,54.87243184,7.4834855000000005,89.875,0.285,3.008,1014.201,18.493,1.188903,8.244,2.9610000000000003,0.171,100,0.4,3.1,1014.201,0.01898667129502063,290.4691963393966,8.759626533134846,199.75678132282172,True,29.775986623381705,27.179287821961484,5,4,20160906_flight01
2016-09-06 13:41:37,54.87237851,7.48451883,89.565,-0.22,2.912,1014.224,18.573,1.189085,8.013,2.4859999999999998,0.085,100,0.9,3.0,1014.224,0.018574408263644093,290.546989914024,8.38977741063492,197.23628649314088,True,29.790216553358626,27.11367608534929,5,4,20160906_flight01
2016-09-06 13:41:38,54.87232483,7.48555269,89.279,-1.015,2.885,1014.2739999999999,18.546000000000003,1.188981,7.888,2.496,-0.030999999999999996,100,1.2,2.9,1014.2739999999999,0.018808015986409243,290.51600271433426,8.273485359871014,197.55893483380402,True,29.804419491606424,27.048020009387397,5,4,20160906_flight01
2016-09-06 13:41:39,54.8722728,7.48658818,89.041,-1.169,3.04,1014.302,18.512,1.188859,8.016,2.55,0.016000000000000004,100,1.5,3.1,1014.302,0.019059474780859453,290.4798468508257,8.4118223947014,197.64658383747638,True,29.818829176131253,26.982317873863682,5,4,20160906_flight01
2016-09-06 13:41:40,54.87222275,7.48762505,89.0,0.102,2.98,1014.3,18.514,1.1887930000000002,7.8660000000000005,2.925,-0.15899999999999997,100,0.6,3.1,1014.3,0.01910705366392551,290.48200255747236,8.392233373780785,200.39782958692422,True,29.83347586476269,26.916596055603225,5,4,20160906_flight01
2016-09-06 13:41:41,54.8721725,7.48866274,88.95100000000001,0.2,3.0869999999999997,1014.3009999999999,18.426,1.1888740000000002,8.283,2.812,-0.01,100,0.5,3.2,1014.3009999999999,0.019346178960656824,290.39427730442304,8.747310043664852,198.7518630655976,True,29.848117087624303,26.85081694838165,5,4,20160906_flight01
2016-09-06 13:41:42,54.872122929999996,7.48970105,88.986,0.267,3.079,1014.3,18.451,1.1889120000000002,8.523,2.6439999999999997,-0.008999999999999998,100,0.4,3.1,1014.3,0.01922520435477315,290.4192578712542,8.923691220565624,197.2349043742423,True,29.862842518370947,26.78502205693126,5,4,20160906_flight01
2016-09-06 13:41:43,54.87207226,7.490739270000001,89.07700000000001,-0.028000000000000004,3.068,1014.294,18.465999999999998,1.1889830000000001,8.318,2.287,-0.154,100,0.2,3.1,1014.294,0.019105889687160316,290.43468844278095,8.626673344922711,195.37336946533532,True,29.877449310028126,26.71919629180654,5,4,20160906_flight01
2016-09-06 13:41:44,54.87202154,7.491777389999999,89.274,-0.5980000000000001,3.213,1014.2819999999999,18.467,1.188873,8.432,2.6189999999999998,0.04,100,0.9,3.3,1014.2819999999999,0.01918462905409113,290.43666712749473,8.829370589119023,197.25492320911042,True,29.892048862177738,26.65337504917206,5,4,20160906_flight01
2016-09-06 13:41:45,54.87197202,7.49281575,89.46799999999999,-0.8640000000000001,3.1390000000000002,1014.2310000000001,18.404,1.188916,8.379,2.412,-0.098,100,0.9,3.2,1014.2310000000001,0.01931673304941639,290.37809801371236,8.719253695127811,196.0591262085477,True,29.90678056963379,26.587578724531408,5,4,20160906_flight01
2016-09-06 13:41:46,54.871923349999996,7.49385409,89.696,-0.654,3.083,1014.201,18.497,1.1888610000000002,7.805,1.943,-0.249,100,0.8,3.1,1014.201,0.019008693875933513,290.4731802402115,8.043212915247238,193.97922932264834,True,29.921602228467187,26.52181178947659,5,4,20160906_flight01
2016-09-06 13:41:47,54.87187487999999,7.49489237,89.959,-0.348,3.198,1014.191,18.301000000000002,1.1888420000000002,8.613,2.7689999999999997,0.17,100,0.6,3.3,1014.191,0.019700216799567682,290.2787876759439,9.04716143328945,197.8221188474081,True,29.936443987590366,26.45605518602108,5,4,20160906_flight01
2016-09-06 13:41:48,54.8718281,7.49593111,90.0,-0.588,3.27,1014.1790000000001,18.503,1.1887240000000001,8.253,2.787,0.297,100,0.7,3.3,1014.1790000000001,0.019083062006000295,290.48095821975267,8.71087699373605,198.65958806203753,True,29.951474214662554,26.390326137514794,5,4,20160906_flight01
2016-09-06 13:41:49,54.871781600000006,7.49696961,90.0,-0.225,3.048,1014.1920000000001,18.6,1.1888560000000001,7.51,2.379,-0.073,100,0.6,3.2,1014.1920000000001,0.018644185668012403,290.5765031596235,7.877800517911075,197.57703688075856,True,29.96652957821175,26.324621191863628,5,4,20160906_flight01
2016-09-06 13:41:50,54.87173428,7.49800798,89.984,-1.1909999999999998,2.9139999999999997,1014.1890000000001,18.517,1.1887150000000002,7.68,2.531,0.166,100,1.6,3.0,1014.1890000000001,0.019051909335853878,290.4940827643217,8.086307006291563,198.24001262238104,True,29.981495290336433,26.258897118192298,5,4,20160906_flight01
2016-09-06 13:41:51,54.87168957,7.499047829999999,89.844,-1.9469999999999998,3.0,1014.2020000000001,18.47,1.188719,8.386000000000001,2.65,0.099,100,2.1,3.0,1014.2020000000001,0.01922578331649749,290.4462070052503,8.79474252039251,197.5366852601661,True,29.99676688744959,26.193168050167312,5,4,20160906_flight01
2016-09-06 13:41:52,54.8716488,7.50008943,89.723,-1.183,2.9930000000000003,1014.2040000000001,18.474,1.188777,7.861000000000001,2.592,-0.045,100,1.8,3.1,1014.2040000000001,0.019164086123699464,290.45002709408493,8.277305419035835,198.2488886838783,True,30.0124909187043,26.127461358087295,5,4,20160906_flight01
2016-09-06 13:41:53,54.871608990000006,7.50113177,89.583,-0.653,2.865,1014.2090000000001,18.442999999999998,1.188706,8.093,2.673,-0.008,100,0.7,2.9,1014.2090000000001,0.019338341294180772,290.41874240709814,8.523002874574196,198.2776366742885,True,30.028331226462832,26.061740741673013,5,4,20160906_flight01
2016-09-06 13:41:54,54.87157015,7.50217511,89.426,-0.727,2.888,1014.2360000000001,18.416999999999998,1.188727,8.054,2.352,-0.077,100,1.0,2.9,1014.2360000000001,0.01943836838671742,290.3906361505647,8.390400467200598,196.27932515271044,True,30.044293880052393,25.995990467785266,5,4,20160906_flight01
2016-09-06 13:41:55,54.87153299,7.50321957,89.3,-1.09,2.7909999999999995,1014.262,18.4,1.188806,8.28,2.535,-0.134,100,1.2,2.8,1014.262,0.01945619508350438,290.37157586261884,8.659366316307446,197.02246239208608,True,30.060456647733808,25.930226638863157,5,4,20160906_flight01
2016-09-06 13:41:56,54.871497829999996,7.504265370000001,89.197,-0.931,2.7709999999999995,1014.29,18.433,1.188943,8.071,2.4819999999999998,-0.07,100,1.2,2.8,1014.29,0.019251497752925006,290.4021496616568,8.44401355991332,197.09374929954325,True,30.076857774848,25.864446261088073,5,4,20160906_flight01
2016-09-06 13:41:57,54.871463659999996,7.50531213,89.00200000000001,-0.5569999999999999,2.78,1014.2979999999999,18.416,1.189028,8.277000000000001,2.3680000000000003,-0.026999999999999996,100,0.6,2.8,1014.2979999999999,0.019246097650635674,290.38456347058707,8.609073875859123,195.96550770144168,True,30.093382603121647,25.798639359724145,5,4,20160906_flight01
2016-09-06 13:41:58,54.87143067,7.506359720000001,88.82700000000001,-0.512,2.763,1014.303,18.456,1.188987,7.902,2.112,-0.091,100,0.6,2.8,1014.303,0.019146452103970146,290.4239919378209,8.179373325628315,194.96390544919885,True,30.110048822145835,25.73282026016869,5,4,20160906_flight01
2016-09-06 13:41:59,54.87139828,7.50740789,88.7,-0.29200000000000004,2.878,1014.309,18.416,1.1889830000000001,8.11,1.992,-0.012,100,0.4,2.9,1014.309,0.019295727618261704,290.3836628048397,8.351057657566495,193.799952965901,True,30.126789976557845,25.66698519804883,5,4,20160906_flight01
2016-09-06 13:42:00,54.87136657,7.50845636,88.7,0.139,3.0189999999999997,1014.317,18.4,1.18883,8.061,2.246,0.016,100,0.5,3.1,1014.317,0.01949089493524614,290.3670727010737,8.368048577774868,195.56919172078221,True,30.143609176951742,25.60115412322089,5,4,20160906_flight01
2016-09-06 13:42:01,54.87133484,7.50950469,88.79,1.0659999999999998,3.0589999999999997,1014.32,18.416999999999998,1.188916,7.938,2.149,-0.18100000000000002,100,1.5,3.1,1014.32,0.01936072740737993,290.38375809343705,8.22374884100919,195.148183815065,True,30.160423555948938,25.53533103598964,5,4,20160906_flight01
2016-09-06 13:42:02,54.87130164999999,7.51055238,88.985,1.4980000000000002,3.014,1014.299,18.38,1.188943,7.864,2.7769999999999997,0.062,100,1.8,3.1,1014.299,0.019445842805369873,290.3486274748436,8.339917565539842,199.44956189485146,True,30.177070444919714,25.46949913339437,5,4,20160906_flight01
2016-09-06 13:42:03,54.87126653999999,7.51159953,89.0,0.752,2.904,1014.2979999999999,18.349,1.189213,8.374,2.374,0.023,100,1.1,3.0,1014.2979999999999,0.019321772180053154,290.31783495713717,8.704007812496494,195.8278495687153,True,30.193502881474863,25.40363700062591,5,4,20160906_flight01
2016-09-06 13:42:04,54.87123091,7.51264653,88.977,-0.255,3.0810000000000004,1014.2959999999999,18.382,1.189275,8.679,2.441,0.38,100,0.8,3.1,1014.2959999999999,0.019151246474265582,290.35086497954313,9.01573746290341,195.70882900803826,True,30.209877164958023,25.337766912216498,5,4,20160906_flight01
2016-09-06 13:42:05,54.87119577000001,7.513693409999999,88.814,-0.364,2.991,1014.322,18.6,1.189363,8.195,2.0180000000000002,-0.08800000000000001,100,0.8,3.1,1014.322,0.018340474471450596,290.56585158276647,8.439807403015783,193.8337217272998,True,30.22630121406091,25.27192046800301,5,4,20160906_flight01
2016-09-06 13:42:06,54.871159909999996,7.51473986,88.726,0.568,2.903,1014.317,18.588,1.189319,8.397,2.233,0.391,100,0.7,3.0,1014.317,0.018415017497532382,290.5543099148203,8.688837551709664,194.89191369262454,True,30.242640462777672,25.206076743789378,5,4,20160906_flight01
2016-09-06 13:42:07,54.87112343,7.51578621,88.47200000000001,0.638,3.072,1014.367,18.590000000000003,1.1890310000000002,8.195,2.7569999999999997,0.313,100,0.8,3.1,1014.367,0.018704922382614786,290.55220562163527,8.646332979940109,198.59420813198875,True,30.25891189339724,25.140218662415354,5,4,20160906_flight01
2016-09-06 13:42:08,54.871086240000004,7.5168323699999995,88.219,0.05,2.845,1014.3939999999999,18.590000000000003,1.189003,7.817,2.531,-0.08200000000000002,100,0.5,3.0,1014.3939999999999,0.018756028112636658,290.5499937932414,8.216535157838734,197.94099390625794,True,30.275104207842695,25.074348803623366,5,4,20160906_flight01
2016-09-06 13:42:09,54.871048300000005,7.51787871,88.01799999999999,0.09,2.781,1014.4069999999999,18.526,1.189089,7.874,2.035,-0.026000000000000002,100,0.2,2.9,1014.4069999999999,0.018918926002902126,290.48519015517314,8.132717934368559,194.4907589209317,True,30.291220279684197,25.008442981704263,5,4,20160906_flight01
2016-09-06 13:42:10,54.87101052,7.5189255500000005,87.891,-0.08,2.859,1014.41,18.5,1.1890530000000001,8.079,2.3369999999999997,0.10300000000000001,100,0.3,3.0,1014.41,0.019043625978913514,290.4590506297938,8.410220567856708,196.13348955749063,True,30.307362984015626,24.94251156633486,5,4,20160906_flight01
2016-09-06 13:42:11,54.87097364,7.51997292,87.76,-0.154,3.1090000000000004,1014.437,18.492,1.1890830000000001,8.001999999999999,2.571,0.077,100,0.2,3.2,1014.437,0.019072991951734952,290.4488723328235,8.404882212143129,197.8119354026113,True,30.323611544408983,24.876577214360342,5,4,20160906_flight01
2016-09-06 13:42:12,54.87093694,7.52102029,87.779,-0.15,2.9530000000000003,1014.433,18.456,1.189243,7.7,2.2359999999999998,-0.09300000000000001,100,0.8,3.0,1014.433,0.019057660246968977,290.41334711646755,8.018085557039162,196.19274817149795,True,30.339879234883405,24.810648824380696,5,4,20160906_flight01
2016-09-06 13:42:13,54.87090022,7.52206775,87.89300000000001,-0.17800000000000002,2.9930000000000003,1014.41,18.495,1.1893390000000001,8.208,2.213,-0.126,100,0.6,3.1,1014.41,0.01881604327345121,290.4540710472354,8.501095988165291,195.0890136039856,True,30.356146532829037,24.74471421121714,5,4,20160906_flight01
2016-09-06 13:42:14,54.87086465,7.52311554,88.08,0.428,3.1,1014.403,18.500999999999998,1.189141,7.784,2.37,-0.053,100,0.6,3.1,1014.403,0.018957688471578082,290.46061978946483,8.136802566118954,196.93395664996035,True,30.372542405203554,24.678797299197154,5,4,20160906_flight01
2016-09-06 13:42:15,54.870828339999996,7.5241628,88.227,0.608,3.1430000000000002,1014.3919999999999,18.432,1.189138,8.424,2.5639999999999996,0.18600000000000003,100,0.7,3.2,1014.3919999999999,0.019190333981615737,290.3928020223763,8.805559153171364,196.92859564854962,True,30.38884942603388,24.61288862333385,5,4,20160906_flight01
2016-09-06 13:42:16,54.87079165,7.525209589999999,88.3,0.348,3.103,1014.39,18.486,1.1892,7.932,2.227,0.042,100,0.6,3.2,1014.39,0.018946482789466312,290.44674556548824,8.238698501583851,195.68269576161032,True,30.40510701084198,24.546996400457918,5,4,20160906_flight01
2016-09-06 13:42:17,54.87075404,7.526255770000001,88.36300000000001,0.6359999999999999,2.948,1014.386,18.44,1.189224,8.04,2.322,-0.043,100,0.7,3.0,1014.386,0.019082642104202296,290.40126065431343,8.368589128401512,196.10903319540418,True,30.42125507354833,24.48111139462355,5,4,20160906_flight01
2016-09-06 13:42:18,54.87071568,7.527301660000001,88.44300000000001,0.9209999999999999,2.978,1014.3639999999999,18.403,1.189268,8.232999999999999,1.93,-0.022000000000000002,100,1.7,3.0,1014.3639999999999,0.019152158225924643,290.3662125819446,8.456192346440565,193.1931876008714,True,30.437317843356197,24.415219465083563,5,4,20160906_flight01
2016-09-06 13:42:19,54.87067669,7.52834717,88.51899999999999,2.231,3.0740000000000003,1014.3509999999999,18.408,1.189176,8.687000000000001,2.1430000000000002,0.068,100,2.8,3.1,1014.3509999999999,0.01920046322258062,290.372256550167,8.94742521622841,193.85763640112972,True,30.453306340617672,24.349330147241492,5,4,20160906_flight01
2016-09-06 13:42:20,54.870635359999994,7.52939144,88.529,2.6510000000000002,3.0669999999999997,1014.3539999999999,18.432,1.189207,8.582,2.19,0.132,100,2.8,3.1,1014.3539999999999,0.019093021130040855,290.39591330972274,8.857021169670986,194.3155185647274,True,30.46902226944082,24.283439938105168,5,4,20160906_flight01
2016-09-06 13:42:21,54.87059067999999,7.53043425,88.46799999999999,3.378,3.0,1014.3789999999999,18.427,1.189103,8.436,2.716,0.371,100,3.7,3.0,1014.3789999999999,0.01922474840039423,290.38888676720416,8.86243487987359,197.84614623893867,True,30.484354052504607,24.21752897717857,5,4,20160906_flight01
2016-09-06 13:42:22,54.87054132,7.53147549,88.194,3.713,2.8510000000000004,1014.4019999999999,18.482,1.189249,8.336,2.388,0.154,100,3.8,3.0,1014.4019999999999,0.018930528453652506,290.4417792253585,8.671299787229133,195.98533085673228,True,30.499158221606812,24.151560008402285,5,4,20160906_flight01
2016-09-06 13:42:23,54.8704865,7.53251505,87.834,3.71,2.7430000000000003,1014.45,18.5,1.18943,8.373,2.412,0.321,100,3.8,2.8,1014.45,0.018760801371702218,290.4557750634133,8.713487992761566,196.0700401052195,True,30.513349761569955,24.085513992923598,5,4,20160906_flight01
2016-09-06 13:42:24,54.870426390000006,7.533553110000001,87.39299999999999,3.57,2.85,1014.5,18.492,1.189436,8.229,2.173,-0.051,100,3.6,2.9,1014.5,0.018833821296756703,290.4437137090622,8.511073375315242,194.79221845994647,True,30.526950205766283,24.01938544003588,5,4,20160906_flight01
2016-09-06 13:42:25,54.87036085,7.53458939,87.234,3.213,3.051,1014.503,18.473,1.189328,8.301,2.4130000000000003,0.055999999999999994,100,3.6,3.3,1014.503,0.018995738129999884,290.42454615298533,8.644603518959098,196.20850689014566,True,30.53993928357528,23.95318701271179,5,4,20160906_flight01
2016-09-06 13:42:26,54.870290770000004,7.53562377,87.315,2.688,3.3,1014.5060000000001,18.492,1.189338,7.999,2.104,-0.016,100,2.8,3.3,1014.5060000000001,0.018923798088255284,290.443222433047,8.271083181784595,194.73686367889147,True,30.552409271912985,23.88695560402629,5,4,20160906_flight01
2016-09-06 13:42:27,54.870216549999995,7.536655530000001,87.678,2.283,3.3,1014.477,18.486,1.189239,7.93,2.05,-0.031,100,2.5,3.3,1014.477,0.019000455300682395,290.43962158220324,8.190689836637693,194.49432847972025,True,30.564388817786828,23.820748948778274,5,4,20160906_flight01
2016-09-06 13:42:28,54.870139019999996,7.5376848800000005,88.146,2.261,3.2260000000000004,1014.403,18.522000000000002,1.189163,7.475,1.994,-0.18100000000000002,100,2.5,3.3,1014.403,0.018865475084380634,290.4815340774858,7.7363855255539065,194.9361878111365,True,30.57597017588094,23.754581563330277,5,4,20160906_flight01
2016-09-06 13:42:29,54.87005835,7.53871216,88.54299999999999,1.9909999999999999,3.2,1014.372,18.408,1.189044,8.258000000000001,2.215,-0.01,100,2.5,3.2,1014.372,0.01933471102832951,290.37053727098504,8.549899940934983,195.0147297499185,True,30.587177960516108,23.68843807121433,5,4,20160906_flight01
2016-09-06 13:42:30,54.86997585,7.53973804,88.845,1.114,3.2,1014.3079999999999,18.415,1.189027,8.203,2.157,0.081,100,1.3,3.2,1014.3079999999999,0.019260499466760228,290.3827487378712,8.481854632095505,194.73256041858158,True,30.59816429766034,23.622320465884446,5,4,20160906_flight01
2016-09-06 13:42:31,54.86989173,7.54076245,89.029,0.82,3.036,1014.3,18.49,1.189081,8.071,2.074,0.115,100,0.9,3.2,1014.3,0.018944067315658453,290.4580998198654,8.333217685864206,194.41145058443004,True,30.60895015782559,23.556240028021588,5,4,20160906_flight01
2016-09-06 13:42:32,54.86980613,7.54178581,89.05,0.8340000000000001,2.825,1014.3009999999999,18.480999999999998,1.189078,8.141,2.074,-0.077,100,1.0,2.9,1014.3009999999999,0.018979088313468395,290.44905439599347,8.401033091233481,194.29263201656113,True,30.61955850746346,23.490175444612497,5,4,20160906_flight01
2016-09-06 13:42:33,54.86971955,7.54280906,88.916,1.046,2.716,1014.318,18.441,1.189048,8.242,2.419,0.07400000000000001,100,1.2,2.8,1014.318,0.019161664102873788,290.40782446448105,8.589652204833442,196.35679107298722,True,30.630060586279505,23.424085197912277,5,4,20160906_flight01
2016-09-06 13:42:34,54.86963166,7.54383243,88.646,0.66,2.655,1014.3659999999999,18.406,1.189098,8.421,2.339,-0.036000000000000004,100,0.9,2.7,1014.3659999999999,0.01928938335348529,290.3690366312045,8.739803315864721,195.52305823641717,True,30.640425751326,23.357944146816056,5,4,20160906_flight01
2016-09-06 13:42:35,54.869542890000005,7.544856200000001,88.301,0.0009999999999999987,2.59,1014.4,18.444,1.1891770000000002,8.55,2.4419999999999997,0.029000000000000005,100,0.4,2.6,1014.4,0.019123004599881366,290.40409806544744,8.89189878484905,195.9400853272507,True,30.65070509390717,23.29174923378693,5,4,20160906_flight01
2016-09-06 13:42:36,54.869453990000004,7.545880929999999,87.839,-1.179,2.622,1014.446,18.456,1.189297,7.989,2.425,0.251,100,1.6,2.7,1014.446,0.019024448632108282,290.4122827308182,8.348936818541628,196.88526670434987,True,30.660989106027223,23.225490700310065,5,4,20160906_flight01
2016-09-06 13:42:37,54.8693661,7.54690718,87.274,-1.8530000000000002,2.469,1014.513,18.442999999999998,1.189375,8.23,2.406,-0.061000000000000006,100,2.0,2.7,1014.513,0.019070349178986534,290.3938507903808,8.574481675296765,196.29602091386477,True,30.67140972820137,23.15917170552646,5,4,20160906_flight01
2016-09-06 13:42:38,54.869280939999996,7.547936089999999,86.762,-1.875,2.464,1014.589,18.448999999999998,1.18943,8.224,2.513,-0.125,100,1.9,2.5,1014.589,0.019078595392551412,290.3936045824625,8.599380500943075,196.99153128754398,True,30.68217171076845,23.092778783569397,5,4,20160906_flight01
2016-09-06 13:42:39,54.86919899,7.5489679899999995,86.337,-1.712,2.637,1014.609,18.424,1.189627,8.54,2.2520000000000002,-0.045,100,1.9,2.8,1014.609,0.019017287670167082,290.3670709203638,8.831936593975298,194.77262016798807,True,30.693332421743655,23.02630744371206,5,4,20160906_flight01
2016-09-06 13:42:40,54.86911983,7.55000191,86.10099999999998,-1.03,2.8059999999999996,1014.643,18.457,1.189687,8.327,1.81,-0.375,100,1.4,2.9,1014.643,0.018884724964749022,290.3971511921803,8.521445241272163,192.26334541124888,True,30.7048285459992,22.959803707054416,5,4,20160906_flight01
2016-09-06 13:42:41,54.869042019999995,7.551036450000001,86.26299999999999,-0.444,3.037,1014.6260000000001,18.509,1.189468,8.476,2.6460000000000004,-0.078,100,0.6,3.2,1014.6260000000001,0.018873555887904958,290.4503272471287,8.879408313620903,197.33708757228146,True,30.71648008455424,22.893306378038517,5,4,20160906_flight01
2016-09-06 13:42:42,54.86896584,7.552071519999999,86.445,-0.278,3.287,1014.6,18.495,1.189436,8.474,2.795,0.243,100,0.5,3.3,1014.6,0.018923767239499067,290.4385138527671,8.923043258888752,198.25423126022832,True,30.728315062280863,22.826830291620215,5,4,20160906_flight01
2016-09-06 13:42:43,54.868890279999995,7.55310607,86.637,0.318,3.178,1014.592,18.559,1.189579,8.056000000000001,2.535,-0.064,100,0.4,3.3,1014.592,0.018569728775229333,290.50290420350757,8.445434328677242,197.4673444358346,True,30.740205919417356,22.760406869683717,5,4,20160906_flight01
2016-09-06 13:42:44,54.86881397,7.55413983,86.85600000000001,0.5479999999999999,3.079,1014.568,18.605,1.189615,8.127,2.495,0.0069999999999999975,100,0.8,3.1,1014.568,0.01835422586383162,290.55067968617357,8.501361890897247,197.06655708306351,True,30.75200185568243,22.694007417043043,5,4,20160906_flight01
2016-09-06 13:42:45,54.86873733,7.555173170000001,86.97399999999999,0.995,3.03,1014.543,18.529,1.1895,8.352,2.6260000000000003,-0.030000000000000006,100,1.1,3.1,1014.543,0.018692945801033867,290.47704050948437,8.755100227867183,197.45396675124414,True,30.76375463263321,22.62762298419901,5,4,20160906_flight01
2016-09-06 13:42:46,54.868659539999996,7.5562061,87.0,1.506,2.965,1014.538,18.579,1.189554,8.232,2.48,0.128,100,1.8,3.0,1014.538,0.01846709486579412,290.52724396733953,8.597454507003803,196.76562968857138,True,30.77537729467779,22.561225793091165,5,4,20160906_flight01
2016-09-06 13:42:47,54.868579280000006,7.55723777,86.95800000000001,1.568,3.043,1014.57,18.617,1.189475,8.222999999999999,2.8160000000000003,0.12,100,1.8,3.1,1014.57,0.01843420421571662,290.56246633684214,8.691811376232229,198.9039778360294,True,30.78671318699756,22.494824640524545,5,4,20160906_flight01
2016-09-06 13:42:48,54.86849666,7.558268480000001,86.89200000000001,1.1440000000000001,2.883,1014.578,18.635,1.1897499999999999,8.134,2.656,0.081,100,1.3,3.0,1014.578,0.018144018509522963,290.57973672858014,8.556651915322956,198.08344538304866,True,30.797779776978665,22.42840463413889,5,4,20160906_flight01
2016-09-06 13:42:49,54.86841255,7.5592988100000005,86.74600000000001,0.805,2.9589999999999996,1014.5980000000001,18.66,1.1895499999999999,8.393,2.416,0.086,100,1.0,3.0,1014.5980000000001,0.0182480305468935,290.60299510867975,8.733813886269848,196.05893660785222,True,30.808680695135443,22.361958754363624,5,4,20160906_flight01
2016-09-06 13:42:50,54.86832765,7.56032879,86.7,0.9490000000000001,3.073,1014.597,18.609,1.1894200000000001,8.119,2.7,0.02,100,1.2,3.1,1014.597,0.018536329135155016,290.55228796081246,8.556176774704927,198.39471451639096,True,30.819490913906513,22.295508333154704,5,4,20160906_flight01
2016-09-06 13:42:51,54.868241330000004,7.56135798,86.736,0.728,3.1,1014.595,18.56,1.1893479999999998,8.083,2.642,0.124,100,1.0,3.1,1014.595,0.01876707946336209,290.503654401824,8.503825786080052,198.10043782752274,True,30.83013500539098,22.229059689370718,5,4,20160906_flight01
2016-09-06 13:42:52,54.86815397,7.5623863600000005,86.81,0.04,3.1140000000000003,1014.596,18.515,1.189356,8.221,2.307,0.004,100,0.4,3.2,1014.596,0.01891841220830104,290.45875861987525,8.538564867704642,195.67533044072775,True,30.84065297019604,22.162626645165414,5,4,20160906_flight01
2016-09-06 13:42:53,54.86806695,7.56341454,86.97399999999999,0.094,3.165,1014.565,18.547,1.1892690000000001,7.756,2.312,-0.037000000000000005,100,0.2,3.2,1014.565,0.018850032963578345,290.4931647659189,8.093261394518283,196.59888721477316,True,30.851203218410426,22.09621721970702,5,4,20160906_flight01
2016-09-06 13:42:54,54.867979649999995,7.56444214,87.22200000000001,0.426,3.1010000000000004,1014.5219999999999,18.515,1.189398,8.203,2.117,-0.08900000000000001,100,0.7,3.2,1014.5219999999999,0.018808119547533586,290.4648177384554,8.471770653175167,194.47092783516993,True,30.86171254027022,22.02983435591533,5,4,20160906_flight01
2016-09-06 13:42:55,54.86789249,7.5654692599999995,87.559,0.21900000000000003,3.196,1014.4889999999999,18.536,1.1893090000000002,8.392000000000001,2.012,-0.19699999999999998,100,0.6,3.2,1014.4889999999999,0.01877786606934939,290.4884337420117,8.629820855614561,193.48230490551578,True,30.872227498228987,21.963485786512532,5,4,20160906_flight01
2016-09-06 13:42:56,54.86780543,7.56649567,88.014,-0.087,3.0660000000000003,1014.4259999999999,18.483,1.1894339999999999,7.709,1.801,-0.35200000000000004,100,0.3,3.1,1014.4259999999999,0.01879265788280371,290.4408098789843,7.916582722361966,193.1497630983972,True,30.882739412286938,21.897184397390543,5,4,20160906_flight01
2016-09-06 13:42:57,54.86771803,7.56752121,88.431,-0.29400000000000004,2.9560000000000004,1014.3969999999999,18.480999999999998,1.189252,8.394,2.219,0.052000000000000005,100,0.5,3.0,1014.3969999999999,0.01892642967439362,290.44119274155486,8.682349739557836,194.8077170465738,True,30.893198439072606,21.830925500544613,5,4,20160906_flight01
2016-09-06 13:42:58,54.86763241,7.56854736,88.57,-0.685,2.965,1014.3839999999999,18.477,1.189281,8.277,2.241,0.027999999999999997,100,0.8,3.0,1014.3839999999999,0.01890250118270065,290.4382735893331,8.575010787165226,195.14963411003143,True,30.9038583872388,21.764687871744655,5,4,20160906_flight01
2016-09-06 13:42:59,54.86754814,7.5695739600000005,88.538,-0.15,2.765,1014.39,18.505,1.189285,8.186,2.4619999999999997,0.18100000000000002,100,0.5,2.8,1014.39,0.018807282145157922,290.4656680859101,8.548218527857134,196.7390481216562,True,30.914670476194175,21.698467154207147,5,4,20160906_flight01
2016-09-06 13:43:00,54.86746383,7.5706009,88.236,-0.245,2.7,1014.406,18.5,1.189361,8.412,2.528,-0.034,100,0.5,2.7,1014.406,0.0187757145758618,290.4593781955674,8.783651177044772,196.72673500980625,True,30.92548486104276,21.632224104541184,5,4,20160906_flight01
2016-09-06 13:43:01,54.867380139999995,7.5716288899999995,87.926,-0.608,2.7,1014.441,18.483,1.189554,8.477,2.137,-0.03900000000000001,100,0.7,2.7,1014.441,0.01870494701882408,290.43958161864015,8.742213564080895,194.14910225788964,True,30.936385357139294,21.565936715333464,5,4,20160906_flight01
2016-09-06 13:43:02,54.86729776999999,7.57265813,87.685,-0.93,2.7060000000000004,1014.49,18.515,1.1895959999999999,8.675,2.193,-0.064,100,1.1,2.8,1014.49,0.018606416161316863,290.46743807387264,8.947897741927989,194.18688661991672,True,30.947450210436443,21.499615814920478,5,4,20160906_flight01
2016-09-06 13:43:03,54.86721695999999,7.573688560000001,87.48299999999999,-0.602,2.8539999999999996,1014.5,18.503,1.189573,8.647,2.448,0.159,100,0.9,3.0,1014.5,0.018678062914893045,290.4546685127283,8.986841102411905,195.80702806654392,True,30.958703772352884,21.433273059789165,5,4,20160906_flight01
2016-09-06 13:43:04,54.86713729,7.574719689999999,87.311,-0.444,2.978,1014.508,18.565,1.189511,8.542,2.372,-0.049,100,0.6,3.0,1014.508,0.018522673116715183,290.51575857193956,8.865221260634163,195.51926761863092,True,30.97009197061778,21.366924813759194,5,4,20160906_flight01
2016-09-06 13:43:05,54.86705841,7.57575126,87.3,0.19699999999999998,2.9560000000000004,1014.515,18.52,1.1895390000000001,8.845,2.7239999999999998,0.09300000000000001,100,0.7,3.1,1014.515,0.018662865212727198,290.4703703629011,9.254955483415358,197.117294033716,True,30.98157260130141,21.300575548421865,5,4,20160906_flight01
2016-09-06 13:43:06,54.866979840000006,7.57678317,87.209,1.069,3.034,1014.5160000000001,18.531000000000002,1.189536,8.812999999999999,2.708,0.07600000000000001,100,1.2,3.1,1014.5160000000001,0.018628021973927655,290.48124323125563,9.219665557925623,197.08079774615692,True,30.993092725260247,21.234215543724627,5,4,20160906_flight01
2016-09-06 13:43:07,54.8669003,7.57781456,87.2,1.5390000000000001,3.0,1014.5310000000001,18.531000000000002,1.18963,8.709,2.6290000000000004,0.067,100,1.8,3.0,1014.5310000000001,0.018562593502128077,290.48001490889664,9.097160106318894,196.79757543935426,True,31.004499746239773,21.16785553921869,5,4,20160906_flight01
2016-09-06 13:43:08,54.8668189,7.57884507,87.2,1.92,2.948,1014.541,18.612000000000002,1.189586,8.594,2.6919999999999997,-0.078,100,2.1,3.0,1014.541,0.01832751765464824,290.5598622985717,9.005759268379318,197.39273696914213,True,31.01569214447524,21.10148829911208,5,4,20160906_flight01
2016-09-06 13:43:09,54.866734990000005,7.5798745499999995,87.145,2.2270000000000003,2.905,1014.551,18.739,1.189569,8.036,2.28,0.025,100,2.7,3.0,1014.551,0.01790902607873157,290.68551958235327,8.353184781866135,195.83987199034894,True,31.026597950723385,21.03510156187806,5,4,20160906_flight01
2016-09-06 13:43:10,54.86664768,7.58090244,87.1,2.654,2.9410000000000003,1014.557,18.583,1.189518,8.23,2.339,0.03900000000000001,100,2.8,3.0,1014.557,0.01850302722308128,290.529671384611,8.555923152997577,195.8653687756963,True,31.037111794025527,20.968700448923613,5,4,20160906_flight01
2016-09-06 13:43:11,54.86655721,7.581928840000001,87.1,2.616,3.0010000000000003,1014.5690000000001,18.46,1.189389,8.459,2.575,0.025,100,2.7,3.1,1014.5690000000001,0.01905519349023277,290.4061963605891,8.84224552927592,196.93074734246517,True,31.047261106754142,20.90228673097606,5,4,20160906_flight01
2016-09-06 13:43:12,54.86646379,7.5829537700000005,87.1,2.535,2.9339999999999997,1014.558,18.564,1.189484,8.433,2.5380000000000003,0.09700000000000002,100,2.6,3.0,1014.558,0.018599483244489345,290.5106678611591,8.806641414296372,196.74972014258938,True,31.05706859245494,20.835866127975805,5,4,20160906_flight01
2016-09-06 13:43:13,54.866366420000006,7.5839766399999995,87.1,2.112,2.9960000000000004,1014.551,18.641000000000002,1.18959,8.515,2.375,-0.009000000000000001,100,2.5,3.0,1014.551,0.018232922449803235,290.5879236437634,8.840014140260184,195.58482586951297,True,31.066416611889586,20.769441971469835,5,4,20160906_flight01
2016-09-06 13:43:14,54.866266089999996,7.58499778,87.1,1.749,3.0,1014.553,18.599,1.189616,8.522,2.464,0.10099999999999999,100,1.8,3.0,1014.553,0.01835925662454141,290.5459330043611,8.871064197716079,196.12637976865744,True,31.07541673496698,20.703026663049446,5,4,20160906_flight01
2016-09-06 13:43:15,54.86616321,7.586017490000001,87.1,1.442,3.0,1014.535,18.623,1.189638,8.371,2.0,-0.053000000000000005,100,1.7,3.0,1014.535,0.01823859404516126,290.5713084505029,8.606604498871782,193.43721405509308,True,31.084118312549997,20.636615247015197,5,4,20160906_flight01
2016-09-06 13:43:16,54.8660582,7.58703564,87.19300000000001,1.0810000000000002,3.0639999999999996,1014.518,18.516,1.189567,8.662,2.238,0.21100000000000002,100,1.2,3.2,1014.518,0.0186558701228714,290.46614116075875,8.946445551167235,194.48669712839333,True,31.092563478219752,20.570229666868524,5,4,20160906_flight01
2016-09-06 13:43:17,54.865952109999995,7.5880526999999995,87.234,0.828,3.133,1014.508,18.698999999999998,1.189404,8.127,2.221,0.11199999999999999,100,0.9,3.2,1014.508,0.018146612316827904,290.6492076974513,8.42502047475257,195.2849416128739,True,31.100872874416737,20.50387566149372,5,4,20160906_flight01
2016-09-06 13:43:18,54.86584464,7.5890683999999995,87.33,1.01,3.0380000000000003,1014.507,18.632,1.189544,8.276,1.889,0.024000000000000004,100,1.1,3.1,1014.507,0.01825954360543247,290.5825650528694,8.48884544564218,192.85751797408187,True,31.109009418565982,20.437559976453006,5,4,20160906_flight01
2016-09-06 13:43:19,54.86573601,7.59008302,87.47200000000001,1.255,3.0780000000000003,1014.5010000000001,18.575,1.1893390000000001,8.238,2.26,-0.057,100,1.4,3.1,1014.5010000000001,0.018628022656381082,290.52629077928145,8.542379293850162,195.34100524634778,True,31.11700188354267,20.371272598548305,5,4,20160906_flight01
2016-09-06 13:43:20,54.86562594,7.59109653,87.635,1.475,2.927,1014.4989999999999,18.518,1.189316,8.195,2.261,-0.04100000000000001,100,1.6,3.0,1014.4989999999999,0.018844785139379594,290.46968876836274,8.501184976225375,195.42417764769158,True,31.124819933763995,20.305006107145232,5,4,20160906_flight01
2016-09-06 13:43:21,54.86551378,7.59210883,87.7,1.234,2.905,1014.498,18.512,1.189402,8.318,2.117,0.033,100,1.3,3.0,1014.498,0.01879107100103239,290.4637953046419,8.583170335021903,194.27909620350437,True,31.132392562784048,20.238745151416932,5,4,20160906_flight01
2016-09-06 13:43:22,54.865399960000005,7.59312009,87.7,0.7929999999999999,3.0,1014.497,18.565,1.189551,8.082,1.781,-0.17800000000000002,100,1.1,3.0,1014.497,0.018477380979440294,290.51665947064964,8.27590991976109,192.4274325825094,True,31.139768743754352,20.172493470287193,5,4,20160906_flight01
2016-09-06 13:43:23,54.86528496,7.59413037,87.897,0.8440000000000001,2.9330000000000003,1014.466,18.551000000000002,1.189494,8.234,1.8459999999999999,-0.036000000000000004,100,1.0,3.0,1014.466,0.018543944831497905,290.5052558235664,8.438392737956677,192.6363319898357,True,31.14700064558128,20.10626325524907,5,4,20160906_flight01
2016-09-06 13:43:24,54.86516923,7.595139810000001,88.01700000000001,0.445,3.0,1014.44,18.533,1.189569,8.266,1.8159999999999998,0.18600000000000003,100,0.7,3.0,1014.44,0.018516474376483183,290.4894589063492,8.463132516982114,192.39075647361716,True,31.154138789304263,20.040060761250782,5,4,20160906_flight01
2016-09-06 13:43:25,54.86505304,7.5961484,88.04699999999998,0.33299999999999996,2.952,1014.432,18.537,1.189386,8.068999999999999,1.857,-0.030000000000000006,100,0.5,3.0,1014.432,0.018651181563063002,290.4940977301052,8.279928139784788,192.96038496914503,True,31.161211677485,19.973895549144807,5,4,20160906_flight01
2016-09-06 13:43:26,54.86493616,7.59715641,88.05799999999999,0.23199999999999998,2.741,1014.435,18.606,1.189289,7.694,1.7480000000000002,0.002,100,0.4,2.9,1014.435,0.0184963464983523,290.56256978750775,7.890065905935133,192.79975985819758,True,31.16820006523625,19.90774331860541,5,4,20160906_flight01
2016-09-06 13:43:27,54.86481892,7.598164349999999,87.92800000000001,-0.685,2.843,1014.4580000000001,18.581000000000003,1.1894200000000001,8.096,1.849,-0.124,100,1.0,2.9,1014.4580000000001,0.018494533978379968,290.53578811585146,8.304457658390461,192.86481656577644,True,31.17514884490752,19.841583489095925,5,4,20160906_flight01
2016-09-06 13:43:28,54.864703490000004,7.599173550000001,87.9,-0.888,2.9739999999999998,1014.441,18.622,1.189387,7.882999999999999,1.444,-0.052000000000000005,100,1.0,3.1,1014.441,0.018362603266991906,290.5780128038798,8.014164023776903,190.38030207834566,True,31.182314250673087,19.775405760396893,5,4,20160906_flight01
2016-09-06 13:43:29,54.86458901,7.60018282,88.05,-0.611,2.9410000000000003,1014.437,18.532,1.189283,8.023,1.7890000000000001,-0.221,100,0.8,3.1,1014.437,0.018761888189251952,290.48870869004674,8.220039537617808,192.57038938520836,True,31.18958196867456,19.70925517276312,5,4,20160906_flight01
2016-09-06 13:43:30,54.86447579,7.601192640000001,88.24799999999999,-0.8290000000000001,2.985,1014.4019999999999,18.465999999999998,1.1893420000000001,8.453000000000001,2.0140000000000002,-0.002000000000000001,100,0.9,3.1,1014.4019999999999,0.01890675465065761,290.425844525231,8.689614778573329,193.40135557984752,True,31.196994188019083,19.64311233679383,5,4,20160906_flight01
2016-09-06 13:43:31,54.86436476,7.60220338,88.389,-0.705,2.875,1014.4,18.578,1.18936,7.815,1.614,0.145,100,0.8,3.0,1014.4,0.018498154227977404,290.5375512542674,7.979926127477623,191.6690032917125,True,31.20465687216341,19.57698519531016,5,4,20160906_flight01
2016-09-06 13:43:32,54.86425378,7.60321375,88.258,-0.18600000000000003,2.7,1014.4069999999999,18.623,1.189418,7.858,1.834,0.136,100,0.4,2.7,1014.4069999999999,0.018298440916969527,290.5817941385144,8.069183353970834,193.13724922475728,True,31.21231774551854,19.51088257075699,5,4,20160906_flight01
2016-09-06 13:43:33,54.86414334,7.60422479,87.96,-0.612,2.807,1014.472,18.601000000000003,1.189404,7.97,1.966,0.10099999999999999,100,0.7,2.9,1014.472,0.018452469439488306,290.5545593821675,8.208901022670453,193.8568032749367,True,31.22004891060383,19.44475643556771,5,4,20160906_flight01
2016-09-06 13:43:34,54.86403445,7.605237110000001,87.695,-0.455,2.8,1014.498,18.647000000000002,1.189378,8.026,1.7830000000000001,-0.011000000000000001,100,0.7,2.8,1014.498,0.018340275181291332,290.59824069816636,8.221664369213816,192.52502830417592,True,31.22796945456129,19.378602553697885,5,4,20160906_flight01
2016-09-06 13:43:35,54.86392605,7.60624999,87.531,0.054000000000000006,2.8,1014.5,18.597,1.189465,7.841,1.845,0.027999999999999997,100,0.2,2.8,1014.5,0.018442311164021286,290.54828228951163,8.05514158783072,193.24092720123616,True,31.235952858183403,19.312430301542623,5,4,20160906_flight01
2016-09-06 13:43:36,54.863817399999995,7.607262960000001,87.38,0.273,2.8089999999999997,1014.5039999999999,18.562,1.189364,8.064,1.8769999999999998,-0.275,100,0.5,2.9,1014.5039999999999,0.01865501743607667,290.513098499659,8.27956671571647,193.1030223542234,True,31.243911425281382,19.246244208097796,5,4,20160906_flight01
2016-09-06 13:43:37,54.863709150000005,7.6082766,87.337,0.511,2.8989999999999996,1014.5160000000001,18.532,1.189411,8.302999999999999,2.155,0.14200000000000002,100,0.7,3.0,1014.5160000000001,0.01873158107948436,290.48223911800596,8.578102004522911,194.5497808259506,True,31.251925405158843,19.180029966910134,5,4,20160906_flight01
2016-09-06 13:43:38,54.86360072,7.609290140000001,87.3,1.054,2.943,1014.5210000000001,18.53,1.189463,8.068,1.8559999999999999,0.11900000000000001,100,1.4,3.0,1014.5210000000001,0.01869905053476817,290.4798379025276,8.278729371105207,192.95519262073105,True,31.259918329358257,19.11381594232698,5,4,20160906_flight01
2016-09-06 13:43:39,54.8634905,7.6103024,87.20800000000001,1.351,2.9,1014.557,18.544,1.189478,8.256,2.125,-0.034,100,1.6,2.9,1014.557,0.018673457865609366,290.49083225025186,8.525090087500542,194.43397727660428,True,31.26769636791002,19.04762171509756,5,4,20160906_flight01
2016-09-06 13:43:40,54.863378659999995,7.61131389,87.18,1.2670000000000001,2.905,1014.557,18.588,1.189441,8.207,2.253,-0.033,100,1.6,3.0,1014.557,0.018551504419813902,290.53465076081096,8.510632056433883,195.35077297217123,True,31.27528740864671,18.981421405133712,5,4,20160906_flight01
2016-09-06 13:43:41,54.8632651,7.6123245299999995,87.1,1.211,2.937,1014.551,18.582,1.189535,8.263,2.3480000000000003,0.077,100,1.5,3.0,1014.551,0.01848593939952159,290.5291669052246,8.590126483352849,195.86293884995874,True,31.282679283269978,18.915216643096333,5,4,20160906_flight01
2016-09-06 13:43:42,54.863149750000005,7.6133342100000005,87.055,1.34,2.904,1014.571,18.609,1.1895820000000001,8.193,2.151,0.139,100,1.6,3.0,1014.571,0.018371525131660293,290.55441745894257,8.47065817985828,194.71051195243396,True,31.289862434148773,18.849011906891732,5,4,20160906_flight01
2016-09-06 13:43:43,54.863032569999994,7.61434291,86.915,0.746,2.803,1014.59,18.634,1.189589,7.968,1.8230000000000002,-0.10099999999999999,100,1.1,2.9,1014.59,0.01829734869449795,290.57775792972757,8.173882370085833,192.886911172035,True,31.296832225032993,18.782807107351736,5,4,20160906_flight01
2016-09-06 13:43:44,54.86291386,7.615350879999999,86.81200000000001,0.76,2.82,1014.596,18.597,1.1895529999999999,7.632000000000001,1.993,0.244,100,0.9,2.9,1014.596,0.018463335405597192,290.5404194917894,7.887932111776825,194.63523658999867,True,31.303625353382422,18.71659673463534,5,4,20160906_flight01
2016-09-06 13:43:45,54.8627936,7.61635816,86.587,0.7440000000000001,2.903,1014.602,18.585,1.1895879999999999,7.827000000000001,2.176,0.17300000000000001,100,0.9,3.0,1014.602,0.018481284611936877,290.527977747411,8.12384791832048,195.53656939121765,True,31.310240463868695,18.650377654857866,5,4,20160906_flight01
2016-09-06 13:43:46,54.862672780000004,7.61736531,86.367,0.172,2.9,1014.6390000000001,18.642,1.189599,8.126,1.936,0.044000000000000004,100,0.6,2.9,1014.6390000000001,0.018310047765542903,290.58171127382855,8.353440728226902,193.40075884897317,True,31.316793555271538,18.584148058831246,5,4,20160906_flight01
2016-09-06 13:43:47,54.86255181000001,7.6183723699999994,86.3,0.192,3.0010000000000003,1014.645,18.676000000000002,1.189614,7.772,1.6540000000000001,0.000999999999999999,100,0.3,3.1,1014.645,0.01818458914156773,290.61507874997983,7.946049332844593,192.01417943195312,True,31.323328971904495,18.517919055215692,5,4,20160906_flight01
2016-09-06 13:43:48,54.86242999,7.61937858,86.351,-0.018999999999999996,3.2,1014.6410000000001,18.702,1.18943,7.631,1.6969999999999998,0.038000000000000006,100,0.3,3.3,1014.6410000000001,0.018247363675377715,290.6412985589564,7.817414534230611,192.53755236484437,True,31.32975768448442,18.451714415835944,5,4,20160906_flight01
2016-09-06 13:43:49,54.862308510000005,7.62038429,86.65299999999999,-0.38299999999999995,3.3,1014.6030000000001,18.673,1.189349,8.02,1.5730000000000002,-0.086,100,0.6,3.3,1014.6030000000001,0.018379764970281043,290.61553173703584,8.17280423110697,191.09682554935068,True,31.336212903690218,18.385551931004144,5,4,20160906_flight01
2016-09-06 13:43:50,54.86218827,7.6213896,87.13,-0.155,3.221,1014.552,18.562,1.189133,7.941,1.7719999999999998,-0.099,100,0.3,3.3,1014.552,0.0189011062860307,290.50916747278313,8.13630536545919,192.579219244113,True,31.342792205523487,18.319455232095066,5,4,20160906_flight01
2016-09-06 13:43:51,54.862068369999996,7.62239422,87.53200000000001,0.213,3.0060000000000002,1014.5010000000001,18.595,1.189154,7.746,1.536,0.026000000000000002,100,0.5,3.1,1014.5010000000001,0.01871665256711119,290.54620859851394,7.896822905447482,191.21601904677814,True,31.349394355352665,18.25341242707428,5,4,20160906_flight01
2016-09-06 13:43:52,54.861948240000004,7.62339801,87.7,0.005999999999999997,3.009,1014.5,18.556,1.189216,8.216000000000001,1.714,0.07600000000000001,100,0.4,3.1,1014.5,0.01879872884684297,290.50745074857423,8.392881030969045,191.78388310551668,True,31.355956078753167,18.18741328633102,5,4,20160906_flight01
2016-09-06 13:43:53,54.86182868,7.62440172,87.852,-0.49200000000000005,2.995,1014.49,18.591,1.189257,8.211,1.804,-0.133,100,0.6,3.1,1014.49,0.018631344142224116,290.5431260216676,8.406838704293072,192.3913105213913,True,31.362576840269064,18.121437968118908,5,4,20160906_flight01
2016-09-06 13:43:54,54.86170984,7.62540563,88.0,-0.759,2.839,1014.462,18.571,1.189354,8.125,1.77,-0.042,100,1.0,2.9,1014.462,0.01858998411475765,290.5255014615887,8.315559211502254,192.2896562975817,True,31.369277973301692,18.055474140686957,5,4,20160906_flight01
2016-09-06 13:43:55,54.86159194,7.62641001,87.94300000000001,-1.301,2.7319999999999998,1014.467,18.654,1.189234,8.113,1.695,-0.003999999999999999,100,1.5,2.8,1014.467,0.018408030232689,290.60775167614423,8.288171933544815,191.80071725637427,True,31.3760880581668,17.989512408697227,5,4,20160906_flight01
2016-09-06 13:43:56,54.86147593,7.62741583,87.727,-1.44,2.773,1014.497,18.489,1.189337,8.213,2.043,0.27899999999999997,100,1.5,2.8,1014.497,0.018926096873912224,290.440971672217,8.463286477486154,193.96892362614298,True,31.383126737455193,17.92352430581317,5,4,20160906_flight01
2016-09-06 13:43:57,54.86136241,7.6284235,87.32700000000001,-1.25,2.8,1014.5219999999999,18.561,1.189248,8.068999999999999,1.9969999999999999,0.28,100,1.5,2.8,1014.5219999999999,0.018775945505249414,290.5106284514857,8.312446691558389,193.90083222584602,True,31.39046567304368,17.857504373090812,5,4,20160906_flight01
2016-09-06 13:43:58,54.86125043,7.62943247,86.927,-0.755,2.8259999999999996,1014.5930000000001,18.607,1.189271,7.494,2.013,0.077,100,1.0,2.9,1014.5930000000001,0.01866690522873915,290.55062384107396,7.7596523762343885,195.03558083048765,True,31.397993309840828,17.79145512674594,5,4,20160906_flight01
2016-09-06 13:43:59,54.86113922,7.63044247,86.63799999999999,-0.6729999999999999,2.805,1014.6110000000001,18.581000000000003,1.189406,7.94,1.955,0.044000000000000004,100,0.8,3.0,1014.6110000000001,0.018660132846985977,290.52325725477596,8.177140392582238,193.83231451914014,True,31.405622614502334,17.725367744908873,5,4,20160906_flight01
2016-09-06 13:44:00,54.86102997,7.631454049999999,86.5,-1.0270000000000001,3.227,1014.615,18.554000000000002,1.189366,8.706,2.186,0.223,100,1.2,3.4,1014.615,0.01879269817205298,290.49604149129436,8.976248214036863,194.09507186177692,True,31.413490648895063,17.659247660690642,5,4,20160906_flight01
2016-09-06 13:44:01,54.86092295,7.6324663699999995,86.605,-0.754,3.267,1014.6080000000001,18.528,1.189321,7.809,2.146,-0.265,100,1.1,3.4,1014.6080000000001,0.01891503422537788,290.4707223056568,8.098505849846624,195.36618936471731,True,31.421609933146776,17.59315571732622,5,4,20160906_flight01
2016-09-06 13:44:02,54.86081609,7.63347818,86.988,-0.373,3.242,1014.582,18.527,1.189361,7.518,1.776,-0.057999999999999996,100,0.5,3.5,1014.582,0.018858150179415167,290.471855314678,7.724927184122838,193.2914834592412,True,31.42973640138159,17.527100584374008,5,4,20160906_flight01
2016-09-06 13:44:03,54.86071008,7.634489589999999,87.43299999999999,-0.306,3.69,1014.5110000000001,18.539,1.1893479999999998,7.872999999999999,1.8659999999999999,0.185,100,0.4,3.8,1014.5110000000001,0.018756073591133404,290.48961978246484,8.091111481125445,193.33377930197645,True,31.437945503734497,17.46109831968882,5,4,20160906_flight01
2016-09-06 13:44:04,54.86060612,7.6355004,88.098,-0.032,3.776,1014.441,18.575,1.189244,7.697,1.964,-0.08700000000000001,100,0.2,3.8,1014.441,0.018649144500171966,290.53120513692824,7.943620396267686,194.31439311911987,True,31.446360922895096,17.395201027105575,5,4,20160906_flight01
2016-09-06 13:44:05,54.860502960000005,7.63650975,88.95100000000001,0.32299999999999995,3.7,1014.3389999999999,18.589000000000002,1.189175,7.997999999999999,1.99,-0.043,100,0.4,3.7,1014.3389999999999,0.018556939986581478,290.55350351312177,8.24185076302647,193.97217311556398,True,31.454833250958323,17.32942043984224,5,4,20160906_flight01
2016-09-06 13:44:06,54.860399799999996,7.63751737,89.777,0.257,3.81,1014.2439999999999,18.601000000000003,1.189165,7.966,2.14,0.153,100,0.3,3.9,1014.2439999999999,0.01842821879885448,290.5732382813217,8.248439610011097,195.0370149028936,True,31.463272266231115,17.26374674236273,5,4,20160906_flight01
2016-09-06 13:44:07,54.86029666,7.63852322,90.541,0.29100000000000004,3.8,1014.1540000000001,18.615,1.1890010000000002,8.017999999999999,1.9509999999999998,0.13699999999999998,100,0.4,3.8,1014.1540000000001,0.01842943730001889,290.594556855177,8.251952799186384,193.67586563163033,True,31.47167932404337,17.19818306855208,5,4,20160906_flight01
2016-09-06 13:44:08,54.86019344,7.63952722,91.31,0.125,3.735,1014.0690000000001,18.635,1.188725,7.7989999999999995,1.89,-0.08199999999999999,100,0.2,3.8,1014.0690000000001,0.018510702459811235,290.62144323651495,8.024743048845863,193.62236892490546,True,31.48004225609379,17.13273104907013,5,4,20160906_flight01
2016-09-06 13:44:09,54.86009044,7.640529709999999,92.07700000000001,0.258,3.787,1013.961,18.571,1.188583,7.792000000000001,1.9909999999999999,0.10300000000000001,100,0.4,3.8,1013.961,0.018747349534220747,290.56654928895927,8.04234698331277,194.3334413837743,True,31.488399492874365,17.06737961333482,5,4,20160906_flight01
2016-09-06 13:44:10,54.85998738,7.641531,92.81200000000001,0.8270000000000001,3.662,1013.882,18.535,1.18847,7.879,2.322,0.073,100,1.1,3.8,1013.882,0.01889056858793281,290.5371659477341,8.21403220105692,196.4206380519593,True,31.496727245824438,17.00210033347076,5,4,20160906_flight01
2016-09-06 13:44:11,54.85988378,7.642530890000001,93.37299999999999,0.91,3.532,1013.805,18.526,1.188466,8.01,2.271,0.033,100,1.1,3.6,1013.805,0.01884805397489253,290.534512083488,8.325715644916057,195.8291256705018,True,31.504970650202765,16.93688966802462,5,4,20160906_flight01
2016-09-06 13:44:12,54.85977907,7.643529569999999,93.77,0.8320000000000001,3.2710000000000004,1013.7739999999999,18.583000000000002,1.1883949999999999,7.462000000000001,2.156,-0.004000000000000001,100,0.9,3.4,1013.7739999999999,0.018678695867551554,290.59383036096625,7.767224729592932,196.11562301930874,True,31.513072786048113,16.87171699800512,5,4,20160906_flight01
2016-09-06 13:44:13,54.859673,7.64452776,93.94,0.401,3.259,1013.7410000000001,18.456,1.188526,8.059,2.296,-0.002,100,0.9,3.3,1013.7410000000001,0.018976851280816387,290.4700305149974,8.37968358591182,195.90219279694628,True,31.52102094808326,16.806529556940934,5,4,20160906_flight01
2016-09-06 13:44:14,54.859567139999996,7.6455265,94.04699999999998,0.135,3.096,1013.72,18.463,1.1885219999999999,8.017,2.421,-0.042,100,0.3,3.2,1013.72,0.018934712618233762,290.4787242261898,8.374576407198155,196.80343851876137,True,31.529002019317723,16.741315089236302,5,4,20160906_flight01
2016-09-06 13:44:15,54.859461149999994,7.646526,94.0,-0.032,2.9530000000000003,1013.7410000000001,18.471,1.1886750000000001,7.957999999999999,2.439,0.019000000000000003,100,0.1,3.0,1013.7410000000001,0.018796716724848617,290.48497208155544,8.323369810359262,197.0394662755741,True,31.5369839089024,16.67604935828453,5,4,20160906_flight01
2016-09-06 13:44:16,54.85935475,7.647526,93.78299999999999,0.086,2.928,1013.785,18.498,1.188828,7.981,2.271,-0.006000000000000001,100,0.2,3.0,1013.785,0.018615503728348193,290.50826075412067,8.297819111067678,195.88374574563005,True,31.544931852386597,16.610739154231716,5,4,20160906_flight01
2016-09-06 13:44:17,54.85924807000001,7.6485266,93.515,0.29,2.9,1013.7959999999999,18.584,1.188797,8.154,2.3129999999999997,0.017,100,0.3,2.9,1013.7959999999999,0.018352830819301724,290.5930229011609,8.475711474560704,195.83675467557217,True,31.552861591534082,16.545382604362683,5,4,20160906_flight01
2016-09-06 13:44:18,54.85914127,7.649528699999999,93.24700000000001,0.17300000000000001,2.9560000000000004,1013.823,18.515,1.1888,8.197,2.1959999999999997,0.099,100,0.3,3.0,1013.823,0.018618302612330107,290.52207989991035,8.486060629055157,194.99752481992473,True,31.5608074612137,16.47992940082624,5,4,20160906_flight01
2016-09-06 13:44:19,54.85903431,7.65053132,93.051,0.368,2.983,1013.87,18.462,1.188741,8.086,2.099,-0.08,100,0.6,3.0,1013.87,0.01890123364233287,290.46543644850135,8.353992877660358,194.55191318503785,True,31.56874633946895,16.41443876901722,5,4,20160906_flight01
2016-09-06 13:44:20,54.858926659999995,7.65153419,92.956,0.46,3.011,1013.8839999999999,18.492,1.1887400000000001,8.252,2.2430000000000003,0.043,100,0.6,3.1,1013.8839999999999,0.018811348585782373,290.49417127316923,8.551406492501687,195.20634434637572,True,31.57661669973099,16.348909836392874,5,4,20160906_flight01
2016-09-06 13:44:21,54.85881843,7.6525373100000005,92.835,0.632,3.057,1013.896,18.54,1.1887780000000001,8.033,2.363,0.009000000000000001,100,0.8,3.1,1013.896,0.018623189152668473,290.5409988794911,8.37334210456016,196.39185724968752,True,31.584430232606323,16.28334624639487,5,4,20160906_flight01
2016-09-06 13:44:22,54.85870939,7.65354046,92.8,0.527,3.1090000000000004,1013.901,18.505,1.188779,8.434,2.426,-0.043,100,0.8,3.2,1013.901,0.01874959576766333,290.50572701973005,8.775980401072006,196.04762961406482,True,31.59215825779186,16.217753973838583,5,4,20160906_flight01
2016-09-06 13:44:23,54.85860017,7.65454394,92.8,0.292,3.1660000000000004,1013.8989999999999,18.527,1.188764,8.177999999999999,2.231,0.06,100,0.5,3.2,1013.8989999999999,0.018683599988843724,290.52780423184043,8.476853484636855,195.2592683803078,True,31.599873507358218,16.15213534990632,5,4,20160906_flight01
2016-09-06 13:44:24,54.85849031,7.65554721,92.854,0.42100000000000004,3.144,1013.9,18.464,1.188822,8.218,2.331,0.011000000000000001,100,0.5,3.2,1013.9,0.018854970212622835,290.4649705151828,8.542194390202086,195.83575755526053,True,31.607516695106852,16.086508502829467,5,4,20160906_flight01
2016-09-06 13:44:25,54.858379830000004,7.65655036,92.926,0.226,3.16,1013.896,18.451999999999998,1.1888210000000001,8.377,2.633,0.064,100,0.4,3.2,1013.896,0.018893735461194217,290.453345521812,8.781048798406715,197.4486112227657,True,31.61509167963861,16.020868534312037,5,4,20160906_flight01
2016-09-06 13:44:26,54.85826952,7.65755388,93.0,0.2,3.122,1013.891,18.516,1.18883,8.407,2.576,0.07200000000000001,100,0.2,3.2,1013.891,0.018657425237441183,290.5175031652236,8.792805297514555,197.0356575574733,True,31.622691856169553,15.955211335746618,5,4,20160906_flight01
2016-09-06 13:44:27,54.85815894,7.65855758,92.96300000000001,0.252,3.0890000000000004,1013.891,18.596,1.188849,8.025,2.421,0.11199999999999999,100,0.4,3.1,1013.891,0.01836182247441487,290.5971881482289,8.382235143444737,196.7876302349154,True,31.630266803649043,15.889534072708244,5,4,20160906_flight01
2016-09-06 13:44:28,54.85804743,7.65956095,92.865,0.428,3.033,1013.8969999999999,18.564,1.188854,8.151,2.126,0.064,100,0.5,3.1,1013.8969999999999,0.018475276852855105,290.56482237811804,8.423697347364755,194.61858477859784,True,31.637736557909598,15.823846395408875,5,4,20160906_flight01
2016-09-06 13:44:29,54.85793517,7.66056434,92.835,0.27,3.0690000000000004,1013.909,18.516,1.188726,8.176,2.428,-0.10800000000000001,100,0.5,3.1,1013.909,0.01876463237453696,290.5160280884809,8.52890145329397,196.53966788321486,True,31.64512698861534,15.75813264074312,5,4,20160906_flight01
2016-09-06 13:44:30,54.857822930000005,7.661568130000001,92.914,-0.07100000000000001,3.1,1013.9,18.53,1.1887020000000001,8.059,2.005,-0.039,100,0.1,3.1,1013.9,0.018727259019862386,290.5307104592664,8.304667723635907,193.97098443826226,True,31.65252724726563,15.69239483412045,5,4,20160906_flight01
2016-09-06 13:44:31,54.85771094,7.66257214,93.03699999999999,-0.18400000000000002,3.117,1013.8939999999999,18.46,1.1886640000000002,8.365,2.474,-0.034,100,0.3,3.2,1013.8939999999999,0.01899834603377859,290.46147787586045,8.72318181628699,196.475905571076,True,31.659958311780706,15.626651715125696,5,4,20160906_flight01
2016-09-06 13:44:32,54.85759952,7.66357676,93.1,-0.20800000000000002,3.063,1013.886,18.493,1.188556,8.047,2.85,0.07200000000000001,100,0.3,3.1,1013.886,0.018967586599139663,290.4950034498142,8.536785636291917,199.50258031017887,True,31.667461701017118,15.560889786321084,5,4,20160906_flight01
2016-09-06 13:44:33,54.85748824,7.664581879999999,93.03200000000001,-0.052000000000000005,3.0,1013.8989999999999,18.491,1.188717,8.049,2.891,0.20800000000000002,100,0.2,3.0,1013.8989999999999,0.018849627834613303,290.4919460704072,8.552443042780233,199.75702223425156,True,31.674989597179383,15.495101601622505,5,4,20160906_flight01
2016-09-06 13:44:34,54.857377070000005,7.665587769999999,92.82799999999999,-0.209,2.9339999999999997,1013.908,18.5,1.1888290000000001,8.044,2.6430000000000002,0.046000000000000006,100,0.3,3.0,1013.908,0.018731246841979132,290.5001731161275,8.467076532074103,198.18886202077158,True,31.682544011026856,15.429269485143529,5,4,20160906_flight01
2016-09-06 13:44:35,54.8572661,7.66659438,92.64399999999999,-0.07200000000000001,2.957,1013.9259999999999,18.589000000000002,1.1890660000000002,8.107000000000001,1.764,-0.029000000000000005,100,0.3,3.0,1013.9259999999999,0.018235554261782472,290.58734682049567,8.296694823844012,192.2756295910671,True,31.69013354480157,15.36339950718137,5,4,20160906_flight01
2016-09-06 13:44:36,54.85715511,7.66760131,92.694,0.24600000000000002,3.0,1013.936,18.509,1.188858,7.989,2.0069999999999997,-0.15,100,0.3,3.0,1013.936,0.018703093219509137,290.50684318899965,8.237242863968502,194.10203666696216,True,31.69772711491612,15.297509095254998,5,4,20160906_flight01
2016-09-06 13:44:37,54.857044020000004,7.668608410000001,92.804,0.5710000000000001,3.1519999999999997,1013.905,18.412,1.188703,8.12,2.6039999999999996,0.035,100,0.7,3.2,1013.905,0.0191437233978482,290.4127658115853,8.527321736629853,197.78050836013415,True,31.70531333071841,15.231604867488592,5,4,20160906_flight01
2016-09-06 13:44:38,54.85693256,7.66961552,92.9,0.7,3.1,1013.901,18.507,1.1886450000000002,7.952000000000001,2.764,0.005,100,0.7,3.2,1013.901,0.018857456149393936,290.5077191386858,8.418669728644781,199.16671087516357,True,31.71286041613334,15.165687766649715,5,4,20160906_flight01
2016-09-06 13:44:39,54.85682008,7.67062229,92.9,0.49,2.97,1013.9019999999999,18.465,1.189017,8.113999999999999,2.525,0.08200000000000002,100,0.7,3.0,1013.9019999999999,0.01868639313358811,290.4658027063923,8.497800950834279,197.28564733706577,True,31.720292550730484,15.09975788841269,5,4,20160906_flight01
2016-09-06 13:44:40,54.85670677,7.67162902,92.8,0.196,3.0639999999999996,1013.9169999999999,18.521,1.1889100000000001,8.297,2.358,0.11199999999999999,100,0.4,3.1,1013.9169999999999,0.01859754004145442,290.5203527845394,8.625565082938046,195.86510248112023,True,31.727635704157493,15.033802990193745,5,4,20160906_flight01
2016-09-06 13:44:41,54.8565935,7.67263594,92.706,0.11,3.123,1013.928,18.554000000000002,1.188909,7.781000000000001,2.109,0.133,100,0.5,3.2,1013.928,0.018494213946482096,290.5523210714565,8.061751794740397,195.16535842215367,True,31.734986767343372,14.967837677522034,5,4,20160906_flight01
2016-09-06 13:44:42,54.85647981,7.6736425,92.7,0.35600000000000004,3.111,1013.955,18.505,1.188944,8.146,2.3,0.08900000000000001,100,0.6,3.2,1013.955,0.018662465815701523,290.50130211354343,8.464473758007642,195.76687598809832,True,31.742286261530865,14.90188069648925,5,4,20160906_flight01
2016-09-06 13:44:43,54.856366040000005,7.674649110000001,92.764,-0.121,3.127,1013.932,18.5,1.1888640000000001,8.111,2.353,-0.053,100,0.3,3.2,1013.932,0.018725368988014024,290.4982065049166,8.445408811893005,196.17743680817324,True,31.749578216257255,14.83591797638065,5,4,20160906_flight01
2016-09-06 13:44:44,54.85625296,7.67565622,92.858,-0.33399999999999996,3.1,1013.9169999999999,18.416999999999998,1.188943,8.572,2.571,-0.007000000000000001,100,0.5,3.1,1013.9169999999999,0.018932584956371068,290.41676306636515,8.949258349159443,196.6955648629298,True,31.75695313093658,14.769947217585457,5,4,20160906_flight01
2016-09-06 13:44:45,54.85614081,7.67666386,92.99,-0.0040000000000000036,3.075,1013.904,18.487000000000002,1.188807,8.203,2.477,-0.139,100,0.7,3.1,1013.904,0.018791491913451752,290.4875521282282,8.568823606540164,196.80235744022565,True,31.764437090024337,14.703974515850678,5,4,20160906_flight01
2016-09-06 13:44:46,54.85602826,7.67767141,93.124,0.682,3.056,1013.8989999999999,18.48,1.1888340000000002,8.314,2.633,-0.023,100,0.8,3.1,1013.8989999999999,0.018787783210602482,290.48098940996937,8.720968122863423,197.5727202269302,True,31.77187680478435,14.637994125978057,5,4,20160906_flight01
2016-09-06 13:44:47,54.855914899999995,7.67867879,93.2,0.28800000000000003,3.1,1013.8939999999999,18.464,1.1889100000000001,8.375,2.2159999999999997,0.04800000000000001,100,0.5,3.1,1013.8939999999999,0.018773528363950076,290.46546212163906,8.66321424183888,194.8206506164505,True,31.77922716066434,14.571997410747393,5,4,20160906_flight01
2016-09-06 13:44:48,54.855801330000006,7.6796859600000005,93.26700000000001,0.12,3.1,1013.893,18.48,1.1889420000000002,8.157,2.279,0.05,100,0.2,3.1,1013.893,0.018689211137062234,290.4814810440222,8.46938545586396,195.60993455739867,True,31.786551154368624,14.506006714916818,5,4,20160906_flight01
2016-09-06 13:44:49,54.85568757,7.68069289,93.361,-0.014000000000000002,3.099,1013.8889999999999,18.416,1.189102,8.545,2.6510000000000002,0.069,100,0.2,3.2,1013.8889999999999,0.018771698428248218,290.4180607797675,8.946777408653912,197.23597582267374,True,31.793850333779794,14.440024554509233,5,4,20160906_flight01
2016-09-06 13:44:50,54.85557436,7.68170021,93.417,-0.17,3.193,1013.87,18.435,1.189086,8.199,2.531,0.094,100,0.3,3.2,1013.87,0.018699931034548367,290.4385426074245,8.580766982036048,197.15525740844774,True,31.8012154760383,14.374036514768218,5,4,20160906_flight01
2016-09-06 13:44:51,54.85546123,7.682707390000001,93.5,-0.008,3.123,1013.852,18.428,1.189093,8.362,2.379,0.085,100,0.2,3.2,1013.852,0.018700304123184797,290.4330448347462,8.693830283597674,195.88112239654572,True,31.808586424723458,14.308059774843283,5,4,20160906_flight01
2016-09-06 13:44:52,54.85534817,7.68371448,93.57199999999999,-0.14200000000000002,3.2,1013.8430000000001,18.458,1.1889500000000002,8.192,2.5540000000000003,0.020000000000000004,100,0.2,3.2,1013.8430000000001,0.0187089699951295,290.4636644729288,8.580896223588768,197.3157854987591,True,31.81596307984865,14.242090914212095,5,4,20160906_flight01
2016-09-06 13:44:53,54.85523543,7.68472179,93.62100000000001,0.009000000000000001,2.9619999999999997,1013.837,18.526,1.189144,8.152999999999999,2.385,0.062,100,0.1,3.2,1013.837,0.018299290420363157,290.5318893721284,8.494682689777175,196.30580023253975,True,31.823377980317055,14.176119059762932,5,4,20160906_flight01
2016-09-06 13:44:54,54.85512274,7.68572928,93.6,0.065,2.9589999999999996,1013.857,18.500999999999998,1.1890720000000001,8.115,1.895,-0.07400000000000001,100,0.5,3.0,1013.857,0.018468333626467937,290.5053484355686,8.3333216666585,193.14406577893078,True,31.83080166076725,14.11013773994301,5,4,20160906_flight01
2016-09-06 13:44:55,54.85500996,7.68673682,93.6,0.7609999999999999,3.0439999999999996,1013.8589999999999,18.483,1.188893,8.024,2.358,0.196,100,1.2,3.1,1013.8589999999999,0.01868655473926939,290.48725525483206,8.363297196680264,196.37639537614558,True,31.838216738973912,14.04415034982539,5,4,20160906_flight01
2016-09-06 13:44:56,54.85489629,7.68774411,93.501,1.2690000000000001,3.16,1013.878,18.480999999999998,1.1888480000000001,7.855,2.568,0.085,100,1.4,3.3,1013.878,0.018751191548761925,290.48370621146364,8.264118162272368,198.10388976255763,True,31.84553241556779,13.978148927454765,5,4,20160906_flight01
2016-09-06 13:44:57,54.85478092,7.68875059,93.42300000000002,1.099,2.96,1013.891,18.5,1.188968,8.017999999999999,2.3720000000000003,0.12,100,1.3,3.0,1013.891,0.01859507002523797,290.50156616862256,8.361501539795348,196.4800280387662,True,31.852651821850216,13.912141244014187,5,4,20160906_flight01
2016-09-06 13:44:58,54.85466434,7.68975667,93.3,0.215,3.0,1013.898,18.494,1.188989,8.232999999999999,2.325,0.07200000000000001,100,0.6,3.0,1013.898,0.018605067245732743,290.49501619320927,8.55499351256329,195.76968485614847,True,31.859634929092252,13.846118197118024,5,4,20160906_flight01
2016-09-06 13:44:59,54.85454774,7.69076298,93.21700000000001,-0.137,3.0,1013.8989999999999,18.506,1.188919,8.232,2.519,0.155,100,0.2,3.0,1013.8989999999999,0.018624132007377447,290.5068869710044,8.60878533824604,197.01416162173717,True,31.866620339638096,13.780080276997648,5,4,20160906_flight01
2016-09-06 13:45:00,54.85443134,7.69176964,93.04899999999999,-0.7020000000000001,3.0,1013.924,18.497,1.1890770000000002,8.337,2.6039999999999996,0.075,100,1.0,3.0,1013.924,0.018545324851598544,290.49587387628816,8.734207748845913,197.34580665302548,True,31.873633745411432,13.714027356215219,5,4,20160906_flight01
2016-09-06 13:45:01,54.8543158,7.69277711,92.94,-0.9,2.8609999999999998,1013.927,18.497,1.189079,7.912999999999999,2.575,0.073,100,0.9,3.0,1013.927,0.01854662535332663,290.49562805413035,8.321429805027499,198.02560690303395,True,31.88075414778232,13.647952873859044,5,4,20160906_flight01
2016-09-06 13:45:02,54.854201169999996,7.69378564,92.7,-0.818,2.9760000000000004,1013.9830000000001,18.497,1.189137,7.882999999999999,2.6289999999999996,0.274,100,1.0,3.1,1013.9830000000001,0.01855319827807178,290.49103954553254,8.309833331661952,198.44367030538956,True,31.887991674647395,13.581843039537574,5,4,20160906_flight01
2016-09-06 13:45:03,54.854087740000004,7.694795269999999,92.5,-0.778,2.9059999999999997,1014.002,18.559,1.189141,7.636,2.141,-0.28400000000000003,100,1.1,3.1,1014.002,0.018352370453172284,290.55123673248085,7.9304714235661935,195.6625614442122,True,31.895377916934365,13.515704987248206,5,4,20160906_flight01
2016-09-06 13:45:04,54.85397545,7.69580607,92.5,-0.765,2.921,1013.993,18.480999999999998,1.189149,7.747999999999999,2.126,-0.053,100,0.9,3.0,1013.993,0.0186088465123897,290.4742836652041,8.03438734440903,195.34393378257553,True,31.902907845862842,13.449532404638099,5,4,20160906_flight01
2016-09-06 13:45:05,54.85386458,7.69681788,92.5,-0.6829999999999999,3.0580000000000003,1013.998,18.488,1.189014,7.525,2.055,0.068,100,0.9,3.2,1013.998,0.018705070223573372,290.4808462460345,7.8005544674721685,195.274444915338,True,31.910608138387886,13.383344451682898,5,4,20160906_flight01
2016-09-06 13:45:06,54.853754419999994,7.697829799999999,92.60799999999999,0.14300000000000002,3.182,1013.9860000000001,18.49,1.188898,7.597,2.235,-0.061,100,0.4,3.3,1013.9860000000001,0.018785421085556475,290.4838214925902,7.918941469666258,196.393623440233,True,31.91838600661122,13.317173219026,5,4,20160906_flight01
2016-09-06 13:45:07,54.85364459,7.6988416299999995,92.83200000000001,0.043,3.3,1013.95,18.554000000000002,1.188743,7.941,2.14,-0.051,100,0.1,3.3,1013.95,0.018658542006267265,290.5505180541823,8.224298207142054,195.08220110195316,True,31.926197213617243,13.251018477434112,5,4,20160906_flight01
2016-09-06 13:45:08,54.85353566,7.6998533799999995,93.205,0.064,3.275,1013.905,18.429,1.1887990000000002,7.979,2.0540000000000003,-0.045,100,0.3,3.3,1013.905,0.019002009119581276,290.42969880360346,8.239135694962185,194.4359749789752,True,31.93410253055505,13.184898488697836,5,4,20160906_flight01
2016-09-06 13:45:09,54.85342663,7.70086413,93.56,0.505,3.279,1013.868,18.453,1.1888390000000002,7.718999999999999,1.868,0.11900000000000001,100,0.7,3.3,1013.868,0.01884667701631826,290.4566357032661,7.941812450568195,193.6040485888554,True,31.941977963722955,13.11883697374466,5,4,20160906_flight01
2016-09-06 13:45:10,54.85331653,7.70187331,93.87100000000001,0.205,3.259,1013.813,18.508,1.188857,7.707000000000001,1.7369999999999999,-0.018,100,0.7,3.3,1013.813,0.018583864077578616,290.51592687998874,7.9003175885530075,192.70107919070034,True,31.94970944734498,13.052837022066381,5,4,20160906_flight01
2016-09-06 13:45:11,54.85320661,7.70288183,94.196,-0.145,3.155,1013.7959999999999,18.487000000000002,1.1888560000000001,7.64,1.786,0.11200000000000002,100,0.3,3.2,1013.7959999999999,0.0186409851703484,290.4964022699647,7.845979607416782,193.15772743760908,True,31.95744735212358,12.986883811144885,5,4,20160906_flight01
2016-09-06 13:45:12,54.85309749,7.70389023,94.374,-0.332,3.1,1013.781,18.512999999999998,1.188649,7.894,2.258,0.185,100,0.4,3.1,1013.781,0.018712484245933858,290.52352997531835,8.21059072174469,195.96264962327808,True,31.965267968774263,12.920964512299992,5,4,20160906_flight01
2016-09-06 13:45:13,54.85298922,7.704898930000001,94.382,-0.127,2.978,1013.778,18.486,1.18883,7.899,1.9380000000000002,-0.115,100,0.4,3.1,1013.778,0.018648669541872165,290.4968813174251,8.13326779345178,193.7850826866258,True,31.973184698705467,12.855054831520025,5,4,20160906_flight01
2016-09-06 13:45:14,54.85288098,7.70590769,94.4,-0.094,2.852,1013.7610000000001,18.571,1.1888820000000002,7.597,1.814,-0.07600000000000001,100,0.2,2.9,1013.7610000000001,0.018290244299042024,290.58294293219734,7.810570081626565,193.42953796617945,True,31.981105772341465,12.789142437246166,5,4,20160906_flight01
2016-09-06 13:45:15,54.85277306,7.7069170499999995,94.33200000000001,0.19699999999999998,2.863,1013.781,18.549,1.188857,7.853,2.364,-0.067,100,0.8,2.9,1013.781,0.01840855009124076,290.55938933039295,8.201103889111515,196.75344708788728,True,31.989072408579133,12.723203570473014,5,4,20160906_flight01
2016-09-06 13:45:16,54.852665370000004,7.7079272,94.194,0.985,2.7689999999999997,1013.797,18.563000000000002,1.188754,7.89,2.193,0.040999999999999995,100,1.1,2.9,1013.797,0.018463984025556046,290.5720230598771,8.189099401033058,195.5330994511585,True,31.997078701009855,12.65722351086313,5,4,20160906_flight01
2016-09-06 13:45:17,54.85255637,7.70893729,93.956,0.648,2.766,1013.815,18.429,1.1887910000000002,7.81,1.8969999999999998,0.069,100,0.9,2.8,1013.815,0.018918413471795015,290.4370723614412,8.037083364007119,193.652398437925,True,32.004944613598944,12.591203768337373,5,4,20160906_flight01
2016-09-06 13:45:18,54.852446040000004,7.70994692,93.59,0.075,2.735,1013.867,18.531,1.1887560000000001,7.763,1.629,0.272,100,0.8,2.9,1013.867,0.018644334739269075,290.5344110220662,7.9320747601116315,191.8510841146914,True,32.01266031840419,12.525168394853093,5,4,20160906_flight01
2016-09-06 13:45:19,54.852335540000006,7.71095678,93.223,-0.9129999999999999,2.807,1013.905,18.579,1.188744,7.084,1.3719999999999999,-0.38299999999999995,100,1.1,2.9,1013.905,0.018525185169518066,290.5791075567048,7.21563857187983,190.96110403202124,True,32.02036238477792,12.459113179815088,5,4,20160906_flight01
2016-09-06 13:45:20,54.8522266,7.71196785,93.2,-1.256,2.9210000000000003,1013.9069999999999,18.385,1.188797,8.11,2.053,-0.012,100,1.4,3.1,1013.9069999999999,0.019159527239059004,290.38570841347143,8.365817891874052,194.20567356897624,True,32.02825354488912,12.393034874338536,5,4,20160906_flight01
2016-09-06 13:45:21,54.852121,7.71298099,93.255,-0.823,3.1,1013.901,18.499000000000002,1.188619,7.966,2.197,-0.033,100,1.2,3.1,1013.901,0.018907690872905336,290.4997506628628,8.263411220555348,195.41870407310668,True,32.036539534105884,12.326939299969006,5,4,20160906_flight01
2016-09-06 13:45:22,54.85201671,7.71399456,93.37100000000001,-0.21100000000000002,3.003,1013.898,18.421,1.1888180000000002,8.132,2.194,0.003999999999999999,100,0.7,3.1,1013.898,0.01900664638587335,290.42230378979235,8.422770328104644,195.0988047206277,True,32.04497302786477,12.260860547694577,5,4,20160906_flight01
2016-09-06 13:45:23,54.851912920000004,7.71500839,93.47,-0.051000000000000004,3.013,1013.891,18.45,1.1888,8.116,2.2430000000000003,0.043,100,0.2,3.1,1013.891,0.01891369774001128,290.4517630542442,8.420243761317128,195.44907794695598,True,32.053464667285816,12.19478229215703,5,4,20160906_flight01
2016-09-06 13:45:24,54.85180975,7.71602247,93.5,-0.021,2.972,1013.891,18.532,1.18879,7.928,2.084,0.045,100,0.1,3.0,1013.891,0.018635821096176564,290.53344016182467,8.197331273042465,194.72790941871835,True,32.06202701319689,12.12870912587979,5,4,20160906_flight01
2016-09-06 13:45:25,54.85170677,7.71703662,93.5,0.48100000000000004,2.9560000000000004,1013.8809999999999,18.499000000000002,1.1887930000000002,7.79,2.062,-0.043,100,0.7,3.0,1013.8809999999999,0.018738460647505395,290.50138956020095,8.058284184613994,194.82607565037944,True,32.07061089988849,12.06263792779956,5,4,20160906_flight01
2016-09-06 13:45:26,54.851603340000004,7.71805066,93.5,0.6629999999999999,2.944,1013.88,18.404,1.1887370000000002,8.112,1.9669999999999999,0.13,100,0.8,3.0,1013.88,0.019117408584406137,290.40684529522383,8.347073319433585,193.63002710992646,True,32.07914484322211,11.996558621191863,5,4,20160906_flight01
2016-09-06 13:45:27,54.8514999,7.71906463,93.40400000000001,0.619,3.0,1013.8969999999999,18.455,1.18879,8.116,1.786,-0.079,100,0.7,3.0,1013.8969999999999,0.01891082749294326,290.45625177252754,8.310189648858803,192.41065066192982,True,32.08767637585625,11.93048330838215,5,4,20160906_flight01
2016-09-06 13:45:28,54.85139587,7.72007824,93.4,0.6739999999999999,3.034,1013.8939999999999,18.4,1.1888560000000001,8.187999999999999,2.3329999999999997,0.11600000000000002,100,0.8,3.1,1013.8939999999999,0.019043450541950113,290.4017141891811,8.51388471850541,195.90379818505244,True,32.0961382721926,11.864410696438124,5,4,20160906_flight01
2016-09-06 13:45:29,54.851291010000004,7.72109131,93.37100000000001,0.98,3.0,1013.9,18.416999999999998,1.1888420000000002,8.058,2.189,0.134,100,1.1,3.0,1013.9,0.019002064480475145,290.41815570651715,8.35003502986664,195.19794631455736,True,32.104501559385895,11.798343957513683,5,4,20160906_flight01
2016-09-06 13:45:30,54.85118479,7.7221036000000005,93.3,0.647,3.0,1013.9,18.489,1.188815,8.339,2.094,0.09,100,0.9,3.0,1013.9,0.018773630226197158,290.4898720091538,8.597892590629403,194.09604440085147,True,32.11270528854345,11.732280365485149,5,4,20160906_flight01
2016-09-06 13:45:31,54.8510781,7.723115689999999,93.3,0.515,2.9610000000000003,1013.906,18.43,1.188859,8.059,2.262,-0.09300000000000001,100,0.6,3.0,1013.906,0.018948091946760393,290.4306129379843,8.370431589828566,195.6783679282631,True,32.12085521574366,11.666213563225778,5,4,20160906_flight01
2016-09-06 13:45:32,54.85097082,7.72412759,93.3,0.456,2.8289999999999997,1013.91,18.465999999999998,1.1887,8.123,2.056,-0.301,100,0.5,2.9,1013.91,0.018962599953558756,290.4661432933012,8.379156580467988,194.2037454143413,True,32.12893878015642,11.600138958211335,5,4,20160906_flight01
2016-09-06 13:45:33,54.85086304000001,7.7251396,93.3,0.51,2.83,1013.9019999999999,18.333,1.188812,8.308,2.189,0.158,100,0.6,2.9,1013.9019999999999,0.019323454899402126,290.3343228924004,8.591541479850981,194.76087407225248,True,32.13697132360831,11.534040995639298,5,4,20160906_flight01
2016-09-06 13:45:34,54.85075465,7.72615144,93.141,0.924,2.9309999999999996,1013.915,18.465999999999998,1.1887940000000001,7.519,1.855,-0.009000000000000001,100,1.6,3.0,1013.915,0.01888705333551055,290.46573362649855,7.7444422652635225,193.85860217900392,True,32.14493576382607,11.467933332148117,5,4,20160906_flight01
2016-09-06 13:45:35,54.85064441,7.72716229,93.03,1.131,2.9530000000000003,1013.936,18.418,1.188951,7.841,1.9669999999999999,0.003999999999999997,100,1.6,3.0,1013.936,0.018941328098043053,290.4162026713739,8.0839575703983,194.08265628807828,True,32.152684525928,11.40182556073842,5,4,20160906_flight01
2016-09-06 13:45:36,54.85053331,7.72817287,92.92399999999999,0.355,2.892,1013.951,18.385,1.188871,8.365,2.247,0.263,100,0.5,3.0,1013.951,0.019140315935917362,290.3821044223844,8.661537623309155,195.0358135581555,True,32.16033668964469,11.335705986461466,5,4,20160906_flight01
2016-09-06 13:45:37,54.85042243,7.72918366,92.759,0.58,2.947,1013.9830000000001,18.542,1.188823,7.6579999999999995,1.642,-0.16,100,0.8,3.1,1013.9830000000001,0.018665049399397837,290.5358611853216,7.83205771173834,192.10191023570064,True,32.16801627832102,11.269580724006815,5,4,20160906_flight01
2016-09-06 13:45:38,54.85030969,7.730196660000001,92.79799999999999,0.5710000000000001,2.836,1013.993,18.502,1.188777,7.794,2.074,-0.316,100,0.7,2.9,1013.993,0.01885422988656038,290.49520037144237,8.065228577046033,194.901214782904,True,32.175540745129894,11.203257307203565,5,4,20160906_flight01
2016-09-06 13:45:39,54.850196589999996,7.731206650000001,92.86200000000001,0.893,2.8939999999999997,1013.9860000000001,18.423,1.188612,7.928,2.427,-0.179,100,1.0,2.9,1013.9860000000001,0.019264719035751998,290.41708710759497,8.29117078584201,197.02093016940023,True,32.182968991372825,11.137107942277211,5,4,20160906_flight01
2016-09-06 13:45:40,54.85008288,7.7322165,92.837,0.8370000000000001,2.85,1013.9810000000001,18.418,1.188689,7.755,2.362,-0.04800000000000001,100,1.0,2.9,1013.9810000000001,0.019211145974083355,290.412516492099,8.106729858580463,196.93956611175315,True,32.19032971206307,11.07094702285259,5,4,20160906_flight01
2016-09-06 13:45:41,54.84996763,7.73322581,92.75299999999999,1.002,2.832,1013.985,18.485,1.1890230000000002,7.835,1.93,-0.12300000000000001,100,1.2,2.9,1013.985,0.018694778185850858,290.47892324571825,8.069208449408158,193.8381975285621,True,32.197516366063894,11.004768459688265,5,4,20160906_flight01
2016-09-06 13:45:42,54.84985087,7.73423449,92.721,0.312,2.9,1013.997,18.456,1.1889290000000001,7.994,2.0180000000000002,-0.061,100,0.7,2.9,1013.997,0.018888693338029006,290.44905513653015,8.24477774109163,194.16770969605713,True,32.20453040868725,10.938578807190531,5,4,20160906_flight01
2016-09-06 13:45:43,54.849734319999996,7.735243430000001,92.8,0.377,2.987,1013.9910000000001,18.401,1.188764,7.846,1.923,0.034,100,0.5,3.1,1013.9910000000001,0.019216319989342923,290.3947647884503,8.0782204104617,193.7713295708862,True,32.21157177628594,10.872380045993257,5,4,20160906_flight01
2016-09-06 13:45:44,54.84961729,7.736251859999999,92.816,-0.045,2.9960000000000004,1013.99,18.401,1.188757,8.221,2.126,-0.08900000000000001,100,0.4,3.0,1013.99,0.01922131648928005,290.3948466954449,8.491449640667957,194.49937835658739,True,32.218552309800465,10.806196897003694,5,4,20160906_flight01
2016-09-06 13:45:45,54.849500770000006,7.737260320000001,92.84200000000001,-0.398,3.0580000000000003,1013.9730000000001,18.413999999999998,1.1888670000000001,8.011000000000001,2.28,0.113,100,0.5,3.1,1013.9730000000001,0.01906448766343738,290.4091876404864,8.329136870048421,195.88681224586293,True,32.22558762289243,10.740028786753712,5,4,20160906_flight01
2016-09-06 13:45:46,54.84938471,7.73826885,92.86399999999999,0.035,2.85,1013.97,18.468,1.1888400000000001,7.207999999999999,1.619,-0.292,100,0.3,3.1,1013.97,0.018895908998102895,290.4632195433153,7.387585870905325,192.65919723335392,True,32.23267317188612,10.673871587693135,5,4,20160906_flight01
2016-09-06 13:45:47,54.849267929999996,7.73927696,92.939,0.046,2.887,1013.965,18.393,1.188776,8.105,2.241,0.213,100,0.3,3.1,1013.965,0.019207864381844963,290.3889260720985,8.409108513986487,195.45590828051022,True,32.23967411305465,10.607716490772859,5,4,20160906_flight01
2016-09-06 13:45:48,54.84915252,7.74028601,92.8,-0.322,3.0239999999999996,1013.975,18.423,1.188836,7.971,2.154,0.031,100,0.4,3.1,1013.975,0.01906161440657561,290.41798816395004,8.256909651921838,195.12183472995696,True,32.246838755992165,10.54154869241798,5,4,20160906_flight01
2016-09-06 13:45:49,54.849037870000004,7.741295330000001,92.749,-0.508,2.904,1013.995,18.430999999999997,1.1889750000000001,7.985,1.976,0.013999999999999999,100,0.6,3.0,1013.995,0.0189346196232949,290.4243181535663,8.225861717777658,193.89940689176885,True,32.25408936949236,10.475389384711033,5,4,20160906_flight01
2016-09-06 13:45:50,54.848923459999995,7.74230471,92.65899999999999,-0.456,2.881,1013.997,18.413999999999998,1.188939,8.011000000000001,2.467,0.21600000000000003,100,0.6,2.9,1013.997,0.019026894008406847,290.4072217712505,8.38225566300623,197.1162977125765,True,32.26136664512338,10.409234319170363,5,4,20160906_flight01
2016-09-06 13:45:51,54.84880974,7.743314860000001,92.387,-0.455,2.87,1014.0189999999999,18.451,1.18899,7.579,2.36,0.126,100,0.8,2.9,1014.0189999999999,0.018875995300630333,290.4422727510854,7.93793682262589,197.29589525806446,True,32.26873207981546,10.34305453272291,5,4,20160906_flight01
2016-09-06 13:45:52,54.848696790000005,7.74432587,92.135,-1.109,2.7439999999999998,1014.06,18.468999999999998,1.188997,7.862,2.396,-0.177,100,1.3,2.8,1014.06,0.018848301342983875,290.4568424636589,8.21899385569791,196.948970201799,True,32.27619590886078,10.276847114403786,5,4,20160906_flight01
2016-09-06 13:45:53,54.84858573,7.74533863,91.93299999999999,-1.163,2.7739999999999996,1014.094,18.401999999999997,1.189125,7.999,2.252,0.08800000000000001,100,1.3,2.9,1014.094,0.01900690587005993,290.3873249295939,8.30996419968221,195.7237792001878,True,32.28389430167159,10.210594171529113,5,4,20160906_flight01
2016-09-06 13:45:54,54.84847654,7.746352900000001,91.729,-0.927,2.9389999999999996,1014.114,18.480999999999998,1.189035,7.6770000000000005,2.248,-0.046000000000000006,100,1.0,3.0,1014.114,0.018828069186740626,290.46437099141275,7.999364537261695,196.3212295724087,True,32.29182051125643,10.144309870295778,5,4,20160906_flight01
2016-09-06 13:45:55,54.848368799999996,7.74736806,91.645,-0.983,2.9,1014.11,18.44,1.18908,7.826999999999999,1.9340000000000002,-0.028999999999999998,100,1.2,2.9,1014.11,0.018928743610911347,290.42386262749517,8.06239945673743,193.87939662021745,True,32.299917962070616,10.078018606703424,5,4,20160906_flight01
2016-09-06 13:45:56,54.84826299,7.7483841700000005,91.62799999999999,-0.94,3.0189999999999997,1014.13,18.551000000000002,1.188989,7.523,1.804,-0.23800000000000002,100,1.2,3.1,1014.13,0.018639057668490278,290.5327799986901,7.7362746202548935,193.48478682256825,True,32.30823882302351,10.011732572245922,5,4,20160906_flight01
2016-09-06 13:45:57,54.84815871,7.74940093,91.839,-0.12,3.052,1014.1030000000001,18.488,1.1888100000000001,7.192,2.026,-0.138,100,0.6,3.1,1014.1030000000001,0.01898538570956876,290.472244099831,7.471916755424942,195.73262852352622,True,32.31673480603612,9.945457053845328,5,4,20160906_flight01
2016-09-06 13:45:58,54.84805491,7.75041758,92.06,0.12300000000000001,3.161,1014.0740000000001,18.425,1.188823,7.755,2.323,-0.08700000000000001,100,0.4,3.2,1014.0740000000001,0.019165264949849048,290.41187113101626,8.09545267418691,196.6755175906551,True,32.32527968444629,9.87920423055889,5,4,20160906_flight01
2016-09-06 13:45:59,54.84795226999999,7.7514345,92.324,0.309,3.187,1014.028,18.427,1.18886,7.827000000000001,2.001,-0.051000000000000004,100,0.5,3.2,1014.028,0.019080326546771387,290.4176309214193,8.078733192772244,194.34070344933048,True,32.33395304471018,9.812973146797894,5,4,20160906_flight01
2016-09-06 13:46:00,54.84784938,7.7524506099999995,92.667,0.782,3.042,1013.9939999999999,18.421999999999997,1.188838,7.739,1.7790000000000001,-0.364,100,1.0,3.1,1013.9939999999999,0.019082490425019305,290.4154357684283,7.940841391187712,192.94594372958417,True,32.342584238100265,9.746783829150655,5,4,20160906_flight01
2016-09-06 13:46:01,54.847745530000005,7.7534658,93.04,0.879,2.917,1013.962,18.394999999999996,1.188822,8.184,2.253,-0.057,100,1.0,3.0,1013.962,0.019158420516920627,290.39116387943324,8.488454806382608,195.39187102459056,True,32.351095688916025,9.68061955731811,5,4,20160906_flight01
2016-09-06 13:46:02,54.84764123,7.75448082,93.197,0.968,2.9130000000000003,1013.938,18.445999999999998,1.18882,7.857,2.483,-0.213,100,1.1,3.0,1013.938,0.018957765653179193,290.4439282110217,8.240008373782153,197.5377826509692,True,32.35955604101544,9.614450884117815,5,4,20160906_flight01
2016-09-06 13:46:03,54.84753533,7.75549526,93.2,0.919,2.7119999999999997,1013.941,18.4,1.189194,7.869,1.959,-0.092,100,1.0,2.8,1013.941,0.018801037054030356,290.39786421719907,8.10918257286146,193.979693143118,True,32.36783517949457,9.548265051286656,5,4,20160906_flight01
2016-09-06 13:46:04,54.847427870000004,7.756509250000001,93.126,0.706,2.835,1013.956,18.433999999999997,1.18908,8.231,2.075,-0.063,100,0.9,2.9,1013.956,0.01879497542804076,290.4305010479041,8.48852083698921,194.1492010856996,True,32.37593985875624,9.482055351532114,5,4,20160906_flight01
2016-09-06 13:46:05,54.84732021,7.75752348,93.005,0.711,2.9,1013.953,18.430999999999997,1.1890360000000002,8.419,2.15,0.04,100,0.8,2.9,1013.953,0.01884014373960352,290.42775867331716,8.689192194905118,194.32571055491098,True,32.384027903797865,9.415824198697706,5,4,20160906_flight01
2016-09-06 13:46:06,54.84721183,7.75853734,92.98,1.06,2.778,1013.9780000000001,18.468,1.189049,7.916,1.953,-0.121,100,1.2,2.9,1013.9780000000001,0.018724854380924194,290.4625641230614,8.15335912369865,193.85898963625175,True,32.39203230381247,9.34959205870367,5,4,20160906_flight01
2016-09-06 13:46:07,54.847101300000006,7.75955012,92.837,0.701,2.735,1013.99,18.48,1.188934,8.079,2.138,0.171,100,1.2,2.8,1013.99,0.01879352512146215,290.47353341882757,8.357109847309655,194.8227762748614,True,32.39978740920603,9.283355434872728,5,4,20160906_flight01
2016-09-06 13:46:08,54.84698985,7.76056274,92.544,0.47600000000000003,2.745,1014.0160000000001,18.471,1.189058,7.803,1.7719999999999998,0.009000000000000001,100,0.5,2.8,1014.0160000000001,0.0187448409731934,290.46243904917407,8.001674387276703,192.79442721023293,True,32.40744165767333,9.21709822438212,5,4,20160906_flight01
2016-09-06 13:46:09,54.846877860000006,7.76157521,92.28399999999999,0.365,2.8339999999999996,1014.049,18.494,1.18903,7.976,1.732,0.05,100,0.5,2.9,1014.049,0.018721639612658603,290.4826440250625,8.161887036709096,192.2516508269487,True,32.41503562750461,9.150832395806834,5,4,20160906_flight01
2016-09-06 13:46:10,54.84676532,7.762587519999999,92.2,0.815,2.853,1014.071,18.468999999999998,1.189082,7.579,1.482,0.004,100,1.0,2.9,1014.071,0.018786521431344294,290.45594136229124,7.722536176671495,191.0640293507495,True,32.42256806335566,9.084558235784261,5,4,20160906_flight01
2016-09-06 13:46:11,54.84665143,7.76359879,92.125,0.526,3.008,1014.085,18.46,1.1890020000000001,7.61,1.9780000000000002,0.087,100,0.8,3.1,1014.085,0.01890058031658781,290.4458304541115,7.862861056892713,194.5699847501264,True,32.4299369974086,9.018303618240644,5,4,20160906_flight01
2016-09-06 13:46:12,54.84653736999999,7.76460963,92.1,0.336,2.983,1014.0690000000001,18.5,1.189114,8.138,1.7719999999999998,0.17800000000000002,100,0.4,3.0,1014.0690000000001,0.018648810319294773,290.48698157866096,8.328687051390512,192.28406385769122,True,32.437279584104004,8.952069937904668,5,4,20160906_flight01
2016-09-06 13:46:13,54.8464233,7.76561997,92.10600000000001,0.251,2.9589999999999996,1014.091,18.461,1.189073,7.847,1.6219999999999999,-0.22,100,0.4,3.0,1014.091,0.018842275656219654,290.446334979568,8.01288293936708,191.67874520835312,True,32.44461148004485,8.885866819348397,5,4,20160906_flight01
2016-09-06 13:46:14,54.84630832,7.76662944,92.271,0.818,2.887,1014.053,18.441999999999997,1.18903,7.459,1.551,-0.14,100,1.0,3.0,1014.053,0.018907328783586363,290.43052344542286,7.618548549428558,191.74650824792369,True,32.451829910119976,8.819687313416495,5,4,20160906_flight01
2016-09-06 13:46:15,54.846192099999996,7.767637959999999,92.45300000000002,0.36200000000000004,2.947,1014.03,18.438,1.189098,8.282,1.8769999999999998,-0.09,100,0.7,3.0,1014.03,0.018839928800997052,290.42842335641706,8.492034679627727,192.76957561013865,True,32.458898262037174,8.753525432664727,5,4,20160906_flight01
2016-09-06 13:46:16,54.84607666,7.76864675,92.624,0.184,2.951,1014.0089999999999,18.494,1.1889850000000002,7.934,2.025,-0.23900000000000002,100,0.3,3.0,1014.0089999999999,0.018720009748848465,290.48592118991024,8.188344216018278,194.31795973087202,True,32.46605471008192,8.68737270500474,5,4,20160906_flight01
2016-09-06 13:46:17,54.84596047,7.769654849999999,92.791,0.298,2.7809999999999997,1013.993,18.463,1.188969,7.774,1.703,-0.14300000000000002,100,0.3,2.8,1013.993,0.018825939209504705,290.45635505985706,7.9583468760792275,192.35623058191265,True,32.47311816284846,8.621237768039961,5,4,20160906_flight01
2016-09-06 13:46:18,54.84584341,7.77066243,92.786,-0.04,2.912,1013.9939999999999,18.426,1.18905,7.581,1.551,0.114,100,0.2,3.0,1013.9939999999999,0.01888681670173553,290.41941990182613,7.7380334711087935,191.562603829649,True,32.480079140460525,8.555106143486459,5,4,20160906_flight01
2016-09-06 13:46:19,54.845726379999995,7.7716698,92.775,0.452,2.77,1013.9860000000001,18.529,1.18885,7.01,1.713,-0.23399999999999999,100,1.1,2.9,1013.9860000000001,0.018690328797636102,290.522666880871,7.216264199708877,193.73198345824272,True,32.4870392626701,8.488988487659213,5,4,20160906_flight01
2016-09-06 13:46:20,54.84560844,7.77267704,92.74600000000001,0.9329999999999999,2.644,1014.0110000000001,18.476,1.1889,7.5520000000000005,1.905,-0.193,100,1.1,2.7,1014.0110000000001,0.018857735188269054,290.46782881339414,7.788563988310041,194.15756838878852,True,32.49390016841654,8.422848722814926,5,4,20160906_flight01
2016-09-06 13:46:21,54.845489900000004,7.77368462,92.655,1.126,2.6860000000000004,1014.033,18.438,1.1888040000000002,7.614,1.895,-0.385,100,1.3,2.8,1014.033,0.019094910407801313,290.4281776170275,7.846274338818392,193.9760272215598,True,32.50070385424594,8.3566680774126,5,4,20160906_flight01
2016-09-06 13:46:22,54.84537007,7.77469211,92.662,0.934,2.459,1014.0139999999999,18.4,1.188901,7.921,1.811,-0.265,100,1.3,2.6,1014.0139999999999,0.019125484565141404,290.391884928513,8.125389959872695,192.87834044016225,True,32.50736870812012,8.290450265118366,5,4,20160906_flight01
2016-09-06 13:46:23,54.845248940000005,7.77569966,92.40700000000001,-0.017,2.441,1014.048,18.404999999999998,1.189049,8.295,2.032,-0.18600000000000003,100,0.4,2.5,1014.048,0.019015326123199783,290.39408033417897,8.540260476121322,193.76450873436048,True,32.5138965556503,8.224185686810351,5,4,20160906_flight01
2016-09-06 13:46:24,54.84512789,7.7767082400000005,92.059,-0.48700000000000004,2.433,1014.089,18.421999999999997,1.1891470000000002,7.865,2.015,-0.121,100,0.6,2.5,1014.089,0.018913133635094503,290.40765454676506,8.119017797738838,194.3700015151793,True,32.52045273906401,8.157860118695105,5,4,20160906_flight01
2016-09-06 13:46:25,54.84500683,7.77771782,91.64,-0.815,2.4,1014.14,18.462,1.189121,8.077,2.129,-0.223,100,0.9,2.4,1014.14,0.018846882853051472,290.4433173395172,8.35287794715091,194.7666057182558,True,32.52702711564343,8.091472433355683,5,4,20160906_flight01
2016-09-06 13:46:26,54.8448869,7.77872928,91.226,-0.406,2.475,1014.1990000000001,18.418999999999997,1.189232,8.224,2.265,0.07200000000000001,100,0.8,2.5,1014.1990000000001,0.018961306655193022,290.39565795490626,8.530205214413074,195.39827096095658,True,32.53375778780531,8.025006018412066,5,4,20160906_flight01
2016-09-06 13:46:27,54.844768249999994,7.77974243,90.73,-0.555,2.543,1014.245,18.410999999999998,1.189435,8.665,2.237,0.048,100,0.8,2.6,1014.245,0.018861564665247466,290.38392340375594,8.94910017823021,194.47569349500105,True,32.540657038655,7.958477581534225,5,4,20160906_flight01
2016-09-06 13:46:28,54.844650810000005,7.78075686,90.286,-0.032,2.5340000000000003,1014.3059999999999,18.492,1.189478,8.021,2.154,-0.06,100,0.2,2.6,1014.3059999999999,0.01860302481033127,290.45960031407293,8.30518855896722,195.031849447397,True,32.547709533779546,7.891910136429926,5,4,20160906_flight01
2016-09-06 13:46:29,54.84453275,7.781771539999999,89.928,0.36700000000000005,2.6240000000000006,1014.334,18.572,1.189571,7.6129999999999995,1.6280000000000001,-0.087,100,0.7,2.7,1014.334,0.01827218627654803,290.5369821889262,7.785123826889332,192.07059812739948,True,32.55470095038543,7.825306709063506,5,4,20160906_flight01
2016-09-06 13:46:30,54.84441385,7.782786069999999,89.8,0.7,2.778,1014.362,18.57,1.1895499999999999,7.559,1.493,-0.156,100,0.7,2.9,1014.362,0.018325253267908348,290.53269662799823,7.705032770858279,191.17284753721265,True,32.56160020488534,7.758684726953657,5,4,20160906_flight01
2016-09-06 13:46:31,54.84429473,7.783800189999999,89.81299999999999,0.556,3.015,1014.3509999999999,18.578000000000003,1.189371,7.271,0.802,0.301,100,0.9,3.1,1014.3509999999999,0.018439537056252675,290.5415651735404,7.315097060189974,186.2943489043738,True,32.568468183235375,7.692080790221741,5,4,20160906_flight01
2016-09-06 13:46:32,54.84417466,7.784812540000001,89.95100000000001,1.776,2.905,1014.334,18.643,1.188969,6.4239999999999995,1.541,-0.22699999999999998,100,2.0,3.0,1014.334,0.01853986421632947,290.6076937764493,6.606243789022624,193.48932382866735,True,32.575201114238254,7.625554748628564,5,4,20160906_flight01
2016-09-06 13:46:33,54.84405235,7.785823199999999,90.134,1.369,2.9339999999999997,1014.307,18.442999999999998,1.189308,7.341,1.635,0.03,100,1.9,3.0,1014.307,0.018920821752109962,290.410717088046,7.520871359091313,192.5560760657932,True,32.581663439450466,7.559058931662319,5,4,20160906_flight01
2016-09-06 13:46:34,54.84392983,7.7868331799999995,90.221,1.069,2.958,1014.3029999999999,18.499000000000002,1.1892740000000002,7.5089999999999995,1.113,-0.168,100,1.4,3.0,1014.3029999999999,0.018750283767414277,290.46681763980695,7.59103747850055,188.43111698205496,True,32.58809035219022,7.492598173516791,5,4,20160906_flight01
2016-09-06 13:46:35,54.84380583,7.78784129,90.492,1.485,2.735,1014.281,18.582,1.189341,7.322,0.59,-0.308,100,1.6,2.9,1014.281,0.01838097887607182,290.5512835874488,7.345732366483277,184.60688739982484,True,32.59432396452502,7.426203934346783,5,4,20160906_flight01
2016-09-06 13:46:36,54.84367915,7.7888468799999995,90.759,1.6469999999999998,2.8309999999999995,1014.243,18.516,1.189206,7.114,0.677,0.121,100,1.8,2.9,1014.243,0.018688891810906494,290.48866332854,7.146140566767491,185.4361511889809,True,32.60022422621072,7.359876628419721,5,4,20160906_flight01
2016-09-06 13:46:37,54.843550779999994,7.78985045,90.84700000000001,1.159,2.969,1014.248,18.512,1.1889210000000001,7.212000000000001,1.228,0.031,100,1.5,3.1,1014.248,0.018952082288773875,290.4842699164742,7.315799887913831,189.6631784999276,True,32.605905980670336,7.293618153707382,5,4,20160906_flight01
2016-09-06 13:46:38,54.84342138,7.790852609999999,90.9,1.59,2.7539999999999996,1014.2310000000001,18.574,1.188919,6.852,1.214,-0.04,100,1.7,2.8,1014.2310000000001,0.018720163230347753,290.5474123659844,6.9587139616455,190.04709084476528,True,32.61145111766677,7.227412681398004,5,4,20160906_flight01
2016-09-06 13:46:39,54.8432898,7.791853,90.807,1.177,2.5980000000000003,1014.258,18.456,1.188886,7.172999999999999,1.912,0.369,100,1.4,2.8,1014.258,0.019187813416063904,290.42767709246084,7.423454249875861,194.92545109471666,True,32.616730485089775,7.161244363926859,5,4,20160906_flight01
2016-09-06 13:46:40,54.84315713,7.79285381,90.277,0.8270000000000001,2.79,1014.325,18.556,1.188928,6.678999999999999,2.135,0.04800000000000001,100,0.9,2.8,1014.325,0.0188697334829544,290.52178442116127,7.011937392761005,197.72692769347213,True,32.62190209673812,7.095013993141889,5,4,20160906_flight01
2016-09-06 13:46:41,54.84302277,7.793854,89.896,0.937,2.5,1014.3809999999999,18.585,1.189128,6.928999999999999,2.218,-0.076,100,1.1,2.7,1014.3809999999999,0.018653341161566583,290.54607911492934,7.2753395109781644,197.7500721038162,True,32.62688215948662,7.028765953168379,5,4,20160906_flight01
2016-09-06 13:46:42,54.84288699,7.79485464,89.478,0.419,2.764,1014.428,18.557000000000002,1.189137,6.984,2.519,-0.036000000000000004,100,0.8,2.8,1014.428,0.01879061005544691,290.51434355745016,7.42439337589274,199.83343894575748,True,32.63171997232246,6.962443075976516,5,4,20160906_flight01
2016-09-06 13:46:43,54.84275058,7.79585614,89.23,0.048999999999999995,2.9130000000000003,1014.437,18.506,1.1893989999999999,6.296,1.88,-0.307,100,0.3,3.1,1014.437,0.018753339937163105,290.46281505785157,6.570693722888018,196.62574531516742,True,32.63650738998742,6.89604619583965,5,4,20160906_flight01
2016-09-06 13:46:44,54.84261241,7.7968569,89.385,0.115,3.1519999999999997,1014.418,18.480999999999998,1.1895850000000001,5.917000000000001,1.5630000000000002,-0.215,100,0.5,3.3,1014.418,0.018662289915362784,290.4394731321871,6.119955718794051,194.79693303099737,True,32.64109350856279,6.829636742280812,5,4,20160906_flight01
2016-09-06 13:46:45,54.84247385,7.7978562,89.805,-1.518,3.34,1014.367,18.464,1.189542,6.749,1.514,-0.254,100,2.1,3.5,1014.367,0.018707281002736442,290.42671861982427,6.916733116146668,192.64381421589061,True,32.64561006494416,6.7633045786293025,5,4,20160906_flight01
2016-09-06 13:46:46,54.84233924,7.79885734,90.539,-2.2880000000000003,3.5189999999999997,1014.27,18.483,1.1893470000000002,6.938,1.264,-0.204,100,2.4,3.6,1014.27,0.01871049896596766,290.4535851712787,7.052201074841811,190.32519349662954,True,32.65058185128549,6.6969895614048465,5,4,20160906_flight01
2016-09-06 13:46:47,54.842207959999996,7.799858,91.42299999999999,-1.12,3.133,1014.176,18.472,1.1890610000000001,6.579,1.446,-0.33,100,2.1,3.4,1014.176,0.018899522514758793,290.45032851943284,6.736034219034223,192.3959545867019,True,32.655898301283486,6.630814498371491,5,4,20160906_flight01
2016-09-06 13:46:48,54.84207783,7.800858,92.01,-1.063,3.03,1014.089,18.46,1.189025,6.254,0.955,-0.159,100,1.3,3.1,1014.089,0.018884890048918024,290.44550279993325,6.326495159248918,188.68212696384683,True,32.66132426232396,6.564718304624744,5,4,20160906_flight01
2016-09-06 13:46:49,54.84194926,7.8018586800000005,92.435,-1.617,2.945,1014.033,18.408,1.189131,6.605,0.904,-0.17900000000000002,100,2.4,3.0,1014.033,0.018919500179076065,290.39829694522854,6.666576407722333,187.79342257194685,True,32.66692911144982,6.498631767020676,5,4,20160906_flight01
2016-09-06 13:46:50,54.84182379,7.80285988,92.77,-2.783,2.932,1013.997,18.404999999999998,1.1891170000000002,6.784,0.696,-0.284,100,2.9,3.0,1013.997,0.01890580654331253,290.39825747869054,6.819609372977312,185.85772800133248,True,32.67287343618732,6.432615779500788,5,4,20160906_flight01
2016-09-06 13:46:51,54.84170244,7.80386256,93.154,-3.1460000000000004,2.705,1013.944,18.403,1.18917,6.718,0.369,-0.40399999999999997,100,3.3,2.8,1013.944,0.018814129659176393,290.4006066242885,6.728126410821961,183.1439296254158,True,32.6792841260424,6.366644812141717,5,4,20160906_flight01
2016-09-06 13:46:52,54.84158512,7.804866960000001,93.431,-3.2939999999999996,2.6040000000000005,1013.9,18.288,1.189264,6.9270000000000005,0.7070000000000001,0.319,100,4.3,2.7,1013.9,0.01909136407459222,290.28966399762646,6.962986284633915,185.82767853792132,True,32.686156237401555,6.300701055305269,5,4,20160906_flight01
2016-09-06 13:46:53,54.8414731,7.80587388,93.027,-3.883,2.705,1013.9639999999999,18.406,1.188919,6.527,1.764,0.601,100,4.5,2.8,1013.9639999999999,0.01903883245114857,290.4019565226559,6.761170386848715,195.12356510717905,True,32.69364014837774,6.234777145377839,5,4,20160906_flight01
2016-09-06 13:46:54,54.84136565,7.80688364,92.229,-2.021,2.529,1014.0690000000001,18.55,1.189133,6.528,1.416,0.22,100,2.6,2.6,1014.0690000000001,0.018457931554830553,290.536782192681,6.679808380485176,192.2385353938177,True,32.70166443776371,6.168829131635573,5,4,20160906_flight01
2016-09-06 13:46:55,54.84126114,7.80789581,91.515,-1.825,2.5780000000000003,1014.172,18.584,1.18934,6.867999999999999,1.2409999999999999,0.033,100,1.9,2.6,1014.172,0.018265413608174352,290.5622062860154,6.97921951223774,190.24243279028002,True,32.71004759198485,6.102829592881482,5,4,20160906_flight01
2016-09-06 13:46:56,54.841160499999994,7.808910839999999,91.059,-0.23900000000000002,2.622,1014.221,18.504,1.189496,6.8420000000000005,0.995,0.09700000000000002,100,1.7,2.7,1014.221,0.01846034612490821,290.4785138061726,6.913970566902929,188.2742526949429,True,32.718897114972265,6.036781529055844,5,4,20160906_flight01
2016-09-06 13:46:57,54.84106097,7.80992672,90.68799999999999,0.29,2.7310000000000003,1014.255,18.5,1.189586,7.125,1.0490000000000002,0.136,100,0.5,2.8,1014.255,0.018431400104873985,290.4717450185751,7.201807134323995,188.3753777377563,True,32.72788097435384,5.970717712765243,5,4,20160906_flight01
2016-09-06 13:46:58,54.84096187,7.8109427700000005,90.412,0.878,2.738,1014.308,18.504,1.189595,6.925,1.287,0.023,100,1.2,2.8,1014.308,0.018462944605807108,290.47138785655034,7.043578209972542,190.52821076801217,True,32.736913806885426,5.904657635397967,5,4,20160906_flight01
2016-09-06 13:46:59,54.84086185,7.811958529999999,90.21600000000001,1.0659999999999998,2.8959999999999995,1014.3380000000001,18.477,1.189624,7.391,1.444,0.253,100,1.2,3.1,1014.3380000000001,0.018562533115474622,290.442040523104,7.530738144431792,191.05478224794427,True,32.7458432792191,5.838585003551931,5,4,20160906_flight01
2016-09-06 13:47:00,54.84076132,7.81297377,90.1,1.486,3.1090000000000004,1014.3659999999999,18.48,1.189671,7.462000000000001,1.3019999999999998,-0.022000000000000002,100,1.8,3.2,1014.3659999999999,0.018539930718302067,290.44273536733306,7.574737487200464,189.89755980632015,True,32.75470853656121,5.772527608107233,5,4,20160906_flight01
2016-09-06 13:47:01,54.84065907,7.81398743,90.235,2.028,3.158,1014.323,18.538,1.1895820000000001,6.8839999999999995,1.139,0.036000000000000004,100,2.6,3.2,1014.323,0.018370418140504663,290.5040213159972,6.977591059957583,189.39482491399832,True,32.763360570948294,5.7065108643708635,5,4,20160906_flight01
2016-09-06 13:47:02,54.84055338,7.81499861,90.461,2.428,3.195,1014.309,18.471,1.1894660000000001,6.914,1.558,0.025,100,2.6,3.2,1014.309,0.01868966564787411,290.43843977284786,7.087366224487062,192.69891802970022,True,32.77159925346808,5.640533409568873,5,4,20160906_flight01
2016-09-06 13:47:03,54.84044459,7.81600742,90.63699999999999,1.6820000000000002,3.235,1014.288,18.44,1.189456,6.9510000000000005,1.281,0.132,100,2.1,3.3,1014.288,0.018785438401435428,290.40928508701563,7.06805220693792,190.44188102427466,True,32.77946283687284,5.574599708787118,5,4,20160906_flight01
2016-09-06 13:47:04,54.84033379,7.8170142,90.885,1.088,3.1830000000000003,1014.2560000000001,18.453999999999997,1.189398,7.361000000000001,1.465,-0.1,100,1.5,3.3,1014.2560000000001,0.018754062112183334,290.42584896247774,7.505367812439308,191.25603523194894,True,32.787073711459506,5.508724857978268,5,4,20160906_flight01
2016-09-06 13:47:05,54.84022181,7.81801969,91.274,1.636,3.0010000000000003,1014.2180000000001,18.49,1.189528,7.075,1.072,-0.21,100,1.8,3.2,1014.2180000000001,0.01847882473691853,290.4648159565857,7.155753559199757,188.61588808107837,True,32.794534337559845,5.44289062692202,5,4,20160906_flight01
2016-09-06 13:47:06,54.84010731,7.819023069999999,91.573,1.202,2.9810000000000003,1014.175,18.424,1.189566,7.617000000000001,0.745,-0.087,100,1.6,3.1,1014.175,0.018633634066342664,290.40260326685734,7.653346588257977,185.58619113343212,True,32.80168651246656,5.37710329639885,5,4,20160906_flight01
2016-09-06 13:47:07,54.839991520000005,7.82002493,91.83300000000001,1.103,3.023,1014.138,18.452,1.189366,7.187,0.905,0.036000000000000004,100,1.4,3.2,1014.138,0.018669931949029994,290.43352122794084,7.243755517685561,187.17701332635997,True,32.80867231941486,5.311367152967686,5,4,20160906_flight01
2016-09-06 13:47:08,54.83987431,7.821025,91.999,0.677,3.0,1014.123,18.438,1.189273,7.402,1.271,-0.008999999999999998,100,0.8,3.0,1014.123,0.01878343519383674,290.4208058700593,7.510329220480284,189.74326154552222,True,32.81547274312689,5.2456945729633455,5,4,20160906_flight01
2016-09-06 13:47:09,54.83975633,7.82202491,92.08699999999999,0.198,2.728,1014.117,18.471,1.1894150000000001,7.182,0.883,-0.092,100,0.3,3.0,1014.117,0.018540507758512792,290.4541652539917,7.236077183115172,187.00912658797688,True,32.82218825164956,5.180006374629274,5,4,20160906_flight01
2016-09-06 13:47:10,54.8396375,7.82302397,92.046,0.145,2.8569999999999998,1014.117,18.441999999999997,1.189386,7.142,1.1740000000000002,0.066,100,0.3,2.9,1014.117,0.018666642577408465,290.4252812888713,7.2378477463953335,189.33478445491528,True,32.82879705611991,5.114342540531302,5,4,20160906_flight01
2016-09-06 13:47:11,54.83951868,7.8240229999999995,91.961,0.083,2.752,1014.14,18.472,1.189421,7.437,1.29,-0.165,100,0.2,2.9,1014.14,0.01855497723275179,290.4532772628859,7.548050675505564,189.8404449026321,True,32.83540634569347,5.0486808912352465,5,4,20160906_flight01
2016-09-06 13:47:12,54.83940015,7.825023,91.854,0.001,2.8,1014.1469999999999,18.491,1.1894,7.193,1.345,-0.053000000000000005,100,0.1,2.8,1014.1469999999999,0.01851363234729897,290.47162770260434,7.317668617804443,190.5912774589842,True,32.84206513422429,4.982968914953669,5,4,20160906_flight01
2016-09-06 13:47:13,54.83928115,7.82602232,91.728,0.015,2.8009999999999997,1014.163,18.479,1.189493,6.789,0.7879999999999999,-0.135,100,0.2,2.9,1014.163,0.018491975288679185,290.4583652290665,6.834578626367539,186.62070173130627,True,32.84866087794079,4.917283385721667,5,4,20160906_flight01
2016-09-06 13:47:14,54.8391615,7.8270219999999995,91.68,-0.22899999999999998,2.772,1014.176,18.455,1.189421,7.037999999999999,1.173,0.021,100,0.7,2.9,1014.176,0.018650515822698388,290.433396821602,7.135080448039811,189.46232220802563,True,32.855194472948654,4.851554084102209,5,4,20160906_flight01
2016-09-06 13:47:15,54.83904296,7.828022,91.6,-1.139,2.8789999999999996,1014.181,18.46,1.189419,6.81,0.955,-0.031,100,1.3,2.9,1014.181,0.018639784655812175,290.437967212525,6.876636168941904,187.98281275698082,True,32.86185219869631,4.785841776598418,5,4,20160906_flight01
2016-09-06 13:47:16,54.83892584,7.82902277,91.568,-0.95,2.738,1014.1840000000001,18.456,1.189382,6.672000000000001,1.094,-0.081,100,1.3,2.8,1014.1840000000001,0.01868845968826216,290.43373758173544,6.761096064988281,189.31185948461746,True,32.86867566661316,4.720128927390152,5,4,20160906_flight01
2016-09-06 13:47:17,54.83880987,7.83002432,91.433,-1.53,2.853,1014.202,18.421,1.189427,7.422000000000001,1.364,0.134,100,2.0,2.9,1014.202,0.018790278828115348,290.39740423403,7.546295780049971,190.41350255188127,True,32.87563637413519,4.6544059756244005,5,4,20160906_flight01
2016-09-06 13:47:18,54.838697069999995,7.83102776,91.296,-1.433,2.745,1014.211,18.410999999999998,1.189527,7.257000000000001,1.178,-0.038000000000000006,100,2.0,2.9,1014.211,0.01874861209727907,290.38670749846415,7.351988370502228,189.2201746710204,True,32.88297037739287,4.588671245672971,5,4,20160906_flight01
2016-09-06 13:47:19,54.838586029999995,7.83203217,91.191,-1.03,2.773,1014.2280000000001,18.467,1.189643,7.403,0.5930000000000001,-0.172,100,1.5,2.9,1014.2280000000001,0.018470732852403415,290.44108962286185,7.42671246245605,184.57976585327773,True,32.89051010860803,4.522934878362919,5,4,20160906_flight01
2016-09-06 13:47:20,54.838476650000004,7.83303731,91.28,-1.5730000000000002,2.9,1014.216,18.447,1.18961,7.278,0.318,-0.321,100,1.7,2.9,1014.216,0.018556790674501444,290.42215302091506,7.2849439256592765,182.50185167242125,True,32.89824031853076,4.457208390115535,5,4,20160906_flight01
2016-09-06 13:47:21,54.838369730000004,7.834042950000001,91.661,-1.8090000000000002,3.0610000000000004,1014.1560000000001,18.406,1.189374,7.484,0.75,-0.24100000000000002,100,2.6,3.3,1014.1560000000001,0.018841882013289624,290.38623149599675,7.521486289291499,185.72272083241324,True,32.90624160087669,4.391532489466944,5,4,20160906_flight01
2016-09-06 13:47:22,54.83826595000001,7.8350494500000005,92.161,-2.8930000000000002,3.3,1014.1,18.416,1.189238,7.6739999999999995,1.073,-0.14800000000000002,100,3.0,3.3,1014.1,0.0188671846645303,290.4007776023256,7.748651818219734,187.95965128538103,True,32.91459315698597,4.32590745654957,5,4,20160906_flight01
2016-09-06 13:47:23,54.838167000000006,7.83605696,92.70200000000001,-2.85,3.312,1014.04,18.43,1.1893090000000002,7.4479999999999995,1.156,0.043,100,3.0,3.4,1014.04,0.018697166988677516,290.41963606533943,7.537177190434095,188.82245178832,True,32.92347748546168,4.260379999972751,5,4,20160906_flight01
2016-09-06 13:47:24,54.83807173,7.83706511,93.12,-1.955,3.1210000000000004,1013.998,18.448,1.189315,7.1339999999999995,1.0590000000000002,-0.07400000000000001,100,2.4,3.3,1013.998,0.018586955011472117,290.4410049570055,7.2121728348674505,188.44355928299922,True,32.93276524163709,4.194934890032845,5,4,20160906_flight01
2016-09-06 13:47:25,54.83797874,7.83807368,93.416,-1.508,2.784,1013.965,18.492,1.1892690000000001,6.547000000000001,0.551,-0.17,100,1.9,3.0,1013.965,0.018439527478752327,290.4875341802717,6.57014535607851,184.81071525238184,True,32.942303399678806,4.129539348577068,5,4,20160906_flight01
2016-09-06 13:47:26,54.83788747,7.83908304,93.402,-1.161,2.815,1013.971,18.368,1.189078,6.841,1.6219999999999999,0.268,100,1.3,2.9,1013.971,0.019042420744840527,290.363533634316,7.030658930711971,193.33851317141443,True,32.952039568478625,4.06415196635542,5,4,20160906_flight01
2016-09-06 13:47:27,54.837799059999995,7.8400943299999994,93.124,-1.515,2.681,1014.0,18.413999999999998,1.189319,7.055,1.198,-0.259,100,1.6,2.9,1014.0,0.01870431805556194,290.40697604180326,7.155992523752383,189.63738917550873,True,32.96211685699961,3.9987400666273887,5,4,20160906_flight01
2016-09-06 13:47:28,54.83771276,7.84110731,92.87299999999999,-1.054,2.513,1014.041,18.477,1.189443,6.968999999999999,0.77,0.096,100,1.3,2.7,1014.041,0.018419247547336814,290.46636710225135,7.011409344775128,186.3049972282622,True,32.97245093514218,3.933293636387499,5,4,20160906_flight01
2016-09-06 13:47:29,54.83762718,7.84212117,92.499,-0.878,2.7769999999999997,1014.095,18.476,1.189408,6.834,0.62,-0.10099999999999999,100,1.0,2.8,1014.095,0.0185069432096312,290.46094740141314,6.862066452607406,185.1838457361901,True,32.982878478844185,3.8678166824456452,5,4,20160906_flight01
2016-09-06 13:47:30,54.83754288,7.84313593,92.36300000000001,-0.598,2.759,1014.114,18.387999999999998,1.1893120000000001,7.077999999999999,0.972,-0.07400000000000001,100,0.8,2.8,1014.114,0.018915704502499908,290.37174302489956,7.144429158442261,187.81934401760248,True,32.993459389036346,3.8023265175117986,5,4,20160906_flight01
2016-09-06 13:47:31,54.83746051,7.844151880000001,92.3,-1.199,2.741,1014.1190000000001,18.363999999999997,1.189327,7.068,0.971,-0.135,100,1.4,2.8,1014.1190000000001,0.018991762841099602,290.34742961596737,7.134386098326891,187.82231384563875,True,33.0042683307931,3.7368267530716617,5,4,20160906_flight01
2016-09-06 13:47:32,54.83738,7.84516876,92.25,-0.816,2.842,1014.1160000000001,18.425,1.189355,6.785,0.596,-0.04,100,1.0,2.9,1014.1160000000001,0.018751583018628892,290.4084312099671,6.811126265163494,185.0200235032533,True,33.01529285809273,3.6713311349327205,5,4,20160906_flight01
2016-09-06 13:47:33,54.837300379999995,7.846185930000001,92.2,-0.5670000000000001,2.9,1014.125,18.309,1.189401,7.28,1.065,-0.037000000000000005,100,0.8,2.9,1014.125,0.019126672325940453,290.2921585080475,7.357487682626455,188.32283130365477,True,33.0264175572423,3.6058470776063603,5,4,20160906_flight01
2016-09-06 13:47:34,54.83722271,7.847203940000001,92.21600000000001,-0.413,2.9259999999999997,1014.1190000000001,18.283,1.18949,7.379,1.05,-0.157,100,0.8,3.0,1014.1190000000001,0.019135303470048326,290.266753758894,7.453330866129585,188.0985751652259,True,33.037765673941166,3.540375708319158,5,4,20160906_flight01
2016-09-06 13:47:35,54.837146080000004,7.848222379999999,92.3,0.612,2.6860000000000004,1014.113,18.36,1.189576,7.307,1.204,-0.099,100,0.8,2.8,1014.113,0.018786420917499935,290.3439369176844,7.405529353125272,189.35675136227127,True,33.04923260005866,3.4749122181341052,5,4,20160906_flight01
2016-09-06 13:47:36,54.83706862,7.84924071,92.241,0.11800000000000001,2.832,1014.1190000000001,18.296000000000003,1.1896200000000001,7.202000000000001,1.1340000000000001,-0.028999999999999998,100,0.6,2.9,1014.1190000000001,0.01897848005636127,290.2797017359552,7.290731101885463,188.94811330513434,True,33.060609197088226,3.409428032986704,5,4,20160906_flight01
2016-09-06 13:47:37,54.836991340000004,7.85025917,92.125,-0.305,2.565,1014.1469999999999,18.294,1.189807,7.442,0.938,-0.141,100,0.6,2.7,1014.1469999999999,0.01885345035521091,290.2754175995756,7.500880481650137,187.18375790866608,True,33.07200742747427,3.343941777654673,5,4,20160906_flight01
2016-09-06 13:47:38,54.836915319999996,7.85127882,91.964,0.040999999999999995,2.7539999999999996,1014.153,18.320999999999998,1.189665,7.227,0.925,-0.067,100,0.5,2.8,1014.153,0.018886698766559906,290.30181813183293,7.285955942770997,187.29375949588905,True,33.08356248300812,3.278423730945206,5,4,20160906_flight01
2016-09-06 13:47:39,54.836839309999995,7.85229858,91.848,0.95,2.6240000000000006,1014.1840000000001,18.302,1.189651,7.189,1.173,-0.188,100,1.5,2.7,1014.1840000000001,0.01899625913804992,290.2803566650616,7.28406823142123,189.26705669216747,True,33.09512071947936,3.2128992189976655,5,4,20160906_flight01
2016-09-06 13:47:40,54.83676216,7.8533185,91.654,1.9769999999999999,2.6180000000000003,1014.2080000000001,18.338,1.189643,7.185,1.1340000000000001,-0.146,100,2.5,2.7,1014.2080000000001,0.01890137146054882,290.3142471132893,7.273938479255925,188.96894112982375,True,33.10656087971833,3.1473270619872915,5,4,20160906_flight01
2016-09-06 13:47:41,54.836682849999995,7.85433804,91.44200000000001,2.044,2.73,1014.248,18.226,1.189941,7.571000000000001,1.012,0.201,100,2.4,2.8,1014.248,0.019077946191354833,290.19942478342256,7.638336533565408,187.6134794130512,True,33.11776416171548,3.081706839715813,5,4,20160906_flight01
2016-09-06 13:47:42,54.836601019999996,7.8553566,91.163,2.685,2.74,1014.252,18.344,1.18984,7.171,0.605,-0.055999999999999994,100,2.9,2.8,1014.252,0.018755899696153655,290.3166208437051,7.196475943126608,184.8224865917005,True,33.12868075174028,3.0160636997947767,5,4,20160906_flight01
2016-09-06 13:47:43,54.83651502,7.85637319,91.006,3.0260000000000002,2.7090000000000005,1014.299,18.410999999999998,1.189784,7.233,0.7020000000000001,-0.042,100,3.2,2.8,1014.299,0.01861693131913489,290.37950185295813,7.266986514367561,185.54348876635467,True,33.139116227322006,2.950404158744452,5,4,20160906_flight01
2016-09-06 13:47:44,54.83642495,7.85738793,90.875,2.816,2.872,1014.315,18.344,1.189735,7.227,0.753,0.030000000000000006,100,2.9,2.9,1014.315,0.018909095287941158,290.3114636283757,7.266122624894243,185.94833359679262,True,33.14908352699689,2.884724114463853,5,4,20160906_flight01
2016-09-06 13:47:45,54.83633117,7.85840071,90.86200000000001,3.207,2.83,1014.315,18.361,1.189719,7.164,0.8590000000000001,-0.048,100,3.4,2.9,1014.315,0.018863377785160118,290.3283946625709,7.2153154470196235,186.83741209419833,True,33.15861879277439,2.8190422874035646,5,4,20160906_flight01
2016-09-06 13:47:46,54.83623278,7.85941103,90.9,3.193,2.853,1014.313,18.311,1.189836,7.305,0.79,-0.039,100,3.4,2.9,1014.313,0.018935949254932583,290.2787611994297,7.3475931433361215,186.17227042606464,True,33.16761674627248,2.7533597605891726,5,4,20160906_flight01
2016-09-06 13:47:47,54.83613030000001,7.860419070000001,90.9,2.485,2.897,1014.294,18.3,1.189754,7.197,0.67,-0.09,100,2.8,2.9,1014.294,0.01902554719319194,290.2693608946303,7.228119326629853,185.31858380260235,True,33.17613611824231,2.6876826360818535,5,4,20160906_flight01
2016-09-06 13:47:48,54.836024390000006,7.861424929999999,90.99600000000001,1.675,3.0610000000000004,1014.295,18.287,1.189774,7.343,0.669,0.012,100,2.2,3.1,1014.295,0.019054876606018123,290.2563317131101,7.373412371487166,185.20568516937396,True,33.18424897791067,2.6220265959300244,5,4,20160906_flight01
2016-09-06 13:47:49,54.83591620999999,7.86242885,91.181,1.591,3.1590000000000003,1014.279,18.262,1.189748,7.242000000000001,1.08,0.007000000000000001,100,1.7,3.2,1014.279,0.019148495376326347,290.2327423877108,7.322087407290356,188.48201313509426,True,33.192083229453644,2.5564152332392593,5,4,20160906_flight01
2016-09-06 13:47:50,54.83580575,7.86343074,91.43700000000001,1.228,2.96,1014.243,18.293,1.189844,7.402,0.973,0.02,100,1.7,3.1,1014.243,0.01892170619742184,290.2665634885783,7.465676995423791,187.48864913744745,True,33.19963607705655,2.4908537775288773,5,4,20160906_flight01
2016-09-06 13:47:51,54.83569389,7.86443142,91.5,0.325,2.863,1014.243,18.317,1.189917,7.611000000000001,0.863,0.107,100,0.8,2.9,1014.243,0.018775301567511393,290.2904666103679,7.659770884301959,186.4690537529662,True,33.207016835438225,2.425320711808067,5,4,20160906_flight01
2016-09-06 13:47:52,54.835581430000005,7.865431539999999,91.4,0.16899999999999998,2.779,1014.245,18.342,1.189964,7.29,0.41600000000000004,0.024,100,0.3,2.8,1014.245,0.018649699220151472,290.3152019673675,7.301859763101453,183.26601137566098,True,33.21432304355023,2.359802372931493,5,4,20160906_flight01
2016-09-06 13:47:53,54.83546824,7.866430789999999,91.4,-0.14400000000000002,2.836,1014.25,18.348,1.189865,7.218,0.5920000000000001,-0.133,100,0.3,2.9,1014.25,0.018718506721594474,290.3207684173411,7.242236394926639,184.68874357193,True,33.2215349158776,2.294313608674167,5,4,20160906_flight01
2016-09-06 13:47:54,54.835355529999994,7.867430000000001,91.493,-0.711,2.824,1014.2330000000001,18.297,1.189779,7.382999999999999,0.912,-0.05800000000000001,100,0.9,2.9,1014.2330000000001,0.018953340302092503,290.2713658630461,7.439115068339781,187.04190428205206,True,33.22879703151887,2.228843214510687,5,4,20160906_flight01
2016-09-06 13:47:55,54.83524432,7.86843,91.5,-0.708,2.8,1014.248,18.325,1.189748,7.421,0.68,0.032,100,0.9,2.8,1014.248,0.01889707244869765,290.2980250217866,7.45208970692114,185.2354981501486,True,33.236233776707515,2.163373692698646,5,4,20160906_flight01
2016-09-06 13:47:56,54.835133969999994,7.86943036,91.419,-0.9810000000000001,2.87,1014.2539999999999,18.354,1.1897799999999998,7.074,0.583,0.046000000000000006,100,1.1,2.9,1014.2539999999999,0.018774333924137743,290.3264167194384,7.0979831642516595,184.7113541363349,True,33.24376885331517,2.0979104130131523,5,4,20160906_flight01
2016-09-06 13:47:57,54.83502455,7.870431,91.4,-0.7929999999999999,2.9810000000000003,1014.258,18.316000000000003,1.189694,7.231,0.909,0.106,100,1.1,3.0,1014.258,0.018984829936578684,290.2882428051247,7.287910674534918,187.16499671853887,True,33.25140816034514,2.032460636888996,5,4,20160906_flight01
2016-09-06 13:47:58,54.83491688,7.87143186,91.4,-0.9760000000000001,3.0,1014.257,18.317,1.189721,7.398,1.054,0.063,100,1.1,3.0,1014.257,0.018957204080536583,290.28932061999666,7.472704998860854,188.10841583758634,True,33.25923769058894,1.9670552316858592,5,4,20160906_flight01
2016-09-06 13:47:59,54.834811,7.8724335199999995,91.4,-0.193,2.8160000000000003,1014.25,18.299,1.189776,7.22,0.9540000000000001,-0.04100000000000001,100,0.7,3.0,1014.25,0.01896599627666773,290.27196630668357,7.282754698601347,187.5270580038081,True,33.267272863625614,1.901659686410329,5,4,20160906_flight01
2016-09-06 13:48:00,54.83470502,7.87343525,91.29799999999999,0.483,2.786,1014.2769999999999,18.358,1.189906,7.183,0.568,0.134,100,0.7,3.0,1014.2769999999999,0.018675577035484725,290.32851763441596,7.20542247199982,184.52128972820677,True,33.27529875675532,1.836256503894977,5,4,20160906_flight01
2016-09-06 13:48:01,54.83459877999999,7.87443666,91.2,-0.17600000000000002,3.0,1014.262,18.381999999999998,1.189813,7.007999999999999,0.39799999999999996,-0.16399999999999998,100,0.3,3.0,1014.262,0.018656267618672562,290.35364861732467,7.019292556946176,183.250463878427,True,33.283290855640786,1.7708644811294478,5,4,20160906_flight01
2016-09-06 13:48:02,54.83449284,7.875438030000001,91.4,-0.268,2.86,1014.2589999999999,18.348,1.189643,6.91,0.765,-0.121,100,0.3,3.0,1014.2589999999999,0.01891765173691029,290.32003163509404,6.952217272208918,186.31743907475538,True,33.29131406775983,1.7054848664631157,5,4,20160906_flight01
2016-09-06 13:48:03,54.83438748,7.87643945,91.5,-0.44199999999999995,2.898,1014.238,18.296000000000003,1.18964,7.39,0.888,0.048,100,0.6,3.0,1014.238,0.019080917402070963,290.2699606365186,7.4431608876874344,186.85194494395043,True,33.29939988404904,1.6401213733694648,5,4,20160906_flight01
2016-09-06 13:48:04,54.83428353,7.8774415499999995,91.45700000000001,-0.313,2.77,1014.243,18.257,1.1897469999999999,7.372000000000001,1.175,0.04,100,0.5,2.8,1014.243,0.01913066520065998,290.2307088058939,7.465052511536675,189.0560207181053,True,33.307648646690524,1.5747625680898443,5,4,20160906_flight01
2016-09-06 13:48:05,54.834180159999995,7.87844417,91.24700000000001,-0.36200000000000004,2.7260000000000004,1014.276,18.291,1.189935,7.358,0.934,0.051000000000000004,100,0.5,2.8,1014.276,0.01888392608724354,290.26187057224195,7.417042537292071,187.2342459377088,True,33.31596906379823,1.5093908449618203,5,4,20160906_flight01
2016-09-06 13:48:06,54.83407732,7.87944744,90.963,-0.161,2.8289999999999997,1014.2959999999999,18.244,1.189964,7.507000000000001,1.047,0.10800000000000001,100,0.4,2.9,1014.2959999999999,0.019043524499724906,290.21342408328763,7.579660810352928,187.93981555557832,True,33.32435832473551,1.443996515695983,5,4,20160906_flight01
2016-09-06 13:48:07,54.83397514,7.880451410000001,90.741,-0.735,2.9389999999999996,1014.3309999999999,18.317,1.1901039999999998,7.513999999999999,0.7020000000000001,0.126,100,1.0,3.0,1014.3309999999999,0.018703601648403012,290.2832635802345,7.546721142323995,185.33739998844268,True,33.332831208468804,1.3785807968771584,5,4,20160906_flight01
2016-09-06 13:48:08,54.833874130000005,7.88145564,90.679,-0.889,3.113,1014.328,18.347,1.190057,7.334,0.594,0.023000000000000003,100,1.0,3.2,1014.328,0.018635975421376516,290.3133873109681,7.35801549332427,184.6304290170587,True,33.341433444280185,1.313187766666407,5,4,20160906_flight01
2016-09-06 13:48:09,54.8337742,7.882459760000001,90.859,-1.173,3.287,1014.2959999999999,18.349,1.189756,7.3020000000000005,0.9440000000000001,-0.007000000000000001,100,1.7,3.3,1014.2959999999999,0.018854548708576502,290.31799867826464,7.36276714286144,187.36632127122124,True,33.35014834242678,1.2478373048864464,5,4,20160906_flight01
2016-09-06 13:48:10,54.83367652,7.883464,91.171,-1.598,3.221,1014.26,18.354,1.1897010000000001,7.372000000000001,1.0070000000000001,0.037000000000000005,100,1.7,3.3,1014.26,0.018848010980890617,290.32592552272035,7.440459192818681,187.77834503590725,True,33.359104677309006,1.182553953725658,5,4,20160906_flight01
2016-09-06 13:48:11,54.83358126,7.88446861,91.477,-1.329,3.158,1014.2330000000001,18.3,1.1897579999999999,7.5729999999999995,0.889,0.094,100,1.4,3.2,1014.2330000000001,0.018960836849639007,290.27435376169524,7.625001639344085,186.69535032928528,True,33.36832533021391,1.1173278974567706,5,4,20160906_flight01
2016-09-06 13:48:12,54.83348847,7.88547366,91.665,-0.5930000000000001,3.023,1014.217,18.347,1.189811,7.603,0.713,0.13,100,1.2,3.1,1014.217,0.018735089561060292,290.3224740534716,7.63635894913276,185.35745916372827,True,33.37781696296755,1.0521564671688344,5,4,20160906_flight01
2016-09-06 13:48:13,54.833397219999995,7.88647901,91.7,-0.777,2.9789999999999996,1014.21,18.339000000000002,1.18979,7.502000000000001,0.812,0.044000000000000004,100,1.0,3.0,1014.21,0.01877399888480835,290.31507935274806,7.545816589342734,186.1775201322816,True,33.38747804098253,0.9870175092608191,5,4,20160906_flight01
2016-09-06 13:48:14,54.83330732,7.88748481,91.69,-1.015,2.8939999999999997,1014.215,18.355999999999998,1.189667,7.397,0.905,0.067,100,1.1,2.9,1014.215,0.018824934095968082,290.3316015317364,7.45215633223029,186.97529485777252,True,33.3972912597882,0.9218954626157716,5,4,20160906_flight01
2016-09-06 13:48:15,54.83321891,7.88849146,91.575,-0.129,2.772,1014.2080000000001,18.301,1.189637,7.487,1.1260000000000001,-0.035,100,1.0,2.9,1014.2080000000001,0.01903586156068915,290.2773961034941,7.571198385988839,188.552843032746,True,33.40727920071343,0.8567702499391858,5,4,20160906_flight01
2016-09-06 13:48:16,54.8331311,7.8894988999999995,91.402,0.326,2.72,1014.238,18.365,1.189724,7.1979999999999995,0.892,-0.08700000000000001,100,0.5,2.8,1014.238,0.018767771762999486,290.33868220855567,7.25305921663404,187.064267717007,True,33.41734612077696,0.7916160996380635,5,4,20160906_flight01
2016-09-06 13:48:17,54.83304311,7.89050692,91.21600000000001,0.051000000000000004,2.839,1014.275,18.332,1.189921,7.479,0.774,0.066,100,0.2,2.9,1014.275,0.018751590944015017,290.3027865500109,7.518943875305893,185.90849344695937,True,33.427405079207425,0.7264201514600428,5,4,20160906_flight01
2016-09-06 13:48:18,54.83295556,7.89151533,91.08699999999999,0.234,2.965,1014.288,18.304000000000002,1.18981,7.242000000000001,1.2009999999999998,0.126,100,0.4,3.0,1014.288,0.018957573022643448,290.27383578226636,7.340910365887872,189.41612939644355,True,33.43751830988023,0.6612146805072774,5,4,20160906_flight01
2016-09-06 13:48:19,54.83286779,7.89252379,91.03299999999999,-0.431,2.9939999999999998,1014.283,18.321,1.189825,7.2589999999999995,1.3030000000000002,-0.14,100,0.7,3.0,1014.283,0.01888027467770015,290.2911762148304,7.3750179660798105,190.17629512046938,True,33.447609122138964,0.5959988333712589,5,4,20160906_flight01
2016-09-06 13:48:20,54.83278074,7.89353277,91.13600000000001,-0.72,3.127,1014.273,18.4,1.189936,7.542000000000001,1.084,0.068,100,0.8,3.3,1014.273,0.01849913380814283,290.37067520518775,7.619502608438428,188.17902037667355,True,33.457786467816845,0.5307747054944398,5,4,20160906_flight01
2016-09-06 13:48:21,54.83269519,7.89454212,91.32,-1.064,3.4189999999999996,1014.25,18.408,1.189888,7.603,0.799,0.028999999999999998,100,1.5,3.5,1014.25,0.018489176346270675,290.3805261038606,7.644868213383407,185.999198730944,True,33.46813035554422,0.4655774000899937,5,4,20160906_flight01
2016-09-06 13:48:22,54.83261132,7.895551,91.74600000000001,-1.32,3.446,1014.1840000000001,18.378,1.189687,7.611000000000001,1.104,0.20600000000000002,100,1.5,3.5,1014.1840000000001,0.018699784681207365,290.35605114342013,7.690652573091572,188.25337327340404,True,33.47864374040489,0.4004647793943681,5,4,20160906_flight01
2016-09-06 13:48:23,54.83252957,7.896559539999999,92.15100000000001,-1.3330000000000002,3.495,1014.137,18.378,1.1895090000000001,7.4,1.1340000000000001,0.13699999999999998,100,1.5,3.5,1014.137,0.018805008183222283,290.35989963870844,7.486384708255381,188.71241368608938,True,33.48937588809564,0.3354433849938241,5,4,20160906_flight01
2016-09-06 13:48:24,54.8324499,7.897567850000001,92.584,-1.124,3.3369999999999997,1014.105,18.387999999999998,1.189493,7.005,0.875,-0.10099999999999999,100,1.4,3.4,1014.105,0.01875161927314295,290.37248004374726,7.059436946386022,187.11998289731912,True,33.50032466564108,0.27050509553993596,5,4,20160906_flight01
2016-09-06 13:48:25,54.83237206,7.89857606,93.036,-1.525,3.3139999999999996,1014.041,18.352,1.1895090000000001,7.535,0.6729999999999999,-0.011000000000000001,100,1.6,3.5,1014.041,0.018799428191544454,290.3418645840079,7.5649953073349625,185.10391648996105,True,33.51146600675564,0.2056335983036126,5,4,20160906_flight01
2016-09-06 13:48:26,54.83229739,7.89958473,93.56700000000001,-1.2919999999999998,3.3739999999999997,1013.9739999999999,18.403,1.1893529999999999,7.034,0.467,-0.46299999999999997,100,1.6,3.5,1013.9739999999999,0.018687509107740974,290.3981492994232,7.049485442214914,183.79839617227498,True,33.522953107601886,0.14083867686534912,5,4,20160906_flight01
2016-09-06 13:48:27,54.83222439,7.90059305,94.26299999999999,-0.742,3.142,1013.8919999999999,18.401999999999997,1.1891420000000001,6.624,0.894,-0.26,100,1.2,3.2,1013.8919999999999,0.018789362412472865,290.4038701468803,6.684056552723054,187.6864089827863,True,33.53461095351345,0.07612069459390991,5,4,20160906_flight01
2016-09-06 13:48:28,54.83215241,7.90160139,94.664,-0.63,3.188,1013.845,18.26,1.189119,7.577999999999999,1.262,0.172,100,0.9,3.2,1013.845,0.019258268287863256,290.26627770437017,7.6823647401044415,189.45496559182212,True,33.546377588340405,0.011435261241635963,5,4,20160906_flight01
2016-09-06 13:48:29,54.83208316,7.90261071,94.84899999999999,-0.647,3.045,1013.819,18.288,1.189248,7.215,0.997,-0.07600000000000001,100,0.9,3.2,1013.819,0.01902365897660596,290.29629699479176,7.2835591574449365,187.8675550875813,True,33.55845323356953,-0.0532202987998458,5,4,20160906_flight01
2016-09-06 13:48:30,54.832014609999995,7.90362026,94.9,-0.266,2.662,1013.815,18.485,1.18927,6.483,0.59,-0.306,100,0.5,2.8,1013.815,0.01831245087925537,290.4928530454145,6.509791778544073,185.20000684544706,True,33.57060770242749,-0.11786688408560675,5,4,20160906_flight01
2016-09-06 13:48:31,54.83194558,7.90463027,94.819,0.344,2.645,1013.84,18.337,1.189314,6.697,0.902,0.152,100,0.6,2.7,1013.84,0.018816920197083364,290.3433850176808,6.757470902638057,187.67084420587256,True,33.582720015471736,-0.18255778958566093,5,4,20160906_flight01
2016-09-06 13:48:32,54.83187753,7.9056417,94.40899999999999,0.6589999999999999,2.862,1013.868,18.329,1.189151,7.242000000000001,1.203,0.258,100,0.7,2.9,1013.868,0.01901268066292916,290.33312317826744,7.341237838403004,189.43152837584756,True,33.594963824627314,-0.2473039714582539,5,4,20160906_flight01
2016-09-06 13:48:33,54.83181,7.90665412,94.01899999999999,0.9490000000000001,2.803,1013.932,18.343,1.1893850000000001,7.345,1.073,-0.065,100,1.2,2.9,1013.932,0.01882757666021373,290.34182653433106,7.422961268927651,188.31130696642316,True,33.60728196185141,-0.3120940979316922,5,4,20160906_flight01
2016-09-06 13:48:34,54.83174097,7.90766667,93.73700000000001,1.1,2.7,1013.9739999999999,18.313,1.189393,7.3,1.435,0.1,100,1.1,2.7,1013.9739999999999,0.018967796968002437,290.308505792284,7.439705975372951,191.1211372580367,True,33.6194431850012,-0.37694193987830804,5,4,20160906_flight01
2016-09-06 13:48:35,54.831670249999995,7.90867962,93.32,1.098,2.8,1014.0260000000001,18.299,1.189463,7.456,1.4180000000000001,0.115,100,1.1,2.8,1014.0260000000001,0.019009030261001314,290.2903036243858,7.589641625267955,190.76805356386097,True,33.631432500317466,-0.44187047273604474,5,4,20160906_flight01
2016-09-06 13:48:36,54.83159849,7.909693099999999,92.92299999999999,0.965,2.779,1014.073,18.361,1.1895879999999999,7.085,1.227,-0.052000000000000005,100,1.1,2.8,1014.073,0.01873246527877237,290.34820832209795,7.1904627111195,189.82518931668733,True,33.64332149192529,-0.5068661992579431,5,4,20160906_flight01
2016-09-06 13:48:37,54.83152521,7.9107068400000005,92.67,1.02,2.6340000000000003,1014.105,18.336,1.189684,7.362,1.0979999999999999,-0.279,100,1.1,2.7,1014.105,0.01876977418369319,290.32068793101314,7.443429854576451,188.48280789585894,True,33.65505394716718,-0.571928335877355,5,4,20160906_flight01
2016-09-06 13:48:38,54.83145091,7.91172127,92.492,0.81,2.752,1014.123,18.283,1.189662,7.648,1.423,-0.035,100,1.0,2.8,1014.123,0.01899197723359003,290.266426317712,7.7792565840188095,190.54002569947755,True,33.66669128521549,-0.6370668894777642,5,4,20160906_flight01
2016-09-06 13:48:39,54.831375980000004,7.91273623,92.25299999999999,1.249,2.718,1014.1640000000001,18.292,1.189889,7.343,1.237,-0.007000000000000001,100,1.5,2.8,1014.1640000000001,0.018807306258848966,290.2720340117164,7.446463455896363,189.56225292867612,True,33.67827187363031,-0.7022590566423803,5,4,20160906_flight01
2016-09-06 13:48:40,54.83129915000001,7.91375099,91.94,2.064,2.6740000000000004,1014.195,18.301000000000002,1.190037,7.524,1.349,0.105,100,2.5,2.7,1014.195,0.018680281655281572,290.27846024443346,7.6439765174940195,190.164728123232,True,33.6896466822149,-0.767501798777519,5,4,20160906_flight01
2016-09-06 13:48:41,54.83121996,7.914765569999999,91.492,2.405,2.678,1014.247,18.340999999999998,1.1900009999999999,7.3,1.202,0.117,100,2.7,2.7,1014.247,0.018623530084658224,290.3140422773003,7.3982973716930305,189.3502822504571,True,33.70076720810052,-0.8328115878134232,5,4,20160906_flight01
2016-09-06 13:48:42,54.83113781,7.915779710000001,91.057,2.505,2.736,1014.293,18.309,1.190037,7.56,1.359,-0.051000000000000004,100,2.7,2.8,1014.293,0.018750751505886676,290.2784062860914,7.681177058237885,190.1907594459188,True,33.711564677804006,-0.8981922327060081,5,4,20160906_flight01
2016-09-06 13:48:43,54.83105234,7.91679317,90.75299999999999,2.395,2.8109999999999995,1014.334,18.395,1.1899629999999999,7.195,1.334,0.08200000000000002,100,2.4,2.9,1014.334,0.018554744987991922,290.3607011890446,7.317621266504574,190.50373828329708,True,33.72199620973277,-0.9636408288052527,5,4,20160906_flight01
2016-09-06 13:48:44,54.83096306,7.9178054,90.5,2.438,2.9560000000000004,1014.363,18.346,1.190062,7.425,1.3230000000000002,0.08200000000000002,100,2.6,3.0,1014.363,0.018670338779769535,290.30952645735664,7.541946300524819,190.10303700085154,True,33.73199913678316,-1.0291396236853272,5,4,20160906_flight01
2016-09-06 13:48:45,54.8308706,7.91881622,90.406,2.104,3.065,1014.3789999999999,18.375999999999998,1.1900989999999998,7.465,1.11,-0.11800000000000001,100,2.2,3.1,1014.3789999999999,0.018549909441241574,290.33809458117736,7.547073936301406,188.45756459490423,True,33.74163694816949,-1.094656628883171,5,4,20160906_flight01
2016-09-06 13:48:46,54.83077532,7.919825510000001,90.594,2.108,3.14,1014.3609999999999,18.398999999999997,1.1900199999999999,7.294,1.048,-0.099,100,2.2,3.2,1014.3609999999999,0.01851909485157921,290.3624744676504,7.368903581944874,188.17628556181702,True,33.75094559334324,-1.1601725060876555,5,4,20160906_flight01
2016-09-06 13:48:47,54.83067689000001,7.92083263,90.95,2.35,3.266,1014.3109999999999,18.441,1.1897069999999998,7.028,0.945,-0.122,100,2.7,3.3,1014.3109999999999,0.018590102685651644,290.40839765656136,7.091248761678016,187.65818073665767,True,33.75987767668088,-1.2256586425816982,5,4,20160906_flight01
2016-09-06 13:48:48,54.83057521,7.92183717,91.40799999999999,2.105,3.2,1014.262,18.336,1.189607,7.237,1.263,0.055999999999999994,100,2.7,3.2,1014.262,0.018993448750465713,290.3078345460172,7.346382647262529,189.89954905291233,True,33.76841467541921,-1.291093018324525,5,4,20160906_flight01
2016-09-06 13:48:49,54.83047131,7.922839880000001,91.72399999999999,1.403,3.2,1014.211,18.289,1.189607,7.16,1.2329999999999999,-0.015,100,1.6,3.2,1014.211,0.019106534365030514,290.26519886625744,7.2653898037201,189.77088382848723,True,33.77668049809989,-1.3564878569560959,5,4,20160906_flight01
2016-09-06 13:48:50,54.830365359999995,7.9238409999999995,92.035,1.365,3.181,1014.18,18.3,1.189819,7.132999999999999,1.1440000000000001,-0.159,100,1.5,3.2,1014.18,0.018855352128495984,290.27869214005887,7.224155660006226,189.11157867875352,True,33.78469783344814,-1.4218523563441314,5,4,20160906_flight01
2016-09-06 13:48:51,54.8302573,7.92484048,92.289,1.079,2.9530000000000003,1014.1419999999999,18.305,1.189852,7.343999999999999,1.128,0.044000000000000004,100,1.3,3.0,1014.1419999999999,0.018771442884909284,290.2867828138309,7.4301224754374005,188.73209159006964,True,33.79245934197449,-1.487185414519927,5,4,20160906_flight01
2016-09-06 13:48:52,54.83014811,7.925839160000001,92.3,-0.009000000000000003,2.856,1014.1490000000001,18.421999999999997,1.189765,6.8870000000000005,0.9790000000000001,-0.127,100,0.5,3.0,1014.1490000000001,0.01844413338517037,290.40274057395567,6.956235332419397,188.09049805649823,True,33.80008535134075,-1.5525064719744135,5,4,20160906_flight01
2016-09-06 13:48:53,54.83003824,7.92683753,92.25299999999999,-0.09200000000000001,2.7260000000000004,1014.1610000000001,18.418,1.189718,6.818,0.9940000000000001,0.07400000000000001,100,0.4,2.9,1014.1610000000001,0.018510391159879624,290.39777387850467,6.890076922647525,188.29474494556345,True,33.80763312216491,-1.6178308988610892,5,4,20160906_flight01
2016-09-06 13:48:54,54.82992843,7.92783632,92.04,-0.96,2.856,1014.1790000000001,18.484,1.189511,6.922999999999999,0.677,-0.19699999999999998,100,1.3,2.9,1014.1790000000001,0.018475169418274096,290.46203457348065,6.9560231454474035,185.58519453265944,True,33.81519535718141,-1.6831792885369277,5,4,20160906_flight01
2016-09-06 13:48:55,54.829820229999996,7.92883631,92.044,-0.301,2.745,1014.185,18.285,1.1895,7.055,1.1179999999999999,-0.02,100,1.1,2.9,1014.185,0.01918606730907979,290.2633431511628,7.14303499921427,189.00473583374554,True,33.822951807287204,-1.7485484946816827,5,4,20160906_flight01
2016-09-06 13:48:56,54.829712980000004,7.92983724,91.925,0.135,2.87,1014.196,18.373,1.189446,6.983,0.812,0.014000000000000002,100,0.3,2.9,1014.196,0.01893572053128767,290.3500887025935,7.030052133519352,186.63270288434552,True,33.83082732230539,-1.8139443135827404,5,4,20160906_flight01
2016-09-06 13:48:57,54.82960575,7.93083804,91.83,-0.008000000000000005,2.865,1014.1940000000001,18.4,1.189568,6.978,0.5770000000000001,-0.024,100,0.5,2.9,1014.1940000000001,0.018734858920382846,290.3771438419611,7.001814978989376,184.72694543189712,True,33.838702459613714,-1.8793314378599826,5,4,20160906_flight01
2016-09-06 13:48:58,54.82949857,7.931839,91.8,-0.621,2.798,1014.2040000000001,18.383,1.189485,6.819,0.514,-0.017,100,1.0,3.0,1014.2040000000001,0.01887539941870031,290.3593934272209,6.8383446096259295,184.31066780925474,True,33.84658599178566,-1.9447267917877165,5,4,20160906_flight01
2016-09-06 13:48:59,54.82939244999999,7.93284032,91.84899999999999,-1.805,2.9619999999999997,1014.1990000000001,18.351,1.189376,6.8660000000000005,0.774,-0.20800000000000002,100,2.3,3.0,1014.1990000000001,0.019075608868686755,290.32793160285604,6.909488548365935,186.43176528306464,True,33.854589111024,-2.0101092791495274,5,4,20160906_flight01
2016-09-06 13:49:00,54.829289470000006,7.933842909999999,92.024,-2.059,2.9189999999999996,1014.192,18.267,1.189524,6.997999999999999,1.005,-0.066,100,2.3,3.0,1014.192,0.01923548983818968,290.2448425750402,7.069796956065994,188.1725088564241,True,33.86295039896562,-2.0754662310406227,5,4,20160906_flight01
2016-09-06 13:49:01,54.82918982,7.93484708,92.041,-1.421,2.929,1014.188,18.303,1.189643,7.24,0.56,0.135,100,1.5,3.1,1014.188,0.019003634295634786,290.28102520837643,7.261625162455028,184.42291142855035,True,33.87169601781473,-2.140810507906001,5,4,20160906_flight01
2016-09-06 13:49:02,54.8290926,7.93585211,92.06,-0.609,2.9560000000000004,1014.191,18.4,1.1895040000000001,7.153,0.525,-0.17300000000000001,100,1.2,3.0,1014.191,0.018786657273968554,290.377389499166,7.172240514650913,184.19774144997973,True,33.88071645288233,-2.206127433798872,5,4,20160906_flight01
2016-09-06 13:49:03,54.8289966,7.936857270000001,92.251,-0.488,3.013,1014.158,18.331,1.189333,6.707000000000001,0.445,-0.106,100,0.6,3.1,1014.158,0.01914117831255746,290.3113686677052,6.721746350465778,183.79593069888085,True,33.88986905066622,-2.271411982793837,5,4,20160906_flight01
2016-09-06 13:49:04,54.82890112,7.93786211,92.48299999999999,-0.498,3.012,1014.118,18.27,1.189214,7.085,0.8540000000000001,5.551115123125783e-19,100,1.0,3.1,1014.118,0.01941629866593053,290.25388763873633,7.136283416457056,186.8730655236161,True,33.899070751226795,-2.3366595367265885,5,4,20160906_flight01
2016-09-06 13:49:05,54.82880727,7.93886746,92.6,-1.4709999999999999,3.1890000000000005,1014.118,18.213,1.18933,7.207999999999999,1.222,0.218,100,1.6,3.3,1014.118,0.019516282268383423,290.1971157233036,7.310851386808515,189.62208515487484,True,33.908455505839314,-2.4018846123421023,5,4,20160906_flight01
2016-09-06 13:49:06,54.82871594,7.93987357,92.66,-0.674,2.8789999999999996,1014.094,18.337,1.189419,6.968999999999999,1.0510000000000002,-0.16699999999999998,100,1.3,3.2,1014.094,0.018982205022942233,290.3225845878352,7.0478054740465135,188.57618962914734,True,33.91812271611651,-2.467073177387305,5,4,20160906_flight01
2016-09-06 13:49:07,54.82862543,7.94088012,92.65299999999999,-0.764,3.036,1014.1030000000001,18.259,1.189571,7.346,1.294,0.25,100,1.2,3.2,1014.1030000000001,0.019133758077513274,290.24415947471755,7.459098605059461,189.99018110687763,True,33.92788554716041,-2.5322617680736323,5,4,20160906_flight01
2016-09-06 13:49:08,54.82853699,7.9418877199999995,92.55699999999999,-1.2309999999999999,2.9760000000000004,1014.114,18.245,1.189657,7.221,1.101,0.09,100,1.4,3.1,1014.114,0.01912009994700492,290.2293150763901,7.304453572992302,188.669231207489,True,33.93788859288916,-2.5974466711182496,5,4,20160906_flight01
2016-09-06 13:49:09,54.82845029,7.942896060000001,92.5,-0.608,2.7510000000000003,1014.143,18.354,1.189635,6.7829999999999995,0.7170000000000001,-0.218,100,1.0,2.9,1014.143,0.018787000084489636,290.3355045328048,6.820790130182866,186.03406799541887,True,33.94809081214198,-2.6626196631851977,5,4,20160906_flight01
2016-09-06 13:49:10,54.82836431,7.94390505,92.42399999999999,-0.13,2.8510000000000004,1014.1419999999999,18.319000000000003,1.189676,7.307,0.377,-0.001999999999999999,100,0.4,3.1,1014.1419999999999,0.018873217928654595,290.30072669868235,7.316719073464554,182.9535202869779,True,33.95838206808781,-2.727808968172929,5,4,20160906_flight01
2016-09-06 13:49:11,54.828279460000005,7.94491451,92.478,-0.054000000000000006,2.945,1014.13,18.323,1.189534,6.987,0.626,-0.215,100,0.4,3.1,1014.13,0.01896880405843726,290.30569310546827,7.01498717033752,185.1197432288988,True,33.96880246873187,-2.7929898845009875,5,4,20160906_flight01
2016-09-06 13:49:12,54.828195120000004,7.945924,92.611,0.126,3.103,1014.118,18.293999999999997,1.189443,7.167000000000001,0.804,-0.013000000000000001,100,0.3,3.2,1014.118,0.0191361020879961,290.27779160312906,7.21195569869921,186.4007274819772,True,33.97927764895181,-2.858155762089715,5,4,20160906_flight01
2016-09-06 13:49:13,54.82811124,7.94693337,92.81,0.631,3.082,1014.081,18.374,1.189257,6.81,1.141,-0.026000000000000002,100,1.1,3.2,1014.081,0.01897860144160446,290.36050134373164,6.904924402192973,189.51143169487966,True,33.989799406444284,-2.923298989148514,5,4,20160906_flight01
2016-09-06 13:49:14,54.82802652,7.947942090000001,92.87200000000001,0.843,2.8859999999999997,1014.076,18.237000000000002,1.189477,7.19,1.21,0.10400000000000001,100,1.2,2.9,1014.076,0.01926411000596806,290.22445738205477,7.291104168779926,189.55275515583688,True,34.000219373857085,-2.9884298779494722,5,4,20160906_flight01
2016-09-06 13:49:15,54.8279413,7.94895085,92.723,0.466,2.824,1014.1080000000001,18.28,1.189546,6.903,0.514,0.053000000000000005,100,0.8,2.9,1014.1080000000001,0.019086762406495428,290.264666226733,6.922109866218536,184.25840706059364,True,34.010586972391174,-3.0535797992882925,5,4,20160906_flight01
2016-09-06 13:49:16,54.82785507,7.94995911,92.59100000000001,0.882,2.915,1014.122,18.25,1.189601,7.147,0.727,0.03,100,0.9,3.0,1014.122,0.019158626916266686,290.2336402638892,7.183880427735417,185.80820625247372,True,34.02083760193754,-3.1187322810430738,5,4,20160906_flight01
2016-09-06 13:49:17,54.82776784,7.95096692,92.538,0.8760000000000001,2.9589999999999996,1014.1240000000001,18.402,1.189424,6.675,0.644,-0.281,100,1.0,3.0,1014.1240000000001,0.01878088345173934,290.3848680805686,6.70599440799051,185.51080601082816,True,34.03097328807594,-3.183890081291932,5,4,20160906_flight01
2016-09-06 13:49:18,54.82767964,7.95197441,92.6,-0.044000000000000004,2.8819999999999997,1014.123,18.276,1.189421,6.914,1.339,0.09,100,0.5,3.0,1014.123,0.019222925937179003,290.25945433792856,7.0424652643800805,190.96050419290992,True,34.040999722426,-3.2490602385494975,5,4,20160906_flight01
2016-09-06 13:49:19,54.82759168,7.95298232,92.48200000000001,-0.113,2.9530000000000003,1014.122,18.271,1.1893880000000001,6.989,1.459,0.195,100,0.2,3.0,1014.122,0.01926768717901184,290.2545562091381,7.13966399769625,191.79153052992217,True,34.051059751049465,-3.3142483966012923,5,4,20160906_flight01
2016-09-06 13:49:20,54.82750391,7.95399076,92.21600000000001,0.05600000000000001,2.775,1014.16,18.322,1.189577,7.095,1.1440000000000001,0.013999999999999999,100,0.3,2.8,1014.16,0.018965609054154786,290.3022410475654,7.18663767000953,189.15955417321535,True,34.06115017818924,-3.379463008017214,5,4,20160906_flight01
2016-09-06 13:49:21,54.82741617,7.95499975,91.956,0.5319999999999999,2.603,1014.192,18.314,1.189636,7.09,0.84,-0.11200000000000002,100,0.8,2.7,1014.192,0.01897519119063662,290.2916535284199,7.139586822779032,186.7567198506548,True,34.07125438444729,-3.444710608068571,5,4,20160906_flight01
2016-09-06 13:49:22,54.82732795,7.956009239999999,91.715,0.9610000000000001,2.673,1014.2130000000001,18.363,1.1896339999999999,7.029,0.377,-0.059000000000000004,100,1.1,2.8,1014.2130000000001,0.018826721452097628,290.33873707686035,7.039102925799565,183.07011406690953,True,34.08131720512724,-3.5100049997750125,5,4,20160906_flight01
2016-09-06 13:49:23,54.8272385,7.95701848,91.6,1.357,2.845,1014.2289999999999,18.377,1.18937,6.534,0.565,-0.198,100,1.7,3.0,1014.2289999999999,0.01902000420865435,290.3513706614683,6.558382498756839,184.94211681732133,True,34.091244489595645,-3.575324685280955,5,4,20160906_flight01
2016-09-06 13:49:24,54.827147409999995,7.958027039999999,91.669,1.294,3.1860000000000004,1014.227,18.344,1.189276,6.946000000000001,0.7559999999999999,0.096,100,1.6,3.4,1014.227,0.01921390964252545,290.3186674718987,6.98702025186703,186.21160020125575,True,34.10098438371861,-3.640656676705601,5,4,20160906_flight01
2016-09-06 13:49:25,54.82705559,7.9590346,91.941,0.765,3.427,1014.206,18.248,1.189303,7.066,0.5539999999999999,-0.05,100,1.0,3.5,1014.206,0.019505429992495937,290.2247732049735,7.08768453022565,184.48302579377278,True,34.11062743878608,-3.7059510613300732,5,4,20160906_flight01
2016-09-06 13:49:26,54.826962949999995,7.96004041,92.521,0.526,3.5180000000000002,1014.1160000000001,18.222,1.189293,7.251,0.938,-0.0059999999999999975,100,0.6,3.6,1014.1160000000001,0.019514497557335364,290.2062433971037,7.311418808959038,187.37093198702186,True,34.120149647794335,-3.771164480650703,5,4,20160906_flight01
2016-09-06 13:49:27,54.82686987,7.9610444199999995,93.212,0.34700000000000003,3.5740000000000003,1014.045,18.264,1.189456,7.4479999999999995,0.66,-0.08800000000000001,100,0.4,3.7,1014.045,0.019156510772863955,290.2538873589417,7.477185566775777,185.06400332601555,True,34.12959043367668,-3.8362812589322592,5,4,20160906_flight01
2016-09-06 13:49:28,54.82677681,7.96204661,93.939,-0.134,3.412,1013.946,18.209,1.1893179999999999,7.459,0.972,0.031000000000000007,100,0.4,3.5,1013.946,0.019367646146553286,290.20720971378853,7.522065208438438,187.4245117100664,True,34.138998299298166,-3.9012849242459025,5,4,20160906_flight01
2016-09-06 13:49:29,54.82668428,7.96304794,94.521,-0.10400000000000001,3.202,1013.888,18.277,1.189224,7.017,0.83,-0.024,100,0.3,3.4,1013.888,0.019152046500284126,290.2796899264368,7.065917420972311,186.74583940943106,True,34.148445932268714,-3.9662178988336345,5,4,20160906_flight01
2016-09-06 13:49:30,54.826591719999996,7.964048,94.84200000000001,0.13,3.0669999999999997,1013.842,18.313,1.189246,6.905,0.6679999999999999,0.055,100,0.3,3.1,1013.842,0.01896108277231301,290.31931538325944,6.9372364094068475,185.5256838510325,True,34.15786592183814,-4.031073398864387,5,4,20160906_flight01
2016-09-06 13:49:31,54.82649901,7.965048339999999,94.9,0.1,2.7430000000000003,1013.834,18.238,1.18919,7.416,0.868,-0.068,100,0.4,2.9,1013.834,0.01926330519560282,290.2452646953928,7.466624404642302,186.6757663369746,True,34.16727536133896,-4.095951167304775,5,4,20160906_flight01
2016-09-06 13:49:32,54.82640692,7.966049440000001,94.67399999999999,-0.5660000000000001,2.524,1013.867,18.245,1.189244,7.237,0.8959999999999999,0.033,100,0.7,2.6,1013.867,0.019225713913900044,290.24953527920906,7.292255138158565,187.0577723876272,True,34.17676532786303,-4.160855357346315,5,4,20160906_flight01
2016-09-06 13:49:33,54.82631507,7.96705159,94.26100000000001,-1.168,2.449,1013.914,18.3,1.189205,6.502000000000001,0.736,-0.322,100,1.4,2.5,1013.914,0.01911403445010973,290.3004702926463,6.543523515660351,186.45815973495968,True,34.18630101990803,-4.22581647336322,5,4,20160906_flight01
2016-09-06 13:49:34,54.826223950000006,7.968055369999999,93.851,-1.867,2.5580000000000003,1013.962,18.227999999999998,1.189351,7.26,0.603,0.139,100,2.2,2.8,1013.962,0.019288978137641077,290.22482480873106,7.28499890185304,184.7479662273471,True,34.19594568225693,-4.290854121361543,5,4,20160906_flight01
2016-09-06 13:49:35,54.82613645000001,7.96906172,93.471,-1.318,2.8280000000000003,1014.02,18.237000000000002,1.189452,6.966,0.652,-0.084,100,2.3,2.9,1014.02,0.019229245298492348,290.22904125936446,6.996446240771096,185.3471619316584,True,34.20602455958947,-4.355930657039601,5,4,20160906_flight01
2016-09-06 13:49:36,54.82605081,7.97006933,93.31,0.34,2.858,1014.043,18.212,1.189465,7.162000000000001,0.943,0.169,100,0.5,2.9,1014.043,0.01932867864305776,290.2022580664716,7.22381429717016,187.50082420793262,True,34.21632537692604,-4.42102343579785,5,4,20160906_flight01
2016-09-06 13:49:37,54.82596523,7.97107725,93.08699999999999,-0.05600000000000001,2.84,1014.061,18.214,1.189482,7.422000000000001,1.1179999999999999,0.135,100,0.1,2.9,1014.061,0.019325207061994032,290.2027768402773,7.505731676525614,188.56624660778584,True,34.22663854030146,-4.486133380884687,5,4,20160906_flight01
2016-09-06 13:49:38,54.82588025,7.9720857899999995,92.855,-0.157,2.75,1014.0980000000001,18.192,1.189682,7.497000000000001,0.742,0.029000000000000005,100,0.2,2.8,1014.0980000000001,0.019267993724366717,290.1778364761343,7.533629470580566,185.65232267176822,True,34.23702740930265,-4.55126175997617,5,4,20160906_flight01
2016-09-06 13:49:39,54.8257954,7.9730946,92.641,-0.255,2.8680000000000003,1014.122,18.229,1.189713,7.372999999999999,0.8029999999999999,0.067,100,0.3,3.0,1014.122,0.019136127915777346,290.2127243186402,7.4165988161690395,186.21563589970265,True,34.24743529358017,-4.61640251540283,5,4,20160906_flight01
2016-09-06 13:49:40,54.82571071,7.9741035899999995,92.505,-0.1,2.805,1014.1410000000001,18.272000000000002,1.189829,7.278,0.648,-0.076,100,0.1,2.9,1014.1410000000001,0.01890549727256996,290.2539969403301,7.306790540312484,185.08793921637488,True,34.25786364844597,-4.681549092758467,5,4,20160906_flight01
2016-09-06 13:49:41,54.82562632,7.97511289,92.51,0.18099999999999997,2.875,1014.132,18.246,1.189714,7.598,0.62,-0.218,100,0.7,2.9,1014.132,0.019085863938703707,290.2288377815192,7.623254160789865,184.66502384002092,True,34.2683298561239,-4.746704887116697,5,4,20160906_flight01
2016-09-06 13:49:42,54.82554253,7.97612247,92.63699999999999,0.506,2.892,1014.132,18.250999999999998,1.189578,7.2589999999999995,0.657,-0.11599999999999999,100,0.7,2.9,1014.132,0.019184884241252753,290.23381775443886,7.288671346685896,185.17165464435246,True,34.278865222406964,-4.811858108238167,5,4,20160906_flight01
2016-09-06 13:49:43,54.82545808,7.97713159,92.709,0.754,3.04,1014.1080000000001,18.21,1.18956,7.439,0.8310000000000001,0.023000000000000003,100,0.9,3.1,1014.1080000000001,0.01931960408722211,290.1949461339633,7.48527100377802,186.37400353833976,True,34.28932158732067,-4.877004768447555,5,4,20160906_flight01
2016-09-06 13:49:44,54.82537265,7.9781398999999995,92.86300000000001,0.9760000000000001,2.8680000000000003,1014.102,18.227999999999998,1.189655,7.635,0.575,-0.066,100,1.2,3.1,1014.102,0.01916921237997138,290.2133652368619,7.656621317526419,184.30687607649554,True,34.29965820225017,-4.942133841746142,5,4,20160906_flight01
2016-09-06 13:49:45,54.82528628,7.97914758,92.973,0.6659999999999999,2.8739999999999997,1014.081,18.288,1.189586,7.406000000000001,0.7170000000000001,-0.266,100,0.9,2.9,1014.081,0.01899739148339652,290.2748445775115,7.440626653716742,185.52976535529373,True,34.30988278439489,-5.007255124726789,5,4,20160906_flight01
2016-09-06 13:49:46,54.82519911,7.98015484,93.1,0.269,2.873,1014.075,18.218999999999998,1.189635,7.475,0.7240000000000001,-0.068,100,0.5,2.9,1014.075,0.01919069163077891,290.2066110434427,7.50998009318267,185.53219442173383,True,34.32001425645593,-5.0723769553426274,5,4,20160906_flight01
2016-09-06 13:49:47,54.82511132,7.98116171,93.164,0.6509999999999999,2.827,1014.078,18.301,1.189455,6.983,0.769,-0.14,100,1.0,2.9,1014.078,0.01906114669895098,290.28803830231533,7.025215299191904,186.28435143521614,True,34.330072326193545,-5.137495225178664,5,4,20160906_flight01
2016-09-06 13:49:48,54.82502243,7.98216831,93.156,1.202,2.73,1014.068,18.346,1.189288,6.975,1.386,0.031,100,1.3,2.8,1014.068,0.019036853697869338,290.33367757092225,7.111372652308414,191.23882829171743,True,34.34000829077039,-5.2026332472087295,5,4,20160906_flight01
2016-09-06 13:49:49,54.82493214,7.98317508,92.90799999999999,1.225,2.715,1014.09,18.278,1.189403,6.797000000000001,0.9329999999999999,-0.09,100,1.4,2.8,1014.09,0.01919818947793983,290.2641477252296,6.860735966352299,187.81594246351153,True,34.34979873933414,-5.267828143932481,5,4,20160906_flight01
2016-09-06 13:49:50,54.82483988,7.98418164,92.646,0.9390000000000001,2.6740000000000004,1014.1310000000001,18.305,1.189431,6.807,0.9570000000000001,-0.013000000000000001,100,1.0,2.7,1014.1310000000001,0.019120983680907644,290.28768332735666,6.873943409717598,188.00279432625734,True,34.359375776031364,-5.33307531632065,5,4,20160906_flight01
2016-09-06 13:49:51,54.82474644,7.985188399999999,92.337,0.639,2.7,1014.1610000000001,18.291,1.1894289999999998,6.945,0.9890000000000001,0.07100000000000001,100,0.7,2.7,1014.1610000000001,0.019201802191269657,290.2712836008248,7.0150656447391855,188.10469095453823,True,34.368831255604555,-5.398373930099608,5,4,20160906_flight01
2016-09-06 13:49:52,54.82465265,7.986195599999999,92.054,0.37,2.6910000000000003,1014.201,18.256,1.189633,7.436,0.772,-0.187,100,0.8,2.7,1014.201,0.01918961735940461,290.2331502161142,7.475966827106712,185.9271709456443,True,34.378258010413376,-5.463711322488069,5,4,20160906_flight01
2016-09-06 13:49:53,54.82455847999999,7.98720312,91.885,1.045,2.7110000000000003,1014.225,18.235,1.189755,7.306,0.635,0.034,100,1.2,2.8,1014.225,0.01918266986528705,290.21027064247073,7.333543550017277,184.96737184739374,True,34.38765054139692,-5.529081072831677,5,4,20160906_flight01
2016-09-06 13:49:54,54.82446274,7.9882099900000005,91.727,1.024,2.812,1014.237,18.2,1.1898389999999999,7.135,0.433,0.046000000000000006,100,1.2,2.9,1014.237,0.019245203285339407,290.17442983944727,7.148126607720375,183.4728357890537,True,34.39686369919185,-5.594462664119825,5,4,20160906_flight01
2016-09-06 13:49:55,54.82436555,7.98921599,91.62899999999999,1.209,2.804,1014.2560000000001,18.203,1.189819,7.068,0.5830000000000001,-0.019000000000000003,100,1.3,2.9,1014.2560000000001,0.019270934879291657,290.175863063486,7.092003454595887,184.71533556129265,True,34.4059060008756,-5.659838528769119,5,4,20160906_flight01
2016-09-06 13:49:56,54.82426714,7.99022149,91.574,0.853,2.9,1014.2639999999999,18.253,1.189738,7.194,0.917,0.031,100,1.1,2.9,1014.2639999999999,0.019173465659068745,290.22500635178505,7.2522082843779385,187.26416674816943,True,34.41480901514259,-5.725223909495486,5,4,20160906_flight01
2016-09-06 13:49:57,54.824167939999995,7.9912265200000006,91.5,1.268,2.816,1014.2719999999999,18.293,1.189807,7.199,0.58,-0.08,100,1.5,2.9,1014.2719999999999,0.018982526778406728,290.26418986941917,7.222326564203532,184.60618542139702,True,34.42361901931022,-5.790606417335304,5,4,20160906_flight01
2016-09-06 13:49:58,54.82406714,7.9922306800000005,91.5,1.106,2.698,1014.27,18.262999999999998,1.1898389999999999,7.332999999999999,0.40399999999999997,-0.11599999999999999,100,1.2,2.8,1014.27,0.019058010462446262,290.2344748897341,7.344120437465605,183.15343212062712,True,34.43224222563358,-5.855988166865029,5,4,20160906_flight01
2016-09-06 13:49:59,54.82396526,7.99323428,91.436,0.8029999999999999,2.926,1014.268,18.28,1.1897469999999999,6.936,0.495,-0.034,100,1.2,3.0,1014.268,0.019075352697352832,290.251569826947,6.953640844909952,184.08209446236253,True,34.44073986813627,-5.921371088204158,5,4,20160906_flight01
2016-09-06 13:50:00,54.82386196,7.99423685,91.49700000000001,0.65,2.8759999999999994,1014.283,18.217,1.189767,6.902,0.782,0.059000000000000004,100,0.8,2.9,1014.283,0.019293639090155912,290.18759718869626,6.946159226507841,186.46407431937683,True,34.44906676192345,-5.9867374034781635,5,4,20160906_flight01
2016-09-06 13:50:01,54.823757830000005,7.99523874,91.4,0.188,3.0660000000000003,1014.283,18.225,1.18988,7.572,0.727,0.169,100,0.7,3.2,1014.283,0.01916885616417674,290.1955648060912,7.606820163511163,185.4842502410929,True,34.45729235073417,-6.052089195692463,5,4,20160906_flight01
2016-09-06 13:50:02,54.82365480000001,7.99624065,91.454,-0.58,3.2310000000000003,1014.2669999999999,18.201999999999998,1.189888,7.5889999999999995,0.74,0.233,100,0.7,3.3,1014.2669999999999,0.01922638073319627,290.1739670511133,7.624993180324819,185.56927928691584,True,34.46563523071883,-6.117405789212104,5,4,20160906_flight01
2016-09-06 13:50:03,54.82355269,7.997242,91.611,0.6759999999999999,3.0069999999999997,1014.255,18.322,1.189827,6.847,0.36,-0.036000000000000004,100,1.5,3.2,1014.255,0.018846939626641523,290.29446413185025,6.8564574672348115,183.00971306008313,True,34.47406510334535,-6.182657310150993,5,4,20160906_flight01
2016-09-06 13:50:04,54.82344895999999,7.99824164,91.7,0.9470000000000001,2.9109999999999996,1014.2339999999999,18.304000000000002,1.1897039999999999,7.045,0.45899999999999996,0.051000000000000004,100,1.5,3.1,1014.2339999999999,0.018994106454633286,290.27825577204413,7.059936685268502,183.7276998952753,True,34.48228987756628,-6.247856834981952,5,4,20160906_flight01
2016-09-06 13:50:05,54.82334487,7.99924099,91.762,0.19,3.023,1014.2439999999999,18.297,1.18961,6.979,0.721,0.301,100,0.2,3.1,1014.2439999999999,0.01910914900775751,290.2704654906971,7.016144382778906,185.89829828587983,True,34.49047080740036,-6.313050365862064,5,4,20160906_flight01
2016-09-06 13:50:06,54.82324111,8.000239950000001,91.63,0.29,3.0,1014.2610000000001,18.305,1.1896209999999998,6.94,0.8390000000000001,-0.009000000000000001,100,0.5,3.0,1014.2610000000001,0.019088833839216335,290.27704169767975,6.990530809602372,186.89322787742114,True,34.49867929923063,-6.37820886987713,5,4,20160906_flight01
2016-09-06 13:50:07,54.82313663,8.001238540000001,91.6,0.46799999999999997,3.068,1014.258,18.275,1.189668,6.744,1.143,0.217,100,0.5,3.2,1014.258,0.01915046175319235,290.2474084781191,6.8401743398834505,189.61930787196758,True,34.50680414603386,-6.443368361051655,5,4,20160906_flight01
2016-09-06 13:50:08,54.82303136,8.00223667,91.60699999999999,-0.155,3.285,1014.265,18.265,1.189654,7.143,1.168,0.038000000000000006,100,0.5,3.3,1014.265,0.019204462225109298,290.2368760015611,7.23786384232254,189.28663270656006,True,34.51483617529791,-6.508525597199314,5,4,20160906_flight01
2016-09-06 13:50:09,54.82292703,8.00323494,91.81299999999999,-0.6920000000000001,3.258,1014.2260000000001,18.284000000000002,1.189618,6.7379999999999995,0.695,-0.217,100,0.8,3.3,1014.2260000000001,0.019129667734429256,290.2589912474365,6.7737485190993025,185.88902378001842,True,34.52297080193257,-6.573660348523824,5,4,20160906_flight01
2016-09-06 13:50:10,54.8228232,8.00423271,92.249,-0.607,3.161,1014.18,18.264,1.189498,7.002999999999999,0.884,-0.027000000000000003,100,0.9,3.2,1014.18,0.019256201068310608,290.2428368203915,7.058573864457323,187.19448649104493,True,34.53114893970937,-6.638747645749475,5,4,20160906_flight01
2016-09-06 13:50:11,54.82272077,8.00523051,92.59700000000001,-1.486,3.28,1014.1510000000001,18.222,1.189628,7.142,0.7140000000000001,-0.045,100,1.9,3.3,1014.1510000000001,0.019262578036484124,290.2033789318632,7.1776012706195935,185.70900454461702,True,34.539476444688766,-6.703790425482016,5,4,20160906_flight01
2016-09-06 13:50:12,54.82262122,8.00622898,93.0,-1.327,3.111,1014.092,18.217,1.189609,7.21,0.703,0.013000000000000001,100,1.8,3.3,1014.092,0.019237049309024146,290.2032276462218,7.244191397250627,185.56893387486116,True,34.54812293246195,-6.768779209913373,5,4,20160906_flight01
2016-09-06 13:50:13,54.822523819999994,8.00722778,93.279,-1.645,3.0740000000000003,1014.073,18.239,1.189651,7.416,0.5479999999999999,-0.045,100,2.2,3.1,1014.073,0.019105021265022115,290.2266949609716,7.436219469596093,184.22614958706404,True,34.55700427289493,-6.833717171006204,5,4,20160906_flight01
2016-09-06 13:50:14,54.82242900999999,8.00822715,93.51799999999999,-2.353,3.023,1014.0319999999999,18.178,1.189635,7.307,0.762,-0.025,100,2.5,3.1,1014.0319999999999,0.019290904267862174,290.1692936347566,7.3466245990931105,185.9534887864583,True,34.56617184983947,-6.898604563634474,5,4,20160906_flight01
2016-09-06 13:50:15,54.82233758,8.00922838,93.678,-2.177,2.9739999999999998,1014.012,18.198,1.189618,7.361000000000001,0.857,-0.004,100,2.4,3.0,1014.012,0.019215395931120982,290.1908510221401,7.410719938035711,186.6407301391888,True,34.575734463271004,-6.963494925206951,5,4,20160906_flight01
2016-09-06 13:50:16,54.82224943999999,8.01023086,93.7,-2.401,2.813,1014.0219999999999,18.195,1.1898009999999999,7.461,0.7070000000000001,-0.064,100,2.5,2.9,1014.0219999999999,0.019079176421951338,290.18704447355026,7.494422592835288,185.4131510123704,True,34.58567080201773,-7.028353547260717,5,4,20160906_flight01
2016-09-06 13:50:17,54.82216489,8.01123526,93.7,-2.599,2.836,1014.033,18.18,1.189918,7.587999999999999,0.8160000000000001,-0.043,100,2.7,2.9,1014.033,0.019042493872381216,290.17120383955654,7.631749471779061,186.13789805907322,True,34.59602565103809,-7.093211889757476,5,4,20160906_flight01
2016-09-06 13:50:18,54.82208451,8.0122418,93.635,-1.9569999999999999,2.923,1014.023,18.382,1.189684,6.935,0.8809999999999999,-0.012000000000000002,100,2.4,3.0,1014.023,0.01852666122330837,290.37321934062095,6.990735726659962,187.23989036479583,True,34.60686488801183,-7.158064334745643,5,4,20160906_flight01
2016-09-06 13:50:19,54.82200668,8.01324986,93.6,-0.81,2.748,1014.0369999999999,18.441,1.189532,6.767,1.018,-0.32300000000000006,100,1.1,2.9,1014.0369999999999,0.01846475786941748,290.4308380297713,6.843143502806295,188.5551918913366,True,34.61800440351671,-7.222926232859668,5,4,20160906_flight01
2016-09-06 13:50:20,54.821930460000004,8.014259500000001,93.54699999999998,-0.8270000000000001,2.7689999999999997,1014.043,18.340999999999998,1.189465,7.3420000000000005,1.013,-0.064,100,0.9,2.9,1014.043,0.018877572435507695,290.3307445928222,7.411554020581649,187.85568995319875,True,34.629345451372394,-7.2878324261231,5,4,20160906_flight01
2016-09-06 13:50:21,54.821856669999995,8.01527082,93.462,-0.7759999999999999,2.85,1014.055,18.273,1.1894280000000002,7.492999999999999,0.6990000000000001,-0.051,100,0.9,2.9,1014.055,0.019159077497815202,290.26203288157,7.5255332037005855,185.32953095017234,True,34.64097710532187,-7.352761932936377,5,4,20160906_flight01
2016-09-06 13:50:22,54.82178421,8.01628277,93.34899999999999,-0.8710000000000001,2.8169999999999997,1014.076,18.322,1.1894150000000001,6.631,0.26,0.019,100,1.1,2.9,1014.076,0.019019984076668495,290.30911825874955,6.6360953127573445,182.2454042392913,True,34.65276224056781,-7.4176863124112975,5,4,20160906_flight01
2016-09-06 13:50:23,54.82171176,8.01729462,93.3,0.017,2.813,1014.0980000000001,18.309,1.189397,6.646,0.35600000000000004,-0.237,100,0.3,2.9,1014.0980000000001,0.019102966443082847,290.29436895983974,6.655527927970853,183.06617848598557,True,34.6645465130014,-7.4826041820639135,5,4,20160906_flight01
2016-09-06 13:50:24,54.82164017,8.01830712,93.344,-0.573,3.03,1014.094,18.25,1.189361,7.254,1.0090000000000001,-0.049,100,0.7,3.1,1014.094,0.019336137204979842,290.23593213040436,7.3238375869485255,187.91878591823507,True,34.67643470108024,-7.54753372753023,5,4,20160906_flight01
2016-09-06 13:50:25,54.82157128,8.01932068,93.49,0.21100000000000002,3.03,1014.061,18.209,1.189498,7.144,0.507,-0.132,100,0.8,3.1,1014.061,0.019328988428464866,290.1977967676389,7.161967955806561,184.05939784825145,True,34.688630251689055,-7.612439336232092,5,4,20160906_flight01
2016-09-06 13:50:26,54.821502339999995,8.0203339,93.662,1.252,2.943,1014.059,18.229,1.189575,7.107,0.66,-0.077,100,1.7,3.0,1014.059,0.019191036838330344,290.2178807611103,7.137580052090485,185.30562343898134,True,34.70081394136373,-7.677325593803041,5,4,20160906_flight01
2016-09-06 13:50:27,54.82143128,8.02134601,93.81,2.235,2.947,1014.039,18.206,1.1895879999999999,6.739,0.366,-0.017,100,2.6,3.0,1014.039,0.019240251688906307,290.19660933684753,6.748931545066967,183.10872137915615,True,34.71275094708614,-7.7422134879648405,5,4,20160906_flight01
2016-09-06 13:50:28,54.82135722,8.02235668,93.911,2.498,2.88,1014.0189999999999,18.265,1.189568,7.117999999999999,0.35200000000000004,-0.198,100,2.7,2.9,1014.0189999999999,0.019030929877961622,290.2570118544091,7.126698253749768,182.83108991725885,True,34.724341389548634,-7.807111776868873,5,4,20160906_flight01
2016-09-06 13:50:29,54.82128109999999,8.02336647,94.008,2.308,2.8,1014.013,18.222,1.189551,7.084,0.441,-0.162,100,2.4,2.8,1014.013,0.0191898506820789,290.2146738467416,7.097713505066261,183.56223513701357,True,34.735695953618205,-7.87202392581347,5,4,20160906_flight01
2016-09-06 13:50:30,54.82120221,8.02437523,94.0,2.144,2.8,1014.012,18.230999999999998,1.189497,7.2589999999999995,0.794,-0.11600000000000002,100,2.4,2.8,1014.012,0.019203632522123648,290.2237199557993,7.302295324074478,186.24227996091787,True,34.74673629336168,-7.9369641836559,5,4,20160906_flight01
2016-09-06 13:50:31,54.82112025000001,8.02538302,93.98299999999999,2.355,2.7110000000000003,1014.0139999999999,18.2,1.18956,7.382999999999999,0.76,-0.067,100,2.4,2.8,1014.0139999999999,0.019260103854331634,290.1926793823435,7.4220138102808715,185.87727967829284,True,34.757431680663615,-8.00194619421547,5,4,20160906_flight01
2016-09-06 13:50:32,54.82103531,8.02638995,93.858,2.0380000000000003,2.7,1014.028,18.2,1.189726,7.358,0.689,-0.067,100,2.2,2.7,1014.028,0.01913195907400711,290.1915335192951,7.390188427908993,185.3495532701789,True,34.76779379871845,-8.066973772955336,5,4,20160906_flight01
2016-09-06 13:50:33,54.82094756000001,8.02739602,93.691,1.932,2.752,1014.047,18.211,1.189769,7.279,0.633,0.1,100,2.0,2.8,1014.047,0.019075745603721828,290.20093465504937,7.306471788763712,184.9700803935153,True,34.77784071482854,-8.132041289101153,5,4,20160906_flight01
2016-09-06 13:50:34,54.82085709,8.02840108,93.462,1.381,2.7439999999999998,1014.0790000000001,18.21,1.189848,7.2589999999999995,0.7120000000000001,0.051,100,1.8,2.8,1014.0790000000001,0.019043738118796005,290.19731957065926,7.293834725300539,185.60194529969849,True,34.78757910563898,-8.197136493756354,5,4,20160906_flight01
2016-09-06 13:50:35,54.82076466,8.02940559,93.229,0.625,2.65,1014.104,18.314,1.189714,7.199,0.73,-0.07400000000000001,100,0.8,2.7,1014.104,0.018819975930174593,290.2988577540341,7.235917426283968,185.790170557877,True,34.79709860034544,-8.262262635612352,5,4,20160906_flight01
2016-09-06 13:50:36,54.820671329999996,8.03041022,92.984,0.47700000000000004,2.695,1014.12,18.304000000000002,1.189717,6.881,0.34,-0.11800000000000001,100,0.6,2.7,1014.12,0.018868438153380573,290.28758785548905,6.889394821027461,182.82876534783335,True,34.80652475535577,-8.327426001764813,5,4,20160906_flight01
2016-09-06 13:50:37,54.82057695,8.03141486,92.889,0.76,2.5860000000000003,1014.148,18.293,1.189462,6.734,0.309,-0.196,100,1.0,2.7,1014.148,0.019153467682968106,290.27433974885133,6.741085743409588,182.62726248380466,True,34.815839510783356,-8.392624764081862,5,4,20160906_flight01
2016-09-06 13:50:38,54.82048183,8.03241959,92.814,0.27399999999999997,2.8760000000000003,1014.1469999999999,18.201,1.189464,7.4910000000000005,0.706,-0.006000000000000001,100,0.9,3.0,1014.1469999999999,0.019472566677607883,290.1827904951001,7.524195438716355,185.38401921732373,True,34.82507735335338,-8.457853597564036,5,4,20160906_flight01
2016-09-06 13:50:39,54.82038771,8.03342487,92.743,0.109,2.9,1014.175,18.261,1.189502,7.477,0.7290000000000001,-0.11,100,0.5,2.9,1014.175,0.01925824144233612,290.24025811834446,7.512454325984285,185.56868014714274,True,34.834432064926844,-8.523083291152108,5,4,20160906_flight01
2016-09-06 13:50:40,54.82029335,8.03442988,92.8,0.9410000000000001,2.742,1014.155,18.217,1.189622,7.072,0.613,-0.027000000000000003,100,1.1,2.9,1014.155,0.019289230190544515,290.1980716318836,7.098517662160178,184.95400800570462,True,34.843756070619015,-8.58830425184637,5,4,20160906_flight01
2016-09-06 13:50:41,54.820197040000004,8.03543396,92.67699999999999,0.621,2.8409999999999997,1014.18,18.234,1.1896769999999999,7.359,0.703,0.057,100,1.0,2.9,1014.18,0.019207766446144525,290.2129573873354,7.3925022827186195,185.45686548835602,True,34.85285492572815,-8.653532339839124,5,4,20160906_flight01
2016-09-06 13:50:42,54.82010072,8.0364357,92.531,0.512,2.8,1014.193,18.2,1.189754,7.537000000000001,0.491,0.017,100,0.7,2.8,1014.193,0.019273801140603064,290.1780302374687,7.552976234571377,183.72728299187855,True,34.86190765913728,-8.718616179808198,5,4,20160906_flight01
2016-09-06 13:50:43,54.82000388,8.03743859,92.42399999999999,0.11200000000000002,2.8309999999999995,1014.202,18.215999999999998,1.189794,7.442,0.371,-0.063,100,0.4,2.9,1014.202,0.019192607924836125,290.1932293748431,7.451241842807144,182.85395740966288,True,34.870927272206,-8.783788297221502,5,4,20160906_flight01
2016-09-06 13:50:44,54.81990659,8.038441689999999,92.42399999999999,0.907,2.764,1014.1990000000001,18.238,1.1897849999999999,7.246,0.593,-0.187,100,1.1,2.8,1014.1990000000001,0.01912035259526612,290.21538634136084,7.270224549489514,184.67856035127903,True,34.87990310381908,-8.848988294683117,5,4,20160906_flight01
2016-09-06 13:50:45,54.819808169999995,8.039444600000001,92.47200000000001,0.289,2.989,1014.193,18.22,1.189841,7.563,0.7090000000000001,0.051,100,0.6,3.1,1014.193,0.019129313737352938,290.1979497864811,7.596160214213494,185.35559036162527,True,34.88875518239929,-8.914213980885435,5,4,20160906_flight01
2016-09-06 13:50:46,54.81970994,8.04044725,92.553,0.096,3.0469999999999997,1014.188,18.2,1.189843,7.545,0.738,0.027000000000000003,100,0.3,3.2,1014.188,0.019192535007301892,290.17843938631773,7.581007123067488,185.58650812621823,True,34.89762244729885,-8.979417309509252,5,4,20160906_flight01
2016-09-06 13:50:47,54.81961161,8.04144964,92.713,-0.33899999999999997,3.2880000000000003,1014.1669999999999,18.2,1.189892,7.535,0.7959999999999999,0.079,100,0.4,3.4,1014.1669999999999,0.019129461690815308,290.1801578398109,7.576928203434424,186.03037951421504,True,34.90647407782806,-9.044607885992331,5,4,20160906_flight01
2016-09-06 13:50:48,54.81951398,8.04245139,93.03299999999999,-0.812,3.3859999999999997,1014.12,18.242,1.189927,7.3629999999999995,0.408,0.044000000000000004,100,1.0,3.4,1014.12,0.018905375021879056,290.2258359823049,7.3742954239710246,183.17164143755662,True,34.915387779313406,-9.10973573389711,5,4,20160906_flight01
2016-09-06 13:50:49,54.81941739,8.04345219,93.524,-0.6410000000000001,3.233,1014.059,18.258,1.1896849999999999,7.193,0.7120000000000001,-0.113,100,1.1,3.3,1014.059,0.018995383675652677,290.2467651987056,7.228152806907169,185.65301500781595,True,34.92439371700929,-9.17477043801664,5,4,20160906_flight01
2016-09-06 13:50:50,54.81932194,8.044452999999999,93.97399999999999,0.053000000000000005,3.2,1013.997,18.201,1.189619,7.334,0.804,0.034,100,0.1,3.2,1013.997,0.019188967660987766,290.1950668473323,7.377938194373818,186.25614770512038,True,34.93352100444998,-9.239768000693218,5,4,20160906_flight01
2016-09-06 13:50:51,54.81922721,8.045453,94.301,-0.499,3.055,1013.971,18.23,1.189683,7.497999999999999,0.484,-0.068,100,0.7,3.2,1013.971,0.019006579666561274,290.2260801403927,7.513604993609924,183.6933498015885,True,34.94270921489988,-9.304691668727475,5,4,20160906_flight01
2016-09-06 13:50:52,54.81913339,8.046453790000001,94.544,-0.8690000000000001,2.8689999999999998,1013.945,18.25,1.189661,7.511,0.517,-0.08900000000000001,100,1.0,3.0,1013.945,0.018929356026756716,290.2481295032573,7.528772144247693,183.93759402058643,True,34.95200935073891,-9.36963400650605,5,4,20160906_flight01
2016-09-06 13:50:53,54.819040779999995,8.04745428,94.6,-0.705,2.8,1013.933,18.197,1.189738,7.609,0.778,0.034,100,0.8,2.8,1013.933,0.019036695557171468,290.19632126648924,7.648670799557267,185.83805270630143,True,34.961432306454405,-9.434517730627483,5,4,20160906_flight01
2016-09-06 13:50:54,54.818949460000006,8.04845587,94.48899999999999,-0.758,2.7439999999999998,1013.942,18.188,1.189751,7.568,0.787,0.047,100,0.9,2.8,1013.942,0.019066086066741095,290.18662013818965,7.608810222367226,185.9368768343713,True,34.9710135426327,-9.499426691719282,5,4,20160906_flight01
2016-09-06 13:50:55,54.81885944,8.04945855,94.243,-0.804,2.7,1013.972,18.251,1.189812,7.837000000000001,0.8960000000000001,0.17800000000000002,100,0.9,2.7,1013.972,0.01882367585778133,290.2469151095974,7.8880533086433955,186.5222760277042,True,34.98075392949298,-9.564359940700676,5,4,20160906_flight01
2016-09-06 13:50:56,54.818770750000006,8.05046239,93.846,-0.7340000000000001,2.7030000000000003,1014.01,18.273,1.1898389999999999,7.462999999999999,0.872,0.312,100,0.9,2.8,1014.01,0.018761823712783343,290.2657168819056,7.513770890837701,186.66439756439416,True,34.9906580033025,-9.629320808924529,5,4,20160906_flight01
2016-09-06 13:50:57,54.81868276,8.05146693,93.335,-0.977,2.8,1014.066,18.31,1.189787,6.815,0.6759999999999999,0.20199999999999999,100,1.1,2.8,1014.066,0.01873327224237964,290.297984865687,6.848445152003483,185.66480713798734,True,35.00064995103614,-9.694301741813923,5,4,20160906_flight01
2016-09-06 13:50:58,54.81859557,8.05247226,92.92399999999999,-1.087,2.865,1014.13,18.324,1.189733,6.92,0.955,0.092,100,1.3,2.9,1014.13,0.018794871500711352,290.306689100614,6.9855869474225285,187.85751592638485,True,35.01074213355396,-9.75930498788896,5,4,20160906_flight01
2016-09-06 13:50:59,54.818510530000005,8.05347907,92.654,-1.334,2.93,1014.1690000000001,18.328,1.189735,7.428,0.9860000000000001,0.07600000000000001,100,1.4,3.0,1014.1690000000001,0.018818356586429497,290.307480152106,7.493155543561071,187.56129426970597,True,35.021091313073285,-9.824328464527564,5,4,20160906_flight01
2016-09-06 13:51:00,54.81842874,8.05448761,92.54799999999999,-1.0090000000000001,2.9930000000000003,1014.1690000000001,18.297,1.1898179999999998,7.099,0.892,-0.28300000000000003,100,1.3,3.0,1014.1690000000001,0.018855645170074542,290.2766046421715,7.154821101886476,187.16176732926465,True,35.031819209634435,-9.889351183816139,5,4,20160906_flight01
2016-09-06 13:51:01,54.81834828,8.05549674,92.68799999999999,-0.488,3.0180000000000002,1014.155,18.257,1.189799,7.422999999999999,0.934,0.094,100,0.6,3.1,1014.155,0.018997704026638473,290.23791115683076,7.481529589595967,187.17156120414498,True,35.04269981725331,-9.954366304326282,5,4,20160906_flight01
2016-09-06 13:51:02,54.81826923,8.05650625,92.78,-0.509,3.2310000000000003,1014.1460000000001,18.2,1.189872,7.726,1.037,0.10700000000000001,100,0.7,3.3,1014.1460000000001,0.019125488648966016,290.1818763390649,7.795283509918033,187.6446710362707,True,35.05373759443876,-10.019358201222136,5,4,20160906_flight01
2016-09-06 13:51:03,54.81819192,8.05751598,92.98700000000001,-0.35600000000000004,3.25,1014.115,18.2,1.1899799999999998,7.563,1.015,0.04300000000000001,100,0.7,3.3,1014.115,0.019001845649632365,290.18441325493706,7.6308055931205585,187.64376465702674,True,35.064964532056365,-10.084306058418715,5,4,20160906_flight01
2016-09-06 13:51:04,54.81811528,8.05852532,93.28299999999999,-0.069,3.1510000000000002,1014.082,18.362,1.189824,7.175,1.072,-0.244,100,0.2,3.2,1014.082,0.018535946627837863,290.34846735022984,7.254640514870465,188.49757127045052,True,35.0762551662705,-10.149207627203285,5,4,20160906_flight01
2016-09-06 13:51:05,54.818038640000005,8.05953437,93.605,0.055,3.0410000000000004,1014.04,18.273,1.189848,7.662000000000001,1.013,-0.057999999999999996,100,0.3,3.1,1014.04,0.018784258164274537,290.26326085832164,7.728674724685987,187.53144735846865,True,35.087540216259896,-10.214091278047192,5,4,20160906_flight01
2016-09-06 13:51:06,54.817962820000005,8.06054371,93.79799999999999,-0.19699999999999998,3.031,1014.0189999999999,18.209,1.189776,7.837000000000001,1.0110000000000001,-0.05600000000000001,100,0.3,3.1,1014.0189999999999,0.019048606315805516,290.20123438014093,7.901942166328479,187.3507555336943,True,35.09891799862386,-10.278965686631746,5,4,20160906_flight01
2016-09-06 13:51:07,54.81788775,8.06155326,93.9,0.282,2.923,1014.0039999999999,18.214000000000002,1.1898259999999998,7.9,1.0810000000000002,0.129,100,0.4,3.0,1014.0039999999999,0.018973222560092706,290.20744229596767,7.9736165571213675,187.79170337705636,True,35.11037953340978,-10.343828228630748,5,4,20160906_flight01
2016-09-06 13:51:08,54.817812409999995,8.06256268,93.84700000000001,0.28,2.844,1014.01,18.281,1.189932,7.702000000000001,0.49200000000000005,0.03,100,0.4,2.9,1014.01,0.018654238050160865,290.273685112742,7.717698361558322,183.65506021951836,True,35.12180986980053,-10.408691681441827,5,4,20160906_flight01
2016-09-06 13:51:09,54.817736409999995,8.06357179,93.772,-0.396,2.859,1014.028,18.27,1.189875,7.294,0.361,-0.231,100,1.3,2.9,1014.028,0.018759572024962923,290.26125518514834,7.3029279744497,182.83341275941572,True,35.13316409321479,-10.473557841241014,5,4,20160906_flight01
2016-09-06 13:51:10,54.81766106,8.06458128,93.8,-0.9209999999999999,2.813,1014.0160000000001,18.261000000000003,1.189671,7.3020000000000005,0.607,-0.064,100,1.3,2.9,1014.0160000000001,0.018953675372322953,290.25327334368535,7.327185885454251,184.75195278300748,True,35.14459471474024,-10.538425950294158,5,4,20160906_flight01
2016-09-06 13:51:11,54.81758774,8.06559178,93.8,-0.248,2.9560000000000004,1014.0219999999999,18.165,1.189759,7.769,0.8740000000000001,0.055,100,0.5,3.0,1014.0219999999999,0.019220101020128944,290.15716370904704,7.818007226908914,186.41869569583457,True,35.15626052958302,-10.603289225153365,5,4,20160906_flight01
2016-09-06 13:51:12,54.817515750000005,8.06660303,93.8,0.546,2.9360000000000004,1014.04,18.212,1.189853,7.597,1.171,0.057,100,1.0,3.0,1014.04,0.01899327038464249,290.20250361228284,7.686719066025504,188.76259676558985,True,35.168082136435146,-10.668154786994592,5,4,20160906_flight01
2016-09-06 13:51:13,54.81744288,8.06761406,93.706,1.118,2.815,1014.055,18.3,1.189974,7.7139999999999995,0.6609999999999999,-0.161,100,1.2,2.9,1014.055,0.01859708128796722,290.28892531932473,7.742268207702442,184.8976177836679,True,35.17980598213384,-10.733035903447494,5,4,20160906_flight01
2016-09-06 13:51:14,54.817368509999994,8.06862489,93.65,0.868,2.843,1014.04,18.246,1.189887,8.026,0.911,0.024000000000000004,100,1.1,2.9,1014.04,0.018845261087101717,290.23636830679624,8.07753656754335,186.4757054703328,True,35.19136655929482,-10.797954345992885,5,4,20160906_flight01
2016-09-06 13:51:15,54.81729381,8.069635869999999,93.6,0.479,2.9259999999999997,1014.04,18.239,1.1899419999999998,8.138,0.9009999999999999,0.033,100,0.7,3.0,1014.04,0.01882264376076015,290.2293961638082,8.187725264076708,186.31778130229225,True,35.202894953032974,-10.862892986762482,5,4,20160906_flight01
2016-09-06 13:51:16,54.817218929999996,8.070646759999999,93.62899999999999,0.384,2.8259999999999996,1014.0369999999999,18.278,1.1898659999999999,7.7620000000000005,0.925,-0.311,100,0.6,2.9,1014.0369999999999,0.018748353396815576,290.2684865628233,7.816921964558685,186.7959063050775,True,35.214402483652556,-10.927832028787584,5,4,20160906_flight01
2016-09-06 13:51:17,54.81714312,8.07165751,93.656,0.653,2.7769999999999997,1014.043,18.236,1.1899799999999998,7.607,0.669,0.308,100,0.7,2.9,1014.043,0.01880361254316898,290.2261625364903,7.636361044371855,185.0259643406901,True,35.22580847968472,-10.992793224413717,5,4,20160906_flight01
2016-09-06 13:51:18,54.81706629,8.0726678,93.431,0.733,2.9,1014.072,18.373,1.189914,7.301,0.491,-0.084,100,0.9,2.9,1014.072,0.018410436768161897,290.3602423465912,7.317491510073654,183.84740873857845,True,35.23709721418462,-11.05775978311782,5,4,20160906_flight01
2016-09-06 13:51:19,54.81698843,8.0736778,93.4,1.034,2.825,1014.0880000000001,18.343,1.189832,7.336,0.873,-0.081,100,1.1,2.9,1014.0880000000001,0.018601514491122018,290.32905190096494,7.387761839691369,186.78640753458419,True,35.248270897880936,-11.122742539742394,5,4,20160906_flight01
2016-09-06 13:51:20,54.81690969,8.07468787,93.309,0.845,2.968,1014.081,18.248,1.1898309999999999,7.696000000000001,1.0510000000000002,0.217,100,0.9,3.0,1014.081,0.018927416362486627,290.23500422113,7.76743310238331,187.7764613912732,True,35.259352404649256,-11.187758768918961,5,4,20160906_flight01
2016-09-06 13:51:21,54.81683030999999,8.075697589999999,93.2,0.893,2.977,1014.112,18.278,1.189922,7.766,0.51,0.019000000000000003,100,0.9,3.0,1014.112,0.018775754069395356,290.2623467839507,7.782728056407985,183.7572687809075,True,35.270359153766464,-11.252774571199947,5,4,20160906_flight01
2016-09-06 13:51:22,54.81674957,8.07670644,93.251,0.85,2.958,1014.09,18.295,1.189862,7.75,0.595,-0.087,100,0.9,3.0,1014.09,0.018745597639319378,290.2810798337137,7.772806764612124,184.39022504825698,True,35.28120461181575,-11.317781665844002,5,4,20160906_flight01
2016-09-06 13:51:23,54.81666776,8.07771453,93.402,0.753,3.0690000000000004,1014.089,18.27,1.189813,7.712999999999999,0.504,0.096,100,1.0,3.1,1014.089,0.018873946423485055,290.25626153409195,7.729449204180074,183.7386331420259,True,35.29192171763649,-11.382777243875086,5,4,20160906_flight01
2016-09-06 13:51:24,54.81658505,8.07872164,93.55,0.9060000000000001,2.95,1014.077,18.274,1.189761,7.7829999999999995,0.8960000000000001,0.063,100,1.0,3.1,1014.077,0.01889243523198303,290.26122790128784,7.834405210352601,186.56713492347603,True,35.30252430221974,-11.447742081599639,5,4,20160906_flight01
2016-09-06 13:51:25,54.816501509999995,8.07972822,93.569,0.9079999999999999,2.885,1014.073,18.338,1.1898009999999999,7.218,0.787,-0.11900000000000001,100,1.4,2.9,1014.073,0.018630459412088962,290.32530006549223,7.260777713165443,186.22254859750578,True,35.3130284702179,-11.51270166416515,5,4,20160906_flight01
2016-09-06 13:51:26,54.81641615,8.08073417,93.633,1.3019999999999998,2.7680000000000002,1014.061,18.355,1.189716,7.02,0.7190000000000001,-0.374,100,1.4,2.8,1014.061,0.01863177323523857,290.34321488867886,7.0567245234598746,185.8479366401026,True,35.32332708058848,-11.577682603944044,5,4,20160906_flight01
2016-09-06 13:51:27,54.81632912,8.08173989,93.7,0.7929999999999999,2.761,1014.053,18.3,1.189579,7.591,0.911,0.021,100,1.2,2.8,1014.053,0.018933297074408717,290.2890890633779,7.6454693773502225,186.8433686687191,True,35.33344377744278,-11.642704647008852,5,4,20160906_flight01
2016-09-06 13:51:28,54.81624214000001,8.082746160000001,93.619,0.589,2.776,1014.0690000000001,18.259,1.189684,7.308,0.789,0.005000000000000001,100,0.8,2.8,1014.0690000000001,0.01900279206459765,290.2469426190846,7.350468352424898,186.16200650044476,True,35.343576378980934,-11.707759016264951,5,4,20160906_flight01
2016-09-06 13:51:29,54.81615394000001,8.08375216,93.46300000000001,0.9790000000000001,2.7,1014.0840000000001,18.269000000000002,1.1898,7.462999999999999,0.631,0.011,100,1.0,2.7,1014.0840000000001,0.018883551474850657,290.2556748271515,7.489628161664636,184.83288933091924,True,35.353574121969395,-11.772837112378731,5,4,20160906_flight01
2016-09-06 13:51:30,54.81606425,8.08475783,93.228,0.765,2.7889999999999997,1014.1,18.258,1.1898309999999999,7.3629999999999995,1.038,0.21600000000000003,100,1.0,2.8,1014.1,0.018911540846849206,290.2434090378799,7.435806143250374,188.02440075641385,True,35.36340715592868,-11.83794417118304,5,4,20160906_flight01
2016-09-06 13:51:31,54.81597385,8.08576371,92.921,0.451,2.7310000000000003,1014.148,18.277,1.1899369999999998,6.915,1.16,-0.11599999999999999,100,0.7,2.8,1014.148,0.018802572679242457,290.25840390741416,7.01162071136196,189.52277494240624,True,35.37316877609357,-11.903087721806198,5,4,20160906_flight01
2016-09-06 13:51:32,54.8158825,8.08676997,92.69200000000001,0.7,2.662,1014.1840000000001,18.355,1.1897959999999999,6.724,1.01,-0.061,100,0.7,2.8,1014.1840000000001,0.018686828148904322,290.33314360391694,6.799432035104108,188.5424322654946,True,35.38283674919809,-11.968286217195786,5,4,20160906_flight01
2016-09-06 13:51:33,54.815790150000005,8.087776569999999,92.461,0.21899999999999997,2.915,1014.2040000000001,18.278,1.1899009999999999,7.3870000000000005,0.5529999999999999,-0.1,100,0.7,3.0,1014.2040000000001,0.018886158686655552,290.25481611930087,7.4076702140416595,184.28124751051467,True,35.392404991093,-12.033538842021283,5,4,20160906_flight01
2016-09-06 13:51:34,54.815698499999996,8.08878361,92.559,0.002999999999999999,3.032,1014.1890000000001,18.29,1.189824,7.252999999999999,0.507,-0.075,100,0.4,3.1,1014.1890000000001,0.018895071557503584,290.26799562800704,7.270698590919581,183.99859153724645,True,35.40205610036576,-12.098795467151774,5,4,20160906_flight01
2016-09-06 13:51:35,54.81560691,8.089790090000001,92.848,0.297,3.142,1014.1560000000001,18.243,1.1898469999999999,7.41,0.6,-0.131,100,0.4,3.2,1014.1560000000001,0.019006556947013253,290.22388547762,7.434251811715823,184.62923494779758,True,35.41170280300319,-12.164015504788754,5,4,20160906_flight01
2016-09-06 13:51:36,54.81551503,8.090795550000001,93.251,-0.199,3.045,1014.123,18.205,1.18989,7.632999999999999,0.6920000000000001,-0.115,100,0.5,3.1,1014.123,0.019069470549141432,290.1887385429823,7.66430381704692,185.18021579161532,True,35.42129904388676,-12.229182126139872,5,4,20160906_flight01
2016-09-06 13:51:37,54.815424039999996,8.0918008,93.585,-0.48200000000000004,2.963,1014.071,18.262999999999998,1.1897499999999999,7.376,0.858,-0.17800000000000002,100,0.8,3.0,1014.071,0.018934287375074632,290.25076294826255,7.425734980458164,186.63500993618408,True,35.43098582864728,-12.294306293676737,5,4,20160906_flight01
2016-09-06 13:51:38,54.81533365999999,8.09280618,93.789,0.22399999999999998,2.82,1014.048,18.247,1.189734,7.26,1.141,0.023000000000000003,100,0.4,2.9,1014.048,0.01898082681530311,290.23670946181255,7.349114300376611,188.93169035331348,True,35.44073994640254,-12.359418288854897,5,4,20160906_flight01
2016-09-06 13:51:39,54.81524274,8.09381147,93.681,0.10300000000000001,2.758,1014.082,18.192999999999998,1.18986,7.473,0.8220000000000001,-0.068,100,0.2,2.8,1014.082,0.019095936749281783,290.18014189199073,7.518072425828311,186.27707122820186,True,35.450434940878594,-12.424542609277857,5,4,20160906_flight01
2016-09-06 13:51:40,54.81515179,8.09481721,93.59599999999999,0.027000000000000003,2.6990000000000003,1014.094,18.354,1.189787,6.693,0.8590000000000001,-0.154,100,0.2,2.7,1014.094,0.01860762791757109,290.3395166772182,6.7478981912889,187.31353366455443,True,35.46013541218298,-12.48969572706811,5,4,20160906_flight01
2016-09-06 13:51:41,54.81506042,8.09582335,93.5,-0.482,2.638,1014.099,18.41,1.1895879999999999,6.761,0.755,-0.25,100,0.6,2.7,1014.099,0.018587370685976712,290.3948834790923,6.803024768439403,186.371813983194,True,35.469798949008975,-12.5548874705813,5,4,20160906_flight01
2016-09-06 13:51:42,54.814970300000006,8.0968308,93.417,-0.6359999999999999,2.7739999999999996,1014.107,18.25,1.18966,7.274,0.7290000000000001,-0.033,100,0.7,2.8,1014.107,0.01909300901189681,290.23486803940204,7.310438906112273,185.7230709506959,True,35.479620558916324,-12.620118751013507,5,4,20160906_flight01
2016-09-06 13:51:43,54.814882180000005,8.09783934,93.4,-0.377,2.8209999999999997,1014.105,18.301000000000002,1.189575,7.045,0.7020000000000001,-0.09,100,0.6,2.9,1014.105,0.018985477456468614,290.2858278551344,7.079889052803017,185.69046166643935,True,35.48967571426962,-12.685351133798115,5,4,20160906_flight01
2016-09-06 13:51:44,54.81479448,8.09884811,93.287,-0.442,2.8,1014.1190000000001,18.211,1.189755,7.114,0.865,0.29100000000000004,100,0.6,2.8,1014.1190000000001,0.019160095104577612,290.19504188593993,7.166395258426651,186.93263288398094,True,35.499779935348144,-12.750583816041264,5,4,20160906_flight01
2016-09-06 13:51:45,54.81470766,8.099857309999999,92.99700000000001,-0.8440000000000001,2.8,1014.168,18.227,1.189915,7.1,0.88,0.18400000000000002,100,1.0,2.8,1014.168,0.019016333370871275,290.2069675884069,7.154327361813967,187.06541604496914,True,35.50998596132826,-12.815813918733475,5,4,20160906_flight01
2016-09-06 13:51:46,54.81462244,8.10086735,92.715,-0.8170000000000001,2.8,1014.1940000000001,18.294,1.189929,7.138999999999999,0.7809999999999999,0.031,100,0.9,2.8,1014.1940000000001,0.018796203515892174,290.2715702619671,7.181593277260972,186.243277461623,True,35.520378207475,-12.88104292615553,5,4,20160906_flight01
2016-09-06 13:51:47,54.814538830000004,8.10187827,92.54799999999999,-0.8109999999999999,2.9159999999999995,1014.211,18.221,1.1900659999999998,7.438,0.737,0.02,100,0.9,3.0,1014.211,0.018951218992973473,290.1974727433882,7.474423924290085,185.65872589116898,True,35.53095850680937,-12.94627297852519,5,4,20160906_flight01
2016-09-06 13:51:48,54.81445725,8.10289003,92.574,-0.7240000000000001,3.0469999999999997,1014.2090000000001,18.243,1.189984,7.638,0.862,0.037,100,1.0,3.1,1014.2090000000001,0.018942488529556156,290.21954781572794,7.686487364199593,186.43897179776826,True,35.541770725949256,-13.011487693080749,5,4,20160906_flight01
2016-09-06 13:51:49,54.81437759000001,8.10390222,92.705,-0.887,3.1590000000000003,1014.203,18.254,1.18996,7.277,0.721,0.09300000000000001,100,1.0,3.2,1014.203,0.01891854732101672,290.2309945782208,7.3126308535300755,185.65835795000964,True,35.55279527935362,-13.076665381001998,5,4,20160906_flight01
2016-09-06 13:51:50,54.81429911,8.10491408,92.846,-0.657,3.055,1014.198,18.286,1.189822,7.1979999999999995,0.5820000000000001,0.11,100,0.9,3.1,1014.198,0.01891981064511361,290.263275031196,7.221490704833732,184.6226394590381,True,35.56393888660729,-13.141783595352496,5,4,20160906_flight01
2016-09-06 13:51:51,54.81422216,8.10592596,92.9,-0.982,3.012,1014.176,18.198,1.18976,7.352,1.035,0.311,100,1.1,3.1,1014.176,0.019258572627733006,290.1774293896884,7.4244952016955335,188.01332603614924,True,35.57524548467536,-13.20685236846407,5,4,20160906_flight01
2016-09-06 13:51:52,54.81414755,8.10693865,92.77600000000001,-0.71,3.0,1014.2,18.207,1.189925,7.4879999999999995,1.271,0.18400000000000002,100,1.0,3.0,1014.2,0.01910987366925898,290.1844292618301,7.595102698449836,189.6334686409871,True,35.58681637112367,-13.271893682300611,5,4,20160906_flight01
2016-09-06 13:51:53,54.81407473,8.10795213,92.627,-0.582,2.975,1014.212,18.221,1.190299,7.557,0.9179999999999999,0.07,100,0.7,3.0,1014.212,0.018752764650076692,290.1973909098993,7.61255364513118,186.92617071329988,True,35.5985927078054,-13.33692451834958,5,4,20160906_flight01
2016-09-06 13:51:54,54.8140033,8.10896621,92.6,-0.155,3.043,1014.2130000000001,18.309,1.190137,7.2410000000000005,0.894,-0.08,100,0.4,3.1,1014.2130000000001,0.018584807210445753,290.2849545978555,7.295979509291402,187.03832564669182,True,35.61052832479809,-13.401946386148662,5,4,20160906_flight01
2016-09-06 13:51:55,54.81393247,8.10998048,92.742,0.324,3.0,1014.205,18.255,1.190232,7.345,0.698,-0.139,100,0.4,3.0,1014.205,0.01868421010914223,290.2318268652301,7.378091148799939,185.4285519414495,True,35.62253136735917,-13.466960119971272,5,4,20160906_flight01
2016-09-06 13:51:56,54.813862,8.1109946,92.97200000000001,0.358,3.1310000000000002,1014.181,18.285,1.1900439999999999,7.73,0.888,0.064,100,0.5,3.2,1014.181,0.018716153017774628,290.2636705688496,7.780838258182727,186.55324668704924,True,35.63456978169249,-13.531952661902821,5,4,20160906_flight01
2016-09-06 13:51:57,54.813792080000006,8.11200849,93.204,0.567,3.073,1014.1390000000001,18.352,1.1898309999999999,7.659,0.843,-0.203,100,0.7,3.1,1014.1390000000001,0.018622147119164323,290.3338400602174,7.705253402711684,186.2810680800644,True,35.646662220185796,-13.596912775846334,5,4,20160906_flight01
2016-09-06 13:51:58,54.81372149,8.11302169,93.48100000000001,0.8370000000000001,2.9539999999999997,1014.102,18.366,1.1895879999999999,7.175,1.022,-0.141,100,1.0,3.0,1014.102,0.01874412501718581,290.3508136523314,7.247420851585756,188.10662368608902,True,35.658670165658705,-13.66185244931949,5,4,20160906_flight01
2016-09-06 13:51:59,54.813649139999995,8.11403416,93.66,0.812,2.8709999999999996,1014.099,18.279,1.189607,7.106,1.0,-0.125,100,1.0,2.9,1014.099,0.019028959176649707,290.264406974305,7.176018115919162,188.01041168776771,True,35.67047700460222,-13.726805314074298,5,4,20160906_flight01
2016-09-06 13:52:00,54.8135763,8.11504672,93.69200000000001,0.6789999999999999,2.7439999999999998,1014.096,18.222,1.18979,6.978,1.015,-0.127,100,0.9,2.8,1014.096,0.019068527103879074,290.2078802914657,7.051433116750098,188.27603902334351,True,35.682233500248344,-13.791779969444839,5,4,20160906_flight01
2016-09-06 13:52:01,54.81350327,8.116059759999999,93.55699999999999,1.2890000000000001,2.517,1014.1110000000001,18.221,1.190156,7.39,0.5760000000000001,-0.182,100,1.6,2.6,1014.1110000000001,0.018773705773939886,290.2056566163196,7.4124136419927344,184.4568038222659,True,35.69397904588419,-13.85679057531378,5,4,20160906_flight01
2016-09-06 13:52:02,54.81342889,8.11707309,93.29700000000001,1.7630000000000001,2.53,1014.1510000000001,18.209,1.1900789999999999,7.608,0.955,0.08200000000000002,100,1.8,2.6,1014.1510000000001,0.018921772454853603,290.19043107164975,7.667704284856061,187.15467494546044,True,35.70558670013193,-13.921863814087164,5,4,20160906_flight01
2016-09-06 13:52:03,54.81335254,8.11808652,92.859,1.705,2.475,1014.203,18.298,1.190171,7.571000000000001,0.866,0.054000000000000006,100,1.9,2.5,1014.203,0.01858410869340643,290.2748174624689,7.620367248368021,186.52535100035107,True,35.71698691185756,-13.98700848218543,5,4,20160906_flight01
2016-09-06 13:52:04,54.81327384,8.11909981,92.321,2.125,2.266,1014.275,18.31,1.190067,7.21,1.025,-0.012000000000000002,100,2.3,2.4,1014.275,0.018703496320407798,290.28087555274834,7.282494421556394,188.09115970003114,True,35.72813467390601,-14.052222337402046,5,4,20160906_flight01
2016-09-06 13:52:05,54.813191960000005,8.12011337,91.641,2.506,2.2110000000000003,1014.3509999999999,18.343,1.190035,6.88,1.115,-0.086,100,2.6,2.3,1014.3509999999999,0.018691883667126152,290.3075209000536,6.969765060602832,189.20554369111923,True,35.73894967028275,-14.11755820342038,5,4,20160906_flight01
2016-09-06 13:52:06,54.81310658,8.121127249999999,90.98899999999999,2.3989999999999996,2.351,1014.432,18.354,1.190171,6.821000000000001,0.838,-0.371,100,2.5,2.4,1014.432,0.018618376453893193,290.31184613889747,6.872283827083978,187.004025910343,True,35.749398854750304,-14.183029768643031,5,4,20160906_flight01
2016-09-06 13:52:07,54.81301832,8.122141599999999,90.631,2.325,2.635,1014.4739999999999,18.312,1.190194,7.2620000000000005,0.8270000000000001,0.079,100,2.4,2.9,1014.4739999999999,0.018787651879496936,290.26658087739486,7.308937884535618,186.4968814828377,True,35.75955100820481,-14.248625765209468,5,4,20160906_flight01
2016-09-06 13:52:08,54.8129277,8.12315533,90.411,2.24,3.068,1014.4989999999999,18.227,1.190158,7.358,0.932,0.124,100,2.3,3.2,1014.4989999999999,0.019140790621701376,290.17988433513176,7.4167909502695295,187.21891863943935,True,35.76944040634577,-14.31426162283487,5,4,20160906_flight01
2016-09-06 13:52:09,54.812834089999996,8.12416711,90.45300000000002,2.1879999999999997,3.235,1014.493,18.191,1.1902629999999998,7.621,1.249,0.10400000000000001,100,2.3,3.3,1014.493,0.01917077923263477,290.1445230136293,7.722670652047775,189.30741967967106,True,35.77897448347458,-14.379876033119771,5,4,20160906_flight01
2016-09-06 13:52:10,54.81273768,8.12517657,90.709,1.104,3.319,1014.467,18.31,1.190216,7.3020000000000005,0.8440000000000001,0.027000000000000003,100,1.8,3.4,1014.467,0.018768781681691937,290.2651619015812,7.350614940261801,186.59326181041536,True,35.78816630775718,-14.445439842025372,5,4,20160906_flight01
2016-09-06 13:52:11,54.81263962,8.12618403,91.10700000000001,-0.413,3.336,1014.4119999999999,18.258,1.190211,7.175,1.083,0.11599999999999999,100,0.6,3.4,1014.4119999999999,0.018899612060073512,290.21787518760493,7.2562741127937,188.58347416709182,True,35.79714426106219,-14.51093473054815,5,4,20160906_flight01
2016-09-06 13:52:12,54.81254253,8.12719061,91.51100000000001,-0.36700000000000005,3.3,1014.38,18.224,1.190218,7.33,1.024,0.154,100,0.5,3.3,1014.38,0.018980367691467936,290.18663213141093,7.401180716615424,187.95274372239766,True,35.806208359018754,-14.57634311885937,5,4,20160906_flight01
2016-09-06 13:52:13,54.81244651,8.12819656,91.815,-0.6629999999999999,3.116,1014.33,18.317,1.190285,7.341,0.592,0.134,100,0.8,3.3,1014.33,0.018547688916387806,290.2833454283354,7.364831634192326,184.6105242465598,True,35.815374043436215,-14.64167714124017,5,4,20160906_flight01
2016-09-06 13:52:14,54.81235142,8.12920194,92.04899999999999,0.775,2.9,1014.3059999999999,18.4,1.189999,6.69,0.662,-0.39799999999999996,100,1.3,2.9,1014.3059999999999,0.018478348965993208,290.36797330826136,6.7226738727979365,185.65122983962823,True,35.824627590719246,-14.706945141958048,5,4,20160906_flight01
2016-09-06 13:52:15,54.812254970000005,8.130206789999999,92.303,-1.429,2.8789999999999996,1014.286,18.398,1.189628,6.675,1.021,-0.067,100,4.3,3.0,1014.286,0.01878287406232615,290.3676189053912,6.752634004594059,188.69648963324772,True,35.83372639395563,-14.772225442279836,5,4,20160906_flight01
2016-09-06 13:54:58,54.895701689999996,8.15096638,98.3,-4.0489999999999995,3.0,1013.6340000000001,18.211,1.189536,7.336,1.635,0.048,100,4.5,3.0,1013.6340000000001,0.018860227353891146,290.23474663172254,7.515991019153762,192.5643622766873,True,45.1020418273419,-13.290938966405001,6,5,20160906_flight01
2016-09-06 13:54:59,54.895811679999994,8.14997064,98.3,-3.1319999999999997,2.9530000000000003,1013.6419999999999,18.148,1.189563,7.414,1.936,-0.040999999999999995,100,3.7,3.0,1013.6419999999999,0.01906549200187002,290.17133517752035,7.662603474015865,194.63471522027763,True,45.094557453046654,-13.225773062041494,6,5,20160906_flight01
2016-09-06 13:55:00,54.89591635,8.14897425,98.244,-2.259,2.8930000000000002,1013.6519999999999,18.159000000000002,1.189448,7.188,1.321,-0.06899999999999999,100,2.7,2.9,1013.6519999999999,0.019135588685728955,290.18147388563506,7.308377726965129,190.41353371845622,True,45.08649516219262,-13.160743206855074,6,5,20160906_flight01
2016-09-06 13:55:01,54.896016470000006,8.1479766,98.181,-1.061,2.665,1013.675,18.249000000000002,1.189412,7.34,0.914,-0.23800000000000002,100,2.3,2.8,1013.675,0.01887477838565732,290.2692418762334,7.396688177826614,187.09811421742523,True,45.07792504288967,-13.095786207293965,6,5,20160906_flight01
2016-09-06 13:55:02,54.89611452,8.14697744,97.94200000000001,0.731,2.713,1013.688,18.145,1.189616,7.295,1.2770000000000001,0.051000000000000004,100,1.4,2.8,1013.688,0.019076829662477923,290.1645808126943,7.405926950760452,189.92910325603566,True,45.069105851164565,-13.030804473813909,6,5,20160906_flight01
2016-09-06 13:55:03,54.8962135,8.14597707,97.564,1.817,2.819,1013.7330000000001,18.14,1.189681,7.709,1.145,0.003999999999999998,100,2.2,2.9,1013.7330000000001,0.019083879927073832,290.1559163927436,7.793568245675404,188.44824723950808,True,45.060362198500215,-12.965717175628779,6,5,20160906_flight01
2016-09-06 13:55:04,54.89631371,8.144976400000001,97.26799999999999,2.345,2.8109999999999995,1013.7769999999999,18.198,1.189809,7.315,0.9390000000000001,-0.046,100,2.4,2.9,1013.7769999999999,0.018815613333989623,290.2100881061164,7.375021762679755,187.31484845611755,True,45.05174349127639,-12.900570601342881,6,5,20160906_flight01
2016-09-06 13:55:05,54.89641594,8.14397441,96.99799999999999,2.67,2.77,1013.7959999999999,18.180999999999997,1.1900359999999999,7.184,1.046,-0.063,100,3.1,2.9,1013.7959999999999,0.01869980509307423,290.19159904165474,7.259750133441233,188.2841288965218,True,45.043314048230165,-12.835275562699316,6,5,20160906_flight01
2016-09-06 13:55:06,54.89652182,8.14297196,96.68700000000001,3.463,2.8289999999999997,1013.8209999999999,18.173,1.18993,7.797999999999999,0.843,0.204,100,3.6,2.9,1013.8209999999999,0.018843652547051448,290.18158378389217,7.843433750596736,186.1699788080406,True,45.035263662995064,-12.7698312064818,6,5,20160906_flight01
2016-09-06 13:55:07,54.89663299,8.14196922,96.353,3.287,2.819,1013.886,18.238,1.1899039999999999,7.718999999999999,1.113,-0.17600000000000002,100,3.5,2.9,1013.886,0.018703944974616915,290.2410072082459,7.798828758217479,188.20490911767234,True,45.02776990538252,-12.704193715910357,6,5,20160906_flight01
2016-09-06 13:55:08,54.89674832,8.14096595,96.21300000000001,2.7490000000000006,2.8029999999999995,1013.903,18.226,1.189887,7.638999999999999,1.006,-0.24400000000000002,100,3.1,2.9,1013.903,0.018777535801608458,290.22766269136355,7.704956651403043,187.50226022653996,True,45.02070805956225,-12.638385690425412,6,5,20160906_flight01
2016-09-06 13:55:09,54.89686694,8.13996231,96.2,2.695,2.8569999999999998,1013.9019999999999,18.197,1.189952,7.55,1.199,-0.08800000000000001,100,2.8,2.9,1013.9019999999999,0.018822282389158618,290.1988588416209,7.644612547408796,189.02366978565516,True,45.01398874442471,-12.572445832097003,6,5,20160906_flight01
2016-09-06 13:55:10,54.89698905,8.13895874,96.2,2.2319999999999998,2.9,1013.9069999999999,18.249000000000002,1.189915,7.039,1.541,-0.151,100,2.6,2.9,1013.9069999999999,0.01867717188363649,290.25024455374887,7.20570621105246,192.34855424458408,True,45.00764168823262,-12.506394702327356,6,5,20160906_flight01
2016-09-06 13:55:11,54.89711406000001,8.13795567,96.28299999999999,2.447,2.95,1013.887,18.236,1.189773,7.385,1.625,-0.125,100,2.7,3.0,1013.887,0.01882410717626737,290.23893320942216,7.561669789140491,192.40963857697716,True,45.00161246688735,-12.440278411192505,6,5,20160906_flight01
2016-09-06 13:55:12,54.89724298,8.136953459999999,96.382,2.6490000000000005,2.9,1013.883,18.121000000000002,1.1898309999999999,7.666,1.44,0.137,100,2.7,2.9,1013.883,0.019172656148934708,290.1247132742361,7.800074102212107,190.6386070674526,True,44.99601535354249,-12.374085748236489,6,5,20160906_flight01
2016-09-06 13:55:13,54.897375499999995,8.13595191,96.251,2.238,2.9,1013.8989999999999,18.221,1.1898559999999998,6.99,1.2229999999999999,0.266,100,2.5,2.9,1013.8989999999999,0.01881754212738662,290.22300985965836,7.096184115424289,189.9242571813929,True,44.99081355075777,-12.307814624139212,6,5,20160906_flight01
2016-09-06 13:55:14,54.89751021,8.13495054,95.992,1.899,2.8109999999999995,1013.915,18.169,1.189973,7.349,1.245,0.157,100,2.1,2.9,1013.915,0.01891528881212401,290.16990512982113,7.453712229486727,189.61523190744043,True,44.985847963372635,-12.241482083914416,6,5,20160906_flight01
2016-09-06 13:55:15,54.89764818,8.1339495,95.65100000000001,1.9709999999999999,2.648,1013.9730000000001,18.180999999999997,1.1901249999999999,7.502999999999999,0.983,0.015,100,2.1,2.7,1013.9730000000001,0.018801467483848366,290.17711049543334,7.567119531235118,187.46405178737,True,44.98123519748536,-12.175061954714014,6,5,20160906_flight01
2016-09-06 13:55:16,54.89778930000001,8.132948149999999,95.274,1.395,2.736,1014.002,18.2,1.190307,7.524,1.318,0.109,100,1.7,2.8,1014.002,0.01860839310300011,290.1936615668638,7.638566619464676,189.9358506484272,True,44.976951238686226,-12.108518336937276,6,5,20160906_flight01
2016-09-06 13:55:17,54.897932090000005,8.13194648,94.961,0.715,2.818,1014.0269999999999,18.21,1.190209,7.25,1.4280000000000002,-0.043,100,1.1,2.9,1014.0269999999999,0.018682415191908275,290.2015756067692,7.389295230263844,191.142659321509,True,44.972838602630105,-12.041899633574122,6,5,20160906_flight01
2016-09-06 13:55:18,54.89807544,8.13094445,94.87,-0.20600000000000002,2.832,1014.039,18.253,1.190085,6.973,1.265,-0.23,100,0.3,2.9,1014.039,0.01865027615563042,290.2434223101133,7.086815504865355,190.28242943199757,True,44.96877855024241,-11.975240138820752,6,5,20160906_flight01
2016-09-06 13:55:19,54.89821829,8.12994208,94.962,-0.6609999999999999,2.9,1014.0260000000001,18.207,1.189906,7.022,1.361,0.008000000000000002,100,1.0,2.9,1014.0260000000001,0.01895130130848055,290.1986693832889,7.152678169748727,190.96903045765558,True,44.964658811717555,-11.908576197923917,6,5,20160906_flight01
2016-09-06 13:55:20,54.89836069,8.12893983,94.945,-1.295,2.95,1014.029,18.235,1.189837,6.896,1.587,-0.009,100,1.8,3.0,1014.029,0.01891548634933371,290.22631249580735,7.076255012363531,192.96002412558784,True,44.9604935587011,-11.84193457633561,6,5,20160906_flight01
2016-09-06 13:55:21,54.89850115,8.12793745,95.056,-2.161,2.9,1014.0139999999999,18.199,1.189741,6.892,1.695,-0.153,100,2.4,2.9,1014.0139999999999,0.01910853767089349,290.1916833546127,7.097371978415673,193.81695303387656,True,44.95611962264259,-11.775349179625373,6,5,20160906_flight01
2016-09-06 13:55:22,54.89863832,8.12693468,95.2,-2.804,2.9,1014.005,18.107,1.189667,6.986000000000001,1.01,0.114,100,3.4,2.9,1014.005,0.019484808025026723,290.1007852052263,7.058632728793871,188.22652888355174,True,44.951388521381396,-11.70884865839679,6,5,20160906_flight01
2016-09-06 13:55:23,54.89877134,8.12593098,95.178,-3.8,2.8259999999999996,1014.0,18.285,1.189699,6.816,1.0510000000000002,-0.045,100,4.0,2.9,1014.0,0.018829707711234045,290.27848795716534,6.896553994568592,188.76574300443326,True,44.946198457426426,-11.642428133296349,6,5,20160906_flight01
2016-09-06 13:55:24,54.898898419999995,8.12492574,95.156,-4.362,2.737,1014.0060000000001,18.230999999999998,1.189737,6.872000000000001,1.2309999999999999,-0.102,100,4.5,2.8,1014.0060000000001,0.018992003906399102,290.2242110996894,6.9813856074564455,190.15583402843947,True,44.94034744661404,-11.576109203592338,6,5,20160906_flight01
2016-09-06 13:55:28,54.899339659999995,8.1208898,94.024,-4.025,2.773,1014.14,18.192999999999998,1.190305,7.437,1.205,-0.137,100,4.2,2.9,1014.14,0.01877320888066114,290.175395400899,7.533989248731379,189.20351963098392,True,44.909525805479504,-11.312129767317114,6,5,20160906_flight01
2016-09-06 13:55:29,54.899431299999996,8.11987775,94.113,-3.918,2.968,1014.1240000000001,18.279,1.190021,7.149,0.87,-0.23,100,4.2,3.0,1014.1240000000001,0.018699558910036274,290.26236047035184,7.201742914045183,186.93851116339772,True,44.89977716112734,-11.246563925536503,6,5,20160906_flight01
2016-09-06 13:55:30,54.89951605,8.11886501,94.322,-2.455,3.0,1014.107,18.227999999999998,1.1898939999999998,7.053,0.846,-0.007000000000000002,100,3.1,3.0,1014.107,0.018969527832670474,290.2129560040662,7.103557207484148,186.8398904127082,True,44.88928297315413,-11.181183663339443,6,5,20160906_flight01
2016-09-06 13:55:31,54.89959657,8.11785224,94.4,-1.579,3.06,1014.097,18.133000000000003,1.190022,7.477,1.3840000000000001,0.321,100,2.1,3.1,1014.097,0.019182170611736993,290.11915405281485,7.60401111256421,190.48681210373735,True,44.87833865058052,-11.11594165444858,6,5,20160906_flight01
2016-09-06 13:55:32,54.899674770000004,8.116839989999999,94.4,-0.684,3.085,1014.086,18.160999999999998,1.190005,7.365,1.274,0.139,100,1.0,3.1,1014.086,0.01908771369704665,290.1479422964086,7.474376295049641,189.81392615445392,True,44.86715777560224,-11.050808617771835,6,5,20160906_flight01
2016-09-06 13:55:33,54.899751079999994,8.11582815,94.425,-0.307,3.05,1014.0880000000001,18.183,1.190168,7.462999999999999,1.272,-0.07600000000000001,100,0.6,3.1,1014.0880000000001,0.018873207684068527,290.1696907900492,7.570624346776162,189.67259242011687,True,44.85578392970256,-10.985763514305777,6,5,20160906_flight01
2016-09-06 13:55:34,54.89982614,8.114816580000001,94.574,0.556,2.9339999999999997,1014.0740000000001,18.207,1.190027,7.034,1.207,-0.053000000000000005,100,1.0,3.0,1014.0740000000001,0.01889592424597497,290.19474076007714,7.136806358589253,189.7368478107672,True,44.844282435120604,-10.920776495803857,6,5,20160906_flight01
2016-09-06 13:55:35,54.89990061,8.11380505,94.734,1.886,2.9789999999999996,1014.054,18.167,1.1900309999999998,7.06,1.127,-0.075,100,3.3,3.0,1014.054,0.01901230323371439,290.1565369975906,7.149386617046248,189.06970199867376,True,44.83271900661901,-10.855811490837329,6,5,20160906_flight01
2016-09-06 13:55:36,54.89997716,8.11279366,94.8,3.935,2.8309999999999995,1014.046,18.191,1.190008,6.995,1.4769999999999999,0.08800000000000001,100,4.4,2.9,1014.046,0.018940014180272913,290.18109612802584,7.149234504476685,191.92291671232329,True,44.821379332671874,-10.790786241745217,6,5,20160906_flight01
2016-09-06 13:55:37,54.90005867,8.11178261,94.71600000000001,4.745,2.889,1014.065,18.169,1.1900659999999998,6.787999999999999,1.25,0.062,100,4.9,2.9,1014.065,0.018986391683994963,290.1576288493601,6.902133293410088,190.43403795668445,True,44.810573345777755,-10.725617713805292,6,5,20160906_flight01
2016-09-06 13:55:38,54.900146590000006,8.11077174,94.573,4.935,2.9,1014.085,18.256,1.190024,7.251,1.234,0.10400000000000001,100,5.0,2.9,1014.085,0.018738215248657708,290.24264486578244,7.355253700587085,189.65825917925258,True,44.80045206842125,-10.660247994073863,6,5,20160906_flight01
2016-09-06 13:55:39,54.90024208,8.10976152,94.5,4.598,2.9619999999999997,1014.085,18.189,1.1900979999999999,7.186,1.364,0.22699999999999998,100,4.8,3.1,1014.085,0.018909137710649615,290.1759123441254,7.3143073492983595,190.7476548393962,True,44.79114783364473,-10.594667700226161,6,5,20160906_flight01
2016-09-06 13:55:40,54.90034444,8.108752070000001,94.5,4.534000000000001,3.043,1014.092,18.234,1.190019,6.922000000000001,0.929,-0.0020000000000000013,100,4.7,3.1,1014.092,0.01882644510806286,290.22015974515546,6.98406221335406,187.6439764494258,True,44.78258855740179,-10.528907432118789,6,5,20160906_flight01
2016-09-06 13:55:41,54.90045312,8.1077434,94.49799999999999,4.296,2.865,1014.094,18.183999999999997,1.190113,7.23,1.4240000000000002,0.133,100,4.4,3.0,1014.094,0.01892282513155852,290.17019578338784,7.368899239370831,191.14219633357584,True,44.77471597922391,-10.462986024818878,6,5,20160906_flight01
2016-09-06 13:55:42,54.90056857,8.10673587,94.34100000000001,4.046,2.7439999999999998,1014.1,18.262999999999998,1.189972,7.274,1.338,0.11,100,4.4,2.8,1014.1,0.018773329643870795,290.2483890557421,7.396034072393123,190.42263905305043,True,44.76758485645526,-10.396910816300053,6,5,20160906_flight01
2016-09-06 13:55:43,54.90068968,8.105728840000001,94.103,3.072,2.7,1014.122,18.214000000000002,1.189997,7.141,1.266,-0.078,100,3.6,2.7,1014.122,0.018945359538439455,290.1977843577481,7.252353893736847,190.05328736955093,True,44.761064896453675,-10.330679029157125,6,5,20160906_flight01
2016-09-06 13:55:44,54.90081477,8.10472192,93.917,2.336,2.72,1014.1410000000001,18.12,1.190138,7.477,1.675,0.08199999999999999,100,2.6,2.8,1014.1410000000001,0.01917253541758246,290.10260614781987,7.66232040572567,192.6269459895368,True,44.75497004196878,-10.264322212137223,6,5,20160906_flight01
2016-09-06 13:55:45,54.90094374,8.103715620000001,93.735,2.251,2.7,1014.1740000000001,18.262,1.1899469999999999,7.447,1.416,0.014000000000000002,100,2.4,2.7,1014.1740000000001,0.018872572296273926,290.2413359496946,7.5804264391919265,190.76591241833722,True,44.749299485712065,-10.197875188321113,6,5,20160906_flight01
2016-09-06 13:55:46,54.90107577,8.10270952,93.55,1.564,2.77,1014.196,18.291,1.189943,6.791,1.379,-0.122,100,2.0,2.8,1014.196,0.018796713214042526,290.2684186207351,6.92959753521083,191.47857298633213,True,44.74395799203341,-10.131339167788092,6,5,20160906_flight01
2016-09-06 13:55:47,54.901209,8.10170327,93.54299999999999,0.528,2.6660000000000004,1014.198,18.146,1.190102,6.522,1.527,-0.16,100,0.9,2.8,1014.198,0.019169673993385317,290.12383838471317,6.698373907150899,193.1773379507717,True,44.73874114384172,-10.064754132720246,6,5,20160906_flight01
2016-09-06 13:55:48,54.9013433,8.10069441,93.51,0.361,2.6830000000000003,1014.2,18.205,1.1900789999999999,7.345,1.6469999999999998,-0.1,100,0.7,2.7,1014.2,0.018984992368964893,290.18243731086085,7.527392244330038,192.6386123078625,True,44.733587755335144,-9.997972395437056,6,5,20160906_flight01
2016-09-06 13:55:49,54.90147933,8.0996879,93.43,0.43799999999999994,2.708,1014.201,18.112000000000002,1.190232,7.818,1.6230000000000002,0.086,100,0.7,2.8,1014.201,0.019180330695126813,290.08972978677815,7.984688660179557,191.72789589272566,True,44.72866347964621,-9.931278553861869,6,5,20160906_flight01
2016-09-06 13:55:50,54.90161583,8.09868211,93.281,-0.602,2.9019999999999997,1014.2090000000001,18.185,1.190275,7.269,1.6019999999999999,0.079,100,1.0,3.0,1014.2090000000001,0.01889618120022818,290.16178138423055,7.443437713852384,192.42861847004326,True,44.72380301900802,-9.864613630776876,6,5,20160906_flight01
2016-09-06 13:55:51,54.90174997,8.09767603,93.20200000000001,-1.032,2.983,1014.2090000000001,18.281000000000002,1.190227,7.194,1.6130000000000002,-0.012999999999999998,100,1.1,3.0,1014.2090000000001,0.01860162456758241,290.2573947880883,7.372611816717329,192.6375458172459,True,44.71868615751811,-9.798008958131831,6,5,20160906_flight01
2016-09-06 13:55:52,54.90188231,8.09666994,93.34700000000001,-0.924,2.713,1014.2080000000001,18.302,1.190003,6.888999999999999,1.344,-0.457,100,1.1,2.9,1014.2080000000001,0.018718949263202944,290.2783920767318,7.018878614137731,191.03937686288623,True,44.713377802651294,-9.731463287578205,6,5,20160906_flight01
2016-09-06 13:55:53,54.90201335,8.09566321,93.5,-0.10400000000000001,2.667,1014.196,18.212,1.19007,7.322,1.386,-0.10700000000000001,100,0.4,2.8,1014.196,0.018964198321689274,290.18973646870074,7.452025228083974,190.71884002332217,True,44.70791896227657,-9.664921132836902,6,5,20160906_flight01
2016-09-06 13:55:54,54.90214465,8.09465642,93.37700000000001,-0.262,2.767,1014.198,18.187,1.190145,7.755,1.527,0.182,100,0.5,2.8,1014.198,0.018989428270834496,290.1646734026117,7.903907514641097,191.13933366445332,True,44.70248659888534,-9.5983666591647,6,5,20160906_flight01
2016-09-06 13:55:55,54.90227551,8.09364955,93.14399999999999,-0.7040000000000001,2.6790000000000003,1014.215,18.21,1.190151,7.565,1.391,0.13,100,0.8,2.8,1014.215,0.018920931274988506,290.1861897260664,7.691820720739662,190.4187756219212,True,44.69700593259695,-9.531821816378041,6,5,20160906_flight01
2016-09-06 13:55:56,54.90240452,8.092641989999999,92.79799999999999,-0.815,2.721,1014.27,18.224,1.190267,7.087999999999999,1.2590000000000001,0.24600000000000002,100,1.0,2.8,1014.27,0.018827924770515647,290.1956326125512,7.19894610342375,190.07206540355236,True,44.69131536497461,-9.465295617311174,6,5,20160906_flight01
2016-09-06 13:55:57,54.90253153,8.09163379,92.4,-0.909,2.5340000000000003,1014.3029999999999,18.212,1.19032,7.112,1.206,0.035,100,1.1,2.8,1014.3029999999999,0.01885766823909174,290.18098097771434,7.213527569781653,189.62424065795892,True,44.68539991708271,-9.398796119593243,6,5,20160906_flight01
2016-09-06 13:55:58,54.902656969999995,8.09062463,91.963,-0.574,2.393,1014.3589999999999,18.271,1.1902949999999999,6.569,1.403,-0.17,100,0.6,2.6,1014.3589999999999,0.018729030339263986,290.2351590572572,6.717154903677598,192.05603365511132,True,44.67929912665703,-9.332289309159613,6,5,20160906_flight01
2016-09-06 13:55:59,54.90278088,8.08961408,91.64,-0.6809999999999999,2.745,1014.395,18.213,1.1903,6.959,1.239,-0.16699999999999998,100,0.7,2.8,1014.395,0.018963705011999066,290.17444976236413,7.06843702667004,190.09531799792705,True,44.67300896477054,-9.26574729314095,6,5,20160906_flight01
2016-09-06 13:56:00,54.90290398,8.08860306,91.616,-0.439,2.862,1014.3969999999999,18.243,1.1902119999999998,7.077000000000001,1.03,-0.305,100,0.7,3.0,1014.3969999999999,0.018936138593953933,290.2041637430173,7.151561298066318,188.28079390638507,True,44.66662366721986,-9.199203066679647,6,5,20160906_flight01
2016-09-06 13:56:01,54.90302627,8.0875918,91.781,-1.37,3.034,1014.3759999999999,18.28,1.1901899999999999,7.111000000000001,1.036,-0.16699999999999998,100,1.8,3.1,1014.3759999999999,0.018804514692386087,290.24273125892444,7.1860710405617345,188.28909088418177,True,44.66014766287438,-9.132670840555779,6,5,20160906_flight01
2016-09-06 13:56:02,54.90314592,8.0865804,92.069,-1.617,2.9760000000000004,1014.318,18.243,1.1900979999999999,7.192,1.1159999999999999,-0.14400000000000002,100,1.8,3.1,1014.318,0.0189543818216511,290.21062788007356,7.278071173051278,188.82037955202105,True,44.65338838816421,-9.066217406987082,6,5,20160906_flight01
2016-09-06 13:56:03,54.90326317,8.085569060000001,92.295,-0.716,2.8110000000000004,1014.299,18.215999999999998,1.190164,7.574,1.485,0.141,100,1.1,2.9,1014.299,0.018973206778347684,290.18529205514113,7.718205814825101,191.0930088211889,True,44.646375201054305,-8.999847173847161,6,5,20160906_flight01
2016-09-06 13:56:04,54.903379349999994,8.08455803,92.23899999999999,-0.998,2.909,1014.3009999999999,18.189,1.190211,7.372000000000001,1.276,0.233,100,1.5,3.0,1014.3009999999999,0.019029408242285495,290.15823783711045,7.481614798958846,189.81988110194197,True,44.63925426557881,-8.933531535117229,6,5,20160906_flight01
2016-09-06 13:56:05,54.90349328,8.08354686,92.1,-1.53,2.947,1014.304,18.2,1.190175,7.237,1.063,-0.027000000000000003,100,1.6,3.0,1014.304,0.019024770550982506,290.16894780097425,7.3146522815510515,188.35608507740056,True,44.63189150825024,-8.86728177128596,6,5,20160906_flight01
2016-09-06 13:56:06,54.903604720000004,8.08253549,92.1,-0.7140000000000001,2.824,1014.315,18.164,1.190243,7.601,1.087,0.07,100,1.4,2.9,1014.315,0.019103526226132317,290.13219385454465,7.678331198899928,188.13854465409312,True,44.62426026693471,-8.801102124520394,6,5,20160906_flight01
2016-09-06 13:56:07,54.90371513,8.0815239,92.01899999999999,-0.816,2.657,1014.322,18.211,1.190277,7.489,1.3159999999999998,-0.054000000000000006,100,0.9,2.8,1014.322,0.01891705862739812,290.1784304473228,7.603747562879767,189.96651205318895,True,44.61651532273116,-8.73494300069574,6,5,20160906_flight01
2016-09-06 13:56:08,54.90382347,8.08051176,91.9,-0.72,2.8689999999999998,1014.335,18.285,1.190186,7.104,1.3259999999999998,-0.14,100,0.8,2.9,1014.335,0.018749281120031602,290.2510661865767,7.2266930196321475,190.57289991997004,True,44.60853979181638,-8.668818457513893,6,5,20160906_flight01
2016-09-06 13:56:09,54.903929690000005,8.07949926,91.992,0.09699999999999999,2.9419999999999997,1014.315,18.302,1.1899749999999998,6.819,0.992,-0.16399999999999998,100,0.6,3.0,1014.315,0.018850398063153806,290.2696340144818,6.890778257932844,188.27708966513254,True,44.60033201890989,-8.602741890424866,6,5,20160906_flight01
2016-09-06 13:56:10,54.904035640000004,8.07848688,92.1,1.22,2.728,1014.305,18.23,1.1899629999999999,7.471,0.905,0.001,100,1.6,2.8,1014.305,0.019102385686172063,290.19874436291667,7.525613994884404,186.90687547706062,True,44.59209786159358,-8.536681680649078,6,5,20160906_flight01
2016-09-06 13:56:11,54.90414379,8.07747446,91.956,1.4709999999999999,2.793,1014.32,18.111,1.190186,7.376,1.2930000000000001,0.177,100,1.7,2.9,1014.32,0.019342810035642755,290.07899990757727,7.488472808256701,189.94282616328542,True,44.584096746149314,-8.47054613060369,6,5,20160906_flight01
2016-09-06 13:56:12,54.90425338,8.076462189999999,91.744,1.11,2.798,1014.3559999999999,18.153,1.19034,7.282,1.262,0.09,100,1.2,2.9,1014.3559999999999,0.019100151535803134,290.1178846167966,7.390545852641738,189.83193437982447,True,44.576251559751704,-8.404372152497292,6,5,20160906_flight01
2016-09-06 13:56:13,54.904363780000004,8.075450009999999,91.604,1.1640000000000001,2.795,1014.385,18.186,1.190362,7.182,1.44,-0.10800000000000001,100,1.3,2.8,1014.385,0.01899501591349617,290.1483779542605,7.3249384980353245,191.33754489574423,True,44.56849419175754,-8.338176906152867,6,5,20160906_flight01
2016-09-06 13:56:14,54.90447585,8.07443814,91.6,0.973,2.9,1014.3919999999999,18.165,1.190442,7.6129999999999995,1.357,0.066,100,1.0,3.0,1014.3919999999999,0.01900702060047732,290.1268909642864,7.73299540928352,190.10669744930135,True,44.560920277753205,-8.271945499403515,6,5,20160906_flight01
2016-09-06 13:56:15,54.90458966999999,8.073426809999999,91.62,0.9760000000000001,3.023,1014.375,18.206,1.190424,7.358,1.3419999999999999,0.136,100,1.1,3.1,1014.375,0.018861955286751053,290.16911454285065,7.479380188224154,190.3363645572087,True,44.55354274886656,-8.205689493253573,6,5,20160906_flight01
2016-09-06 13:56:16,54.90470439,8.07241616,91.7,0.835,2.93,1014.3609999999999,18.215,1.19038,7.324,1.345,0.06,100,0.9,3.0,1014.3609999999999,0.018854080572050513,290.1792232978571,7.446475743598444,190.40601242878859,True,44.54627396443399,-8.1394456916093,6,5,20160906_flight01
2016-09-06 13:56:17,54.904819829999994,8.07140592,91.7,0.8,2.77,1014.3639999999999,18.283,1.190348,6.992000000000001,1.4669999999999999,-0.012,100,0.8,2.8,1014.3639999999999,0.018646747588272783,290.2467010505598,7.144239147732949,191.84941888767173,True,44.53908959526561,-8.073203374245836,6,5,20160906_flight01
2016-09-06 13:56:18,54.90493592,8.07039577,91.7,1.107,2.7,1014.3559999999999,18.361,1.189997,6.985,0.7829999999999999,-0.29600000000000004,100,1.6,2.7,1014.3559999999999,0.018666531231580574,290.325038405121,7.028749106348868,186.39600398205596,True,44.53197603998439,-8.006945088195199,6,5,20160906_flight01
2016-09-06 13:56:19,54.90505358,8.06938512,91.759,1.795,2.759,1014.368,18.281,1.1899799999999998,7.111000000000001,0.8140000000000001,-0.193,100,2.0,2.8,1014.368,0.01897277394406771,290.24438185446996,7.157437879576742,186.53025465629509,True,44.52501971355309,-7.94060390729699,6,5,20160906_flight01
2016-09-06 13:56:20,54.90517371,8.0683743,91.8,1.127,2.8680000000000003,1014.3430000000001,18.261,1.189943,7.081,0.9540000000000001,-0.153,100,1.5,2.9,1014.3430000000001,0.019049277710399437,290.22650903291037,7.144975647264308,187.67307043842777,True,44.518322620843406,-7.874170410956089,6,5,20160906_flight01
2016-09-06 13:56:21,54.90529554,8.06736361,91.8,1.0710000000000002,2.9,1014.337,18.121000000000002,1.190132,7.511,1.096,0.23199999999999998,100,1.2,2.9,1014.337,0.01937114720908717,290.08756883984825,7.590542602475794,188.30196889477088,True,44.51180870440095,-7.80768863906349,6,5,20160906_flight01
2016-09-06 13:56:22,54.9054189,8.06635337,91.662,0.509,2.987,1014.36,18.178,1.190218,7.225,1.125,0.275,100,1.1,3.0,1014.36,0.019121168398592125,290.1424556838005,7.312061952691593,188.8504175300239,True,44.5054660588303,-7.741183993913144,6,5,20160906_flight01
2016-09-06 13:56:23,54.90554217,8.065343259999999,91.52799999999999,-0.392,3.0,1014.387,18.278,1.1902139999999999,6.957000000000001,0.97,0.14300000000000002,100,0.7,3.0,1014.387,0.018802010613574893,290.23983925637054,7.0242970466801875,187.93745987851264,True,44.49911635149111,-7.674690361940839,6,5,20160906_flight01
2016-09-06 13:56:24,54.90566445,8.0643332,91.55199999999999,-0.904,3.073,1014.375,18.195999999999998,1.1903299999999999,6.74,1.281,-0.127,100,1.1,3.1,1014.375,0.018977388126626638,290.1591552794566,6.8606531030216065,190.7612489202482,True,44.49266239150084,-7.608232610241777,6,5,20160906_flight01
2016-09-06 13:56:25,54.90578554,8.06332333,91.808,-1.4069999999999998,3.148,1014.328,18.17,1.190166,7.521,1.1860000000000002,-0.113,100,1.6,3.2,1014.328,0.019161530249256487,290.137106012862,7.613937023642893,188.96128145840567,True,44.48608561904315,-7.541826013295881,6,5,20160906_flight01
2016-09-06 13:56:26,54.905904979999995,8.06231379,92.163,-1.9380000000000002,3.028,1014.2959999999999,18.334,1.190111,6.745,1.0290000000000001,-0.406,100,2.5,3.1,1014.2959999999999,0.01860304848400629,290.3030594504108,6.823039352077635,188.6740182550746,True,44.479339841966016,-7.47549445735286,6,5,20160906_flight01
2016-09-06 13:56:27,54.906019900000004,8.061303689999999,92.6,-2.302,2.867,1014.2339999999999,18.26,1.189987,6.667000000000001,0.8640000000000001,-0.039,100,2.5,3.0,1014.2339999999999,0.018905592939732818,290.2344332708811,6.722751296902185,187.38400842219284,True,44.47210290395111,-7.409278013570769,6,5,20160906_flight01
2016-09-06 13:56:28,54.906131509999994,8.06029324,92.7,-1.245,2.963,1014.2080000000001,18.137999999999998,1.190046,7.457999999999999,1.066,0.134,100,1.7,3.0,1014.2080000000001,0.019255674860258365,290.1150524657475,7.533798510711578,188.13440448506194,True,44.46450744540508,-7.343149579154853,6,5,20160906_flight01
2016-09-06 13:56:29,54.906242199999994,8.059283,92.675,-1.6230000000000002,2.8160000000000003,1014.221,18.185,1.1900709999999999,7.276,0.8490000000000001,-0.028000000000000004,100,1.8,3.0,1014.221,0.019082896220959933,290.16079950805164,7.325365315122516,186.65546089488458,True,44.4568182546356,-7.277064592218786,6,5,20160906_flight01
2016-09-06 13:56:30,54.90634962,8.05827189,92.55199999999999,-1.495,2.6069999999999998,1014.2560000000001,18.243,1.190166,7.245,1.004,-0.064,100,1.8,2.7,1014.2560000000001,0.018833884138694135,290.2157014537636,7.314235503454889,187.8897049915646,True,44.44876478137421,-7.211034161038847,6,5,20160906_flight01
2016-09-06 13:56:31,54.906454169999996,8.05725984,92.333,-1.064,2.6990000000000003,1014.29,18.192,1.1902169999999999,7.345,1.0590000000000002,-0.01,100,1.2,2.7,1014.29,0.01900272703320094,290.16212566139455,7.420950478206953,188.20435075957528,True,44.44038818899563,-7.1450407117173755,6,5,20160906_flight01
2016-09-06 13:56:32,54.906557279999994,8.05624712,92.073,-0.31,2.6460000000000004,1014.3,18.213,1.190286,6.644,1.3530000000000002,0.065,100,0.6,2.7,1014.3,0.018880260949652117,290.1822223899858,6.78036466570936,191.51045776875816,True,44.43184565447851,-7.0790535617353685,6,5,20160906_flight01
2016-09-06 13:56:33,54.906658500000006,8.05523363,91.91300000000001,-0.759,2.7,1014.317,18.348,1.190002,6.007000000000001,0.993,-0.465,100,0.9,2.7,1014.317,0.018668513316704827,290.3152836845056,6.088521823891248,189.3865157666067,True,44.423087427025116,-7.013081437480076,6,5,20160906_flight01
2016-09-06 13:56:34,54.90675774,8.054219269999999,92.0,0.28400000000000003,2.758,1014.303,18.173,1.190011,7.261,1.035,-0.054000000000000006,100,1.3,2.8,1014.303,0.019258658270545626,290.14213906195965,7.334394726219744,188.1124259737016,True,44.41410201599673,-6.947121141349695,6,5,20160906_flight01
2016-09-06 13:56:35,54.90685925,8.0532051,92.0,1.075,2.977,1014.312,18.160999999999998,1.190141,7.197,1.232,-0.016,100,1.3,3.1,1014.312,0.01919834906096507,290.1294514431518,7.301686996852166,189.71387814119166,True,44.40536151518442,-6.881097397176743,6,5,20160906_flight01
2016-09-06 13:56:36,54.9069612,8.05219121,92.067,0.813,3.0,1014.302,18.213,1.1902949999999999,6.813,1.406,0.011000000000000001,100,0.9,3.0,1014.302,0.018874566058527442,290.182058746073,6.956565603801922,191.66044497860128,True,44.39667316846025,-6.815076379318296,6,5,20160906_flight01
2016-09-06 13:56:37,54.907063,8.05117781,92.258,0.926,2.93,1014.299,18.175,1.1902439999999999,6.961,1.6219999999999999,-0.17300000000000001,100,1.1,3.0,1014.299,0.019048115291921297,290.1444582002155,7.147475428429258,193.11658771937414,True,44.387978315415694,-6.74909060493028,6,5,20160906_flight01
2016-09-06 13:56:38,54.90716611,8.05016522,92.51799999999999,0.895,2.97,1014.28,18.101000000000003,1.1903679999999999,7.207000000000001,1.621,0.12200000000000001,100,1.0,3.1,1014.28,0.019181758856688713,290.0723121140484,7.3870488017881675,192.67603242609084,True,44.37943828417175,-6.6831114871286,6,5,20160906_flight01
2016-09-06 13:56:39,54.90727106,8.049153669999999,92.649,0.8370000000000001,3.022,1014.237,18.164,1.1902949999999999,7.52,1.405,0.317,100,0.9,3.1,1014.237,0.018980640197843845,290.1385750961,7.650125815958845,190.58284906319858,True,44.37111383106008,-6.617135681930024,6,5,20160906_flight01
2016-09-06 13:56:40,54.90737707,8.04814295,92.6,0.14400000000000002,2.958,1014.235,18.222,1.190209,6.867999999999999,1.169,0.079,100,0.7,3.1,1014.235,0.01884940762724807,290.19650473394796,6.966777231977494,189.65972057769113,True,44.362918015310875,-6.551176049586613,6,5,20160906_flight01
2016-09-06 13:56:41,54.90748213,8.04713224,92.6,-0.026000000000000002,2.7859999999999996,1014.25,18.215,1.190207,6.697,1.0510000000000002,-0.07400000000000001,100,0.1,2.8,1014.25,0.018890666057220784,290.1883055455564,6.778968210576002,188.9190200390738,True,44.35462142779996,-6.4852485011888215,6,5,20160906_flight01
2016-09-06 13:56:42,54.90758688,8.04612134,92.471,0.10700000000000001,2.693,1014.281,18.137,1.190458,6.88,1.432,0.07400000000000001,100,0.2,2.8,1014.281,0.01897976158110848,290.10808461991553,7.027447900909689,191.75764657699781,True,44.34628823540746,-6.41931948133102,6,5,20160906_flight01
2016-09-06 13:56:43,54.90769222,8.04511037,92.324,0.212,2.8,1014.2979999999999,18.215999999999998,1.190299,6.755,1.124,-0.026000000000000002,100,0.4,2.8,1014.2979999999999,0.018856633521071364,290.18537387819936,6.847875655997266,189.4471915228575,True,44.33801639925615,-6.353366594357712,6,5,20160906_flight01
2016-09-06 13:56:44,54.90779739,8.04409894,92.2,0.529,2.8,1014.2979999999999,18.225,1.190246,7.125,1.156,0.035,100,0.6,2.8,1014.2979999999999,0.01887052991430105,290.1943374098568,7.218168812101862,189.21568540571778,True,44.329717638068885,-6.287390916596636,6,5,20160906_flight01
2016-09-06 13:56:45,54.90790287,8.04308736,92.113,0.574,2.838,1014.303,18.230999999999998,1.190267,7.318,1.2819999999999998,0.006000000000000001,100,0.7,2.9,1014.303,0.01883659642698543,290.1999039623128,7.4294446629610205,189.9365008384139,True,44.321448934741866,-6.221395703054518,6,5,20160906_flight01
2016-09-06 13:56:46,54.908009119999996,8.04207577,92.1,0.58,2.9539999999999997,1014.307,18.195,1.19029,7.2410000000000005,1.288,0.07400000000000001,100,0.7,3.1,1014.307,0.018946817676696703,290.163722620285,7.354660087318789,190.0860523096997,True,44.31326187309319,-6.155374367562316,6,5,20160906_flight01
2016-09-06 13:56:47,54.90811589,8.04106443,92.12799999999999,-0.308,3.088,1014.3059999999999,18.215999999999998,1.190171,7.207999999999999,1.067,0.085,100,0.7,3.1,1014.3059999999999,0.018974245896328235,290.18471929663826,7.28654602675369,188.4203430338551,True,44.30513489011275,-6.089351255028894,6,5,20160906_flight01
2016-09-06 13:56:48,54.908222159999994,8.04005342,92.238,0.33299999999999996,2.833,1014.305,18.237000000000002,1.19028,7.263,1.122,-0.079,100,0.8,3.0,1014.305,0.018806498962518736,290.2057159848898,7.349153216527738,188.78172650460522,True,44.29696112247832,-6.023365092974056,6,5,20160906_flight01
2016-09-06 13:56:49,54.90832828,8.03904238,92.199,0.598,2.7880000000000003,1014.307,18.308,1.190165,6.858,1.3430000000000002,0.061,100,0.8,2.9,1014.307,0.018658741834382875,290.2762644543858,6.98826251653442,191.07999807372317,True,44.28877083543165,-5.957382045668209,6,5,20160906_flight01
2016-09-06 13:56:50,54.90843408,8.03803102,92.1,0.5169999999999999,2.7239999999999998,1014.31,18.362000000000002,1.189865,6.8389999999999995,0.917,-0.195,100,0.7,2.8,1014.31,0.01872984373862918,290.32979991878733,6.900203620183972,187.63689405307252,True,44.280540377447075,-5.89138982594424,6,5,20160906_flight01
2016-09-06 13:56:51,54.90854039,8.03701917,92.044,0.589,2.6390000000000002,1014.335,18.209,1.189989,7.0520000000000005,1.163,-0.009,100,0.7,2.7,1014.335,0.019183714032674937,290.17537493113315,7.147256326731259,189.3647975711235,True,44.27235468594652,-5.825350438759492,6,5,20160906_flight01
2016-09-06 13:56:52,54.90864771,8.03600705,91.9,0.40299999999999997,2.6990000000000003,1014.3489999999999,18.277,1.189946,7.093,1.178,-0.213,100,0.7,2.7,1014.3489999999999,0.018996788090154926,290.2419529865517,7.19015528344138,189.42957128586033,True,44.264271136354225,-5.759260915936843,6,5,20160906_flight01
2016-09-06 13:56:53,54.90875522,8.034994359999999,91.891,0.534,2.7,1014.355,18.163,1.1901819999999999,7.645,0.978,-0.064,100,1.1,2.7,1014.355,0.019199447524399726,290.12792573580555,7.7073023166345305,187.2900669807834,True,44.25619680373689,-5.693129881875342,6,5,20160906_flight01
2016-09-06 13:56:54,54.908863579999995,8.03398132,91.77799999999999,1.149,2.878,1014.3659999999999,18.156,1.1904579999999998,7.404,1.137,0.046,100,1.3,3.0,1014.3659999999999,0.018998688345359005,290.1200544145538,7.490793349172035,188.7304609653532,True,44.24820606803359,-5.626949068847666,6,5,20160906_flight01
2016-09-06 13:56:55,54.90897276,8.0329684,91.728,0.682,3.1319999999999997,1014.36,18.249000000000002,1.1904069999999998,6.949,1.5919999999999999,0.264,100,0.9,3.2,1014.36,0.018711091653176304,290.2131667529513,7.129029737629097,192.90365493141522,True,44.24030479119527,-5.560748509939642,6,5,20160906_flight01
2016-09-06 13:56:56,54.909082500000004,8.03195637,91.90100000000001,1.281,2.897,1014.3389999999999,18.267,1.190168,7.227,1.268,-0.166,100,1.5,3.1,1014.3389999999999,0.01883163251423836,290.2328119767443,7.337394155965727,189.95143629533388,True,44.232480167960375,-5.494584392144389,6,5,20160906_flight01
2016-09-06 13:56:57,54.909194420000006,8.03094507,92.0,0.9690000000000001,2.915,1014.317,18.135,1.190275,7.398,1.393,0.14300000000000002,100,1.3,3.0,1014.317,0.019179595729681198,290.10314790510125,7.528004582889147,190.663604146531,True,44.22490128811218,-5.428393171745394,6,5,20160906_flight01
2016-09-06 13:56:58,54.90930762,8.02993434,92.0,0.977,3.0,1014.323,18.222,1.190249,7.419,1.37,0.163,100,1.2,3.0,1014.323,0.018903565150618862,290.18930397851375,7.544432450489566,190.46243680566482,True,44.21746942029004,-5.3621947729581665,6,5,20160906_flight01
2016-09-06 13:56:59,54.90942177,8.02892407,92.05799999999999,2.294,2.9589999999999996,1014.3109999999999,18.296000000000003,1.1900659999999998,6.971,0.833,-0.28300000000000003,100,3.3,3.0,1014.3109999999999,0.01878944610723332,290.2639857314327,7.020593279773441,186.81425095921213,True,44.21014737452478,-5.295993329646254,6,5,20160906_flight01
2016-09-06 13:57:00,54.90953865,8.027914070000001,92.19800000000001,3.404,2.88,1014.304,18.233999999999998,1.190094,7.521,1.085,0.086,100,3.6,3.0,1014.304,0.018975214761184356,290.20280997439187,7.598859519691096,188.20901036062102,True,44.203120667438306,-5.229718144962024,6,5,20160906_flight01
2016-09-06 13:57:01,54.9096605,8.026904909999999,92.2,2.543,2.9,1014.3029999999999,18.188,1.190159,7.138999999999999,1.258,-0.059000000000000004,100,3.0,2.9,1014.3029999999999,0.019079438637141344,290.15707826032684,7.248991998891983,189.99378600481387,True,44.196638338160106,-5.1633302432091694,6,5,20160906_flight01
2016-09-06 13:57:02,54.90978556,8.025896249999999,92.2,1.597,2.805,1014.304,18.215999999999998,1.190218,6.9510000000000005,1.4340000000000002,0.045,100,2.0,2.9,1014.304,0.018931998940852512,290.1848829414061,7.097376768919627,191.65665723967598,True,44.190506789980375,-5.096866912210769,6,5,20160906_flight01
2016-09-06 13:57:03,54.90991298,8.024888220000001,92.124,1.193,2.807,1014.312,18.235,1.190239,7.135,1.331,0.024,100,1.4,2.9,1014.312,0.018855618102849414,290.2031513014023,7.258084182482317,190.5667980639369,True,44.18463818967447,-5.030364338013345,6,5,20160906_flight01
2016-09-06 13:57:04,54.910042350000005,8.02388045,92.044,0.354,2.775,1014.318,18.3,1.190108,6.973,0.924,-0.204,100,0.8,2.8,1014.318,0.018746540794924105,290.26739659376665,7.033953724613207,187.54835158833384,True,44.17898183846759,-4.963813239895406,6,5,20160906_flight01
2016-09-06 13:57:05,54.91017194,8.02287223,92.07600000000001,-0.17300000000000001,2.8059999999999996,1014.3109999999999,18.245,1.190118,6.816,1.116,0.038,100,0.3,2.9,1014.3109999999999,0.018923232893482966,290.21319257155983,6.906758429248847,189.2986671846151,True,44.17334020329437,-4.8972270511938385,6,5,20160906_flight01
2016-09-06 13:57:06,54.910301170000004,8.02186392,91.98700000000001,0.607,2.9,1014.315,18.183999999999997,1.1902199999999998,7.29,1.321,0.223,100,1.2,2.9,1014.315,0.019053257011941493,290.1521127183036,7.408720604800805,190.27095264912322,True,44.167658574923735,-4.830647225741793,6,5,20160906_flight01
2016-09-06 13:57:07,54.91043188,8.02085614,91.86,0.945,2.9,1014.342,18.182000000000002,1.19029,7.218999999999999,1.5019999999999998,0.344,100,1.2,2.9,1014.342,0.01902744743534135,290.147911951171,7.373599188998544,191.75339176343567,True,44.16214444398712,-4.764051126022546,6,5,20160906_flight01
2016-09-06 13:57:08,54.910563769999996,8.01984886,91.682,0.6859999999999999,2.964,1014.3809999999999,18.242,1.190211,7.586,1.2990000000000002,0.128,100,0.9,3.0,1014.3809999999999,0.018924419818144633,290.20447695839545,7.696414554843054,189.7168868501413,True,44.15676534933842,-4.697446835113966,6,5,20160906_flight01
2016-09-06 13:57:09,54.91069665,8.018841909999999,91.6,0.39,2.967,1014.39,18.222,1.190197,7.718,1.093,-0.030000000000000006,100,0.8,3.0,1014.39,0.019015386802974543,290.1838221238374,7.7950094932591325,188.06045640018954,True,44.15149782460233,-4.630830142612683,6,5,20160906_flight01
2016-09-06 13:57:10,54.910829889999995,8.01783506,91.675,-0.313,2.9139999999999997,1014.38,18.262999999999998,1.190246,7.474,1.1520000000000001,-0.126,100,0.7,3.0,1014.38,0.018820029010552686,290.2254732038921,7.5622602441333635,188.76229120896897,True,44.14627048562387,-4.564207704721615,6,5,20160906_flight01
2016-09-06 13:57:11,54.910962440000006,8.016828,91.831,-0.674,3.015,1014.3439999999999,18.237000000000002,1.190204,7.477,1.053,0.021,100,0.8,3.1,1014.3439999999999,0.018910730027593248,290.20252476082,7.550783932811215,188.01635226708163,True,44.14096577091794,-4.497595146084319,6,5,20160906_flight01
2016-09-06 13:57:12,54.911094000000006,8.01582091,91.939,-0.74,3.141,1014.314,18.323999999999998,1.1899749999999998,6.8020000000000005,0.7859999999999999,-0.127,100,1.3,3.2,1014.314,0.01877249243879975,290.2916266163437,6.847262226612911,186.59153604722832,True,44.13555526308282,-4.431013524840599,6,5,20160906_flight01
2016-09-06 13:57:13,54.91122371,8.01481369,92.21,-1.595,3.035,1014.294,18.304,1.1898229999999999,6.862,0.903,-0.098,100,1.7,3.1,1014.294,0.018952467454329325,290.2733446909712,6.9211598016517435,187.49672159816495,True,44.12994563724508,-4.3644851474779385,6,5,20160906_flight01
2016-09-06 13:57:14,54.91135129,8.01380636,92.439,-1.605,3.054,1014.281,18.27,1.189819,7.119,1.19,-0.17600000000000002,100,1.8,3.1,1014.281,0.019061713435494454,290.24054633380746,7.217773964318916,189.48972771271804,True,44.12410752061928,-4.298020523930883,6,5,20160906_flight01
2016-09-06 13:57:15,54.911477000000005,8.01279898,92.677,-1.985,3.016,1014.2260000000001,18.223,1.189812,7.0360000000000005,0.9710000000000001,-0.009,100,2.1,3.1,1014.2260000000001,0.019176821377902442,290.1982371883147,7.102685196459154,187.8574466399183,True,44.11806970090334,-4.231614749588547,6,5,20160906_flight01
2016-09-06 13:57:16,54.91159954,8.01179122,92.85700000000001,-1.726,2.938,1014.2,18.2,1.1898939999999998,7.297000000000001,1.0390000000000001,-0.1,100,2.1,3.1,1014.2,0.019160910133506626,290.17745743343795,7.370599025859432,188.10371802223386,True,44.11168766193078,-4.165290493924776,6,5,20160906_flight01
2016-09-06 13:57:17,54.91171938,8.01078314,92.95300000000002,-1.5530000000000002,2.95,1014.201,18.195,1.1901039999999998,6.922000000000001,1.475,0.23600000000000002,100,1.7,3.2,1014.201,0.018999566189575212,290.17239572868715,7.077408353345172,192.02916830020354,True,44.10501250983007,-4.099035896667108,6,5,20160906_flight01
2016-09-06 13:57:18,54.91183631,8.00977504,92.956,-1.595,3.1860000000000004,1014.1990000000001,18.209,1.190041,7.079,1.341,0.083,100,1.8,3.3,1014.1990000000001,0.01900253567333321,290.1865030441629,7.204895696677364,190.72663866843925,True,44.09802770295484,-4.032876449277855,6,5,20160906_flight01
2016-09-06 13:57:19,54.911951,8.00876731,93.09299999999999,-0.897,3.057,1014.1940000000001,18.198,1.190048,7.273,1.2229999999999999,0.109,100,1.2,3.1,1014.1940000000001,0.019029990701952215,290.17595645367066,7.375110711033428,189.54533915063007,True,44.09081195754134,-3.9668140564267533,6,5,20160906_flight01
2016-09-06 13:57:20,54.91206454,8.007759909999999,93.225,-1.5130000000000001,3.1490000000000005,1014.172,18.182000000000002,1.1901009999999999,6.949,1.609,0.098,100,1.9,3.2,1014.172,0.019018466849579863,290.1618209797879,7.132845294831509,193.0367619712129,True,44.083480346623446,-3.9008101434810536,6,5,20160906_flight01
2016-09-06 13:57:21,54.91217523,8.00675293,93.427,-2.0540000000000003,3.262,1014.122,18.184,1.190157,6.819,1.6380000000000001,0.19399999999999998,100,2.2,3.3,1014.122,0.018913287931890954,290.167904435964,7.012974048148189,193.50717317938353,True,44.075853930242346,-3.834926578913037,6,5,20160906_flight01
2016-09-06 13:57:22,54.91228263,8.0057466,93.727,-2.391,3.18,1014.1,18.267,1.189905,6.9670000000000005,1.355,-0.09300000000000001,100,2.7,3.3,1014.1,0.018816709224186656,290.2523730700319,7.097542814242123,191.00596213810422,True,44.06789037484379,-3.7691921472691954,6,5,20160906_flight01
2016-09-06 13:57:23,54.91238681,8.00474061,94.07,-2.7310000000000003,3.1,1014.071,18.209,1.189957,7.077999999999999,1.436,0.063,100,2.8,3.1,1014.071,0.01894585254040071,290.1969783154589,7.222200495693815,191.4686288995215,True,44.05959115056093,-3.7035853763348507,6,5,20160906_flight01
2016-09-06 13:57:24,54.91248689,8.00373486,94.288,-2.641,3.1,1014.0239999999999,18.248,1.189846,6.778,1.4409999999999998,0.10300000000000001,100,2.9,3.1,1014.0239999999999,0.018857299389346105,290.23967010289806,6.929485190113332,192.0023585810685,True,44.05086080695396,-3.63812923504181,6,5,20160906_flight01
2016-09-06 13:57:25,54.91258215,8.00272921,94.477,-3.4139999999999997,3.072,1014.0,18.346,1.189654,6.6370000000000005,1.435,-0.05600000000000001,100,3.9,3.1,1014.0,0.018655032313773745,290.3392458886608,6.790360373352802,192.20024582910258,True,44.04162012786457,-3.5728389213301215,6,5,20160906_flight01
2016-09-06 13:57:26,54.91267184,8.0017233,94.714,-3.8110000000000004,2.8739999999999997,1013.9889999999999,18.305,1.189443,6.761,1.16,-0.262,100,4.0,3.0,1013.9889999999999,0.018968004753502354,290.29930926614657,6.8597901571403765,189.73557566337348,True,44.03178247247716,-3.5077170338854318,6,5,20160906_flight01
2016-09-06 13:57:27,54.91275641,8.00071681,94.8,-3.227,2.701,1013.9789999999999,18.299,1.189373,7.115,0.919,-0.258,100,3.4,2.8,1013.9789999999999,0.019038904261719614,290.2941518477638,7.1741052403766705,187.35978914488538,True,44.0213895040924,-3.4427288961992675,6,5,20160906_flight01
2016-09-06 13:57:28,54.912835830000006,7.99970921,94.8,-3.3409999999999997,2.6860000000000004,1013.99,18.295,1.189499,6.72,1.079,-0.155,100,3.4,2.7,1013.99,0.018955998990481504,290.2892670412859,6.806073831512555,189.12186480878557,True,44.01042782871243,-3.3778427553557604,6,5,20160906_flight01
2016-09-06 13:57:29,54.912908859999995,7.9987007000000006,94.65899999999999,-2.546,2.835,1013.998,18.145,1.189708,7.242000000000001,1.3769999999999998,0.09300000000000001,100,3.3,2.9,1013.998,0.019309648433663895,290.1392071926108,7.371749656628338,190.76575554474292,True,43.9987695125166,-3.31311204007845,6,5,20160906_flight01
2016-09-06 13:57:30,54.912978009999996,7.99769185,94.50200000000001,-1.3319999999999999,2.8,1014.008,18.201999999999998,1.189746,7.138999999999999,1.188,-0.032,100,1.6,2.8,1014.008,0.019087731194523894,290.19516253156803,7.237172445092074,189.44800542183856,True,43.98669228976017,-3.2484888316774514,6,5,20160906_flight01
2016-09-06 13:57:31,54.91304451,7.99668256,94.375,-0.659,2.839,1014.0110000000001,18.21,1.189767,7.228,1.1440000000000001,0.004999999999999999,100,1.1,2.9,1014.0110000000001,0.01904477761681922,290.20288521280855,7.317972396777676,188.99379239875555,True,43.974324957072426,-3.1839262112528717,6,5,20160906_flight01
2016-09-06 13:57:32,54.9131088,7.99567293,94.29299999999999,0.142,2.859,1014.0419999999999,18.096,1.189992,6.985,1.624,0.07,100,0.6,2.9,1014.0419999999999,0.01928206078580641,290.086801610628,7.171303995787657,193.08863551438515,True,43.96171620247024,-3.119415783638911,6,5,20160906_flight01
2016-09-06 13:57:33,54.91317216,7.99466328,94.2,1.284,2.85,1014.064,18.301,1.189713,6.712999999999999,1.4069999999999998,-0.040999999999999995,100,1.8,2.9,1014.064,0.018826088348693704,290.28918448990976,6.85886419168655,191.83746077326873,True,43.949008223992806,-3.054934923946763,6,5,20160906_flight01
2016-09-06 13:57:34,54.91323666,7.9936533999999995,94.185,2.068,2.8,1014.082,18.121,1.190121,6.996,1.6,0.078,100,2.5,2.8,1014.082,0.01912430107781593,290.1084292707291,7.176629849727517,192.88211739030015,True,43.936416973832046,-2.9904020941712846,6,5,20160906_flight01
2016-09-06 13:57:35,54.913304399999994,7.99264354,94.082,3.0060000000000002,2.8,1014.086,18.146,1.19008,7.2010000000000005,1.923,0.038000000000000006,100,3.4,2.8,1014.086,0.0190759634061628,290.13300218383324,7.453343545013876,194.95171955277104,True,43.92417045026073,-2.9257631842035687,6,5,20160906_flight01
2016-09-06 13:57:36,54.91337647,7.9916339700000005,94.0,2.965,2.8509999999999995,1014.089,18.202,1.189997,7.189,1.7109999999999999,0.033,100,3.4,2.9,1014.089,0.01895416881884837,290.188533081054,7.389806628051915,193.38746941374507,True,43.912389695660174,-2.860998773070391,6,5,20160906_flight01
2016-09-06 13:57:37,54.9134522,7.99062457,94.0,2.875,2.8659999999999997,1014.087,18.278,1.19003,7.172999999999999,1.645,0.007999999999999997,100,3.0,2.9,1014.087,0.018658183387640692,290.2643933120241,7.359208788993555,192.9164204494587,True,43.901001192898434,-2.796123638323194,6,5,20160906_flight01
2016-09-06 13:57:38,54.91353135,7.98961547,93.995,2.762,2.9,1014.091,18.252,1.190131,7.5089999999999995,1.8980000000000001,0.171,100,2.9,2.9,1014.091,0.018666634271698124,290.2381697045587,7.745158810508665,194.1851612042301,True,43.88998193847398,-2.7311537614690353,6,5,20160906_flight01
2016-09-06 13:57:39,54.9136145,7.98860692,93.9,2.5660000000000003,2.8989999999999996,1014.104,18.332,1.189984,7.188,1.52,0.05,100,2.7,2.9,1014.104,0.01852591068073206,290.3167857981135,7.346954743293305,191.94006887024688,True,43.87939838774865,-2.6660853781349028,6,5,20160906_flight01
2016-09-06 13:57:40,54.91370071,7.98759848,93.884,2.17,2.715,1014.104,18.371,1.190009,7.271,1.3980000000000001,-0.068,100,2.3,2.8,1014.104,0.018368256585445275,290.3556298936189,7.4041775370394785,190.88348115259777,True,43.86914216656696,-2.6009224373436544,6,5,20160906_flight01
2016-09-06 13:57:41,54.91378964,7.9865898500000005,93.74600000000001,1.9669999999999999,2.6,1014.11,18.312,1.189915,7.334,1.432,-0.023,100,2.0,2.6,1014.11,0.01866089408250282,290.2963745297678,7.472494897957442,191.0482822631941,True,43.85917136354584,-2.53565766484087,6,5,20160906_flight01
2016-09-06 13:57:42,54.91388136,7.98558086,93.501,1.954,2.685,1014.1569999999999,18.296000000000003,1.189944,7.265,1.49,0.017,100,2.0,2.7,1014.1569999999999,0.018739202535370536,290.27659097302654,7.416220398558823,191.59023485790445,True,43.849490144651085,-2.470278238452182,6,5,20160906_flight01
2016-09-06 13:57:43,54.91397571,7.984571560000001,93.296,2.015,2.59,1014.195,18.302,1.1899929999999999,7.188,1.5019999999999998,-0.037000000000000005,100,2.1,2.7,1014.195,0.01871445204644684,290.2794562213224,7.343251868212065,191.80266219442768,True,43.84008246816309,-2.4047925470291167,6,5,20160906_flight01
2016-09-06 13:57:44,54.91407280000001,7.9835619499999995,93.061,2.267,2.648,1014.205,18.426,1.189885,6.857,1.6369999999999998,-0.31,100,2.4,2.7,1014.205,0.018383683771481918,290.40213843295874,7.049696305515579,193.42713530006438,True,43.83096002468676,-2.3391969471300884,6,5,20160906_flight01
2016-09-06 13:57:45,54.91417264,7.98255193,93.05,2.298,2.642,1014.214,18.36,1.189857,6.716,1.3730000000000002,-0.095,100,2.4,2.7,1014.214,0.01864726291439789,290.33566728903975,6.854909554472619,191.5541752982705,True,43.822121951408334,-2.2734849289336028,6,5,20160906_flight01
2016-09-06 13:57:46,54.91427527,7.98154174,92.95100000000001,1.858,2.836,1014.216,18.248,1.189855,7.2,1.234,0.204,100,2.1,2.9,1014.216,0.019042506506956602,290.22395479373455,7.3049815879302535,189.72536980444764,True,43.81357712088705,-2.207669996191533,6,5,20160906_flight01
2016-09-06 13:57:47,54.91438115,7.98053191,92.75299999999999,1.655,2.798,1014.2489999999999,18.229,1.1899749999999998,7.004,1.35,0.059000000000000004,100,1.8,2.9,1014.2489999999999,0.019039341796743603,290.2023308375371,7.132917776057704,190.90979798398445,True,43.80538462676042,-2.1417696592757176,6,5,20160906_flight01
2016-09-06 13:57:48,54.914488920000004,7.979522090000001,92.57699999999998,1.3,2.702,1014.288,18.29,1.1902169999999999,7.182,1.433,0.05600000000000001,100,1.5,2.8,1014.288,0.018658067210966633,290.2598924714834,7.323565593343177,191.2838491870739,True,43.79739319105237,-2.075807339270667,6,5,20160906_flight01
2016-09-06 13:57:49,54.91459831,7.97851231,92.35799999999999,1.5659999999999998,2.805,1014.302,18.293,1.190218,7.11,1.81,0.179,100,1.6,2.9,1014.302,0.01866078585709574,290.261734493164,7.336770406657142,194.2824717483511,True,43.78957469631705,-2.009793832749568,6,5,20160906_flight01
2016-09-06 13:57:50,54.91470955,7.97750285,92.20700000000001,1.125,2.753,1014.304,18.319000000000003,1.1899199999999999,6.796,1.514,0.032,100,1.5,2.8,1014.304,0.0188270144589453,290.28746540793605,6.962600950794179,192.5591550471574,True,43.781958978213595,-1.9437388216880924,6,5,20160906_flight01
2016-09-06 13:57:51,54.914821970000006,7.97649361,92.094,1.145,2.68,1014.31,18.136000000000003,1.190192,7.196000000000001,1.7369999999999999,-0.04,100,1.2,2.7,1014.31,0.019240136733244206,290.10471644098317,7.402674178970733,193.57069382639128,True,43.77447290473355,-1.8776583193564127,6,5,20160906_flight01
2016-09-06 13:57:52,54.914936260000005,7.97548471,91.98899999999999,1.022,2.707,1014.3380000000001,18.163,1.190318,7.311,1.86,0.013000000000000001,100,1.1,2.8,1014.3380000000001,0.019065919467286196,290.12931639013885,7.543892960534369,194.27386927746423,True,43.76719211856836,-1.8115368857606216,6,5,20160906_flight01
2016-09-06 13:57:53,54.91505188,7.9744761,91.9,1.281,2.8819999999999997,1014.355,18.308,1.190316,7.3260000000000005,1.673,-0.043,100,1.6,2.9,1014.355,0.018577717593178278,290.2723358693447,7.51459945705691,192.86374602288765,True,43.76005826667598,-1.7453893175860076,6,5,20160906_flight01
2016-09-06 13:57:54,54.91516859,7.9734677199999995,91.9,1.4480000000000002,2.895,1014.347,18.377,1.1902359999999998,6.898,1.253,-0.07400000000000001,100,1.6,2.9,1014.347,0.018397049853129843,290.3417100768468,7.010878190355328,190.2953439538798,True,43.753044686924795,-1.6792198569988637,6,5,20160906_flight01
2016-09-06 13:57:55,54.915286210000005,7.97245934,91.97200000000001,-0.055999999999999994,2.8819999999999997,1014.34,18.461,1.1899419999999998,6.66,0.7929999999999999,-0.282,100,1.0,2.9,1014.34,0.01834821161453659,290.4259417601257,6.707044729238057,186.79018639274793,True,43.74612782036513,-1.6130202552139865,6,5,20160906_flight01
2016-09-06 13:57:56,54.91540373,7.971450579999999,92.085,-0.7170000000000001,2.8009999999999997,1014.322,18.363,1.1897199999999999,7.14,0.631,-0.08600000000000002,100,0.9,2.9,1014.322,0.018862562562419027,290.32981351310025,7.1678281926954694,185.0504135976946,True,43.73919300872136,-1.5468004869678351,6,5,20160906_flight01
2016-09-06 13:57:57,54.91552059,7.9704413999999995,92.0,-1.0710000000000002,3.0039999999999996,1014.3159999999999,18.230999999999998,1.189953,7.332999999999999,1.395,0.07400000000000001,100,1.3,3.2,1014.3159999999999,0.019118504471704156,290.19884022263034,7.464510298740299,190.77101276416795,True,43.73217996594691,-1.4805766292495575,6,5,20160906_flight01
2016-09-06 13:57:58,54.91563526,7.96943219,92.15199999999999,-1.419,3.13,1014.307,18.223,1.1900519999999999,7.3,1.57,-0.091,100,1.5,3.2,1014.307,0.01905266106948411,290.1916090924516,7.466920382594152,192.13763109726762,True,43.7249335961665,-1.4144234555587571,6,5,20160906_flight01
2016-09-06 13:57:59,54.91574694,7.96842334,92.427,-0.934,2.9419999999999997,1014.2919999999999,18.329,1.1900179999999998,6.79,1.449,0.077,100,1.2,3.0,1014.2919999999999,0.0186961093985909,290.2984071288271,6.942888519917341,192.0463415294795,True,43.71737638661308,-1.348391560192888,6,5,20160906_flight01
2016-09-06 13:58:00,54.91585612,7.967414700000001,92.506,-1.0610000000000002,2.977,1014.278,18.37,1.18983,6.775,1.075,0.14700000000000002,100,1.3,3.1,1014.278,0.018699713974352994,290.3403872122431,6.859755826558261,189.01604894801022,True,43.709557525229485,-1.2824554453755512,6,5,20160906_flight01
2016-09-06 13:58:01,54.915963579999996,7.9664060800000005,92.479,-0.695,2.818,1014.285,18.273999999999997,1.189837,7.193,1.175,0.079,100,1.0,2.9,1014.285,0.019036328553247994,290.2442027809338,7.288338219374839,189.27751026082936,True,43.70155625040514,-1.216577536454321,6,5,20160906_flight01
2016-09-06 13:58:02,54.91607038,7.965397319999999,92.31,-0.466,2.8409999999999997,1014.299,18.227,1.19,7.284,1.561,0.138,100,0.7,2.9,1014.299,0.01907516334687709,290.19624747963337,7.449387692958394,192.09583145009842,True,43.693482136116074,-1.1507128381412608,6,5,20160906_flight01
2016-09-06 13:58:03,54.91617582,7.964388400000001,92.2,-0.483,2.91,1014.3109999999999,18.348,1.189918,6.847,1.224,-0.075,100,0.7,3.0,1014.3109999999999,0.01873439811869093,290.31577483561676,6.955543472655462,190.13538731795302,True,43.685260402479436,-1.0848833002537441,6,5,20160906_flight01
2016-09-06 13:58:04,54.91627958,7.96337919,92.2,0.732,2.8,1014.2959999999999,18.345,1.189885,6.945,1.111,-0.11800000000000001,100,1.1,2.8,1014.2959999999999,0.018758070351778455,290.3140148841703,7.033302638163668,189.08866811245315,True,43.676854537188724,-1.0190914897133636,6,5,20160906_flight01
2016-09-06 13:58:05,54.91638397,7.9623698,92.22,1.0390000000000001,2.8939999999999997,1014.304,18.303,1.18986,6.8420000000000005,1.2819999999999998,-0.169,100,1.1,2.9,1014.304,0.018934323665264374,290.2715302675042,6.961069458064616,190.61257660454868,True,43.668512161113114,-0.9532676907096826,6,5,20160906_flight01
2016-09-06 13:58:06,54.91648943,7.9613605,92.331,0.8079999999999999,2.816,1014.298,18.314,1.189929,6.8870000000000005,1.401,-0.198,100,1.0,2.9,1014.298,0.018830759389915963,290.2829767784694,7.028055918957959,191.49859408658654,True,43.66028523578125,-0.8874140116971345,6,5,20160906_flight01
2016-09-06 13:58:07,54.91659553,7.96035122,92.486,0.36200000000000004,2.763,1014.285,18.361,1.18982,7.037999999999999,1.266,-0.376,100,0.5,2.8,1014.285,0.018746757776403777,290.33085057123907,7.150957977781717,190.1973498228266,True,43.652126713637124,-0.8215403701996005,6,5,20160906_flight01
2016-09-06 13:58:08,54.9167018,7.95934169,92.6,0.772,2.7289999999999996,1014.257,18.314,1.189871,7.159,1.463,-0.057,100,0.9,2.9,1014.257,0.0188392368401602,290.2863327415684,7.306959011791431,191.54982966046762,True,43.64398144480481,-0.7556456514284724,6,5,20160906_flight01
2016-09-06 13:58:09,54.91680876,7.95833205,92.6,1.08,2.78,1014.258,18.296000000000003,1.189769,6.9670000000000005,1.21,-0.08199999999999999,100,1.2,2.8,1014.258,0.01899051747624947,290.2683236212195,7.071293304622571,189.85261802623117,True,43.6359073897991,-0.6897212818821314,6,5,20160906_flight01
2016-09-06 13:58:10,54.91691645,7.95732212,92.554,0.6940000000000001,2.7,1014.283,18.296000000000003,1.189713,6.888999999999999,1.037,-0.11200000000000002,100,0.8,2.7,1014.283,0.01906359937098312,290.2662774104712,6.966612519725781,188.56045232897327,True,43.62790533367757,-0.6237548151925827,6,5,20160906_flight01
2016-09-06 13:58:11,54.917025169999995,7.956311920000001,92.454,0.579,2.737,1014.2819999999999,18.143,1.190097,7.218999999999999,1.7530000000000001,0.235,100,0.7,3.0,1014.2819999999999,0.0192688652475983,290.1139785320106,7.4287933071259955,193.6490272416812,True,43.62000754502839,-0.5577375504215683,6,5,20160906_flight01
2016-09-06 13:58:12,54.91713465,7.95530186,92.306,-0.33299999999999996,3.0580000000000003,1014.294,18.27,1.189879,6.902,1.193,-0.08199999999999999,100,0.5,3.1,1014.294,0.01902338756321842,290.2394824220729,7.0043452941727535,189.80659032295688,True,43.61219322366945,-0.49170376282189476,6,5,20160906_flight01
2016-09-06 13:58:13,54.91724333,7.9542920200000005,92.42800000000001,0.16399999999999998,3.052,1014.278,18.143,1.190156,7.358,1.879,0.20800000000000002,100,0.3,3.2,1014.278,0.01921431722516198,290.1143057499175,7.594129640715913,194.32536410686362,True,43.60429811603245,-0.42571006589943483,6,5,20160906_flight01
2016-09-06 13:58:14,54.91735231,7.95328319,92.57600000000001,-0.42,3.167,1014.2489999999999,18.19,1.190038,7.24,1.673,0.16400000000000003,100,0.8,3.2,1014.2489999999999,0.019121800056331795,290.1634883303466,7.43078252945139,193.01137687178908,True,43.5964543403722,-0.35976883618066413,6,5,20160906_flight01
2016-09-06 13:58:15,54.91746011,7.95227529,92.79799999999999,-0.877,3.095,1014.206,18.322,1.190002,7.278,1.617,-0.019000000000000003,100,1.0,3.1,1014.206,0.018647894841978596,290.298475266131,7.455465981412563,192.5263070204523,True,43.588503064429545,-0.2939241516346547,6,5,20160906_flight01
2016-09-06 13:58:16,54.91756636,7.951267870000001,93.029,-0.217,2.8959999999999995,1014.201,18.31,1.19005,7.407,1.6340000000000001,-0.11599999999999999,100,0.6,3.0,1014.201,0.018643724457818367,290.2869328771153,7.585090968472296,192.44032135449075,True,43.58039630008211,-0.2281604637725101,6,5,20160906_flight01
2016-09-06 13:58:17,54.9176725,7.950260889999999,93.186,0.0030000000000000005,3.0269999999999997,1014.1890000000001,18.199,1.190068,7.446000000000001,1.973,0.179,100,0.1,3.2,1014.1890000000001,0.01900434381847127,290.17736157776636,7.702963390799674,194.8408609630623,True,43.57228631774574,-0.1624276051928879,6,5,20160906_flight01
2016-09-06 13:58:18,54.917778330000004,7.9492546200000005,93.34899999999999,-0.28200000000000003,3.125,1014.16,18.339000000000002,1.189893,7.138999999999999,1.5430000000000001,0.051000000000000004,100,0.5,3.2,1014.16,0.018635590702059224,290.3191728217935,7.303846247012596,192.19611694459365,True,43.564157060880476,-0.09674888255564351,6,5,20160906_flight01
2016-09-06 13:58:19,54.917882840000004,7.94824895,93.556,-0.5760000000000001,3.112,1014.122,18.275,1.189987,7.671,1.775,0.157,100,0.6,3.2,1014.122,0.01874063854269936,290.25854019870934,7.873681857936603,193.0284331227113,True,43.555899070317146,-0.03115095281761615,6,5,20160906_flight01
2016-09-06 13:58:20,54.917986709999994,7.94724397,93.721,-0.755,2.992,1014.107,18.389,1.1898229999999999,7.444,1.535,-0.158,100,0.8,3.1,1014.107,0.018467581469893357,290.37331226266036,7.600615830312699,191.65144113948645,True,43.547586348288,0.0343831463733677,6,5,20160906_flight01
2016-09-06 13:58:21,54.918089099999996,7.94623906,93.87700000000001,-0.708,2.852,1014.0980000000001,18.398999999999997,1.189893,7.553999999999999,1.7469999999999999,-0.013999999999999999,100,0.8,2.9,1014.0980000000001,0.01836369744085742,290.3840093319208,7.753381520343236,193.02175727494733,True,43.539117682393254,0.09986389969555365,6,5,20160906_flight01
2016-09-06 13:58:22,54.918190249999995,7.94523422,93.978,-0.7070000000000001,2.957,1014.095,18.363999999999997,1.189976,7.496,2.0220000000000002,0.045,100,0.8,3.0,1014.095,0.018411913623089138,290.34939484399723,7.763922977464421,195.0958958491085,True,43.5305185794069,0.1652992564753477,6,5,20160906_flight01
2016-09-06 13:58:23,54.91828986,7.9442297900000005,94.12899999999999,-0.626,3.0639999999999996,1014.0830000000001,18.389,1.189929,7.233,1.879,0.095,100,0.9,3.1,1014.0830000000001,0.01835275436411199,290.375277689135,7.473080355516057,194.56249219863355,True,43.52176370288265,0.23065827281358953,6,5,20160906_flight01
2016-09-06 13:58:24,54.918387730000006,7.94322571,94.26299999999999,-0.9470000000000001,3.0,1014.039,18.45,1.189838,7.047000000000001,1.521,0.033,100,1.1,3.0,1014.039,0.01817341341548251,290.4396383895466,7.209275275643177,192.17968405742735,True,43.5128306418162,0.2959380314311959,6,5,20160906_flight01
2016-09-06 13:58:25,54.91848382,7.94222171,94.376,-0.735,2.918,1014.035,18.377,1.189769,7.444,1.219,-0.09700000000000002,100,1.2,3.0,1014.035,0.01848341541002152,290.36725645956824,7.543149010857468,189.29998688980635,True,43.50370994597143,0.36115388966058415,6,5,20160906_flight01
2016-09-06 13:58:26,54.91857877,7.94121744,94.4,-0.659,2.799,1014.0189999999999,18.340999999999998,1.18985,7.497000000000001,1.77,-0.016,100,0.8,2.8,1014.0189999999999,0.01852378739754501,290.33270985520153,7.703110345827847,193.2839616146755,True,43.49446289383778,0.4263486708084345,6,5,20160906_flight01
2016-09-06 13:58:27,54.918672470000004,7.94021297,94.39300000000001,-0.598,2.707,1014.041,18.365,1.1898989999999998,7.329,1.8969999999999998,-0.055,100,0.8,2.8,1014.041,0.018420089520783556,290.35481284590526,7.570525080864602,194.51166288674943,True,43.485079142724345,0.4915144064125405,6,5,20160906_flight01
2016-09-06 13:58:28,54.91876455,7.93920814,94.3,-0.499,2.799,1014.059,18.355999999999998,1.189924,7.523,1.882,-0.040999999999999995,100,0.8,2.8,1014.059,0.018448212878830583,290.3443746774758,7.754834169729227,194.04520321319546,True,43.47551628873349,0.5566487270210123,6,5,20160906_flight01
2016-09-06 13:58:29,54.91885554,7.9382031600000005,94.3,0.136,2.72,1014.062,18.348,1.189946,7.395,1.7369999999999999,-0.05,100,0.2,2.8,1014.062,0.018460346808409245,290.3361609022536,7.596261843828186,193.218493543017,True,43.46583470307874,0.6217562123372558,6,5,20160906_flight01
2016-09-06 13:58:30,54.91894621,7.93719778,94.115,0.14100000000000001,2.735,1014.082,18.36,1.189932,7.665,1.893,0.19,100,0.2,2.8,1014.082,0.01845049015463629,290.34647533297255,7.895294421362639,193.87255677244158,True,43.456111406010265,0.6868778129518995,6,5,20160906_flight01
2016-09-06 13:58:31,54.919036489999996,7.9361922400000005,93.85600000000001,-0.11800000000000001,2.76,1014.1030000000001,18.362000000000002,1.189829,7.004,1.436,-0.11,100,0.2,2.8,1014.1030000000001,0.018552758595389962,290.3467477558821,7.149693140268329,191.58653931108927,True,43.44634357947937,0.751996381670593,6,5,20160906_flight01
2016-09-06 13:58:32,54.919125320000006,7.93518596,93.70100000000001,0.145,2.779,1014.1060000000001,18.302,1.1898989999999998,7.165,1.4480000000000002,0.099,100,0.7,2.8,1014.1060000000001,0.018705525094255382,290.2867419900609,7.309851503279667,191.42522176288657,True,43.43640740011273,0.8171126448485202,6,5,20160906_flight01
2016-09-06 13:58:33,54.91921452,7.934179380000001,93.486,1.187,2.75,1014.1510000000001,18.271,1.189966,7.556,1.521,-0.032,100,1.4,2.8,1014.1510000000001,0.018801733146367905,290.2521824049755,7.707566217685061,191.38136810521058,True,43.42650476690567,0.8822596990387472,6,5,20160906_flight01
2016-09-06 13:58:34,54.91930527,7.933172580000001,93.265,1.183,2.763,1014.1890000000001,18.295,1.190123,7.1129999999999995,1.734,0.04,100,1.4,2.8,1014.1890000000001,0.018621614260796004,290.2729755208774,7.321306235911731,193.70028518433782,True,43.41676262865121,0.947471685552709,6,5,20160906_flight01
2016-09-06 13:58:35,54.919396500000005,7.932165609999999,93.131,1.315,2.8,1014.198,18.267,1.190305,7.439,2.123,-0.022000000000000002,100,1.5,2.8,1014.198,0.018572760301509117,290.2443514863162,7.736009953457919,195.92810105864692,True,43.407068230436685,1.0127100743408297,6,5,20160906_flight01
2016-09-06 13:58:36,54.919489160000005,7.93115895,93.1,0.175,2.8209999999999997,1014.1970000000001,18.33,1.190097,6.922000000000001,1.713,0.027999999999999997,100,0.9,2.9,1014.1970000000001,0.018529586674516096,290.3071798427889,7.130810122279236,193.89982984295963,True,43.397531779437266,1.0779766742071866,6,5,20160906_flight01
2016-09-06 13:58:37,54.919581470000004,7.93015218,92.98899999999999,0.815,2.77,1014.196,18.385,1.190011,7.218999999999999,1.6130000000000002,-0.01,100,1.2,2.8,1014.196,0.018410023650863083,290.36204042188984,7.397008178986961,192.59517961050898,True,43.38795601290239,1.143238477765519,6,5,20160906_flight01
2016-09-06 13:58:38,54.91967488,7.92914528,92.86,1.288,2.7,1014.206,18.316,1.1901599999999999,7.565,1.646,-0.013000000000000003,100,1.4,2.7,1014.206,0.018533630661653255,290.2924994233344,7.741998514595569,192.27514969553275,True,43.37849464914933,1.2085447479189382,6,5,20160906_flight01
2016-09-06 13:58:39,54.91977009,7.92813814,92.728,1.516,2.7809999999999997,1014.2260000000001,18.337,1.190119,7.5089999999999995,1.633,0.043,100,1.7,2.8,1014.2260000000001,0.018515421921866615,290.31177756109963,7.684514948908616,192.2692085818863,True,43.36921996478632,1.273925466664461,6,5,20160906_flight01
2016-09-06 13:58:40,54.91986678,7.92713088,92.624,1.568,2.856,1014.2439999999999,18.418999999999997,1.190037,7.093999999999999,1.615,-0.062,100,1.7,2.9,1014.2439999999999,0.018317211452294035,290.39197299219774,7.2755110473423095,192.82520967310234,True,43.360100261493045,1.3393626205792968,6,5,20160906_flight01
2016-09-06 13:58:41,54.91996477,7.92612354,92.666,1.693,2.704,1014.238,18.488,1.189675,6.941,1.205,-0.325,100,1.8,2.8,1014.238,0.01838004363316159,290.46118588044783,7.044821218455441,189.84873627604637,True,43.351117179425586,1.404847776228249,6,5,20160906_flight01
2016-09-06 13:58:42,54.92006467,7.92511576,92.587,1.6769999999999998,2.693,1014.247,18.207,1.189834,7.4,1.148,0.28300000000000003,100,1.8,2.8,1014.247,0.019235047618581858,290.18058333117443,7.488518144466234,188.81829385070284,True,43.342328616164444,1.470423381111325,6,5,20160906_flight01
2016-09-06 13:58:43,54.92016735999999,7.92410803,92.229,1.9569999999999999,2.745,1014.2959999999999,18.246,1.189943,7.575,1.574,0.083,100,2.0,2.8,1014.2959999999999,0.019054514141070955,290.21541598033474,7.736801729396974,191.73838287594074,True,43.333837531966594,1.536088307618706,6,5,20160906_flight01
2016-09-06 13:58:44,54.92027255,7.92310011,91.929,1.994,2.7,1014.309,18.249000000000002,1.190318,7.562,1.608,0.083,100,2.3,2.7,1014.309,0.018736038021876178,290.2173400110695,7.73107418150932,192.00469223561527,True,43.32560848472012,1.6018477789552863,6,5,20160906_flight01
2016-09-06 13:58:45,54.92037973000001,7.92209197,91.662,2.228,2.7,1014.36,18.375999999999998,1.190273,7.375,1.368,-0.011000000000000001,100,2.3,2.7,1014.36,0.018381937437793594,290.33964993298144,7.50080322365545,190.50844612090881,True,43.317586694846895,1.6676867563810207,6,5,20160906_flight01
2016-09-06 13:58:46,54.92048971,7.921083680000001,91.46799999999999,1.944,2.701,1014.382,18.375,1.1903169999999998,7.537000000000001,1.365,-0.133,100,2.1,2.8,1014.382,0.018369872659708353,290.33685307836447,7.659607953413804,190.2653722875544,True,43.309859595629135,1.7336277438533356,6,5,20160906_flight01
2016-09-06 13:58:47,54.9206026,7.92007531,91.4,2.119,2.855,1014.383,18.421999999999997,1.1900979999999999,7.356,1.121,-0.264,100,2.2,2.9,1014.383,0.018394088949418075,290.3835796517454,7.440925816052731,188.66478790884636,True,43.30244022559187,1.7996700597946278,6,5,20160906_flight01
2016-09-06 13:58:48,54.92071817,7.91906688,91.491,1.8619999999999999,2.932,1014.383,18.384,1.1900309999999998,7.212999999999999,1.014,-0.22899999999999998,100,2.1,3.0,1014.383,0.01858417566412296,290.3457345362104,7.283925109444769,188.00217295517547,True,43.29530452585874,1.865804850379143,6,5,20160906_flight01
2016-09-06 13:58:49,54.92083601,7.91805854,91.68299999999999,1.179,3.0,1014.3509999999999,18.336,1.189972,7.028,1.13,0.0069999999999999975,100,1.5,3.0,1014.3509999999999,0.018770280736827072,290.3005493685029,7.118264114234592,189.1341500538122,True,43.28841181074765,1.9320092676068485,6,5,20160906_flight01
2016-09-06 13:58:50,54.92095566,7.917050809999999,91.8,1.167,2.895,1014.3209999999999,18.259,1.190089,7.574,1.531,0.11900000000000001,100,1.3,3.0,1014.3209999999999,0.018909154419352703,290.2263174587368,7.727188169056063,191.4277201342984,True,43.28172320536351,1.9982359465462887,6,5,20160906_flight01
2016-09-06 13:58:51,54.921077370000006,7.916043869999999,91.8,0.7390000000000001,2.8,1014.314,18.278,1.1901,7.325,1.6570000000000003,0.084,100,1.2,2.8,1014.314,0.01882627718517349,290.2458132167803,7.510078162043322,192.74644108833235,True,43.275268745337065,2.064482046266476,6,5,20160906_flight01
2016-09-06 13:58:52,54.92119915999999,7.91503697,91.715,0.551,2.8029999999999995,1014.335,18.277,1.190273,7.252000000000001,1.7369999999999999,0.158,100,0.6,2.9,1014.335,0.01870278198648445,290.24309868600363,7.457122300190604,193.46973348695113,True,43.26882355780475,2.1307283243214235,6,5,20160906_flight01
2016-09-06 13:58:53,54.92132119,7.914030390000001,91.63699999999999,1.079,2.952,1014.3330000000001,18.238,1.190381,7.497999999999999,2.283,0.155,100,1.4,3.1,1014.3330000000001,0.018744682194065776,290.2044207718172,7.837862782672326,196.93450647260224,True,43.26241003895338,2.196962780183113,6,5,20160906_flight01
2016-09-06 13:58:54,54.921444949999994,7.913024910000001,91.751,1.024,3.127,1014.334,18.343,1.1901389999999998,7.042999999999999,1.901,-0.10800000000000001,100,1.3,3.2,1014.334,0.018585794271597234,290.3089124207179,7.295042837434198,195.10494976810787,True,43.2562015629839,2.2631865728395004,6,5,20160906_flight01
2016-09-06 13:58:55,54.92156964,7.91202044,92.13600000000001,0.948,3.1240000000000006,1014.29,18.357,1.190026,7.194,1.6569999999999998,-0.156,100,1.2,3.2,1014.29,0.018589404959628242,290.3264574458064,7.382363104047376,192.97076609365013,True,43.25011137427831,2.329378765275476,6,5,20160906_flight01
2016-09-06 13:58:56,54.921695410000005,7.911017,92.56200000000001,0.625,3.1,1014.215,18.354,1.189924,7.07,1.7380000000000002,-0.038000000000000006,100,1.2,3.1,1014.215,0.018611876719946352,290.32960958919296,7.28049064280698,193.811016365573,True,43.24415579968868,2.3955430900996477,6,5,20160906_flight01
2016-09-06 13:58:57,54.921821609999995,7.91001454,92.888,-0.268,3.1540000000000004,1014.193,18.304000000000002,1.189876,6.845,1.72,0.255,100,0.4,3.3,1014.193,0.01880562145320752,290.28161189233293,7.057791793471949,194.10515588428296,True,43.238264795565655,2.4616611071849315,6,5,20160906_flight01
2016-09-06 13:58:58,54.92194721,7.90901282,93.079,-0.35600000000000004,3.12,1014.178,18.309,1.1897199999999999,7.436,1.5119999999999998,0.14,100,0.4,3.2,1014.178,0.0189066606842756,290.2878196931311,7.58816446843372,191.49355317949897,True,43.232324273906066,2.5277135293116393,6,5,20160906_flight01
2016-09-06 13:58:59,54.922072639999996,7.908011780000001,93.243,-0.68,3.0069999999999997,1014.145,18.299,1.1898259999999998,7.127000000000001,1.7380000000000002,-0.046,100,1.0,3.1,1014.145,0.018817692528763086,290.2805612758181,7.335855301190176,193.70474014417997,True,43.22637877899052,2.593718306183221,6,5,20160906_flight01
2016-09-06 13:59:00,54.92219658,7.907011,93.47399999999999,-0.872,3.0469999999999997,1014.107,18.302,1.189941,7.41,2.185,0.13599999999999998,100,1.3,3.1,1014.107,0.018670573498998477,290.28666012292314,7.72543364478655,196.42930145153338,True,43.220279936056194,2.6596576666234446,6,5,20160906_flight01
2016-09-06 13:59:01,54.922319449999996,7.9060109999999995,93.568,-0.8190000000000001,3.1,1014.1,18.27,1.189922,7.322,2.166,0.217,100,1.7,3.1,1014.1,0.018791665768012944,290.25536108074925,7.635655832998237,196.47931369858244,True,43.214082395052316,2.7255133932326467,6,5,20160906_flight01
2016-09-06 13:59:02,54.922440589999994,7.905010999999999,93.65700000000001,-1.974,3.1,1014.097,18.328,1.189841,7.314,1.922,-0.025,100,2.2,3.1,1014.097,0.01865526893880376,290.31337491376553,7.56231974991801,194.72350993147242,True,43.207700992707096,2.791311818443984,6,5,20160906_flight01
2016-09-06 13:59:03,54.922558499999994,7.904012,93.87200000000001,-2.36,2.9159999999999995,1014.067,18.302,1.1898559999999998,7.341,1.9380000000000002,-0.07,100,2.5,3.1,1014.067,0.018703161614744834,290.2899348894115,7.592504527492888,194.78850250106828,True,43.20099556762046,2.856941472962135,6,5,20160906_flight01
2016-09-06 13:59:04,54.92267314,7.903012,94.0,-2.63,2.763,1014.052,18.315,1.18986,7.584,2.012,0.069,100,2.9,2.8,1014.052,0.01863923282601454,290.30411119139836,7.846349469657849,194.8580382808791,True,43.19392335676877,2.9225246039044306,6,5,20160906_flight01
2016-09-06 13:59:05,54.922784039999996,7.902012,93.895,-3.199,2.766,1014.0740000000001,18.389,1.189769,7.388999999999999,1.781,-0.09300000000000001,100,3.7,2.8,1014.0740000000001,0.01848066321732489,290.376014739485,7.600610633363611,193.55173570850968,True,43.186453665328514,2.9879838578360873,6,5,20160906_flight01
2016-09-06 13:59:06,54.92288974,7.9010113,93.8,-3.635,2.661,1014.067,18.297,1.189884,7.5520000000000005,1.77,-0.24600000000000002,100,3.7,2.7,1014.067,0.018696666025765474,290.28495482520043,7.7566490187451445,193.19061071220685,True,43.17841784792023,3.0533141265543344,6,5,20160906_flight01
2016-09-06 13:59:07,54.922990129999995,7.90000914,93.711,-3.0460000000000003,2.6460000000000004,1014.075,18.301000000000002,1.1899549999999999,7.73,1.98,0.124,100,3.4,2.7,1014.075,0.01862994007922114,290.2882839122296,7.9795551254440245,194.3671272699392,True,43.1697895794159,3.1185587239789045,6,5,20160906_flight01
2016-09-06 13:59:08,54.92308587,7.89900636,93.411,-3.1289999999999996,2.76,1014.109,18.299,1.190011,7.607,2.256,0.205,100,3.4,2.8,1014.109,0.018623146120051004,290.28350838582594,7.934480764360073,196.51872141874776,True,43.16065517844717,3.1836876105173912,6,5,20160906_flight01
2016-09-06 13:59:09,54.92317628,7.8980032300000005,93.148,-2.475,2.8789999999999996,1014.1510000000001,18.320999999999998,1.1900389999999998,7.989,2.4530000000000003,0.212,100,2.8,2.9,1014.1510000000001,0.0185644790231827,290.3019818673349,8.357112539627547,197.06895708065002,True,43.15094757491997,3.248661580855601,6,5,20160906_flight01
2016-09-06 13:59:10,54.923262400000006,7.89700038,93.039,-1.9420000000000002,3.0460000000000003,1014.1610000000001,18.397,1.189946,7.611000000000001,2.2769999999999997,0.075,100,2.2,3.1,1014.1610000000001,0.01838858792803899,290.37685816329775,7.94430928400953,196.65572373851944,True,43.140789429443835,3.3134761568957343,6,5,20160906_flight01
2016-09-06 13:59:11,54.92334429,7.895998090000001,93.15899999999999,-0.6709999999999999,3.1,1014.1510000000001,18.383,1.189921,7.771,2.3,0.177,100,1.5,3.1,1014.1510000000001,0.018448847780111244,290.3637332006606,8.104223651899051,196.48728941563684,True,43.13019251037629,3.3781160258880396,6,5,20160906_flight01
2016-09-06 13:59:12,54.92342447,7.8949967800000005,93.331,0.45199999999999996,3.032,1014.115,18.451,1.189787,7.507000000000001,2.173,0.05600000000000001,100,0.7,3.1,1014.115,0.018289878289249106,290.43440909405496,7.8151761336517565,196.1437828146513,True,43.11943272636061,3.4426387056441152,6,5,20160906_flight01
2016-09-06 13:59:13,54.92350432999999,7.893996,93.465,0.892,2.87,1014.1190000000001,18.399,1.189694,7.518,1.7690000000000001,-0.042,100,1.7,2.9,1014.1190000000001,0.018555130899517325,290.382289554209,7.7233208531045765,193.2409446996619,True,43.10864913896226,3.5071180397162545,6,5,20160906_flight01
2016-09-06 13:59:14,54.92358478,7.89299501,93.48200000000001,2.084,2.7909999999999995,1014.1080000000001,18.339000000000002,1.189674,7.667000000000001,1.66,0.07200000000000001,100,2.4,2.8,1014.1080000000001,0.018770866164258937,290.3234303049246,7.844647155863673,192.21667583122587,True,43.09792421197323,3.571629890944487,6,5,20160906_flight01
2016-09-06 13:59:15,54.92366787,7.89199381,93.34300000000002,2.77,2.6319999999999997,1014.138,18.412,1.189778,7.446000000000001,1.71,-0.0020000000000000005,100,3.0,2.7,1014.138,0.018456888841455132,290.39368151199545,7.6398308881807075,192.93390784175858,True,43.08747581576733,3.636242159828739,6,5,20160906_flight01
2016-09-06 13:59:16,54.923754259999995,7.890992,93.094,3.125,2.6340000000000003,1014.171,18.389,1.189936,7.5489999999999995,1.929,0.24100000000000002,100,3.6,2.7,1014.171,0.018435133732098263,290.3680714178205,7.791562231029153,194.33408966212312,True,43.07736639159768,3.7010014214185345,6,5,20160906_flight01
2016-09-06 13:59:17,54.9238451,7.889989880000001,92.74,3.4360000000000004,2.7939999999999996,1014.201,18.421,1.189871,7.38,1.745,-0.044000000000000004,100,3.7,2.9,1014.201,0.01840911339774398,290.3974861247285,7.583496884683213,193.30324933764223,True,43.067723936217796,3.7659272304384404,6,5,20160906_flight01
2016-09-06 13:59:18,54.92394056,7.88898749,92.541,3.3960000000000004,2.619,1014.2230000000001,18.5,1.189636,7.196000000000001,1.274,-0.26,100,3.5,2.7,1014.2230000000001,0.01835646536050195,290.47436610631155,7.307906129665324,190.0397719297472,True,43.05856728716264,3.83102274622103,6,5,20160906_flight01
2016-09-06 13:59:19,54.92404053999999,7.88798435,92.334,3.315,2.435,1014.288,18.317,1.18986,7.656000000000001,1.709,0.08900000000000001,100,3.4,2.5,1014.288,0.018869309044818428,290.2867831422792,7.8444258553446735,192.58347167844,True,43.04987657375499,3.8963143138279728,6,5,20160906_flight01
2016-09-06 13:59:20,54.92414537,7.886980660000001,91.915,2.965,2.6,1014.3059999999999,18.336,1.189865,7.577999999999999,1.6340000000000001,0.068,100,3.1,2.6,1014.3059999999999,0.018816694725973138,290.30423278247946,7.752163568965763,192.16805830277247,True,43.04169071900224,3.961800506383679,6,5,20160906_flight01
2016-09-06 13:59:21,54.924254170000005,7.8859765500000005,91.50299999999999,2.735,2.6,1014.3689999999999,18.386,1.19001,7.602,1.547,0.07200000000000001,100,2.9,2.6,1014.3689999999999,0.018581104562794604,290.34887246296194,7.7578098068978205,191.5025737248831,True,43.033918701332475,4.0274441441757824,6,5,20160906_flight01
2016-09-06 13:59:22,54.92436661,7.88497205,91.13,2.485,2.721,1014.3969999999999,18.258,1.190321,7.612,2.0380000000000003,0.10700000000000001,100,2.7,2.9,1014.3969999999999,0.018790388495885102,290.21910254544616,7.88010076077711,194.9885574421993,True,43.026526026606206,4.093232443299301,6,5,20160906_flight01
2016-09-06 13:59:23,54.924482600000005,7.88396791,90.917,1.5730000000000002,3.06,1014.424,18.348,1.190137,7.482,1.74,0.162,100,1.9,3.2,1014.424,0.01866041023533138,290.30652545039965,7.681661539016153,193.09189306434683,True,43.01951757174531,4.159116083255442,6,5,20160906_flight01
2016-09-06 13:59:24,54.924600410000004,7.882964490000001,90.97,0.573,3.2,1014.414,18.398,1.190123,7.245,1.745,-0.019000000000000003,100,1.0,3.2,1014.414,0.018487652447854774,290.35713969605087,7.452184243562421,193.5420854501483,True,43.012716407548034,4.225015519684953,6,5,20160906_flight01
2016-09-06 13:59:25,54.924718739999996,7.88196191,91.303,-0.03,3.161,1014.3809999999999,18.4,1.189896,7.5329999999999995,1.401,-0.09799999999999999,100,0.2,3.2,1014.3809999999999,0.018641825710699278,290.361833053825,7.662172668375465,190.5355934140066,True,43.00598668302638,4.290880279413803,6,5,20160906_flight01
2016-09-06 13:59:26,54.92483677,7.8809599200000005,91.62199999999999,0.22699999999999998,3.0,1014.332,18.37,1.189881,7.369,1.696,0.030999999999999996,100,0.4,3.0,1014.332,0.018710284135634137,290.3359664681828,7.561651737550467,192.9611088313091,True,42.99923643604526,4.356698648742914,6,5,20160906_flight01
2016-09-06 13:59:27,54.92495435,7.8799582599999995,91.771,0.063,2.95,1014.312,18.4,1.189722,7.466,1.1179999999999999,-0.091,100,0.2,3.0,1014.312,0.018721504818400625,290.3674820664201,7.549243670726227,188.51650490035422,True,42.9924447183222,4.422481723703341,6,5,20160906_flight01
2016-09-06 13:59:28,54.925071589999995,7.87895629,91.8,0.064,2.9,1014.3,18.326,1.189936,7.65,1.399,0.145,100,0.2,2.9,1014.3,0.018784830006965514,290.2947644462183,7.77686961443999,190.36349442611657,True,42.985610896655885,4.488272690777854,6,5,20160906_flight01
2016-09-06 13:59:29,54.925188920000004,7.87795426,91.693,-0.071,2.762,1014.31,18.325,1.189949,7.309,1.5,0.034,100,0.3,2.9,1014.31,0.01878723932379467,290.2929499688813,7.461332387717357,191.597576105194,True,42.97878548467517,4.554070346010556,6,5,20160906_flight01
2016-09-06 13:59:30,54.92530546,7.8769518000000005,91.54,0.05600000000000001,2.842,1014.324,18.351,1.190162,7.185,1.671,-0.061000000000000006,100,0.2,2.9,1014.324,0.01852811486052408,290.31769850157974,7.376751724166945,193.0924208684969,True,42.9718678328322,4.6198684026895345,6,5,20160906_flight01
2016-09-06 13:59:31,54.92542126,7.87594904,91.5,0.122,2.819,1014.335,18.326,1.1900909999999998,7.395,1.91,-0.037000000000000005,100,0.4,2.9,1014.335,0.018687291466745526,290.2918996270133,7.637677984832824,194.48200983030094,True,42.964865758314446,4.685660484745134,6,5,20160906_flight01
2016-09-06 13:59:32,54.925537430000006,7.8749464499999995,91.39900000000002,1.227,2.62,1014.35,18.343999999999998,1.1898739999999999,7.756,1.599,-0.078,100,1.7,2.7,1014.35,0.018825221669710457,290.3085986867395,7.919112134576705,191.64905754878475,True,42.95790628025377,4.75145431839264,6,5,20160906_flight01
2016-09-06 13:59:33,54.92565521,7.87394357,91.242,1.6440000000000001,2.8609999999999998,1014.378,18.4,1.1898389999999999,7.452000000000001,1.5390000000000001,0.031,100,1.8,3.0,1014.378,0.018687611654746084,290.3620786527928,7.609259162362655,191.66877400036896,True,42.95111232592083,4.817319396714914,6,5,20160906_flight01
2016-09-06 13:59:34,54.925773920000005,7.87294035,91.23200000000001,0.66,3.0,1014.378,18.426,1.18973,7.2589999999999995,1.3459999999999999,-0.39399999999999996,100,1.0,3.0,1014.378,0.018690095907617055,290.387972715715,7.382736416803731,190.50476066336708,True,42.9444106633221,4.883236285919815,6,5,20160906_flight01
2016-09-06 13:59:35,54.92589383000001,7.87193644,91.6,0.769,2.9819999999999998,1014.3259999999999,18.31,1.189781,7.695,1.591,-0.306,100,0.9,3.0,1014.3259999999999,0.01899960763390074,290.2767012410839,7.857754513854451,191.68173633692797,True,42.937823247997954,4.949235554100816,6,5,20160906_flight01
2016-09-06 13:59:36,54.92601603,7.87093235,92.07,0.595,3.0439999999999996,1014.29,18.255,1.189769,7.6739999999999995,2.0180000000000002,0.128,100,0.8,3.2,1014.29,0.019166040886988922,290.2248705245336,7.934897604884388,194.7332721182412,True,42.931475743753396,5.015321793589064,6,5,20160906_flight01
2016-09-06 13:59:37,54.92613809,7.8699292000000005,92.411,-0.203,3.1689999999999996,1014.258,18.311,1.189719,7.282,1.804,0.057,100,0.8,3.3,1014.258,0.018980897906460514,290.28326300914836,7.502129031148424,193.91399092334058,True,42.92513146114793,5.0813453171279965,6,5,20160906_flight01
2016-09-06 13:59:38,54.92625892,7.868927169999999,92.755,-0.833,2.9730000000000003,1014.2130000000001,18.324,1.189846,7.437,1.876,-0.012999999999999998,100,1.0,3.0,1014.2130000000001,0.018781490144016644,290.2998941753568,7.669963819992895,194.15763264967725,True,42.91867802297794,5.147258900043979,6,5,20160906_flight01
2016-09-06 13:59:39,54.926378590000006,7.86792574,92.99799999999999,-1.035,2.997,1014.2020000000001,18.306,1.189827,7.489,1.611,0.03900000000000001,100,1.3,3.0,1014.2020000000001,0.018849628182248557,290.28286711790076,7.6603160509211365,192.14020544700242,True,42.91211285562777,5.21309698961197,6,5,20160906_flight01
2016-09-06 13:59:40,54.92649653,7.866924760000001,93.1,-1.6059999999999999,2.992,1014.198,18.37,1.189799,7.58,1.66,0.247,100,1.9,3.0,1014.198,0.018645905162048004,290.34693701908566,7.759639166868522,192.35261212963997,True,42.90537249211183,5.278849974080695,6,5,20160906_flight01
2016-09-06 13:59:41,54.926611359999995,7.8659239,93.148,-1.8840000000000001,3.043,1014.1970000000001,18.354,1.1897659999999999,7.322,1.761,0.055,100,2.0,3.1,1014.1970000000001,0.01872906715014322,290.33108327464095,7.530790463158565,193.52325428672984,True,42.89830391400811,5.344492534201865,6,5,20160906_flight01
2016-09-06 13:59:42,54.92672265,7.864922920000001,93.285,-1.795,2.9539999999999997,1014.19,18.398,1.18971,7.477,1.882,-0.052000000000000005,100,1.9,3.0,1014.19,0.018616236131604236,290.3754794285223,7.710217441810575,194.12816175192478,True,42.89085680025106,5.410025256072426,6,5,20160906_flight01
2016-09-06 13:59:43,54.92683121,7.86392198,93.429,-1.402,2.909,1014.185,18.397,1.189709,7.627000000000001,1.81,-0.065,100,1.7,3.0,1014.185,0.018615564312956634,290.37489287728675,7.838828292544748,193.35017357156823,True,42.88312031715815,5.475465082909669,6,5,20160906_flight01
2016-09-06 13:59:44,54.92693729,7.8629209300000005,93.6,-1.587,2.9360000000000004,1014.166,18.386,1.189674,7.7589999999999995,1.624,-0.26899999999999996,100,1.8,3.0,1014.166,0.018664882226434365,290.36549288840536,7.927134223664943,191.8216528640414,True,42.87511814589523,5.540829563162595,6,5,20160906_flight01
2016-09-06 13:59:45,54.92704025,7.86191953,93.834,-1.671,2.9189999999999996,1014.1310000000001,18.343,1.189792,7.561,1.942,-0.207,100,2.0,3.0,1014.1310000000001,0.0186789520200763,290.32553113221996,7.806413068753152,194.4047286117913,True,42.866777646967634,5.606112327267371,6,5,20160906_flight01
2016-09-06 13:59:46,54.927140099999995,7.8609181999999995,94.089,-1.652,3.068,1014.1,18.307000000000002,1.189754,7.97,2.242,0.113,100,2.1,3.1,1014.1,0.018806172683376143,290.2922132129296,8.279339587189305,195.71155239460552,True,42.85810797065492,5.671287756324587,6,5,20160906_flight01
2016-09-06 13:59:47,54.92723761,7.85991713,94.31200000000001,-1.161,3.135,1014.092,18.369,1.18965,7.767,2.113,-0.064,100,1.5,3.2,1014.092,0.018670503555354268,290.35462053080465,8.049289285396569,195.2189092935243,True,42.84919460982641,5.73636961508432,6,5,20160906_flight01
2016-09-06 13:59:48,54.927332500000006,7.858917,94.65100000000001,-1.215,3.1,1014.041,18.357,1.189732,7.504,2.356,-0.10300000000000001,100,1.5,3.1,1014.041,0.018590995885392703,290.3468446847377,7.865160646801818,197.4305093545983,True,42.84002090062114,5.801306614850298,6,5,20160906_flight01
2016-09-06 13:59:49,54.92742466,7.85791754,95.07799999999999,-0.9440000000000001,2.907,1014.01,18.348,1.189696,7.622000000000001,2.5989999999999998,-0.16,100,1.4,3.1,1014.01,0.01862212722236256,290.3404190459974,8.052930212040833,198.82868939135835,True,42.83056995332611,5.866111794401067,6,5,20160906_flight01
2016-09-06 13:59:50,54.92751509,7.85691847,95.35700000000001,-1.0270000000000001,2.8009999999999997,1013.993,18.363,1.18952,7.974,2.275,0.35100000000000003,100,1.4,2.9,1013.993,0.018703340749937736,290.3567516968177,8.292183126294304,195.92356640739916,True,42.820942654509984,5.930835576013229,6,5,20160906_flight01
2016-09-06 13:59:51,54.927604259999995,7.855919699999999,95.182,-0.504,2.7489999999999997,1014.003,18.4,1.189648,8.068,2.399,0.19400000000000003,100,0.7,2.8,1014.003,0.018474510014975465,290.39278588179604,8.417115004560648,196.5597165694382,True,42.811187221905314,5.995499087858495,6,5,20160906_flight01
2016-09-06 13:59:52,54.92769213,7.85492092,94.90899999999999,-0.294,2.676,1014.018,18.410999999999998,1.189721,8.083,2.7110000000000003,0.168,100,0.6,2.7,1014.018,0.018388659567095678,290.40251360493204,8.525515233697023,198.54120941977448,True,42.80129343504035,6.060120158710075,6,5,20160906_flight01
2016-09-06 13:59:53,54.927778710000005,7.85392197,94.602,-0.514,2.71,1014.075,18.46,1.189605,7.827000000000001,2.6630000000000003,0.155,100,0.8,2.8,1014.075,0.01837406644685058,290.44664959682854,8.267617431884473,198.78997473661963,True,42.791259275745894,6.124709005550387,6,5,20160906_flight01
2016-09-06 13:59:54,54.92786365,7.85292293,94.346,-0.28600000000000003,2.8509999999999995,1014.1010000000001,18.465999999999998,1.189516,7.7620000000000005,2.1430000000000002,0.014000000000000002,100,0.8,2.9,1014.1010000000001,0.01845541857169186,290.4504958671201,8.052396723957408,195.43422398628599,True,42.78104908711424,6.189249092730198,6,5,20160906_flight01
2016-09-06 13:59:55,54.92794712,7.851923289999999,94.211,0.466,2.9,1014.112,18.503,1.189498,7.315,1.723,0.132,100,0.7,2.9,1014.112,0.018352669925502774,290.4864468293354,7.515181567999539,193.25405294170878,True,42.7706711159139,6.253777561884696,6,5,20160906_flight01
2016-09-06 13:59:56,54.92803027,7.850924,93.99,0.929,2.775,1014.145,18.468,1.189571,7.795,1.575,0.134,100,1.4,2.9,1014.145,0.018445532174540036,290.4488837434046,7.952524756327389,191.4229696235683,True,42.760265875261155,6.318273806835815,6,5,20160906_flight01
2016-09-06 13:59:57,54.92811471,7.84992352,93.675,1.621,2.71,1014.182,18.386,1.1897829999999998,7.603,2.193,0.045,100,1.8,2.8,1014.182,0.01858762843387285,290.36418274882584,7.9129550738014425,196.08961223720843,True,42.74997481895022,6.382886304761834,6,5,20160906_flight01
2016-09-06 13:59:58,54.92820098,7.848923,93.436,2.324,2.727,1014.205,18.471,1.189656,7.915,1.8019999999999998,-0.079,100,2.5,2.8,1014.205,0.018422538206329886,290.44695726657153,8.117538358394127,192.82585287646586,True,42.7398774815653,6.4475618877451355,6,5,20160906_flight01
2016-09-06 13:59:59,54.92828996,7.84792188,93.195,2.682,2.701,1014.2180000000001,18.4,1.1897010000000001,7.52,1.7180000000000002,0.155,100,2.8,2.8,1014.2180000000001,0.018645076463496002,290.37517861796243,7.7137490236589885,192.8687949857973,True,42.730056604620884,6.512364303479246,6,5,20160906_flight01
2016-09-06 14:00:00,54.928381970000004,7.84692045,92.87200000000001,3.162,2.594,1014.281,18.423,1.18974,7.597,1.564,-0.042,100,3.3,2.8,1014.281,0.018594602320954667,290.39292710242006,7.756320326030894,191.63299559636982,True,42.720551781375704,6.577286233125924,6,5,20160906_flight01
2016-09-06 14:00:01,54.92847855,7.84591821,92.48,3.286,2.5380000000000003,1014.3209999999999,18.426,1.189799,7.704,1.442,0.05,100,3.5,2.6,1014.3209999999999,0.01857378003841914,290.39263968974404,7.837791780852563,190.60169280961827,True,42.71151705233246,6.642409577866805,6,5,20160906_flight01
2016-09-06 14:00:02,54.928579600000006,7.84491527,91.93700000000001,3.167,2.445,1014.385,18.433,1.189896,7.707000000000001,1.375,-0.024,100,3.5,2.5,1014.385,0.01853055694084893,290.3943710665251,7.828695549068184,190.1156657576094,True,42.70294390782355,6.707724229022513,6,5,20160906_flight01
2016-09-06 14:00:03,54.92868479,7.843911,91.419,2.404,2.597,1014.436,18.433999999999997,1.1898609999999998,7.537000000000001,1.1660000000000001,-0.20800000000000002,100,2.7,2.6,1014.436,0.018608233779825234,290.39119148480313,7.626658835951692,188.79414053410696,True,42.694785144783445,6.773258181449582,6,5,20160906_flight01
2016-09-06 14:00:04,54.9287929,7.842905640000001,91.084,1.94,2.761,1014.477,18.38,1.190166,7.865,1.916,0.139,100,2.0,2.9,1014.477,0.01857699213136077,290.3340564260232,8.095015812214328,193.69119575523,True,42.68691572519868,6.838956197429769,6,5,20160906_flight01
2016-09-06 14:00:05,54.928904329999995,7.84190058,90.9,1.949,3.1260000000000003,1014.482,18.368,1.190037,7.934,2.162,0.158,100,2.1,3.3,1014.482,0.018734359910650644,290.32169641882234,8.223296176108459,195.24289690727193,True,42.67940492612782,6.904745643297509,6,5,20160906_flight01
2016-09-06 14:00:06,54.92901869,7.8408966399999995,91.09899999999999,1.016,3.427,1014.459,18.461,1.189911,7.597,1.818,-0.049,100,1.7,3.5,1014.459,0.018494215344040388,290.41619787647767,7.8115000480061445,193.45807491884003,True,42.672227088938385,6.9705629368748765,6,5,20160906_flight01
2016-09-06 14:00:07,54.92913364,7.83989416,91.669,-0.222,3.412,1014.404,18.479,1.189757,7.572,1.702,-0.013999999999999999,100,0.4,3.5,1014.404,0.018507952987389498,290.4386276969528,7.760927006485759,192.66813918812346,True,42.665140069588844,7.0363095649837595,6,5,20160906_flight01
2016-09-06 14:00:08,54.92924808,7.8388930000000006,92.277,0.131,3.299,1014.31,18.445999999999998,1.189684,7.6339999999999995,1.959,-0.063,100,0.4,3.4,1014.31,0.018591324615543803,290.4134592645199,7.881347410183109,194.39240898213058,True,42.65802426619083,7.101957743249563,6,5,20160906_flight01
2016-09-06 14:00:09,54.92936265,7.837893,92.80799999999999,0.419,3.1,1014.2589999999999,18.464,1.18961,7.367999999999999,1.885,-0.122,100,0.6,3.1,1014.2589999999999,0.018540594162691937,290.4355628691666,7.605304004443214,194.3505201921493,True,42.65094461586228,7.167538555638052,6,5,20160906_flight01
2016-09-06 14:00:10,54.92947669,7.83689395,93.227,-0.07800000000000001,3.049,1014.206,18.474,1.18949,7.356,1.8090000000000002,-0.23800000000000002,100,0.2,3.1,1014.206,0.01855519087305102,290.44986328364365,7.575171087176843,193.81610900403746,True,42.64382693122067,7.233043116560631,6,5,20160906_flight01
2016-09-06 14:00:11,54.92959053,7.835895010000001,93.551,-0.052000000000000005,2.963,1014.19,18.461,1.189412,7.652,1.841,-0.07300000000000001,100,0.5,3.0,1014.19,0.018651326040399763,290.4382260609944,7.870348467507649,193.52773007051206,True,42.63669010908666,7.298534256583788,6,5,20160906_flight01
2016-09-06 14:00:12,54.92970453,7.83489643,93.7,-0.634,3.0,1014.1519999999999,18.394,1.189511,7.7170000000000005,1.838,0.079,100,0.9,3.0,1014.1519999999999,0.018762451240749156,290.37460719407267,7.932864110773612,193.3968472905736,True,42.62957722361142,7.36400845319758,6,5,20160906_flight01
2016-09-06 14:00:13,54.92981718,7.83389776,93.78200000000001,-0.603,3.017,1014.1510000000001,18.403,1.189508,7.477,1.942,0.095,100,0.9,3.1,1014.1510000000001,0.01873256766042286,290.3836529856044,7.72508207076145,194.55971624412467,True,42.62231912948731,7.429443495587713,6,5,20160906_flight01
2016-09-06 14:00:14,54.92992849,7.83289938,93.90100000000001,0.295,3.017,1014.122,18.492,1.1894330000000002,7.428,1.67,-0.084,100,0.5,3.1,1014.122,0.01845677528202483,290.4746716329484,7.613414739786609,192.6708387841244,True,42.61492420675745,7.494816236295608,6,5,20160906_flight01
2016-09-06 14:00:15,54.93003996,7.83190072,94.01799999999999,-0.084,2.845,1014.11,18.5,1.189297,7.169,1.472,-0.21400000000000002,100,0.3,2.9,1014.11,0.018533247197981106,290.48362267330486,7.3185616756299865,191.60318751397207,True,42.60754089687934,7.560211576635356,6,5,20160906_flight01
2016-09-06 14:00:16,54.93015111,7.83090186,94.07799999999999,-0.5820000000000001,2.742,1014.099,18.47,1.189289,7.001,1.5830000000000002,-0.07,100,0.8,2.9,1014.099,0.01863383027362664,290.45464371029254,7.177735715391032,192.74093316202308,True,42.600119726776995,7.625608675072974,6,5,20160906_flight01
2016-09-06 14:00:17,54.93026136,7.829902,94.023,-0.73,2.847,1014.105,18.416,1.189392,7.079,1.757,-0.268,100,0.8,2.9,1014.105,0.018740286716686372,290.40036810445025,7.2937843401076785,193.93907717411207,True,42.592583650319696,7.691037749537688,6,5,20160906_flight01
2016-09-06 14:00:18,54.930370540000006,7.828902,94.182,-1.217,2.779,1014.097,18.385,1.189463,8.009,2.15,-0.321,100,1.4,2.8,1014.097,0.01877976032558437,290.3701471654281,8.292561787529834,195.02666156017642,True,42.58493116032129,7.75644003329364,6,5,20160906_flight01
2016-09-06 14:00:19,54.930478480000005,7.827902,94.3,-1.0590000000000002,2.8909999999999996,1014.0840000000001,18.396,1.1894419999999999,7.442,2.504,0.275,100,1.5,3.0,1014.0840000000001,0.01874624832653149,290.38216785163877,7.851966632634145,198.59647495826817,True,42.57714688531495,7.821801245527399,6,5,20160906_flight01
2016-09-06 14:00:20,54.93058382,7.8269020000000005,94.345,-1.9180000000000001,3.0,1014.073,18.473,1.189354,7.247999999999999,2.1390000000000002,0.057999999999999996,100,2.0,3.0,1014.073,0.01854156744673241,290.45976157165654,7.557038110265158,196.4421676678475,True,42.56908628690543,7.8870763400533255,6,5,20160906_flight01
2016-09-06 14:00:21,54.9306855,7.825902,94.47200000000001,-2.074,2.84,1014.056,18.497,1.189179,7.25,1.97,-0.165,100,2.3,3.0,1014.056,0.01859055095665929,290.4850585861025,7.512882269808306,195.20160876810098,True,42.56063671016735,7.952230207344679,6,5,20160906_flight01
2016-09-06 14:00:22,54.93078471,7.8249019099999995,94.618,-3.055,2.7560000000000002,1014.029,18.480999999999998,1.189038,7.039,1.814,-0.33399999999999996,100,3.6,2.8,1014.029,0.01874010373086077,290.47133428098493,7.268983216379028,194.4510905445867,True,42.55192289316058,8.017307823553768,6,5,20160906_flight01
2016-09-06 14:00:23,54.93087896,7.8239006700000004,94.714,-3.071,2.717,1014.018,18.415,1.188992,7.443,1.6909999999999998,0.128,100,3.7,2.8,1014.018,0.018999078588074703,290.40649771136066,7.632675153574924,192.79994062506134,True,42.54265979178499,8.082292207577321,6,5,20160906_flight01
2016-09-06 14:00:24,54.930968979999996,7.82289899,94.512,-0.993,2.708,1014.063,18.427,1.1890230000000002,8.031,1.18,-0.207,100,2.1,2.8,1014.063,0.018975793098980454,290.4147641209281,8.117226188791342,188.3586972962243,True,42.53293866087056,8.14716367055576,6,5,20160906_flight01
2016-09-06 14:00:25,54.931057440000004,7.82189611,94.294,-0.8640000000000001,2.517,1014.1030000000001,18.409,1.189364,7.529,1.967,-0.0069999999999999975,100,1.1,2.6,1014.1030000000001,0.018786720028584947,290.3935598841805,7.781704826064787,194.6416278287859,True,42.52302862877891,8.212057606112904,6,5,20160906_flight01
2016-09-06 14:00:26,54.9311431,7.82089234,93.992,-0.8140000000000001,2.8209999999999997,1014.1110000000001,18.371,1.189468,7.45,2.17,0.133,100,1.0,2.9,1014.1110000000001,0.018838468745260295,290.3550566887099,7.759600505180663,196.23952990862207,True,42.512803879843524,8.276913789065091,6,5,20160906_flight01
2016-09-06 14:00:27,54.931226669999994,7.81988834,93.9,-0.456,2.707,1014.128,18.479,1.1892719999999999,7.544,1.761,-0.419,100,0.8,2.8,1014.128,0.018646083653641954,290.46123217723647,7.746809472292448,193.139304196157,True,42.50235258053527,8.341714957409668,6,5,20160906_flight01
2016-09-06 14:00:28,54.93130954,7.818883929999999,93.9,0.335,2.615,1014.12,18.371,1.189464,8.328,2.3,0.017000000000000005,100,0.8,2.8,1014.12,0.018850936941211982,290.3543197184462,8.639767589466743,195.43891498582173,True,42.49181899152762,8.406518272479065,6,5,20160906_flight01
2016-09-06 14:00:29,54.931392869999996,7.817879420000001,93.891,0.8910000000000001,2.877,1014.125,18.412,1.189412,8.126,2.327,-0.035,100,1.1,2.9,1014.125,0.018757223996836547,290.3947461527122,8.45262119108623,195.97984636222208,True,42.48133236491074,8.471343002358005,6,5,20160906_flight01
2016-09-06 14:00:30,54.93147623,7.816875230000001,93.936,1.23,2.915,1014.118,18.456,1.189376,7.7589999999999995,2.147,0.032,100,1.3,3.0,1014.118,0.018627305156383,290.43914336278004,8.050570787217513,195.4673474419335,True,42.47085508854496,8.53614895438239,6,5,20160906_flight01
2016-09-06 14:00:31,54.931559799999995,7.81587138,94.09700000000001,0.875,2.872,1014.11,18.49,1.189343,7.474,2.421,-0.40700000000000003,100,1.2,3.0,1014.11,0.01852877655753149,290.4736626656699,7.856329741043206,197.94832809302767,True,42.4604066776288,8.600940854826653,6,5,20160906_flight01
2016-09-06 14:00:32,54.931644260000006,7.81486792,94.416,1.4129999999999998,2.7260000000000004,1014.081,18.464,1.1892740000000002,8.039,2.6069999999999998,-0.011999999999999997,100,1.5,2.8,1014.081,0.018649555743862845,290.4501421455899,8.451151992480078,197.96757107675091,True,42.45006036416031,8.665738137484226,6,5,20160906_flight01
2016-09-06 14:00:33,54.93173118,7.81386506,94.5,1.825,2.8,1014.068,18.486,1.189121,7.803999999999999,2.2,-0.015,100,2.0,2.8,1014.068,0.018690709276106166,290.4731193295053,8.108169707153396,195.74350065098787,True,42.439987048708986,8.730579829140147,6,5,20160906_flight01
2016-09-06 14:00:34,54.93181983,7.81286245,94.5,1.641,2.778,1014.077,18.494,1.189313,7.7669999999999995,2.4459999999999997,0.033,100,1.9,2.9,1014.077,0.01850735458102526,290.4803501085813,8.143046420105929,197.48036711974785,True,42.43010240858658,8.795463375693586,6,5,20160906_flight01
2016-09-06 14:00:35,54.93190967,7.81186005,94.494,1.5570000000000002,2.5660000000000003,1014.087,18.479,1.189271,7.785,2.1830000000000003,-0.013999999999999999,100,1.7,2.7,1014.087,0.018605757488042052,290.46459076407297,8.085277608097325,195.6640831943154,True,42.420348283309,8.860373362598818,6,5,20160906_flight01
2016-09-06 14:00:36,54.93200166,7.810857670000001,94.25399999999999,2.08,2.545,1014.102,18.416,1.1893880000000001,7.817,2.488,0.14300000000000002,100,2.3,2.6,1014.102,0.018740699093196644,290.40061380286386,8.203391554716866,197.6552671960593,True,42.41082304134829,8.925353326503572,6,5,20160906_flight01
2016-09-06 14:00:37,54.932096709999996,7.80985515,93.92300000000002,2.052,2.547,1014.137,18.497,1.189329,7.871,2.104,-0.151,100,2.3,2.6,1014.137,0.01854343669797842,290.4784228270712,8.147358897213255,194.96584510580198,True,42.40162031494506,8.990443294366479,6,5,20160906_flight01
2016-09-06 14:00:38,54.93219451,7.80885224,93.65899999999999,1.699,2.599,1014.182,18.516,1.1893040000000001,8.283999999999999,1.969,0.099,100,1.8,2.7,1014.182,0.018543688347097964,290.4936602190434,8.514788135943252,193.37036608368538,True,42.392702343860954,9.05564844480751,6,5,20160906_flight01
2016-09-06 14:00:39,54.93229458,7.80784895,93.32799999999999,1.7280000000000002,2.7,1014.207,18.426,1.189418,8.012,2.0540000000000003,0.442,100,1.8,2.7,1014.207,0.01878553976773145,290.40197464968753,8.271097871504121,194.37898581738932,True,42.38401830710211,9.12095226131241,6,5,20160906_flight01
2016-09-06 14:00:40,54.932396170000004,7.80684578,92.84899999999999,1.2329999999999999,2.835,1014.2719999999999,18.463,1.18947,7.605,2.245,0.425,100,1.7,2.9,1014.2719999999999,0.018677025513068157,290.43350226421956,7.929441972799852,196.44662813189547,True,42.375498123970736,9.186299009234279,6,5,20160906_flight01
2016-09-06 14:00:41,54.932498990000006,7.80584287,92.495,1.854,2.636,1014.304,18.529,1.189481,7.626,1.982,-0.036000000000000004,100,2.7,2.9,1014.304,0.01846923629036845,290.4966141261039,7.879352765297415,194.56886758229786,True,42.36711366961045,9.25167043309547,6,5,20160906_flight01
2016-09-06 14:00:42,54.93260489,7.804839960000001,92.22200000000001,3.174,2.516,1014.3430000000001,18.526,1.189335,7.721,1.969,-0.07,100,3.4,2.6,1014.3430000000001,0.01864390320410081,290.4904318940711,7.968111570504018,194.306562158193,True,42.359056552203626,9.317143873317843,6,5,20160906_flight01
2016-09-06 14:00:43,54.93271522,7.80383673,91.915,3.008,2.6060000000000003,1014.3889999999999,18.498,1.189356,7.9079999999999995,2.104,0.003000000000000001,100,3.3,2.7,1014.3889999999999,0.018769910411948976,290.4587785238203,8.183109433461096,194.89894374003163,True,42.35146408546147,9.382783816386265,6,5,20160906_flight01
2016-09-06 14:00:44,54.93282972,7.80283373,91.696,2.516,2.721,1014.4019999999999,18.461,1.189474,7.9110000000000005,2.617,0.251,100,2.7,2.8,1014.4019999999999,0.018811151450062402,290.42086493144114,8.33262323641241,198.30448427531923,True,42.344319227814744,9.448547668228585,6,5,20160906_flight01
2016-09-06 14:00:45,54.93294779,7.80183147,91.553,1.964,2.8759999999999994,1014.4169999999999,18.483,1.189343,7.98,2.485,-0.08900000000000001,100,2.5,2.9,1014.4169999999999,0.018861569160671943,290.44154684640176,8.357967755381688,197.29677181543383,True,42.3375680328567,9.514384044666055,6,5,20160906_flight01
2016-09-06 14:00:46,54.93306877,7.800830110000001,91.6,1.083,2.985,1014.404,18.410999999999998,1.189452,8.458,1.8319999999999999,0.12300000000000001,100,1.2,3.1,1014.404,0.01900672423574523,290.3709052595978,8.65413126778188,192.22145606333743,True,42.3311434379061,9.580261199289481,6,5,20160906_flight01
2016-09-06 14:00:47,54.93319148,7.799829560000001,91.65899999999999,0.733,3.1790000000000003,1014.401,18.465999999999998,1.189541,8.276,2.164,0.29100000000000004,100,1.0,3.2,1014.401,0.018735296022662995,290.4259264078024,8.554242923836101,194.65356097200106,True,42.324918301614176,9.646145608648787,6,5,20160906_flight01
2016-09-06 14:00:48,54.9333146,7.798830000000001,91.811,0.48200000000000004,3.15,1014.391,18.527,1.189441,7.682,1.8030000000000002,0.07,100,0.8,3.2,1014.391,0.018597831217938898,290.4874964718727,7.890749837626333,193.20850552856126,True,42.31875580278581,9.711982429965936,6,5,20160906_flight01
2016-09-06 14:00:49,54.933437729999994,7.79783112,91.97399999999999,0.17900000000000002,3.0060000000000002,1014.3789999999999,18.468999999999998,1.189476,8.01,2.022,0.043,100,0.3,3.1,1014.3789999999999,0.01875839005480806,290.430715626285,8.261270120266012,194.1674472431116,True,42.312607460782516,9.777777568022948,6,5,20160906_flight01
2016-09-06 14:00:50,54.93356133,7.79683278,92.12899999999999,-0.182,3.0210000000000004,1014.3480000000001,18.453999999999997,1.189404,8.059,1.9480000000000002,0.102,100,0.3,3.1,1014.3480000000001,0.018841330502223474,290.4183151255855,8.291090700263746,193.58873404688217,True,42.30651946776171,9.843554909070907,6,5,20160906_flight01
2016-09-06 14:00:51,54.93368477,7.795835009999999,92.2,-0.222,2.8709999999999996,1014.3209999999999,18.492,1.189514,8.325,2.379,-0.07100000000000001,100,0.3,2.9,1014.3209999999999,0.018587260429254515,290.45837182894456,8.658248437184046,195.94812284297558,True,42.30042544611235,9.909291732545825,6,5,20160906_flight01
2016-09-06 14:00:52,54.93380782,7.79483746,92.27600000000001,-0.331,2.8,1014.327,18.496,1.189462,8.355,2.215,-0.081,100,0.5,2.8,1014.327,0.018623844876221707,290.46186420070734,8.643624818327089,194.84815400311732,True,42.29429421226134,9.975002045444068,6,5,20160906_flight01
2016-09-06 14:00:53,54.93392968999999,7.79383965,92.373,-0.48,2.766,1014.313,18.5,1.189401,8.002,1.868,-0.20600000000000002,100,0.5,2.8,1014.313,0.018648055296819344,290.46699456810234,8.21714232565069,193.1399072467529,True,42.28803256354977,10.040689338512419,6,5,20160906_flight01
2016-09-06 14:00:54,54.93405017,7.79284145,92.46,0.032,2.7689999999999997,1014.3059999999999,18.5,1.189425,8.586,2.137,-0.051,100,0.4,2.8,1014.3059999999999,0.0186204714274254,290.4675678797957,8.847946937001826,193.97656202185715,True,42.281615678277745,10.106354688270695,6,5,20160906_flight01
2016-09-06 14:00:55,54.9341711,7.7918433,92.402,0.581,2.782,1014.3059999999999,18.482,1.189453,8.234,2.441,0.11900000000000001,100,0.7,2.9,1014.3059999999999,0.018659362292311243,290.4496408569195,8.588203362752887,196.5126532380146,True,42.275247581006866,10.172031853716557,6,5,20160906_flight01
2016-09-06 14:00:56,54.93429164,7.79084646,92.3,0.19399999999999998,2.9,1014.3209999999999,18.5,1.189317,7.726,1.962,-0.08800000000000001,100,0.4,2.9,1014.3209999999999,0.018728035917236374,290.46633936096885,7.971230770715398,194.24892687919618,True,42.26886326051618,10.237615161842893,6,5,20160906_flight01
2016-09-06 14:00:57,54.934411250000004,7.78985007,92.39399999999999,0.428,2.853,1014.3079999999999,18.494,1.1894150000000001,7.837999999999999,2.1919999999999997,0.022000000000000002,100,0.5,2.9,1014.3079999999999,0.018652000321868645,290.46142840501335,8.138741180305464,195.62434949219846,True,42.262388766446996,10.303139862626786,6,5,20160906_flight01
2016-09-06 14:00:58,54.93453213,7.7888528,92.353,0.375,2.761,1014.309,18.441999999999997,1.1893690000000001,8.309,2.214,0.061000000000000006,100,0.5,2.8,1014.309,0.018874066806559897,290.40955737153445,8.598911384588167,194.92025769735977,True,42.256032300497765,10.368761000280571,6,5,20160906_flight01
2016-09-06 14:00:59,54.93465378,7.78785523,92.186,0.28800000000000003,2.782,1014.3489999999999,18.499000000000002,1.189332,8.17,1.9,0.016,100,0.4,2.8,1014.3489999999999,0.01874680194109879,290.46305025469445,8.388021220764763,193.09189306434683,True,42.24975189200288,10.434426177825454,6,5,20160906_flight01
2016-09-06 14:01:00,54.93477506999999,7.786857189999999,92.03399999999999,0.295,2.867,1014.367,18.404,1.189617,8.368,2.267,0.068,100,0.4,2.9,1014.367,0.018852686497543347,290.3669629046762,8.669643187582752,195.15832069725855,True,42.24342417304907,10.500108470801191,6,5,20160906_flight01
2016-09-06 14:01:01,54.934896339999995,7.7858592,92.0,0.345,2.804,1014.3789999999999,18.343,1.189686,8.095,2.915,-0.005,100,0.4,2.9,1014.3789999999999,0.019018849810714666,290.3052290490424,8.60385088201789,199.80388888935428,True,42.237095291328615,10.565787012032999,6,5,20160906_flight01
2016-09-06 14:01:02,54.935017609999996,7.78486177,92.086,0.201,2.9339999999999997,1014.3430000000001,18.433999999999997,1.189605,8.601,2.842,0.11800000000000001,100,0.5,3.0,1014.3430000000001,0.018734033114680138,290.39880584415863,9.058375406219374,198.28493403346266,True,42.23077719293866,10.631430953103457,6,5,20160906_flight01
2016-09-06 14:01:03,54.93513969,7.78386517,92.193,1.472,2.977,1014.328,18.5,1.189456,8.418,2.433,-0.235,100,2.0,3.1,1014.328,0.01861601680390579,290.4657660601785,8.762546034115882,196.12053764605963,True,42.22456116235321,10.697050440770123,6,5,20160906_flight01
2016-09-06 14:01:04,54.93526321,7.78286914,92.471,1.204,2.995,1014.298,18.551000000000002,1.189321,8.142000000000001,1.962,-0.32299999999999995,100,1.9,3.1,1014.298,0.018523403543533767,290.51901644544876,8.375058686361548,193.5484197742615,True,42.21850914831152,10.762682406376573,6,5,20160906_flight01
2016-09-06 14:01:05,54.935387199999994,7.78187321,92.851,0.511,2.74,1014.2719999999999,18.58,1.18925,7.851,1.845,-0.272,100,0.6,2.8,1014.2719999999999,0.01845684924955493,290.55002903005266,8.064876068483631,193.22465493159578,True,42.21250901063242,10.828323760814172,6,5,20160906_flight01
2016-09-06 14:01:06,54.93551155,7.78087702,93.0,0.591,2.725,1014.24,18.512,1.189243,8.335,2.0780000000000003,-0.084,100,0.6,2.8,1014.24,0.018668155410732634,290.48492521121517,8.590128578781577,193.99903632061267,True,42.20654212657217,10.89399310360319,6,5,20160906_flight01
2016-09-06 14:01:07,54.935637459999995,7.779880950000001,92.94,-0.16399999999999998,2.782,1014.235,18.486,1.1892280000000002,8.342,2.252,-0.171,100,0.5,2.9,1014.235,0.018766799444165816,290.45943966678215,8.640628912295679,195.10739853262407,True,42.20074334726601,10.959706702696103,6,5,20160906_flight01
2016-09-06 14:01:08,54.93576271,7.77888458,92.995,-0.755,2.7089999999999996,1014.242,18.5,1.189257,7.86,2.428,-0.037000000000000005,100,1.2,2.9,1014.242,0.018700085203168015,290.47280982264186,8.22646850112489,197.16622478422352,True,42.194868647543544,11.02541697694129,6,5,20160906_flight01
2016-09-06 14:01:09,54.93588528,7.77788771,93.087,-1.546,3.009,1014.2230000000001,18.502,1.189162,7.497999999999999,2.063,-0.201,100,1.7,3.1,1014.2230000000001,0.018755396120048395,290.4763580443613,7.776629925616879,195.38371041112265,True,42.18869949418572,11.091069376704251,6,5,20160906_flight01
2016-09-06 14:01:10,54.936005400000006,7.77689081,93.295,-1.4529999999999998,2.8609999999999998,1014.201,18.467,1.189143,7.7379999999999995,2.273,0.045,100,1.6,3.0,1014.201,0.018871845787584274,290.4433009840998,8.064934779649493,196.36989528861403,True,42.182269381481625,11.156642480668953,6,5,20160906_flight01
2016-09-06 14:01:11,54.93612396,7.7758941,93.40800000000002,-1.521,2.908,1014.193,18.5,1.189068,7.585,2.126,-0.151,100,1.8,3.0,1014.193,0.01881278235961026,290.476823472654,7.877315596064435,195.65765555223845,True,42.17567713336484,11.222152174668299,6,5,20160906_flight01
2016-09-06 14:01:12,54.936239779999994,7.774897210000001,93.5,-1.631,2.938,1014.183,18.404,1.189233,7.978,2.237,0.19899999999999998,100,1.8,3.0,1014.183,0.018996797820169276,290.3820285106515,8.285689651441212,195.66328865617777,True,42.1687902168214,11.287582235332806,6,5,20160906_flight01
2016-09-06 14:01:13,54.9363529,7.77390036,93.5,-1.7109999999999999,2.907,1014.182,18.49,1.189203,7.834,1.9340000000000002,-0.017,100,1.9,3.0,1014.182,0.018721006018478592,290.4677647249999,8.069195251076776,193.86747370078442,True,42.16161711929158,11.35292039463064,6,5,20160906_flight01
2016-09-06 14:01:14,54.936462979999995,7.772903199999999,93.545,-1.704,2.8859999999999997,1014.185,18.445,1.189364,8.309,2.207,-0.013999999999999999,100,1.9,2.9,1014.185,0.0187433102871295,290.42269990276844,8.597111724294386,194.87517878468174,True,42.15411496659123,11.418177016115035,6,5,20160906_flight01
2016-09-06 14:01:15,54.936570339999996,7.7719059900000005,93.689,-0.76,2.9930000000000003,1014.1569999999999,18.458,1.189239,8.214,2.378,-0.094,100,1.3,3.0,1014.1569999999999,0.018776841312571735,290.4379409580585,8.551296977651987,196.14603246852423,True,42.14632277430373,11.48334663452858,6,5,20160906_flight01
2016-09-06 14:01:16,54.9366756,7.770908990000001,93.931,-0.7190000000000001,3.0,1014.109,18.495,1.189128,8.241,2.266,0.03,100,0.9,3.0,1014.109,0.01869446193694646,290.478724590526,8.546861236734804,195.37447371354517,True,42.13831144147853,11.548433721271735,6,5,20160906_flight01
2016-09-06 14:01:17,54.936779200000004,7.7699123199999995,94.086,-0.684,2.944,1014.096,18.525,1.1889560000000001,8.011000000000001,2.012,0.022000000000000002,100,0.9,3.0,1014.096,0.01872397960416694,290.5096697143626,8.259798121019665,194.09849220553167,True,42.1301300412507,11.613445435789906,6,5,20160906_flight01
2016-09-06 14:01:18,54.93688122,7.7689156200000005,94.12899999999999,-0.475,2.8459999999999996,1014.09,18.569000000000003,1.188822,7.636,1.6969999999999998,-0.126,100,0.6,2.9,1014.09,0.018679108039472814,290.5539855822235,7.822295379234921,192.52960218181448,True,42.121780143737,11.678406670819161,6,5,20160906_flight01
2016-09-06 14:01:19,54.93698235,7.76791831,94.2,-0.455,2.7,1014.099,18.523,1.188777,7.235,1.874,-0.258,100,0.7,2.7,1014.099,0.018887374485871078,290.50743191451943,7.473760833743611,194.5215371929942,True,42.11332391247021,11.743376116556618,6,5,20160906_flight01
2016-09-06 14:01:20,54.93708182,7.76692039,94.259,-0.73,2.73,1014.095,18.500999999999998,1.1887560000000001,7.648,2.106,-0.192,100,0.9,2.8,1014.095,0.01897821311105763,290.4858475258363,7.9326628568217865,195.39575109706556,True,42.1046795132103,11.808328268911286,6,5,20160906_flight01
2016-09-06 14:01:21,54.937180399999995,7.76592178,94.3,-0.893,2.7489999999999997,1014.0980000000001,18.451999999999998,1.188903,7.372999999999999,2.085,-0.12,100,1.2,2.8,1014.0980000000001,0.019026442900041296,290.4367975510352,7.662137691271281,195.79029574901375,True,42.09592723971927,11.873293574853555,6,5,20160906_flight01
2016-09-06 14:01:22,54.93727711,7.76492298,94.3,-1.3769999999999998,2.8,1014.0930000000001,18.387999999999998,1.189079,7.6129999999999995,2.338,-0.004000000000000001,100,1.5,2.8,1014.0930000000001,0.019094257442208606,290.3734627486289,7.963919449617757,197.07205020044634,True,42.08697256730547,11.938208681631462,6,5,20160906_flight01
2016-09-06 14:01:23,54.93737153,7.7639239,94.37200000000001,-0.7959999999999999,2.7489999999999997,1014.0790000000001,18.38,1.189062,7.865,2.617,-0.132,100,1.2,2.8,1014.0790000000001,0.019122723587626567,290.36664118078767,8.288963385128445,198.40434677664902,True,42.07776912607558,12.003065238662902,6,5,20160906_flight01
2016-09-06 14:01:24,54.937464680000005,7.7629252399999995,94.4,-0.8170000000000001,2.7,1014.085,18.37,1.1889720000000001,7.862,2.447,-0.08800000000000001,100,0.9,2.7,1014.085,0.019240858819034923,290.3561897533781,8.234005890209213,197.2884379814112,True,42.0684387989892,12.067853780385406,6,5,20160906_flight01
2016-09-06 14:01:25,54.93755584,7.761926150000001,94.387,-0.6629999999999999,2.7,1014.086,18.347,1.189108,8.067,2.34,-0.046,100,0.7,2.7,1014.086,0.019205703824271447,290.33319969234327,8.399529093943304,196.17589330437067,True,42.05888869816306,12.132602976919983,6,5,20160906_flight01
2016-09-06 14:01:26,54.93764522000001,7.760927000000001,94.28299999999999,-0.368,2.7,1014.095,18.493,1.1890530000000001,7.414,2.26,-0.008,100,0.6,2.7,1014.095,0.018751638557227723,290.47787948602087,7.750806151620616,196.95272613268128,True,42.0491482667282,12.197296923107505,6,5,20160906_flight01
2016-09-06 14:01:27,54.937732880000006,7.759927,94.2,-0.146,2.7460000000000004,1014.099,18.475,1.189164,7.795,2.425,-0.07300000000000001,100,0.6,2.8,1014.099,0.01872343822265421,290.4596237295592,8.163494962330779,197.2807537389034,True,42.03920866917841,12.261986417221028,6,5,20160906_flight01
2016-09-06 14:01:28,54.93782033,7.7589279,94.135,0.385,2.6790000000000003,1014.099,18.381999999999998,1.189164,8.096,2.736,0.247,100,0.6,2.7,1014.099,0.01904841551418568,290.3669953711988,8.545812541824212,198.67240776920693,True,42.02926408355219,12.326613348271216,6,5,20160906_flight01
2016-09-06 14:01:29,54.93790826,7.7579281700000005,93.899,0.733,2.734,1014.125,18.494,1.18907,7.781000000000001,2.487,0.062,100,0.8,2.8,1014.125,0.01876371771864438,290.47641786982393,8.168789996076532,197.7251651786601,True,42.01935838023092,12.391295103156764,6,5,20160906_flight01
2016-09-06 14:01:30,54.937995709999996,7.756929,93.741,0.782,2.8,1014.158,18.504,1.189071,7.507000000000001,2.3609999999999998,0.077,100,0.9,2.8,1014.158,0.018761080197509328,290.48367446732686,7.869521586475255,197.4586985410694,True,42.0094124466884,12.455926359227103,6,5,20160906_flight01
2016-09-06 14:01:31,54.93808329,7.755929,93.67200000000001,1.1520000000000001,2.727,1014.173,18.534000000000002,1.189046,7.4479999999999995,2.0580000000000003,-0.08,100,1.4,2.8,1014.173,0.018692783932246826,290.51232519312583,7.727099585226012,195.44631636769256,True,41.99946434688086,12.52061320356525,6,5,20160906_flight01
2016-09-06 14:01:32,54.938172359999996,7.75492963,93.567,1.6540000000000001,2.684,1014.19,18.496,1.1888770000000002,7.435,1.859,-0.16899999999999998,100,1.9,2.7,1014.19,0.018987421888289724,290.47308530125673,7.6638832193607955,194.0380566828856,True,41.98968673288448,12.58531047479238,6,5,20160906_flight01
2016-09-06 14:01:33,54.93826355,7.75392902,93.46,1.986,2.55,1014.1990000000001,18.435,1.188971,7.891,2.343,-0.155,100,2.0,2.6,1014.1990000000001,0.019129061308497564,290.4115935671534,8.23149621879279,196.5372358639143,True,41.980110551366316,12.650154579716986,6,5,20160906_flight01
2016-09-06 14:01:34,54.93835742,7.752929,93.353,2.331,2.7060000000000004,1014.197,18.410999999999998,1.189043,7.501,2.408,-0.049,100,2.7,2.8,1014.197,0.019149225399333725,290.3878539252895,7.878036874755031,197.7978697473232,True,41.97083055651803,12.71505099838329,6,5,20160906_flight01
2016-09-06 14:01:35,54.93845399,7.7519290000000005,93.3,2.7889999999999997,2.8,1014.215,18.392,1.189187,7.999,2.509,0.121,100,2.9,2.8,1014.215,0.01911031298549637,290.36745649751805,8.383262014275827,197.4147741466709,True,41.96183789801447,12.780035611256608,6,5,20160906_flight01
2016-09-06 14:01:36,54.93855506,7.750929,93.29,2.326,2.8,1014.2090000000001,18.404,1.1892360000000002,8.288,2.68,-0.161,100,2.8,2.8,1014.2090000000001,0.019020350612884318,290.37989946178095,8.710530638256202,197.91908441094824,True,41.95332349155484,12.845169274008821,6,5,20160906_flight01
2016-09-06 14:01:37,54.93865976,7.74992964,93.38300000000001,1.791,2.83,1014.202,18.377,1.189324,8.369,2.737,0.018999999999999996,100,2.0,3.0,1014.202,0.019032288695633115,290.35358133742403,8.805187675455873,198.10982901254818,True,41.945207198883615,12.910383627288336,6,5,20160906_flight01
2016-09-06 14:01:38,54.93876653,7.74893115,93.495,1.347,2.921,1014.178,18.458,1.189158,8.128,2.5340000000000003,-0.07100000000000001,100,1.5,3.0,1014.178,0.018867332827218197,290.4362209610085,8.513844020182658,197.315484339987,True,41.93732765482671,12.97561278968999,6,5,20160906_flight01
2016-09-06 14:01:39,54.93887488,7.747933349999999,93.661,1.4769999999999999,2.8,1014.17,18.351,1.1894289999999998,8.136999999999999,2.9160000000000004,0.021,100,1.5,2.8,1014.17,0.019001061535546038,290.33030591414865,8.643715925457059,199.7158025343405,True,41.92962931697949,13.040851652818318,6,5,20160906_flight01
2016-09-06 14:01:40,54.93898518,7.74693644,93.7,1.422,2.8,1014.16,18.430999999999997,1.1893529999999999,8.157,2.89,0.043,100,1.5,2.8,1014.16,0.01877653306100724,290.410803599969,8.653828574682999,199.50907957132824,True,41.9221553594782,13.106100114685347,6,5,20160906_flight01
2016-09-06 14:01:41,54.93909733,7.74594016,93.73700000000001,1.1340000000000001,2.839,1014.1640000000001,18.472,1.189421,8.249,3.105,0.01,100,1.4,2.9,1014.1640000000001,0.018579081714828805,290.4513114189607,8.814024392977364,200.626802317674,True,41.91489014795245,13.17137092743199,6,5,20160906_flight01
2016-09-06 14:01:42,54.93921091,7.74494478,93.855,0.8860000000000001,2.802,1014.13,18.453999999999997,1.189379,8.074,3.3360000000000003,0.048999999999999995,100,1.1,2.9,1014.13,0.018643775614611835,290.43616846955626,8.736038690390513,202.44934229820655,True,41.9077942446507,13.236633497515573,6,5,20160906_flight01
2016-09-06 14:01:43,54.939325170000004,7.74395025,93.916,-0.091,2.805,1014.1210000000001,18.515,1.189103,7.572,3.0269999999999997,-0.076,100,0.4,2.9,1014.1210000000001,0.018658077709562182,290.49766149839274,8.154625251965905,201.78966694391892,True,41.900786978102616,13.301866072590048,6,5,20160906_flight01
2016-09-06 14:01:44,54.93943873,7.74295605,94.069,0.586,2.786,1014.125,18.424,1.189131,8.218,2.832,-0.048,100,0.7,2.9,1014.125,0.01895602566609078,290.4066981113139,8.69228094345782,199.01443232713706,True,41.89371167125393,13.367055072746755,6,5,20160906_flight01
2016-09-06 14:01:45,54.93955323,7.74196234,94.1,0.456,2.6,1014.11,18.477,1.189108,8.193999999999999,2.734,0.039,100,0.6,2.6,1014.11,0.01877547790578915,290.4607146557444,8.63807802696873,198.4517289599479,True,41.88674570135818,13.432244932626052,6,5,20160906_flight01
2016-09-06 14:01:46,54.93966781,7.74096852,93.916,-0.066,2.593,1014.135,18.517,1.189144,8.01,2.5540000000000003,0.010000000000000002,100,0.2,2.7,1014.135,0.018630033040764937,290.4985065395919,8.407319192227686,197.68495663010242,True,41.87978611556673,13.497444238741185,6,5,20160906_flight01
2016-09-06 14:01:47,54.93978161,7.73997411,93.678,-0.083,2.5,1014.168,18.5,1.189217,7.9510000000000005,2.6689999999999996,-0.221,100,0.2,2.5,1014.168,0.01866002200250505,290.4788713493477,8.3870115058941,198.55592608272752,True,41.872732271744624,13.562654163285206,6,5,20160906_flight01
2016-09-06 14:01:48,54.9398952,7.73897908,93.488,0.175,2.5,1014.198,18.408,1.189298,8.352,2.81,0.035,100,0.6,2.5,1014.198,0.018942196386410703,290.38478410884534,8.8120374488537,198.5953255949857,True,41.865644170807606,13.62789543949016,6,5,20160906_flight01
2016-09-06 14:01:49,54.94000929,7.737983819999999,93.23200000000001,0.348,2.5780000000000003,1014.2090000000001,18.51,1.189181,7.856,2.76,-0.067,100,0.6,2.6,1014.2090000000001,0.018697113924456055,290.48547259520717,8.326724205832686,199.35759052103631,True,41.85860478011776,13.693167487573067,6,5,20160906_flight01
2016-09-06 14:01:50,54.940123,7.73698802,93.05,-0.275,2.653,1014.225,18.497,1.189202,8.036999999999999,2.437,-0.045,100,0.4,2.7,1014.225,0.018740603135199985,290.4712143798228,8.398353290973176,196.86848915288476,True,41.85151460548868,13.758460313663154,6,5,20160906_flight01
2016-09-06 14:01:51,54.940236080000005,7.73599187,92.86399999999999,0.156,2.548,1014.262,18.441,1.189324,8.345,2.596,0.166,100,0.4,2.7,1014.262,0.018868898398880285,290.4124101435668,8.739464571700031,197.28010725523583,True,41.84435073599241,13.82375389787127,6,5,20160906_flight01
2016-09-06 14:01:52,54.940349489999996,7.73499552,92.512,-0.168,2.627,1014.3009999999999,18.451,1.18941,7.893,2.622,0.015,100,0.4,2.7,1014.3009999999999,0.01879946430997026,290.4191759824096,8.31711085654147,198.37613031779225,True,41.83721808712155,13.889070769603848,6,5,20160906_flight01
2016-09-06 14:01:53,54.94046203,7.73399875,92.266,0.2,2.675,1014.3209999999999,18.5,1.189473,8.209,2.657,0.008,100,0.6,2.7,1014.3209999999999,0.01859442920770782,290.46633936096885,8.62828662018132,197.93516691164444,True,41.82998488869243,13.954384775148021,6,5,20160906_flight01
2016-09-06 14:01:54,54.94057466,7.73300193,92.08,0.693,2.6260000000000003,1014.367,18.5,1.1894660000000001,8.187999999999999,2.903,-0.05,100,0.9,2.7,1014.367,0.018646617703728996,290.46257204891316,8.68739045974106,199.52161725501273,True,41.82276029250689,14.019704850989836,6,5,20160906_flight01
2016-09-06 14:01:55,54.940687520000004,7.73200498,91.933,0.647,2.63,1014.39,18.497,1.189386,8.315,2.785,0.033,100,1.0,2.7,1014.39,0.018748711248065764,290.4577007088904,8.76900507469348,198.5175968427903,True,41.815557637041266,14.08504057711686,6,5,20160906_flight01
2016-09-06 14:01:56,54.94080104,7.73100821,91.834,1.137,2.7110000000000003,1014.396,18.457,1.189617,8.361,3.179,-0.003999999999999999,100,1.2,2.8,1014.396,0.01869663147559497,290.41737253823203,8.94496294011328,200.81768850456058,True,41.80842859127824,14.150387042412039,6,5,20160906_flight01
2016-09-06 14:01:57,54.940916109999996,7.73001204,91.9,1.139,2.784,1014.3939999999999,18.468999999999998,1.18953,8.501,2.923,-0.08900000000000001,100,1.3,2.8,1014.3939999999999,0.01872720649240267,290.4294873517216,8.989489974409004,198.97511676680006,True,41.80147583034392,14.215747775508596,6,5,20160906_flight01
2016-09-06 14:01:58,54.94103249,7.72901646,91.935,0.47200000000000003,2.7460000000000004,1014.3889999999999,18.507,1.189371,8.169,2.9160000000000004,-0.051000000000000004,100,0.8,2.8,1014.3889999999999,0.01872562500900088,290.46774182549467,8.673846724493119,199.64449293216234,True,41.794673654902546,14.281115444939573,6,5,20160906_flight01
2016-09-06 14:01:59,54.94114848,7.72802115,92.0,0.10100000000000002,2.7,1014.391,18.503,1.1892719999999999,7.939,2.556,-0.044000000000000004,100,0.2,2.7,1014.391,0.018826409668909916,290.46359434755254,8.34031516191085,197.8462175529623,True,41.787835230056835,14.34645351449388,6,5,20160906_flight01
2016-09-06 14:02:00,54.941264010000005,7.7270259999999995,91.91300000000001,0.136,2.761,1014.385,18.398999999999997,1.189502,8.416,3.11,0.08900000000000001,100,0.5,2.8,1014.385,0.01898674471428774,290.36050966645627,8.972243643593279,200.2809964980565,True,41.78095099817575,14.411766462077878,6,5,20160906_flight01
2016-09-06 14:02:01,54.94138023000001,7.726031369999999,91.84899999999999,0.748,2.619,1014.3969999999999,18.436,1.1894330000000002,8.441,2.932,0.04100000000000001,100,0.9,2.7,1014.3969999999999,0.018928601583309668,290.3963763342683,8.935720731983515,199.1547835973845,True,41.77415011136735,14.477070135255317,6,5,20160906_flight01
2016-09-06 14:02:02,54.941496719999996,7.72503674,91.714,0.45399999999999996,2.7910000000000004,1014.404,18.485,1.189386,8.107999999999999,2.7739999999999996,0.059000000000000004,100,0.8,2.9,1014.404,0.018804690766785148,290.4446032061312,8.569407214037618,198.88741918701845,True,41.767377919680186,14.542382751424991,6,5,20160906_flight01
2016-09-06 14:02:03,54.94161279,7.7240423499999995,91.662,0.28300000000000003,2.975,1014.401,18.386,1.189578,8.538,2.838,0.08800000000000001,100,0.5,3.0,1014.401,0.018983150904728907,290.3462528847014,8.997315599666381,198.38661835820352,True,41.76056571256454,14.60766662763264,6,5,20160906_flight01
2016-09-06 14:02:04,54.94172963,7.72304879,91.76799999999999,0.373,2.9,1014.4,18.49,1.1895010000000001,8.329,2.9419999999999997,-0.14,100,0.6,2.9,1014.4,0.018684711521567365,290.4499103541468,8.833323553453706,199.4544266843244,True,41.75385132212304,14.672924725548281,6,5,20160906_flight01
2016-09-06 14:02:05,54.94184619,7.72205566,92.025,-0.268,2.9,1014.368,18.519000000000002,1.189453,8.095,2.8160000000000003,-0.096,100,0.4,2.9,1014.368,0.018592397312627185,290.48141279105994,8.570815655467104,199.18120418146887,True,41.747115453834496,14.738146981268407,6,5,20160906_flight01
2016-09-06 14:02:06,54.94196143,7.72106295,92.30799999999999,0.132,2.9739999999999998,1014.3209999999999,18.486,1.189419,8.332,3.048,0.01,100,0.3,3.0,1014.3209999999999,0.018689573611804455,290.4523961799263,8.872008115415586,200.0934561014038,True,41.740247385777444,14.803299565569574,6,5,20160906_flight01
2016-09-06 14:02:07,54.9420768,7.72007116,92.555,0.318,2.813,1014.308,18.489,1.189394,8.408999999999999,3.1830000000000003,0.079,100,0.5,2.9,1014.308,0.018687450263255467,290.45644867924483,8.991260756979523,200.7328075197849,True,41.733410849362485,14.868399612634047,6,5,20160906_flight01
2016-09-06 14:02:08,54.94219237,7.71908014,92.6,0.235,2.8409999999999997,1014.302,18.545,1.189294,8.536999999999999,2.884,0.047,100,0.4,2.9,1014.302,0.01857149437552108,290.5127130965008,9.010983575614818,198.6661816311751,True,41.726610395672886,14.933458708915474,6,5,20160906_flight01
2016-09-06 14:02:09,54.94230778,7.71808938,92.694,0.564,2.741,1014.298,18.578000000000003,1.1892360000000002,8.175,2.75,-0.134,100,0.8,2.9,1014.298,0.01850192887174784,290.5459070404211,8.62514492631863,198.5924986903043,True,41.7197979440126,14.998496441285027,6,5,20160906_flight01
2016-09-06 14:02:10,54.94242287,7.717098590000001,92.7,0.5489999999999999,2.6240000000000006,1014.3029999999999,18.575,1.189125,7.7589999999999995,2.75,-0.11200000000000002,100,0.8,2.7,1014.3029999999999,0.018612498045877945,290.54250957820074,8.231924501597424,199.5157069254721,True,41.712950905639886,15.06352542813222,6,5,20160906_flight01
2016-09-06 14:02:11,54.94253813,7.7161077,92.589,0.495,2.673,1014.3059999999999,18.448999999999998,1.1892310000000001,8.097000000000001,3.033,0.022000000000000002,100,0.6,2.7,1014.3059999999999,0.018964823084285154,290.4167746483132,8.646415326596337,200.53510463104914,True,41.706120008971816,15.128566224352923,6,5,20160906_flight01
2016-09-06 14:02:12,54.942654430000005,7.71511715,92.5,0.33,2.75,1014.313,18.5,1.1892260000000001,7.945,2.998,-0.013999999999999999,100,0.5,2.8,1014.313,0.018797953978547444,290.46699456810234,8.49182130052205,200.67371011946392,True,41.69940618868715,15.193620460415865,6,5,20160906_flight01
2016-09-06 14:02:13,54.942770280000005,7.71412664,92.418,-0.281,2.748,1014.323,18.546000000000003,1.189221,7.692,2.77,0.08,100,0.4,2.8,1014.323,0.01865161661219994,290.5119888435284,8.175558941136686,199.80467899294956,True,41.692645313435825,15.258657320050787,6,5,20160906_flight01
2016-09-06 14:02:14,54.942884910000004,7.71313599,92.272,0.541,2.6180000000000003,1014.3559999999999,18.528,1.189182,8.017999999999999,2.6289999999999996,0.011000000000000001,100,1.0,2.7,1014.3559999999999,0.01878103289222488,290.49135899478546,8.438007169942438,198.15365785814635,True,41.68575208290878,15.323662420647779,6,5,20160906_flight01
2016-09-06 14:02:15,54.94299999,7.71214503,92.04799999999999,0.784,2.644,1014.385,18.49,1.189214,8.046,2.7060000000000004,0.091,100,1.0,2.7,1014.385,0.018915489693056786,290.4511387078169,8.488848685186937,198.58862510933693,True,41.67890070824185,15.38870157989317,6,5,20160906_flight01
2016-09-06 14:02:16,54.94311567,7.7111538,91.807,0.728,2.823,1014.411,18.492,1.189319,7.97,2.904,0.059000000000000004,100,0.9,2.9,1014.411,0.018844660720672923,290.45100140876286,8.482577202713808,200.02003951729665,True,41.67210790140902,15.453777294676687,6,5,20160906_flight01
2016-09-06 14:02:17,54.9432316,7.71016272,91.74600000000001,0.37799999999999995,3.036,1014.406,18.488,1.189349,7.814,2.781,0.07,100,0.5,3.1,1014.406,0.018827913454343648,290.44742718394957,8.294127862530214,199.5906273049548,True,41.6653445525262,15.518852022108636,6,5,20160906_flight01
2016-09-06 14:02:18,54.94334799,7.70917223,91.87899999999999,0.624,3.052,1014.406,18.473,1.189409,8.122,2.6910000000000003,0.04800000000000001,100,0.7,3.1,1014.406,0.018828920521259063,290.4324884194273,8.556188695908943,198.33118676035372,True,41.65864145263929,15.58390553200898,6,5,20160906_flight01
2016-09-06 14:02:19,54.94346540000001,7.708182470000001,92.03299999999999,0.138,2.9419999999999997,1014.388,18.467,1.189374,7.906000000000001,2.79,-0.064,100,0.5,3.0,1014.388,0.018861785416318,290.4279868133659,8.383849712393467,199.43776031363427,True,41.65206081339118,15.64894772276691,6,5,20160906_flight01
2016-09-06 14:02:20,54.943582340000006,7.7071929599999995,92.24700000000001,0.09700000000000002,2.9339999999999997,1014.367,18.538,1.189166,7.42,2.478,-0.342,100,0.2,3.0,1014.367,0.018770860600903605,290.5004173351736,7.822843728466011,198.46737427475915,True,41.64543503735976,15.713958899592182,6,5,20160906_flight01
2016-09-06 14:02:21,54.94369833,7.70620348,92.52600000000001,-0.029000000000000005,2.895,1014.313,18.422,1.189235,8.183,2.832,-0.07300000000000001,100,0.2,2.9,1014.313,0.01906278590627597,290.3893109556343,8.659198173041197,199.089884650555,True,41.638708874685676,15.778936756751524,6,5,20160906_flight01
2016-09-06 14:02:22,54.943814259999996,7.7052144,92.684,0.16899999999999998,2.734,1014.299,18.410999999999998,1.189245,7.86,3.0189999999999997,0.111,100,0.3,2.8,1014.299,0.019078597776408968,290.37950185295813,8.419855165025108,201.01161738988606,True,41.631984037697585,15.843887912178502,6,5,20160906_flight01
2016-09-06 14:02:23,54.943929690000004,7.7042254,92.7,-0.24100000000000002,2.875,1014.308,18.557000000000002,1.189123,7.903,2.655,-0.11200000000000002,100,0.4,2.9,1014.308,0.01868208718078823,290.5241729496963,8.33705187701264,198.56969058370004,True,41.62520760207021,15.908817563627895,6,5,20160906_flight01
2016-09-06 14:02:24,54.9440446,7.70323637,92.66,0.65,2.707,1014.312,18.504,1.189207,8.156,2.653,-0.08800000000000001,100,0.8,2.8,1014.312,0.01879925400730076,290.4710602455829,8.576639493414657,198.01877426971618,True,41.618375324082265,15.973731845115385,6,5,20160906_flight01
2016-09-06 14:02:25,54.94416014,7.702247109999999,92.585,0.5760000000000001,2.6690000000000005,1014.32,18.537,1.189047,7.915,2.484,-0.14200000000000002,100,1.0,2.7,1014.32,0.018829103438458228,290.50327110749976,8.295630235250364,197.4236563202149,True,41.611605572513525,16.038681204366803,6,5,20160906_flight01
2016-09-06 14:02:26,54.944275530000006,7.701257409999999,92.486,1.067,2.7,1014.327,18.396,1.18933,7.947,3.1860000000000004,0.08200000000000002,100,1.2,2.7,1014.327,0.019086324521261133,290.36227021889357,8.56185756714044,201.846145592438,True,41.60481140659337,16.10365278113002,6,5,20160906_flight01
2016-09-06 14:02:27,54.94439192,7.70026785,92.37100000000001,1.0190000000000001,2.718,1014.334,18.416,1.189273,8.122,3.035,-0.004999999999999999,100,1.2,2.8,1014.334,0.019072292756183273,290.3816158839458,8.670531067933497,200.48953106852437,True,41.59812621473677,16.168648830047793,6,5,20160906_flight01
2016-09-06 14:02:28,54.94450943,7.699278430000001,92.3,0.698,2.832,1014.355,18.492,1.189361,7.98,3.008,-0.054000000000000006,100,1.0,2.9,1014.355,0.01875243940616289,290.4555873491461,8.528098498493085,200.6535511182571,True,41.59156275033256,16.23367332578399,6,5,20160906_flight01
2016-09-06 14:02:29,54.94462754999999,7.69828936,92.345,0.897,2.991,1014.3430000000001,18.521,1.189259,7.8,2.853,-0.025,100,1.1,3.1,1014.3430000000001,0.018726463311839137,290.48545221744547,8.305396378259138,200.09096476229604,True,41.585070855231464,16.298696400958487,6,5,20160906_flight01
2016-09-06 14:02:30,54.944746349999996,7.697300810000001,92.51799999999999,0.883,2.853,1014.308,18.511,1.1892610000000001,7.944,2.943,0.026000000000000002,100,1.2,3.0,1014.308,0.018724526089027638,290.4783594726262,8.471622335774889,200.32806968155086,True,41.57866124242141,16.363709870504678,6,5,20160906_flight01
2016-09-06 14:02:31,54.94486619,7.6963129200000004,92.6,1.069,2.779,1014.305,18.479,1.189282,7.952000000000001,3.091,-0.027000000000000003,100,1.2,2.8,1014.305,0.018815305499703783,290.446734915962,8.53162264753898,201.2414646433086,True,41.572374867897885,16.428717008372374,6,5,20160906_flight01
2016-09-06 14:02:32,54.94498729,7.695325370000001,92.56199999999998,1.0010000000000001,2.716,1014.3059999999999,18.524,1.18922,7.897,2.9939999999999998,0.017,100,1.1,2.8,1014.3059999999999,0.018712232902961867,290.49147057696393,8.445510345739919,200.76328673455703,True,41.566228950968444,16.493744872965163,6,5,20160906_flight01
2016-09-06 14:02:33,54.94510924,7.69433798,92.5,0.221,2.8609999999999998,1014.309,18.408,1.189396,8.093,3.1069999999999998,0.067,100,0.6,2.9,1014.309,0.018969750932060103,290.37569524585666,8.668915618461169,201.00239634350697,True,41.560176451487614,16.55879100566358,6,5,20160906_flight01
2016-09-06 14:02:34,54.94523143000001,7.69335103,92.48100000000001,0.19699999999999998,2.832,1014.3059999999999,18.48,1.1893470000000002,8.272,3.219,0.069,100,0.3,2.9,1014.3059999999999,0.018757136429357946,290.44764896548884,8.876257375718664,201.26320603963262,True,41.55415793139988,16.623817901847953,6,5,20160906_flight01
2016-09-06 14:02:35,54.9453536,7.69236448,92.4,0.17800000000000002,2.8480000000000003,1014.312,18.66,1.189233,7.947,2.99,0.006999999999999999,100,0.3,2.9,1014.312,0.018232347674618454,290.62642751432713,8.490872098907156,200.6184382501068,True,41.5481449881248,16.688819421186842,6,5,20160906_flight01
2016-09-06 14:02:36,54.94547479,7.6913779,92.44300000000001,0.054000000000000006,2.735,1014.312,18.656,1.189208,7.587000000000001,2.7680000000000002,-0.109,100,0.3,2.9,1014.312,0.018267711311953816,290.62244373820545,8.076162021653603,200.04371835333774,True,41.542027314505184,16.75379033435485,6,5,20160906_flight01
2016-09-06 14:02:37,54.94559577,7.6903911,92.387,1.181,2.5540000000000003,1014.33,18.500999999999998,1.189175,8.302999999999999,2.945,-0.038000000000000006,100,2.1,2.7,1014.33,0.018855229522491745,290.46659819986286,8.809814640501807,199.5291417229193,True,41.53588308614813,16.81876788478226,6,5,20160906_flight01
2016-09-06 14:02:38,54.94571904,7.6894043199999995,92.15799999999999,1.722,2.873,1014.357,18.587,1.189086,7.832999999999999,2.923,-0.005999999999999998,100,2.1,3.0,1014.357,0.018658235884847052,290.5500370423687,8.360611102066642,200.4638048131664,True,41.5299826200616,16.883820049317027,6,5,20160906_flight01
2016-09-06 14:02:39,54.94584375,7.6884176,92.134,0.88,2.991,1014.3539999999999,18.482,1.189279,7.951999999999999,2.972,0.133,100,1.2,3.0,1014.3539999999999,0.018856612489438707,290.4457099215351,8.489233652103115,200.49285020907314,True,41.524236349985735,16.9489162026527,6,5,20160906_flight01
2016-09-06 14:02:40,54.945969160000004,7.6874315,92.2,0.8079999999999999,2.823,1014.329,18.482,1.189293,8.055,3.302,0.09699999999999999,100,0.9,2.9,1014.329,0.018819508138587793,290.44775725386376,8.705528645636633,202.29027988967974,True,41.51857641335966,17.013997234203636,6,5,20160906_flight01
2016-09-06 14:02:41,54.946095699999994,7.68644605,92.25,0.545,3.025,1014.318,18.463,1.1893090000000002,7.952999999999999,3.188,0.026000000000000002,100,0.7,3.1,1014.318,0.01886113263184286,290.42973519608194,8.568170924999103,201.843629120752,True,41.513049087500065,17.07907553293316,6,5,20160906_flight01
2016-09-06 14:02:42,54.946222580000004,7.6854614,92.425,0.747,2.8989999999999996,1014.295,18.293,1.189517,8.341000000000001,3.595,0.046000000000000006,100,0.8,3.0,1014.295,0.019254063533334698,290.26230740593667,9.082747712008741,203.3162102045918,True,41.507573300999454,17.144115664407767,6,5,20160906_flight01
2016-09-06 14:02:43,54.94635034,7.68447767,92.6,0.415,3.0,1014.288,18.498,1.189518,8.255,3.638,0.022000000000000002,100,0.6,3.0,1014.288,0.01852974214777614,290.4670502316881,9.021090233447397,203.78321252491446,True,41.50220875481316,17.209128100291597,6,5,20160906_flight01
2016-09-06 14:02:44,54.946478420000005,7.68349487,92.86399999999999,0.36300000000000004,2.909,1014.238,18.586000000000002,1.189554,8.521,3.714,-0.052000000000000005,100,0.4,3.0,1014.238,0.018141502853139313,290.55879043203674,9.295226570665182,203.55066993811567,True,41.496896125692686,17.27409367429575,6,5,20160906_flight01
2016-09-06 14:02:45,54.94660701,7.68251309,93.094,-0.361,3.03,1014.206,18.683999999999997,1.189516,8.519,3.735,0.006000000000000001,100,0.6,3.1,1014.206,0.017800004451672402,290.65901778152295,9.301805523660448,203.67417063498812,True,41.49165733953599,17.339013118896712,6,5,20160906_flight01
2016-09-06 14:02:46,54.946734729999996,7.681532160000001,93.406,-0.894,3.082,1014.191,18.75,1.1893420000000001,8.575,3.364,-0.036000000000000004,100,1.3,3.1,1014.191,0.017703692845338237,290.7259818034868,9.211249698059433,201.42023640617282,True,41.4863424588727,17.403851229085593,6,5,20160906_flight01
2016-09-06 14:02:47,54.94686091,7.680551789999999,93.711,-1.569,3.0,1014.138,18.748,1.189279,8.727,3.338,-0.022000000000000002,100,1.8,3.0,1014.138,0.01771139056887905,290.728335125937,9.34359529303362,200.9314086666077,True,41.480874693063534,17.46860373093276,6,5,20160906_flight01
2016-09-06 14:02:48,54.946984640000004,7.6795718399999995,93.95700000000001,-2.285,3.0,1014.1030000000001,18.722,1.189241,8.506,3.24,0.065,100,2.9,3.0,1014.1030000000001,0.01779944285544066,290.7053087385933,9.102177541665512,200.85221714395647,True,41.47515463308444,17.53324913328046,6,5,20160906_flight01
2016-09-06 14:02:49,54.94710424,7.6785917900000005,94.05699999999999,-2.952,2.9,1014.089,18.766,1.1891420000000001,8.804,3.178,0.225,100,3.0,2.9,1014.089,0.017716703995954486,290.75028083860406,9.3600267093636,199.84817750123744,True,41.46899371841199,17.597763919561622,6,5,20160906_flight01
2016-09-06 14:02:50,54.94721942,7.67761152,93.978,-2.352,2.7689999999999997,1014.1,18.771,1.1892,8.722000000000001,3.182,-0.028000000000000004,100,2.8,2.9,1014.1,0.01766067572905583,290.7543588705422,9.284309775099064,200.04321249842008,True,41.46235881764638,17.66214589866041,6,5,20160906_flight01
2016-09-06 14:02:51,54.94733069,7.67663064,93.85600000000001,-2.19,2.7310000000000003,1014.12,18.776,1.1892230000000001,8.512,3.267,-0.054000000000000006,100,2.3,2.8,1014.12,0.017643633520866953,290.757698890053,9.117424691216264,200.99735602591963,True,41.455296622865696,17.726436059437045,6,5,20160906_flight01
2016-09-06 14:02:52,54.94743762,7.67564896,93.8,-1.788,2.83,1014.1160000000001,18.777,1.1890660000000002,8.3,2.9219999999999997,-0.08800000000000001,100,2.0,2.9,1014.1160000000001,0.01777049870063596,290.7590228854739,8.799322928498533,199.3945253048742,True,41.44775777580094,17.790631898688247,6,5,20160906_flight01
2016-09-06 14:02:53,54.94754084,7.674666640000001,93.81700000000001,-1.578,2.779,1014.117,18.759,1.188994,8.18,2.6860000000000004,-0.218,100,1.8,2.8,1014.117,0.017895896556471946,290.7410129076008,8.609703595362618,198.17820753461476,True,41.4398123126893,17.854744397636487,6,5,20160906_flight01
2016-09-06 14:02:54,54.94764123,7.67368355,93.835,-0.6659999999999999,2.708,1014.1210000000001,18.695999999999998,1.189005,8.274,2.844,-0.022000000000000002,100,1.1,2.8,1014.1210000000001,0.01811022367359194,290.67793707733165,8.749137786090694,198.9692466115447,True,41.43155125510187,17.91881073599411,6,5,20160906_flight01
2016-09-06 14:02:55,54.947739979999994,7.67269987,93.67399999999999,0.137,2.8,1014.1440000000001,18.607,1.189149,8.169,3.216,0.21400000000000002,100,0.4,2.8,1014.1440000000001,0.018320565600607797,290.5874084318786,8.77924922758205,201.48873811606842,True,41.423104540204335,17.98285920769262,6,5,20160906_flight01
2016-09-06 14:02:56,54.94783813,7.67171598,93.514,0.263,2.755,1014.181,18.68,1.1891150000000001,8.2,3.2260000000000004,-0.188,100,0.4,2.8,1014.181,0.018132090548433233,290.65708299314554,8.811757826903778,201.47540228912408,True,41.41459001462023,18.046900781134937,6,5,20160906_flight01
2016-09-06 14:02:57,54.94793615,7.67073168,93.53299999999999,0.66,2.784,1014.182,18.676,1.189048,7.997000000000001,2.969,-0.25,100,1.2,2.8,1014.182,0.01820441993059796,290.653017105465,8.530355795627754,200.36815994840026,True,41.40605377792641,18.110963380952537,6,5,20160906_flight01
2016-09-06 14:02:58,54.94803416,7.66974708,93.6,0.89,2.8089999999999997,1014.158,18.552,1.18912,7.856,3.24,0.09,100,1.2,2.9,1014.158,0.01855146841756028,290.53148185681727,8.497901858694298,202.41240774938348,True,41.39751070166672,18.175044185349186,6,5,20160906_flight01
2016-09-06 14:02:59,54.94813301,7.66876272,93.522,0.7240000000000001,2.9,1014.1590000000001,18.528,1.189243,8.158999999999999,3.67,0.193,100,0.9,2.9,1014.1590000000001,0.018530927175474776,290.5074962368546,8.946406038180918,204.2186929294412,True,41.38906152054906,18.23913798374915,6,5,20160906_flight01
2016-09-06 14:03:00,54.9482325,7.66777899,93.5,0.409,2.758,1014.173,18.531000000000002,1.189235,8.131,3.327,0.055999999999999994,100,0.5,2.9,1014.173,0.018541363275509593,290.509337243922,8.785333801284958,202.25313924055354,True,41.380692488746995,18.30321405517265,6,5,20160906_flight01
2016-09-06 14:03:01,54.94833286,7.66679529,93.387,0.43300000000000005,2.773,1014.1890000000001,18.587,1.18917,8.325,3.1889999999999996,0.127,100,0.5,2.8,1014.1890000000001,0.01841757994760851,290.5638012645069,8.914894615193159,200.95999081051707,True,41.37241649668446,18.36731708932583,6,5,20160906_flight01
2016-09-06 14:03:02,54.94843366,7.66581163,93.227,0.319,2.704,1014.205,18.566000000000003,1.189286,8.745,3.386,0.073,100,0.4,2.8,1014.205,0.018407618843088613,290.54157480419855,9.377634083285612,201.166038646586,True,41.364188037281984,18.43143222580477,6,5,20160906_flight01
2016-09-06 14:03:03,54.948534499999994,7.664827890000001,93.1,-0.053,2.88,1014.202,18.553,1.1893179999999999,8.318999999999999,3.339,0.128,100,0.4,2.9,1014.202,0.01842258991094381,290.52887292384787,8.964077308903576,201.869063411205,True,41.35596228853258,18.495553630051614,6,5,20160906_flight01
2016-09-06 14:03:04,54.9486345,7.663844330000001,92.99799999999999,-0.379,2.8709999999999996,1014.206,18.58,1.189372,9.054,3.431,0.256,100,0.5,3.0,1014.206,0.01828611537945668,290.5554365063827,9.682286765015794,200.7541295671728,True,41.34765073213981,18.559636090174283,6,5,20160906_flight01
2016-09-06 14:03:05,54.9487345,7.66286113,92.845,-0.187,2.8089999999999997,1014.229,18.648,1.1893040000000001,8.719,3.0789999999999997,0.28300000000000003,100,0.7,2.9,1014.229,0.01813011282696464,290.6212778105463,9.246686000941093,199.4500024795983,True,41.33934610788806,18.62369630733614,6,5,20160906_flight01
2016-09-06 14:03:06,54.948833029999996,7.6618776,92.624,-0.9410000000000001,2.7539999999999996,1014.2389999999999,18.673,1.1894280000000002,8.734,3.516,0.061,100,1.1,2.8,1014.2389999999999,0.01794679504437724,290.645357413062,9.415148007333714,201.92797484605723,True,41.33087890017195,18.687728224251366,6,5,20160906_flight01
2016-09-06 14:03:07,54.948929420000006,7.660892609999999,92.33,-0.489,2.7969999999999997,1014.27,18.655,1.189373,8.892000000000001,3.574,0.149,100,0.7,2.8,1014.27,0.0180877794754013,290.62488957321347,9.583378318734997,201.89688756101282,True,41.32215614335793,18.75177946723292,6,5,20160906_flight01
2016-09-06 14:03:08,54.949024550000004,7.6599078899999995,92.04299999999999,-0.45,2.875,1014.2869999999999,18.749000000000002,1.189154,8.36,2.835,0.172,100,0.7,2.9,1014.2869999999999,0.0179644224119222,290.71711584889374,8.827617175659578,198.732559903408,True,41.31330467507623,18.8157722940273,6,5,20160906_flight01
2016-09-06 14:03:09,54.949118,7.65892328,91.75,0.076,2.6090000000000004,1014.3029999999999,18.705,1.18934,8.516,2.9819999999999998,-0.012,100,0.7,2.7,1014.3029999999999,0.017974725737500474,290.6719826307165,9.023002826110607,199.29843707776638,True,41.304276777518695,18.8797026790732,6,5,20160906_flight01
2016-09-06 14:03:10,54.94921119,7.65793848,91.34100000000001,0.992,2.484,1014.324,18.633000000000003,1.18946,8.788,3.5240000000000005,0.157,100,1.1,2.6,1014.324,0.018144274113386816,290.5985537678651,9.46823742837071,201.85085276070643,True,41.2952175889916,18.943636191689006,6,5,20160906_flight01
2016-09-06 14:03:11,54.949305679999995,7.656953499999999,90.848,0.718,2.7,1014.378,18.709,1.1893420000000001,8.724,3.1439999999999997,0.2,100,0.9,2.8,1014.378,0.01803433267440191,290.6698196313684,9.273236328272887,199.8184093229686,True,41.286293096094795,19.007623884639013,6,5,20160906_flight01
2016-09-06 14:03:12,54.949400370000006,7.6559685,90.478,0.534,2.8959999999999995,1014.401,18.737000000000002,1.18941,8.346,3.0789999999999997,0.043,100,0.6,2.9,1014.401,0.017901557857757044,290.6958204673071,8.895839308350842,200.24998818083535,True,41.277389473727226,19.071619437748556,6,5,20160906_flight01
2016-09-06 14:03:13,54.94949467000001,7.65498363,90.4,0.792,2.8739999999999997,1014.4019999999999,18.678,1.189313,8.328,2.91,-0.059000000000000004,100,0.9,2.9,1014.4019999999999,0.01819139122434299,290.6369793019214,8.821773291124636,199.26062133099697,True,41.26844690612118,19.135594041021307,6,5,20160906_flight01
2016-09-06 14:03:14,54.949589720000006,7.65399902,90.32700000000001,1.076,2.86,1014.405,18.658,1.189362,8.49,3.095,0.079,100,1.1,2.9,1014.405,0.018222236643167244,290.61681511793654,9.036543863668234,200.02915114901728,True,41.25958905373517,19.19957742157985,6,5,20160906_flight01
2016-09-06 14:03:15,54.94968603,7.6530147799999995,90.304,1.2930000000000001,3.049,1014.4,18.69,1.189327,8.286,3.1260000000000003,-0.024000000000000004,100,1.4,3.1,1014.4,0.018135532429218504,290.64909421805726,8.856052845370787,200.66962801329092,True,41.25087223662167,19.26357967528342,6,5,20160906_flight01
2016-09-06 14:03:16,54.94978328,7.652030979999999,90.477,0.905,3.0,1014.386,18.698,1.1893120000000001,7.9239999999999995,2.84,-0.066,100,1.2,3.0,1014.386,0.018106413143395894,290.65820885297876,8.417563542973703,199.71792556189794,True,41.24226379366298,19.327585878009454,6,5,20160906_flight01
2016-09-06 14:03:17,54.94988105,7.65104745,90.65100000000001,0.773,2.9109999999999996,1014.363,18.697,1.1891980000000002,7.718999999999999,2.501,0.07400000000000001,100,0.9,3.0,1014.363,0.01818441398334225,290.6590977852189,8.114059526525548,197.9526198795952,True,41.233715814491475,19.39159262205654,6,5,20160906_flight01
2016-09-06 14:03:18,54.94997963,7.65006393,90.57,0.654,2.878,1014.3639999999999,18.537,1.189383,7.824,2.7889999999999997,0.22400000000000003,100,1.1,2.9,1014.3639999999999,0.01858546792855198,290.49966712532427,8.30623241909351,199.61948770528326,True,41.22525411324686,19.455625577221706,6,5,20160906_flight01
2016-09-06 14:03:19,54.95007863,7.649080420000001,90.40800000000002,1.389,2.7859999999999996,1014.378,18.637,1.189308,8.073,2.9130000000000003,-0.17300000000000001,100,1.5,2.8,1014.378,0.018314648881737172,290.5981129955838,8.582476216104535,199.8410865141306,True,41.21683724141906,19.519671825848786,6,5,20160906_flight01
2016-09-06 14:03:20,54.95017989,7.64809667,90.37800000000001,1.419,2.7510000000000003,1014.3839999999999,18.544,1.189628,8.196,3.353,0.17300000000000001,100,1.7,2.8,1014.3839999999999,0.018371333468694573,290.50500048475254,8.855338785162315,202.24956806361376,True,41.20865593696825,19.583807759277935,6,5,20160906_flight01
2016-09-06 14:03:21,54.9502823,7.64711285,90.20700000000001,1.65,2.7769999999999997,1014.39,18.626,1.189386,8.154,3.233,0.301,100,1.8,2.9,1014.39,0.01829830208572547,290.5861746633334,8.771545188847856,201.62795552241818,True,41.200595504567374,19.64798610825165,6,5,20160906_flight01
2016-09-06 14:03:22,54.95038666000001,7.6461291,90.007,0.8490000000000001,3.0890000000000004,1014.398,18.611,1.189526,8.451,3.3569999999999998,0.05,100,1.2,3.2,1014.398,0.018238831371429676,290.5705804389035,9.093340970182522,201.6645148500101,True,41.192743662636346,19.712224720486414,6,5,20160906_flight01
2016-09-06 14:03:23,54.95049245,7.6451461400000005,90.165,0.825,3.358,1014.368,18.605,1.189439,8.457,3.4819999999999998,0.124,100,0.9,3.5,1014.368,0.018304134558935425,290.56706262528996,9.145773504739772,202.37843127066935,True,41.185059010773635,19.776461886517826,6,5,20160906_flight01
2016-09-06 14:03:24,54.950598840000005,7.6441646500000004,90.652,0.377,3.355,1014.303,18.586000000000002,1.189427,8.461,3.72,0.109,100,0.5,3.5,1014.303,0.018315471130822214,290.5534649903367,9.242668499951732,203.73338009076662,True,41.17746643209417,19.84062810044329,6,5,20160906_flight01
2016-09-06 14:03:25,54.950705340000006,7.64318483,91.166,0.295,3.102,1014.2330000000001,18.614,1.1893099999999999,8.721,3.655,-0.086,100,0.5,3.2,1014.2330000000001,0.018247636942303247,290.5870871536361,9.45594342199656,202.7387192503416,True,41.16991770145176,19.904694775185956,6,5,20160906_flight01
2016-09-06 14:03:26,54.95081192,7.64220595,91.552,-0.626,3.005,1014.1940000000001,18.698,1.189138,8.307,3.194,-0.064,100,1.0,3.1,1014.1940000000001,0.018062654649110943,290.67394503854797,8.899881178982112,201.03150232001497,True,41.162395573657626,19.968706020861635,6,5,20160906_flight01
2016-09-06 14:03:27,54.95091663,7.641227290000001,91.853,-0.171,2.9930000000000003,1014.145,18.653,1.189123,8.423,3.125,-0.138,100,0.9,3.1,1014.145,0.018183302837523785,290.6331420659106,8.984016585024763,200.35525441207153,True,41.154678941879155,20.03264173511186,6,5,20160906_flight01
2016-09-06 14:03:28,54.95102084,7.64024878,92.079,-0.27,2.8959999999999995,1014.1240000000001,18.725,1.189028,8.25,2.9010000000000002,-0.09299999999999999,100,0.8,3.0,1014.1240000000001,0.0179923862370599,290.7065750569914,8.745187305026692,199.37352849196418,True,41.14691205937618,20.09655162036394,6,5,20160906_flight01
2016-09-06 14:03:29,54.95112448,7.6392700200000005,92.1,-1.074,2.903,1014.109,18.595,1.1891800000000001,7.952999999999999,3.2230000000000003,0.23600000000000002,100,1.6,3.0,1014.109,0.018300759235867048,290.5783246949648,8.581255036415127,202.06054121408965,True,41.13907978429446,20.160458072465374,6,5,20160906_flight01
2016-09-06 14:03:30,54.9512255,7.6382910100000005,92.06299999999999,-1.766,2.966,1014.11,18.676,1.189189,7.931,3.502,-0.07100000000000001,100,1.9,3.0,1014.11,0.018011416271008995,290.6589188076799,8.669761530745815,203.82426058289542,True,41.130964246258635,20.224293190915937,6,5,20160906_flight01
2016-09-06 14:03:31,54.951323890000005,7.63731196,92.179,-1.2919999999999998,2.9,1014.0930000000001,18.7,1.1891070000000001,8.517000000000001,3.31,0.11900000000000001,100,1.6,2.9,1014.0930000000001,0.017980831514215367,290.68421647671096,9.137581135070706,201.23784352836765,True,41.12256842623524,20.288043669433154,6,5,20160906_flight01
2016-09-06 14:03:32,54.95142076,7.63633294,92.145,-1.161,2.9619999999999997,1014.094,18.675,1.189004,7.9079999999999995,2.9410000000000003,0.126,100,1.4,3.0,1014.094,0.01815723598818164,290.6592343649803,8.437176364163546,200.40026199775815,True,41.11401164097647,20.351741948633027,6,5,20160906_flight01
2016-09-06 14:03:33,54.9515145,7.6353535699999995,92.12299999999999,-1.45,2.9810000000000003,1014.0980000000001,18.641000000000002,1.1890340000000001,8.022,2.9389999999999996,-0.11800000000000001,100,1.7,3.0,1014.0980000000001,0.01825419817597207,290.62504233240554,8.543430517069826,200.12119184489023,True,41.10511546527139,20.415358180462956,6,5,20160906_flight01
2016-09-06 14:03:34,54.95160548,7.634373900000001,92.23899999999999,-0.47600000000000003,2.8109999999999995,1014.097,18.583000000000002,1.1891340000000001,8.344,3.237,-0.076,100,1.1,2.9,1014.097,0.0183699881225885,290.5673560396242,8.949888546792078,201.20343607241455,True,41.095920184861164,20.47890153083428,6,5,20160906_flight01
2016-09-06 14:03:35,54.95169594,7.6333940600000005,92.331,-0.20199999999999999,2.862,1014.087,18.586000000000002,1.189118,8.38,3.265,-0.083,100,0.4,2.9,1014.087,0.01836317616616534,290.5711635370543,8.993587993676384,201.28679057523465,True,41.08666636625998,20.54243816128481,6,5,20160906_flight01
2016-09-06 14:03:36,54.951785689999994,7.6324139,92.4,-0.038000000000000006,2.986,1014.0740000000001,18.607,1.1890530000000001,8.105,3.0839999999999996,-0.113,100,0.2,3.0,1014.0740000000001,0.01833248730123116,290.593145110424,8.671913341356682,200.83211328354128,True,41.07733092821002,20.60597104649717,6,5,20160906_flight01
2016-09-06 14:03:37,54.95187441,7.63143382,92.55,-0.18900000000000003,2.912,1014.044,18.608,1.1891470000000002,8.073,3.323,-0.111,100,0.3,3.0,1014.044,0.018218376337372222,290.59659986214143,8.730157959624785,202.37299547996463,True,41.06788756405847,20.6694648729687,6,5,20160906_flight01
2016-09-06 14:03:38,54.9519623,7.63045366,92.666,-0.08900000000000001,2.796,1014.028,18.61,1.189044,8.325,3.36,0.023000000000000007,100,0.3,2.9,1014.028,0.018283531115758533,290.59990327643567,8.977484335825933,201.97918049366456,True,41.0583544484974,20.73293615089793,6,5,20160906_flight01
2016-09-06 14:03:39,54.95205005,7.62947326,92.6,-0.42,2.73,1014.054,18.523999999999997,1.189055,7.962000000000001,3.2310000000000003,-0.136,100,0.6,2.8,1014.054,0.01860046534609694,290.5121148859669,8.592601759653476,202.08744024183596,True,41.04880183255677,20.796417620360465,6,5,20160906_flight01
2016-09-06 14:03:40,54.95213647,7.62849243,92.69,0.034,2.929,1014.0419999999999,18.468999999999998,1.189181,8.533,3.702,-0.057999999999999996,100,0.6,3.0,1014.0419999999999,0.018672574442253786,290.45831702028437,9.301445747839418,203.45337334726352,True,41.0390995865107,20.85988160528453,6,5,20160906_flight01
2016-09-06 14:03:41,54.95222278,7.627512100000001,92.88,0.002999999999999997,2.9739999999999998,1014.01,18.612000000000002,1.189097,8.059,3.512,-0.018,100,0.4,3.0,1014.01,0.018213090018399436,290.6033706636008,8.790996814923776,203.54690184009266,True,41.029395277832606,20.92331105376572,6,5,20160906_flight01
2016-09-06 14:03:42,54.952308300000006,7.62653244,93.105,0.228,2.819,1013.988,18.492,1.189306,8.355,4.123,-0.061,100,0.4,2.9,1013.988,0.018430944011922135,290.4856496979372,9.316928356491747,206.26527759762848,True,41.01961991083662,20.98667293909126,6,5,20160906_flight01
2016-09-06 14:03:43,54.95239385,7.62555326,93.241,0.429,2.5780000000000003,1013.972,18.531000000000002,1.189164,8.41,4.159,0.008000000000000002,100,0.6,2.7,1013.972,0.018400298289743766,290.5258061780244,9.382184233961727,206.31379144472464,True,41.009856975041075,21.05000616080104,6,5,20160906_flight01
2016-09-06 14:03:44,54.95247948,7.6245742299999995,93.07799999999999,0.381,2.456,1013.993,18.597,1.189113,8.549,3.89,0.267,100,0.6,2.5,1013.993,0.018234668554370392,290.5898235663297,9.392417207513729,204.4666733693808,True,41.000105429896884,21.113332764386353,6,5,20160906_flight01
2016-09-06 14:03:45,54.95256553,7.62359499,92.62,1.115,2.4,1014.049,18.559,1.189252,9.073,4.035,0.10099999999999999,100,1.5,2.4,1014.049,0.018304518775830614,290.5473851884728,9.929781165765942,203.97596385524432,True,40.99039447786108,21.176686254354088,6,5,20160906_flight01
2016-09-06 14:03:46,54.952653149999996,7.62261524,92.13,1.168,2.528,1014.099,18.645,1.189181,8.527000000000001,3.781,0.32299999999999995,100,1.5,2.7,1014.099,0.018115374403737006,290.62894438462655,9.327684064117953,203.91321812143406,True,40.980840562115695,21.240123257029534,6,5,20160906_flight01
2016-09-06 14:03:47,54.95274098,7.6216346999999995,91.655,0.7759999999999999,2.74,1014.173,18.692999999999998,1.1890010000000002,7.976,2.842,0.10099999999999999,100,1.2,2.8,1014.173,0.018176319730450308,290.6706865009305,8.46720378873687,199.61194717500695,True,40.97129375260169,21.303616026308315,6,5,20160906_flight01
2016-09-06 14:03:48,54.95282921,7.62065335,91.39300000000001,1.8530000000000002,2.572,1014.205,18.672,1.188981,8.113999999999999,2.5860000000000003,-0.302,100,2.0,2.7,1014.205,0.018298846677711644,290.64714805670866,8.516125410067655,197.6775175512147,True,40.96177385706209,21.36717209112681,6,5,20160906_flight01
2016-09-06 14:03:49,54.95292033,7.61967096,91.167,1.6440000000000001,2.508,1014.2260000000001,18.522000000000002,1.1892719999999999,8.474,3.073,-0.024,100,1.9,2.6,1014.2260000000001,0.0185943309545471,290.49603167482957,9.0139894053632,199.9326022272185,True,40.95254107942796,21.43088813653249,6,5,20160906_flight01
2016-09-06 14:03:50,54.953013920000004,7.61868784,90.87100000000001,1.5919999999999999,2.7119999999999997,1014.263,18.508,1.189378,8.527000000000001,3.734,0.094,100,1.7,2.8,1014.263,0.018589599029343207,290.4790574255862,9.308731653667971,203.64876179753873,True,40.943556752185685,21.49473109754243,6,5,20160906_flight01
2016-09-06 14:03:51,54.95310969,7.617704750000001,90.725,1.511,2.969,1014.286,18.592,1.189316,8.155,3.443,-0.063,100,1.6,3.1,1014.286,0.018372498246523206,290.5608334637748,8.85202089920714,202.88922656745152,True,40.934804689166214,21.558644411357577,6,5,20160906_flight01
2016-09-06 14:03:52,54.95320678,7.61672196,90.949,0.884,3.1090000000000004,1014.248,18.607,1.189175,8.342,3.009,-0.237,100,1.2,3.2,1014.248,0.01840272716607272,290.5788863068235,8.8680913955597,199.83462071114928,True,40.926198690198085,21.622582910670182,6,5,20160906_flight01
2016-09-06 14:03:53,54.95330501,7.61573975,91.34700000000001,0.841,3.003,1014.2040000000001,18.559,1.189137,8.156,3.248,-0.14200000000000002,100,1.0,3.1,1014.2040000000001,0.01855866329310607,290.5346849147822,8.77894298876579,201.7141497153161,True,40.9177250168633,21.68652333340368,6,5,20160906_flight01
2016-09-06 14:03:54,54.9534045,7.6147580900000005,91.678,0.5870000000000001,2.9219999999999997,1014.168,18.433,1.189281,8.465,3.688,-0.018000000000000002,100,0.8,3.0,1014.168,0.01883925911169748,290.41214038970287,9.233502531542404,203.54161636691242,True,40.90939584487152,21.750471507801834,6,5,20160906_flight01
2016-09-06 14:03:55,54.9535045,7.613777270000001,91.87899999999999,0.611,2.836,1014.117,18.554000000000002,1.189206,8.503,3.8569999999999998,0.08200000000000002,100,0.8,2.9,1014.117,0.018429652357179416,290.53683315416373,9.336886954440436,204.39926308605408,True,40.90113704977451,21.8143846742777,6,5,20160906_flight01
2016-09-06 14:03:56,54.95360509,7.612796980000001,91.995,0.441,2.8,1014.1290000000001,18.646,1.189211,8.628,3.516,0.035,100,0.6,2.8,1014.1290000000001,0.01811631950752779,290.6274814989073,9.316900772252541,202.1714081811003,True,40.89295116448634,21.87828463626748,6,5,20160906_flight01
2016-09-06 14:03:57,54.9537061,7.611816780000001,92.0,0.193,2.75,1014.117,18.658,1.189105,8.044,3.031,-0.099,100,0.7,2.8,1014.117,0.018153157701058298,290.64041702907815,8.596097777480198,200.6465388528739,True,40.88481164909,21.942192948838766,6,5,20160906_flight01
2016-09-06 14:03:58,54.9538065,7.61083615,92.0,-0.313,2.6710000000000003,1014.107,18.607,1.189098,8.061,3.0389999999999997,-0.426,100,0.9,2.7,1014.107,0.01832708704464303,290.5904406128065,8.614826869995705,200.6564616041992,True,40.876599023915475,22.00610762485227,6,5,20160906_flight01
2016-09-06 14:03:59,54.9539065,7.6098547199999995,91.988,-0.659,2.523,1014.12,18.607,1.18912,8.783999999999999,2.995,-0.148,100,1.0,2.6,1014.12,0.0183213007538352,290.5893752357282,9.280553916658207,198.82736616059162,True,40.868328482690565,22.07005848078969,6,5,20160906_flight01
2016-09-06 14:04:00,54.954005800000004,7.6088724899999995,91.75399999999999,-0.451,2.575,1014.1469999999999,18.594,1.189201,8.54,3.259,0.01,100,0.7,2.6,1014.1469999999999,0.018324424006296303,290.5742147107869,9.140715562799228,200.8876508277275,True,40.85996814194532,22.134035579992343,6,5,20160906_flight01
2016-09-06 14:04:01,54.95410342,7.6078895,91.491,-0.33899999999999997,2.668,1014.197,18.598000000000003,1.189298,8.634,3.563,-0.11900000000000001,100,0.6,2.7,1014.197,0.018277609348426038,290.5741014984699,9.340285059889768,202.4245118370065,True,40.85141461925004,22.19800399126867,6,5,20160906_flight01
2016-09-06 14:04:02,54.9542001,7.60690623,91.4,0.11100000000000002,2.779,1014.195,18.551000000000002,1.1891850000000002,8.672,3.554,-0.084,100,0.2,2.8,1014.195,0.018536445083895847,290.5274544666565,9.37200618864499,202.28503123487457,True,40.84275580335153,22.261958567762143,6,5,20160906_flight01
2016-09-06 14:04:03,54.95429657,7.6059230300000005,91.42800000000001,-0.057,2.8,1014.201,18.578000000000003,1.1892230000000001,8.216000000000001,3.465,-0.21,100,0.1,2.8,1014.201,0.01841565953551294,290.55385423171305,8.916775257905742,202.86700481611228,True,40.8340760169403,22.325901863574305,6,5,20160906_flight01
2016-09-06 14:04:04,54.954392129999995,7.6049399300000005,91.57,-0.14600000000000002,2.8,1014.198,18.453,1.189213,8.419,3.3510000000000004,0.027000000000000003,100,0.3,2.8,1014.198,0.018857772349994084,290.42960303092906,9.061388524944729,201.7039538002762,True,40.825301442933046,22.38980883958865,6,5,20160906_flight01
2016-09-06 14:04:05,54.95448716,7.603956940000001,91.6,-0.207,2.7689999999999997,1014.1940000000001,18.614,1.18904,8.088,3.111,-0.12200000000000001,100,0.3,2.8,1014.1940000000001,0.01843969118258082,290.59028295628855,8.665683181376988,201.03893512453203,True,40.81647265961773,22.453691464379407,6,5,20160906_flight01
2016-09-06 14:04:06,54.9545809,7.60297367,91.564,-0.20199999999999999,2.7769999999999997,1014.196,18.619,1.189173,7.744,2.9819999999999998,0.021,100,0.3,2.8,1014.196,0.018310343633802573,290.5950989481688,8.29830464613104,201.06031393347365,True,40.80750138571793,22.517548661619006,6,5,20160906_flight01
2016-09-06 14:04:07,54.95467384,7.60199025,91.434,-0.032,2.792,1014.1990000000001,18.48,1.18936,8.415,3.2960000000000003,0.23800000000000002,100,0.5,2.8,1014.1990000000001,0.018638532781513506,290.4564124765984,9.037468727470097,201.38936072413367,True,40.79844220083952,22.58138862900239,6,5,20160906_flight01
2016-09-06 14:04:08,54.95476745,7.601006989999999,91.23899999999999,0.6539999999999999,2.715,1014.21,18.573,1.189317,8.147,3.32,0.04,100,0.8,2.8,1014.21,0.01836165770251874,290.5481369589306,8.7975001562944,202.17148367565616,True,40.78945730332865,22.645240902496457,6,5,20160906_flight01
2016-09-06 14:04:09,54.95486135,7.6000235,91.11399999999999,0.711,2.87,1014.21,18.516,1.189488,8.443,3.6489999999999996,0.193,100,0.9,2.9,1014.21,0.01841424751937959,290.491366516399,9.197795931634925,203.37363132380435,True,40.78049879763746,22.70911699220773,6,5,20160906_flight01
2016-09-06 14:04:10,54.954955739999996,7.5990402800000005,91.1,0.6629999999999999,2.864,1014.232,18.66,1.1891800000000001,8.312999999999999,3.05,-0.04,100,0.8,2.9,1014.232,0.01819741600792457,290.632983554192,8.854855673583844,200.14784601462003,True,40.77159756738473,22.772992629573707,6,5,20160906_flight01
2016-09-06 14:04:11,54.95505029,7.5980569000000004,91.1,0.898,2.784,1014.237,18.637,1.189225,8.117,3.013,-0.040999999999999995,100,1.2,2.8,1014.237,0.018244163396395452,290.6096665850791,8.658167127054087,200.3647372784173,True,40.762710260698924,22.83688345225181,6,5,20160906_flight01
2016-09-06 14:04:12,54.955145519999995,7.597073239999999,91.05699999999999,0.805,2.8,1014.243,18.675,1.189158,8.456,3.003,-0.10099999999999999,100,1.0,2.8,1014.243,0.01817495880254061,290.6470215103961,8.973402086165537,199.5516015447247,True,40.75388983154396,22.900814098102966,6,5,20160906_flight01
2016-09-06 14:04:13,54.955242289999994,7.596089449999999,90.98299999999999,0.6940000000000001,2.795,1014.255,18.574,1.189106,8.835,2.528,-0.084,100,0.8,2.8,1014.255,0.018584060714829764,290.54544606137085,9.189559782709942,195.9676629850074,True,40.74523056759372,22.96480378431534,6,5,20160906_flight01
2016-09-06 14:04:14,54.955340050000004,7.59510529,90.869,0.669,2.69,1014.268,18.531,1.18941,8.662,3.3819999999999997,0.052000000000000005,100,0.8,2.8,1014.268,0.018486898637942506,290.5015548800526,9.29882616247879,201.32771231291213,True,40.73666939439375,23.02884912232223,6,5,20160906_flight01
2016-09-06 14:04:15,54.95543795,7.594120800000001,90.766,1.046,2.858,1014.278,18.635,1.189284,8.45,3.17,0.117,100,1.2,2.9,1014.278,0.01824178792352127,290.60431491055283,9.025042936185955,200.56347561501752,True,40.72811674568181,23.092919486816758,6,5,20160906_flight01
2016-09-06 14:04:16,54.955536759999994,7.59313638,90.7,0.721,2.859,1014.288,18.563,1.189263,8.685,3.1910000000000003,-0.068,100,1.2,2.9,1014.288,0.018521134539151607,290.5317870317521,9.25265940149101,200.17409350974603,True,40.71966215807765,23.157015667489034,6,5,20160906_flight01
2016-09-06 14:04:17,54.955637290000006,7.59215208,90.76100000000001,0.36300000000000004,2.827,1014.276,18.579,1.189176,8.183,3.114,0.07600000000000001,100,0.5,2.9,1014.276,0.018527733835338234,290.5487053646178,8.75548313915343,200.83407378303238,True,40.71139267974763,23.221161404017302,6,5,20160906_flight01
2016-09-06 14:04:18,54.9557375,7.59116789,90.8,-0.02,2.9739999999999998,1014.2739999999999,18.601000000000003,1.189213,8.462,3.247,0.086,100,0.2,3.0,1014.2739999999999,0.018417234703429264,290.57078022293666,9.063578377219452,200.99257886384996,True,40.703091310535555,23.285289744982155,6,5,20160906_flight01
2016-09-06 14:04:19,54.9558375,7.59018406,90.852,-0.06199999999999999,2.9939999999999998,1014.2660000000001,18.581000000000003,1.189275,8.721,3.435,0.14,100,0.6,3.0,1014.2660000000001,0.018425924436725083,290.55151655705964,9.373103328140578,201.4983321124833,True,40.69477455503699,23.3493888873255,6,5,20160906_flight01
2016-09-06 14:04:20,54.95593788,7.58920075,90.949,0.617,3.032,1014.238,18.562,1.189143,8.559,3.1010000000000004,-0.05399999999999999,100,0.7,3.1,1014.238,0.01857719454115636,290.5348872765456,9.103443414444888,199.91589143500755,True,40.686508198358744,23.413468487381657,6,5,20160906_flight01
2016-09-06 14:04:21,54.956038500000005,7.588217889999999,91.134,-0.281,3.088,1014.211,18.531000000000002,1.189207,8.295,3.162,-0.079,100,0.5,3.1,1014.211,0.018603509512265415,290.50622418588057,8.877233183824789,200.8665208529584,True,40.67827601363306,23.477528233063758,6,5,20160906_flight01
2016-09-06 14:04:22,54.956138499999994,7.58723552,91.4,0.507,2.94,1014.196,18.518,1.1892,8.526,3.1860000000000004,0.07400000000000001,100,0.7,3.0,1014.196,0.018639840277101083,290.4945053107578,9.101827948275005,200.4897358060358,True,40.669987371816156,23.54153716784296,6,5,20160906_flight01
2016-09-06 14:04:23,54.9562385,7.5862536799999996,91.5,0.593,2.928,1014.186,18.495,1.189135,8.455,3.1430000000000002,0.1,100,0.8,3.0,1014.186,0.01876581297059432,290.47241697450113,9.02028125947301,200.3917465707697,True,40.661708935652825,23.60551335604141,6,5,20160906_flight01
2016-09-06 14:04:24,54.95633938,7.585272059999999,91.5,0.124,2.802,1014.187,18.485,1.189182,8.637,3.1319999999999997,0.032,100,0.3,2.9,1014.187,0.018761484359940184,290.46237527010294,9.187338733278533,199.93195672534966,True,40.6535282606422,23.669505098851193,6,5,20160906_flight01
2016-09-06 14:04:25,54.956439499999995,7.58429036,91.416,0.354,2.6069999999999998,1014.188,18.518,1.1893520000000002,8.473,3.637,-0.095,100,0.4,2.7,1014.188,0.018501623381784515,290.4951606621882,9.220601824176121,203.23122744983124,True,40.645265273698136,23.733476611672295,6,5,20160906_flight01
2016-09-06 14:04:26,54.95654012,7.58330843,91.304,0.21900000000000003,2.7,1014.2,18.505,1.189368,8.484,3.532,-0.166,100,0.4,2.7,1014.2,0.018545370657511828,290.48122995623595,9.1898465710805,202.60259967198292,True,40.63705099700352,23.79747889637206,6,5,20160906_flight01
2016-09-06 14:04:27,54.956640500000006,7.5823263999999995,91.3,0.079,2.738,1014.196,18.583,1.189317,8.465,3.613,0.141,100,0.1,2.8,1014.196,0.018312693557611004,290.55924379027965,9.203803235619501,203.1135795755256,True,40.62880928793865,23.86147941034527,6,5,20160906_flight01
2016-09-06 14:04:28,54.95674041,7.5813444500000005,91.23700000000001,-0.428,2.885,1014.201,18.596,1.189235,8.207,3.195,0.011000000000000001,100,0.6,2.9,1014.201,0.018342550121352552,290.5717817853801,8.80697871009122,201.27105358081414,True,40.62051916857947,23.925459414006077,6,5,20160906_flight01
2016-09-06 14:04:29,54.95683930999999,7.58036261,91.21700000000001,0.33899999999999997,2.776,1014.2,18.566000000000003,1.1892740000000002,8.833,3.573,0.08900000000000001,100,0.5,2.8,1014.2,0.018412873999483548,290.5419844607956,9.528285155262724,202.02361920663355,True,40.612123826359664,23.989399167789298,6,5,20160906_flight01
2016-09-06 14:04:30,54.9569385,7.57938098,91.12199999999999,0.26099999999999995,2.7769999999999997,1014.201,18.607,1.189294,8.416,3.405,0.067,100,0.3,2.9,1014.201,0.018253638630997493,290.582737512621,9.078715823286904,202.02759128230343,True,40.60376334857787,24.05333555194916,6,5,20160906_flight01
2016-09-06 14:04:31,54.95703716,7.57839927,91.001,0.201,2.921,1014.207,18.621000000000002,1.189328,8.535,3.5780000000000003,0.11900000000000001,100,0.4,3.0,1014.207,0.01818169544530357,290.59618948580805,9.254637161985338,202.74416197233967,True,40.59534500285648,24.11725932422541,6,5,20160906_flight01
2016-09-06 14:04:32,54.95713517,7.5774178800000005,91.0,0.715,2.8059999999999996,1014.206,18.612000000000002,1.189175,8.687999999999999,3.3569999999999998,0.064,100,1.0,2.9,1014.206,0.018343103213623868,290.58730766796435,9.31401057547177,201.12628410211798,True,40.58686373818783,24.181141795554062,6,5,20160906_flight01
2016-09-06 14:04:33,54.957234500000006,7.576436569999999,90.925,1.48,2.8,1014.215,18.617,1.189208,9.208,3.53,-0.086,100,1.7,2.8,1014.215,0.01830643012345412,290.5915500336533,9.861448372323409,200.97494012460803,True,40.57852430126135,24.245063045300444,6,5,20160906_flight01
2016-09-06 14:04:34,54.95733576,7.575455399999999,90.9,1.247,2.77,1014.212,18.624000000000002,1.189161,8.793000000000001,3.5980000000000003,0.16,100,1.7,2.9,1014.212,0.018319233846247895,290.5987676719542,9.50065539844489,202.25384422777128,True,40.57039267715399,24.309039570842952,6,5,20160906_flight01
2016-09-06 14:04:35,54.957437829999996,7.57447427,90.9,1.088,2.917,1014.2180000000001,18.604,1.189139,8.604,3.299,-0.004999999999999999,100,1.3,3.0,1014.2180000000001,0.018413906363670796,290.5783565855085,9.214782525919968,200.9781381071018,True,40.5623479086527,24.373040453923593,6,5,20160906_flight01
2016-09-06 14:04:36,54.95754091,7.57349314,90.9,0.98,2.782,1014.2180000000001,18.615,1.18899,8.578,2.602,-0.168,100,1.1,2.8,1014.2180000000001,0.018503129754211978,290.5893122602292,8.96395493072115,196.87434031597596,True,40.55441048116623,24.437074790421647,6,5,20160906_flight01
2016-09-06 14:04:37,54.957645279999994,7.57251162,90.81,0.518,2.7230000000000003,1014.229,18.564,1.1890749999999999,8.545,2.678,0.138,100,1.0,2.8,1014.229,0.01861942147556328,290.5376165540055,8.954814850123928,197.4009727363404,True,40.54660264277872,24.501175951092357,6,5,20160906_flight01
2016-09-06 14:04:38,54.95775009,7.57152952,90.54299999999999,0.17400000000000002,2.728,1014.283,18.546000000000003,1.189171,8.665,2.9339999999999997,0.16899999999999998,100,0.3,2.8,1014.283,0.018654274548799865,290.5152654540629,9.148255626074294,198.70628426878096,True,40.53883039836464,24.56532752141069,6,5,20160906_flight01
2016-09-06 14:04:39,54.95785473,7.5705468499999995,90.272,0.07600000000000001,2.853,1014.3,18.459,1.189319,8.681000000000001,3.1460000000000004,0.028999999999999998,100,0.2,2.9,1014.3,0.018848460751433205,290.42722545045655,9.233475889392901,199.92054904518488,True,40.531029110761125,24.629508678977302,6,5,20160906_flight01
2016-09-06 14:04:40,54.957959110000004,7.56956403,90.2,0.159,2.927,1014.299,18.486,1.189316,8.792,3.339,0.115,100,0.3,3.0,1014.299,0.01875569994713744,290.4541979290416,9.40468952172266,200.79562892786873,True,40.52319730242523,24.6936904926734,6,5,20160906_flight01
2016-09-06 14:04:41,54.95806337,7.5685814,90.219,0.45300000000000007,3.0,1014.3029999999999,18.579,1.189291,8.555,3.141,0.04,100,0.5,3.0,1014.3029999999999,0.01845635656500355,290.546493364432,9.113391575039449,200.160898027852,True,40.515356399330415,24.757856592365332,6,5,20160906_flight01
2016-09-06 14:04:42,54.95816783,7.567599169999999,90.366,0.315,2.9810000000000003,1014.295,18.687,1.189106,8.53,2.688,-0.177,100,0.5,3.0,1014.295,0.018229817650365465,290.6547112348773,8.943502893162163,197.49084327338636,True,40.50754445426193,24.822004602095685,6,5,20160906_flight01
2016-09-06 14:04:43,54.95827222,7.56661683,90.523,0.04100000000000001,2.943,1014.2689999999999,18.525,1.189322,8.367,2.92,0.033,100,0.2,3.0,1014.2689999999999,0.01858421518874387,290.4954972287823,8.861889696898738,199.23848064179302,True,40.49972295156242,24.886157089732354,6,5,20160906_flight01
2016-09-06 14:04:44,54.95837605,7.56563453,90.62299999999999,0.374,3.0,1014.252,18.536,1.189122,8.338,3.089,-0.08900000000000001,100,0.5,3.0,1014.252,0.018700038568749022,290.5078453327237,8.891803247935707,200.32828417563059,True,40.491842703291255,24.95028855749975,6,5,20160906_flight01
2016-09-06 14:04:45,54.95848017,7.56465243,90.772,0.262,2.8959999999999995,1014.224,18.624000000000002,1.189089,8.469,2.938,-0.063,100,0.5,3.0,1014.224,0.018392942967677905,290.59778431996943,8.96413994759118,199.1322876090601,True,40.48399712689713,25.014417273503334,6,5,20160906_flight01
2016-09-06 14:04:46,54.958584030000004,7.563670200000001,90.8,-0.49,2.932,1014.216,18.614,1.188944,7.8660000000000005,2.529,0.192,100,0.6,3.0,1014.216,0.018544017877968333,290.58848017638815,8.262553903001178,197.82313288914656,True,40.476121414889526,25.07854540991642,6,5,20160906_flight01
2016-09-06 14:04:47,54.958686070000006,7.562687489999999,90.757,-0.081,2.93,1014.227,18.556,1.1889020000000001,8.246,2.4290000000000003,0.111,100,0.5,3.0,1014.227,0.018793573814692044,290.52981266701096,8.59631066213873,196.4132369466085,True,40.4680430336449,25.14264292121538,6,5,20160906_flight01
2016-09-06 14:04:48,54.95878825,7.56170464,90.611,0.185,2.8569999999999998,1014.24,18.436,1.189114,8.701,2.949,0.26,100,0.5,2.9,1014.24,0.019044202793557785,290.4092319281819,9.187165068724955,198.7228847098852,True,40.45997683551914,25.206753719661553,6,5,20160906_flight01
2016-09-06 14:04:49,54.95889081,7.5607217,90.402,0.687,2.9389999999999996,1014.2669999999999,18.564,1.1891530000000001,8.899,2.8680000000000003,-0.044000000000000004,100,0.8,3.0,1014.2669999999999,0.018590769260503848,290.53450336482496,9.349739301178401,197.86326967338704,True,40.4519492900873,25.27088266528256,6,5,20160906_flight01
2016-09-06 14:04:50,54.958993680000006,7.5597385,90.395,0.203,2.909,1014.289,18.528,1.18929,8.503,2.841,0.012000000000000002,100,0.7,3.0,1014.289,0.018621230723609994,290.4968468430802,8.96505939746079,198.47536911922396,True,40.4439496843615,25.335037943144904,6,5,20160906_flight01
2016-09-06 14:04:51,54.95909531,7.55875498,90.4,0.09700000000000002,3.0469999999999997,1014.285,18.571,1.189101,8.352,2.772,-0.021,100,0.2,3.1,1014.285,0.018628947155813647,290.5400004099072,8.799993636361336,198.36082754536636,True,40.43581213172387,25.39917192100555,6,5,20160906_flight01
2016-09-06 14:04:52,54.95919678999999,7.5577715,90.49,0.465,2.969,1014.2589999999999,18.561,1.188947,8.4,2.424,0.01,100,0.9,3.1,1014.2589999999999,0.018769694482100308,290.5321708838651,8.742755629662767,196.09662875355076,True,40.42765940758881,25.46329845909659,6,5,20160906_flight01
2016-09-06 14:04:53,54.95929889,7.55678799,90.5,0.672,2.8819999999999997,1014.2739999999999,18.518,1.189038,8.026,2.623,-0.08199999999999999,100,0.9,2.9,1014.2739999999999,0.01885697689039656,290.48811598268213,8.443743541818403,198.09805755601926,True,40.41957199828077,25.527447386529335,6,5,20160906_flight01
2016-09-06 14:04:54,54.95940146,7.55580418,90.5,0.6259999999999999,2.958,1014.255,18.486,1.18908,8.388,2.958,0.18100000000000002,100,0.7,3.0,1014.255,0.01891369311016211,290.4578015780462,8.894285131476279,199.42502695332888,True,40.41152876295713,25.591630417194484,6,5,20160906_flight01
2016-09-06 14:04:55,54.95950465,7.55482049,90.5,0.474,2.991,1014.263,18.479,1.189101,8.24,2.781,0.10300000000000001,100,0.6,3.0,1014.263,0.01892819213805308,290.45017464964536,8.696640788258419,198.6495387540514,True,40.40355373085038,25.65582656930021,6,5,20160906_flight01
2016-09-06 14:04:56,54.959607690000006,7.55383682,90.54199999999999,0.633,3.0,1014.2460000000001,18.496,1.18914,8.286999999999999,2.9189999999999996,0.138,100,0.8,3.0,1014.2460000000001,0.018818306687124364,290.4684983384904,8.786064534249677,199.4042233880674,True,40.39556314212872,25.720016517356893,6,5,20160906_flight01
2016-09-06 14:04:57,54.95971110000001,7.55285341,90.6,0.5,2.9819999999999998,1014.237,18.583000000000002,1.188871,7.64,2.353,-0.034,100,0.8,3.0,1014.237,0.018735891185220233,290.5558844700583,7.9941359132804335,197.11801037256265,True,40.38761688289868,25.784202656265016,6,5,20160906_flight01
2016-09-06 14:04:58,54.95981425,7.55186969,90.6,0.165,2.944,1014.225,18.563000000000002,1.1889200000000002,8.081,2.351,-0.099,100,0.3,3.0,1014.225,0.018751693774733402,290.53694829839236,8.41604194381183,196.22126337624226,True,40.37963702198388,25.848399337062883,6,5,20160906_flight01
2016-09-06 14:04:59,54.95991783,7.5508856600000005,90.6,0.818,2.742,1014.224,18.445,1.189136,8.889,2.6639999999999997,-0.21400000000000002,100,1.0,2.8,1014.224,0.018977822699134173,290.41950591478843,9.279612976843376,196.683276499979,True,40.3716968913659,25.912629414065716,6,5,20160906_flight01
2016-09-06 14:05:00,54.960023570000004,7.54990135,90.6,0.731,2.759,1014.2260000000001,18.435,1.189102,8.878,2.761,-0.01,100,1.0,2.8,1014.2260000000001,0.019043915004909096,290.4093824429674,9.297419265581174,197.27535249578213,True,40.36398093006369,25.976948335091137,6,5,20160906_flight01
2016-09-06 14:05:01,54.960129120000005,7.54891643,90.52600000000001,0.15100000000000002,2.921,1014.2360000000001,18.461,1.189182,8.589,2.569,0.06,100,0.3,3.0,1014.2360000000001,0.01889455494404846,290.43445862701316,8.964969715509362,196.65210838533162,True,40.35623302976939,26.041298652360847,6,5,20160906_flight01
2016-09-06 14:05:02,54.96023346,7.547931149999999,90.5,0.469,2.895,1014.2310000000001,18.519000000000002,1.189245,8.842,2.841,-0.069,100,0.6,2.9,1014.2310000000001,0.018632955415764485,290.49263419319055,9.287208676453869,197.8125960174224,True,40.34834960067256,26.105631134734995,6,5,20160906_flight01
2016-09-06 14:05:03,54.960338279999995,7.546945849999999,90.49,0.706,2.863,1014.2360000000001,18.57,1.189206,9.077,2.798,0.129,100,0.9,2.9,1014.2360000000001,0.01849329393726795,290.5430188527602,9.498459506677913,197.13199929421623,True,40.34051680000858,26.169980751483006,6,5,20160906_flight01
2016-09-06 14:05:04,54.96044413,7.5459605,90.4,0.6940000000000001,2.77,1014.255,18.549,1.1893120000000001,8.736,3.016,0.085,100,0.9,2.9,1014.255,0.018494914803080853,290.52054706042634,9.24196689022418,199.0466242976358,True,40.33279250312686,26.234367573392486,6,5,20160906_flight01
2016-09-06 14:05:05,54.960550149999996,7.5449751,90.315,0.146,2.943,1014.275,18.606,1.189129,8.578,3.0789999999999997,0.0,100,0.4,3.0,1014.275,0.018472725305006543,290.5756780613725,9.11385346601535,199.7451677138274,True,40.32508531074644,26.298763115375028,6,5,20160906_flight01
2016-09-06 14:05:06,54.960655370000005,7.5439897,90.325,-0.371,2.929,1014.288,18.618000000000002,1.189013,8.299,2.449,-0.24400000000000002,100,0.4,3.0,1014.288,0.018543249539067386,290.5865643241139,8.652803129622214,196.44110831534164,True,40.317293095781736,26.3631321596018,6,5,20160906_flight01
2016-09-06 14:05:07,54.96075957,7.543004069999999,90.464,0.071,2.748,1014.243,18.566000000000003,1.189159,8.687999999999999,3.034,-0.128,100,0.3,2.8,1014.243,0.01855454444668414,290.538461498935,9.202526826910095,199.2500856824123,True,40.30938804815115,26.427481629969538,6,5,20160906_flight01
2016-09-06 14:05:08,54.96086415,7.54201826,90.53399999999999,0.431,2.9309999999999996,1014.24,18.636000000000003,1.188868,7.905,2.531,-0.067,100,0.6,3.0,1014.24,0.018556431017187736,290.6084247782695,8.30030035601122,197.7538758507559,True,40.301519920178514,26.491854808251965,6,5,20160906_flight01
2016-09-06 14:05:09,54.96096789999999,7.54103202,90.65299999999999,0.267,2.948,1014.215,18.597,1.188847,8.215,2.451,-0.107,100,0.6,3.0,1014.215,0.01868547322851888,290.57163060821904,8.572842352452307,196.61282339482096,True,40.29355530121551,26.55622706309322,6,5,20160906_flight01
2016-09-06 14:05:10,54.961072109999996,7.54004572,90.766,0.7020000000000001,2.7569999999999997,1014.206,18.505,1.188994,8.326,2.758,-0.035,100,0.8,2.8,1014.206,0.01887178336600792,290.4807384714258,8.77090873285089,198.32752969096725,True,40.28563841488337,26.620618261304802,6,5,20160906_flight01
2016-09-06 14:05:11,54.96117776,7.53905932,90.7,0.272,2.825,1014.211,18.505,1.1889850000000002,8.26,2.71,0.099,100,0.6,2.9,1014.211,0.018884518737325884,290.480328903607,8.693198490774266,198.16399953906273,True,40.27787264361028,26.685063334077796,6,5,20160906_flight01
2016-09-06 14:05:12,54.96128323,7.53807272,90.62199999999999,-0.12300000000000001,2.881,1014.2180000000001,18.474,1.1891850000000002,8.474,3.0639999999999996,0.113,100,0.2,2.9,1014.2180000000001,0.018828482600992125,290.44888042971934,9.010925146731605,199.87880408979083,True,40.2700838910659,26.74951480205609,6,5,20160906_flight01
2016-09-06 14:05:13,54.96138844,7.5370862,90.6,-0.023000000000000003,2.863,1014.225,18.536,1.188935,8.267999999999999,2.77,0.024,100,0.3,2.9,1014.225,0.018833140723119923,290.5100571498866,8.719674535210588,198.52222019735217,True,40.262269046657,26.813952715383383,6,5,20160906_flight01
2016-09-06 14:05:14,54.961492930000006,7.53609945,90.6,-0.222,2.912,1014.225,18.483,1.189035,8.398,2.818,-0.025,100,0.3,3.0,1014.225,0.018932597344998303,290.45727082133834,8.85818988281466,198.54949113972634,True,40.254373253053686,26.878380991510813,6,5,20160906_flight01
2016-09-06 14:05:15,54.961596719999996,7.53511268,90.6,-0.159,2.853,1014.22,18.529,1.188954,8.363999999999999,3.0669999999999997,0.14,100,0.2,2.9,1014.22,0.018836287141045682,290.50349496489514,8.908590517023441,200.13751110863902,True,40.24640267956745,26.94278731782109,6,5,20160906_flight01
2016-09-06 14:05:16,54.96170003,7.53412604,90.541,0.242,2.9,1014.232,18.448999999999998,1.189079,8.3,2.818,0.07600000000000001,100,0.4,2.9,1014.232,0.019020727991247766,290.4228346232782,8.765336502382553,198.75327840140284,True,40.23838359580488,27.007169713297873,6,5,20160906_flight01
2016-09-06 14:05:17,54.96180330999999,7.53313952,90.5,0.011000000000000001,2.9,1014.245,18.496,1.1890660000000002,8.852,2.695,0.115,100,0.2,2.9,1014.245,0.01888070696932176,290.46858024568377,9.25315778531848,196.9329217037117,True,40.23036363440724,27.071543700787988,6,5,20160906_flight01
2016-09-06 14:05:18,54.96190639,7.532153060000001,90.39200000000001,-0.044000000000000004,2.903,1014.258,18.477999999999998,1.189164,8.73,3.075,0.263,100,0.2,3.0,1014.258,0.01887268195503511,290.44958819475653,9.255729306759138,199.4039803150826,True,40.222323572722104,27.135907356679443,6,5,20160906_flight01
2016-09-06 14:05:19,54.9620083,7.53116684,90.3,-0.40299999999999997,3.0,1014.268,18.558000000000003,1.189101,8.465,2.7760000000000002,0.087,100,0.7,3.0,1014.268,0.01865726890210362,290.5284457024982,8.90855773961195,198.1563126398616,True,40.21416378693174,27.20021743096154,6,5,20160906_flight01
2016-09-06 14:05:20,54.96210929,7.53018069,90.331,-0.406,2.9739999999999998,1014.252,18.587,1.189037,8.169,2.72,-0.129,100,0.7,3.0,1014.252,0.018594765023880244,290.55863933761924,8.609933855727348,198.41600946137515,True,40.205907573084545,27.264492707803843,6,5,20160906_flight01
2016-09-06 14:05:21,54.96220853,7.52919448,90.41300000000001,-0.109,2.8859999999999997,1014.2410000000001,18.503,1.189101,8.704,2.92,0.252,100,0.4,2.9,1014.2410000000001,0.01882224560287571,290.4758796232827,9.180741582247046,198.54546686072158,True,40.19746421697437,27.32871372796446,6,5,20160906_flight01
2016-09-06 14:05:22,54.962308469999996,7.528208469999999,90.367,0.198,3.03,1014.2460000000001,18.58,1.1889480000000001,8.58,2.688,0.212,100,0.5,3.1,1014.2460000000001,0.018689429557204207,290.5521591939811,8.99120370139616,197.39508052219767,True,40.1890991068161,27.392945576461376,6,5,20160906_flight01
2016-09-06 14:05:23,54.9624075,7.52722274,90.36200000000001,0.243,3.1,1014.2360000000001,18.514,1.189183,9.318,3.353,0.127,100,0.6,3.1,1014.2360000000001,0.01870854890852569,290.48724479182596,9.902915378816482,199.79081962211808,True,40.18064267513239,27.457129983679884,6,5,20160906_flight01
2016-09-06 14:05:24,54.96250707,7.52623768,90.573,0.031,3.105,1014.219,18.568,1.1890340000000001,8.731,3.36,0.098,100,0.2,3.2,1014.219,0.018630534120790188,290.5424197198403,9.355210366421485,201.04850382274998,True,40.172256535178846,27.521290880262278,6,5,20160906_flight01
2016-09-06 14:05:25,54.962605059999994,7.5252533,90.85,0.536,3.0890000000000004,1014.188,18.532,1.188884,9.074,3.36,-0.0009999999999999987,100,0.8,3.2,1014.188,0.018853648207673324,290.5091043661573,9.676108515307174,200.31902367885678,True,40.16371556966201,27.58535742929416,6,5,20160906_flight01
2016-09-06 14:05:26,54.9627034,7.5242698,91.07699999999998,0.784,3.014,1014.1669999999999,18.545,1.188808,8.725,3.09,0.19399999999999998,100,0.9,3.1,1014.1669999999999,0.018852275825951503,290.52377257965895,9.256010209588146,199.50184069706478,True,40.155228746761594,27.649381199412698,6,5,20160906_flight01
2016-09-06 14:05:27,54.96280202,7.52328665,91.186,1.092,2.91,1014.1490000000001,18.569000000000003,1.188769,8.877,3.1489999999999996,0.23600000000000002,100,1.2,3.0,1014.1490000000001,0.018783794400525577,290.5491510758707,9.418987737543777,199.5314769291104,True,40.146778421346376,27.71339261864461,6,5,20160906_flight01
2016-09-06 14:05:28,54.96290221,7.52230395,91.06299999999999,1.327,2.785,1014.1669999999999,18.599,1.188815,8.798,2.995,0.056999999999999995,100,1.5,2.8,1014.1669999999999,0.018657697725738,290.5775557563308,9.293805948049487,198.79951264531672,True,40.138503617932564,27.777428236022295,6,5,20160906_flight01
2016-09-06 14:05:29,54.963003959999995,7.521321,90.90700000000001,0.745,2.701,1014.185,18.606,1.188917,8.309,2.878,0.046,100,1.2,2.8,1014.185,0.018563944190086445,290.5830526340716,8.793313652997941,199.1046226367003,True,40.13038979457231,27.84153097052481,6,5,20160906_flight01
2016-09-06 14:05:30,54.96310603,7.520337570000001,90.69,0.7,2.8,1014.2,18.541,1.188854,8.693999999999999,2.88,0.149,100,0.8,2.8,1014.2,0.01885997640689152,290.51708507368096,9.158604478849384,198.32812027142649,True,40.12230073739284,27.9056739614114,6,5,20160906_flight01
2016-09-06 14:05:31,54.9632091,7.51935379,90.45800000000001,0.9,2.8,1014.2260000000001,18.590000000000003,1.188817,8.57,2.8810000000000002,0.059000000000000004,100,1.0,2.8,1014.2260000000001,0.01874667188294943,290.56375751122766,9.041297528563033,198.58123901268772,True,40.11431121886345,27.969871699594076,6,5,20160906_flight01
2016-09-06 14:05:32,54.9633132,7.51836958,90.3,0.765,2.8539999999999996,1014.2560000000001,18.500999999999998,1.189094,8.556000000000001,2.858,-0.053,100,0.9,2.9,1014.2560000000001,0.018850297813101546,290.47265907105384,9.020715049263002,198.47110264379967,True,40.10642288685556,28.034130121618958,6,5,20160906_flight01
2016-09-06 14:05:33,54.9634177,7.51738514,90.3,0.68,2.9,1014.252,18.523,1.189084,8.421,3.147,-0.036000000000000004,100,0.8,2.9,1014.252,0.018777998926152728,290.49489784127974,8.989819241786789,200.49114747731502,True,40.0985726372723,28.098416003302404,6,5,20160906_flight01
2016-09-06 14:05:34,54.96352279,7.5164008,90.348,0.462,3.0,1014.2310000000001,18.5,1.189141,8.525,3.175,0.12300000000000001,100,0.5,3.0,1014.2310000000001,0.018788409364821845,290.4737108244072,9.097046223912463,200.42704239588846,True,40.09078701744051,28.16271524848077,6,5,20160906_flight01
2016-09-06 14:05:35,54.963628660000005,7.51541693,90.4,0.555,2.905,1014.232,18.5,1.188947,8.852,3.109,0.175,100,0.7,3.0,1014.232,0.018955649313934453,290.47362891463655,9.382099178755254,199.35229821490793,True,40.083093344925686,28.227011289550607,6,5,20160906_flight01
2016-09-06 14:05:36,54.96373506,7.5144333,90.346,-0.267,2.9339999999999997,1014.2360000000001,18.572,1.188802,8.435,2.867,0.09,100,0.5,3.0,1014.2360000000001,0.018832431578421183,290.5450107835079,8.908923279499044,198.7725531579377,True,40.075460621299776,28.291310056742844,6,5,20160906_flight01
2016-09-06 14:05:37,54.96384016,7.51344965,90.3,-0.17,3.0,1014.23,18.549,1.188898,8.753,2.986,0.153,100,0.3,3.0,1014.23,0.01882446351288003,290.52259512016883,9.248308223669884,198.83657106350833,True,40.06768935085407,28.355567000801518,6,5,20160906_flight01
2016-09-06 14:05:38,54.963944739999995,7.51246616,90.27,0.012999999999999998,2.9789999999999996,1014.237,18.568,1.1888210000000001,8.634,2.9010000000000002,0.22899999999999998,100,0.4,3.0,1014.237,0.01883112277998089,290.5409449936635,9.108334480024325,198.57220540118792,True,40.05986589667929,28.419796835558248,6,5,20160906_flight01
2016-09-06 14:05:39,54.96404875,7.51148279,90.2,-0.331,2.87,1014.2539999999999,18.511,1.1888990000000002,8.54,2.952,-0.032,100,0.5,2.9,1014.2539999999999,0.018980459146127115,290.482782489462,9.03581230438083,199.0686016357421,True,40.05198417462703,28.484000376343683,6,5,20160906_flight01
2016-09-06 14:05:40,54.96415191,7.510499139999999,90.113,0.377,2.823,1014.262,18.480999999999998,1.189048,8.873,3.062,0.192,100,0.5,2.9,1014.262,0.018965616567607757,290.45224846644277,9.38647820004926,199.03913716741465,True,40.044006724410956,28.548193063343387,6,5,20160906_flight01
2016-09-06 14:05:41,54.9642554,7.5095155899999995,90.0,0.19699999999999998,3.01,1014.273,18.508,1.188961,8.464,3.06,0.128,100,0.3,3.1,1014.273,0.01895689146262325,290.478238343319,9.000160887450846,199.8765037744608,True,40.03606627160678,28.61239050206746,6,5,20160906_flight01
2016-09-06 14:05:42,54.9643582,7.50853217,90.00299999999999,0.34299999999999997,3.0010000000000003,1014.2589999999999,18.496,1.18899,8.832,3.2230000000000003,0.047,100,0.5,3.1,1014.2589999999999,0.018959898505112927,290.46743355442794,9.401699474031279,200.048189301141,True,40.02805499009571,28.67655705429646,6,5,20160906_flight01
2016-09-06 14:05:43,54.96446118,7.50754914,90.148,0.642,2.9159999999999995,1014.2439999999999,18.471,1.189012,8.933,3.202,-0.061000000000000006,100,1.1,3.0,1014.2439999999999,0.01901332588322191,290.4437630748046,9.489535973903044,199.7200257699775,True,40.020070348485945,28.74070547197965,6,5,20160906_flight01
2016-09-06 14:05:44,54.96456529,7.50656646,90.29199999999999,1.055,3.0,1014.205,18.514,1.1889630000000002,8.891,3.0069999999999997,0.159,100,1.1,3.0,1014.205,0.01886590337874794,290.48978415202373,9.385730126101006,198.68590582105946,True,40.01221254085994,28.80486969264269,6,5,20160906_flight01
2016-09-06 14:05:45,54.96467013,7.50558393,90.344,0.867,2.923,1014.203,18.584,1.188952,9.093,2.496,-0.193,100,1.1,3.0,1014.203,0.018628847400097515,290.55966621008173,9.42935125021865,195.34944713281195,True,40.00443520473495,28.8690488246078,6,5,20160906_flight01
2016-09-06 14:05:46,54.96477535,7.50460113,90.382,0.599,2.8,1014.207,18.543,1.189169,8.899,3.365,0.174,100,0.9,2.8,1014.207,0.01859013597570236,290.51850355135986,9.513959533233258,200.71322812433067,True,39.99669305523188,28.933257225227653,6,5,20160906_flight01
2016-09-06 14:05:47,54.964881,7.50361852,90.3,1.153,2.736,1014.211,18.505,1.189186,9.423,3.787,0.15,100,2.0,2.8,1014.211,0.018712303635343375,290.480328903607,10.155505797349534,201.89465163513904,True,39.98900026399927,28.99746812905126,6,5,20160906_flight01
